ISO-10303-21;
HEADER;
FILE_DESCRIPTION (( 'STEP AP203' ),
    '1' );
FILE_NAME ('µç»úÖ§¼Ü.STEP',
    '2026-02-18T03:47:15',
    ( '' ),
    ( '' ),
    'SwSTEP 2.0',
    'SolidWorks 2024',
    '' );
FILE_SCHEMA (( 'CONFIG_CONTROL_DESIGN' ));
ENDSEC;

DATA;
#1 = CARTESIAN_POINT ( 'NONE',  ( 0.000000000000000000, -16.00000000000000000, 0.000000000000000000 ) ) ;
#2 = DIRECTION ( 'NONE',  ( 0.000000000000000000, 1.000000000000000000, -0.000000000000000000 ) ) ;
#3 = CARTESIAN_POINT ( 'NONE',  ( 1.500000000000000000, -18.00000000000000355, -7.348469228349534532 ) ) ;
#4 = EDGE_CURVE ( 'NONE', #663, #2641, #220, .T. ) ;
#5 = ORIENTED_EDGE ( 'NONE', *, *, #313, .F. ) ;
#6 = CARTESIAN_POINT ( 'NONE',  ( 2.693744328488963280, -8.303079499837846100, -3.287284820750028924 ) ) ;
#7 = DIRECTION ( 'NONE',  ( 0.000000000000000000, 1.000000000000000000, 0.000000000000000000 ) ) ;
#8 = EDGE_LOOP ( 'NONE', ( #1021, #312, #1806, #1173, #1843, #2677, #2225 ) ) ;
#9 = ORIENTED_EDGE ( 'NONE', *, *, #1492, .T. ) ;
#10 = DIRECTION ( 'NONE',  ( 0.000000000000000000, 0.000000000000000000, 1.000000000000000000 ) ) ;
#11 = VECTOR ( 'NONE', #1558, 1000.000000000000000 ) ;
#12 = EDGE_CURVE ( 'NONE', #635, #2452, #1075, .T. ) ;
#13 = ORIENTED_EDGE ( 'NONE', *, *, #387, .F. ) ;
#14 = DIRECTION ( 'NONE',  ( -0.000000000000000000, -1.000000000000000000, -0.000000000000000000 ) ) ;
#15 = DIRECTION ( 'NONE',  ( 0.000000000000000000, 1.000000000000000000, 0.000000000000000000 ) ) ;
#16 = CARTESIAN_POINT ( 'NONE',  ( 1.500000000000000000, -16.00000000000000000, -7.348469228349534532 ) ) ;
#17 = TOROIDAL_SURFACE ( 'NONE', #1559, 3.750000000000000444, 0.5000000000000000000 ) ;
#18 = VECTOR ( 'NONE', #1590, 1000.000000000000000 ) ;
#19 = ORIENTED_EDGE ( 'NONE', *, *, #1522, .F. ) ;
#20 = VECTOR ( 'NONE', #470, 1000.000000000000000 ) ;
#21 = CARTESIAN_POINT ( 'NONE',  ( 3.061616997868383141E-16, -12.10000000000000142, 2.500000000000000000 ) ) ;
#22 = CARTESIAN_POINT ( 'NONE',  ( 0.000000000000000000, -15.00000000000000000, 0.000000000000000000 ) ) ;
#23 = ORIENTED_EDGE ( 'NONE', *, *, #2247, .T. ) ;
#24 = VERTEX_POINT ( 'NONE', #1495 ) ;
#25 = VERTEX_POINT ( 'NONE', #2143 ) ;
#26 = CARTESIAN_POINT ( 'NONE',  ( 5.204748896376249713E-16, 0.000000000000000000, -4.250000000000000000 ) ) ;
#27 = EDGE_CURVE ( 'NONE', #1763, #805, #622, .T. ) ;
#28 = DIRECTION ( 'NONE',  ( 0.000000000000000000, -1.000000000000000000, 0.000000000000000000 ) ) ;
#29 = DIRECTION ( 'NONE',  ( 0.8660254037844432595, 0.000000000000000000, 0.4999999999999919509 ) ) ;
#30 = CARTESIAN_POINT ( 'NONE',  ( -5.725874121025729124, -8.894312149312222360, -1.619508645192368146 ) ) ;
#31 = EDGE_LOOP ( 'NONE', ( #629, #1739 ) ) ;
#32 = CARTESIAN_POINT ( 'NONE',  ( -6.062093144119645061, -14.50000000000000000, 2.495160397050535384 ) ) ;
#33 = PLANE ( 'NONE',  #2130 ) ;
#34 = EDGE_CURVE ( 'NONE', #2295, #202, #1353, .T. ) ;
#35 = ORIENTED_EDGE ( 'NONE', *, *, #301, .T. ) ;
#36 = EDGE_LOOP ( 'NONE', ( #2194, #1726 ) ) ;
#37 = ORIENTED_EDGE ( 'NONE', *, *, #1897, .F. ) ;
#38 = DIRECTION ( 'NONE',  ( 0.000000000000000000, 0.000000000000000000, -1.000000000000000000 ) ) ;
#39 = CIRCLE ( 'NONE', #346, 4.250000000000000000 ) ;
#40 = CARTESIAN_POINT ( 'NONE',  ( -5.905170164322623982, -14.50000000000000000, 2.284216197862207309 ) ) ;
#41 = LINE ( 'NONE', #1812, #2272 ) ;
#42 = CARTESIAN_POINT ( 'NONE',  ( -5.577110374571145890, -9.629342719340570511, -2.074433532774116795 ) ) ;
#43 = CARTESIAN_POINT ( 'NONE',  ( -1.500000000000000000, -8.500000000000000000, 3.976493430146716967 ) ) ;
#44 = CARTESIAN_POINT ( 'NONE',  ( -4.236419055795490607, -8.500000000000000000, -4.177948489832401968 ) ) ;
#45 = ORIENTED_EDGE ( 'NONE', *, *, #757, .T. ) ;
#46 = ORIENTED_EDGE ( 'NONE', *, *, #560, .T. ) ;
#47 = CARTESIAN_POINT ( 'NONE',  ( 0.1968735673257996921, -7.000000000000002665, 4.250000000000000888 ) ) ;
#48 = DIRECTION ( 'NONE',  ( -1.000000000000000000, 0.000000000000000000, 0.000000000000000000 ) ) ;
#49 = DATE_AND_TIME ( #2244, #485 ) ;
#50 = CARTESIAN_POINT ( 'NONE',  ( 0.000000000000000000, -15.50000000000000178, 0.000000000000000000 ) ) ;
#51 = LINE ( 'NONE', #68, #2005 ) ;
#52 = EDGE_CURVE ( 'NONE', #2526, #2351, #2227, .T. ) ;
#53 = CIRCLE ( 'NONE', #1685, 1.600000000000149081 ) ;
#54 = CARTESIAN_POINT ( 'NONE',  ( -1.500000000000000000, -8.500000000000000000, 2.598076211353316012 ) ) ;
#55 = AXIS2_PLACEMENT_3D ( 'NONE', #2378, #227, #436 ) ;
#56 = CIRCLE ( 'NONE', #146, 7.500000000000000888 ) ;
#57 = CARTESIAN_POINT ( 'NONE',  ( 1.500000000000000000, -8.500000000000000000, 3.436931771216880094 ) ) ;
#58 = CARTESIAN_POINT ( 'NONE',  ( -4.579507044558389417, -14.27798735405814412, 3.899025638149811179 ) ) ;
#59 = AXIS2_PLACEMENT_3D ( 'NONE', #71, #931, #1169 ) ;
#60 = AXIS2_PLACEMENT_3D ( 'NONE', #1575, #941, #1548 ) ;
#61 = ORIENTED_EDGE ( 'NONE', *, *, #2215, .F. ) ;
#62 = EDGE_LOOP ( 'NONE', ( #114, #2551 ) ) ;
#63 = DIRECTION ( 'NONE',  ( -0.000000000000000000, -0.000000000000000000, -1.000000000000000000 ) ) ;
#64 = CARTESIAN_POINT ( 'NONE',  ( 4.504866466757974308, -14.14247590150280054, 3.886988309305744238 ) ) ;
#65 = EDGE_CURVE ( 'NONE', #450, #1532, #896, .T. ) ;
#66 = CARTESIAN_POINT ( 'NONE',  ( -1.500000000000000000, -8.500000000000000000, 3.976493430146716967 ) ) ;
#67 = CARTESIAN_POINT ( 'NONE',  ( 0.9220735309031962146, -7.300668153043909925, 5.879813817422536282 ) ) ;
#68 = CARTESIAN_POINT ( 'NONE',  ( 5.616338272186079728, -8.500000000000000000, 1.964495969040884971 ) ) ;
#69 = EDGE_CURVE ( 'NONE', #300, #25, #2652, .T. ) ;
#70 = DIRECTION ( 'NONE',  ( 0.8660254037844432595, 0.000000000000000000, 0.4999999999999919509 ) ) ;
#71 = CARTESIAN_POINT ( 'NONE',  ( 0.004148877913051413589, -14.00000000000000000, -6.997506861440191628 ) ) ;
#72 = CARTESIAN_POINT ( 'NONE',  ( 9.184850993605147944E-16, -14.50000000000000000, -7.500000000000000000 ) ) ;
#73 = DIRECTION ( 'NONE',  ( 0.000000000000000000, 0.000000000000000000, 1.000000000000000000 ) ) ;
#74 = VERTEX_POINT ( 'NONE', #1599 ) ;
#75 = ORIENTED_EDGE ( 'NONE', *, *, #772, .F. ) ;
#76 = CARTESIAN_POINT ( 'NONE',  ( -1.169993460132447453E-18, -7.000000000000000000, 4.250000000000000000 ) ) ;
#77 = CARTESIAN_POINT ( 'NONE',  ( -1.197859971973309179, -9.423591496368041831, 5.829855590753693306 ) ) ;
#78 = APPROVAL_STATUS ( 'not_yet_approved' ) ;
#79 = DIRECTION ( 'NONE',  ( 0.000000000000000000, 0.000000000000000000, -1.000000000000000000 ) ) ;
#80 = CARTESIAN_POINT ( 'NONE',  ( 0.7571791065035113899, -7.190202433480623156, 5.904461617217042324 ) ) ;
#81 = CARTESIAN_POINT ( 'NONE',  ( -1.414213562373094701, -9.000000000000001776, 4.007804885470348744 ) ) ;
#82 = B_SPLINE_CURVE_WITH_KNOTS ( 'NONE', 3,
 ( #2265, #1194, #1385, #1643, #200, #2326, #1060, #1491, #2113, #170 ),
 .UNSPECIFIED., .F., .F.,
 ( 4, 2, 2, 2, 4 ),
 ( 0.000000000000000000, 0.0003981160532318625566, 0.0007962321064637251132, 0.001194348159695591194, 0.001592464212927457382 ),
 .UNSPECIFIED. ) ;
#83 = DIRECTION ( 'NONE',  ( 0.000000000000000000, 0.000000000000000000, -1.000000000000000000 ) ) ;
#84 = CARTESIAN_POINT ( 'NONE',  ( -5.736419055795466626, -8.500000000000000000, -1.579872278479072634 ) ) ;
#85 = EDGE_CURVE ( 'NONE', #351, #1532, #1583, .T. ) ;
#86 = DIRECTION ( 'NONE',  ( 0.000000000000000000, 0.000000000000000000, -1.000000000000000000 ) ) ;
#87 = VERTEX_POINT ( 'NONE', #2017 ) ;
#88 = ORIENTED_EDGE ( 'NONE', *, *, #187, .T. ) ;
#89 = DIRECTION ( 'NONE',  ( 0.000000000000000000, 0.000000000000000000, 1.000000000000000000 ) ) ;
#90 = DIRECTION ( 'NONE',  ( 0.000000000000000000, 0.000000000000000000, -1.000000000000000000 ) ) ;
#91 = CARTESIAN_POINT ( 'NONE',  ( 0.000000000000000000, -17.00000000000000000, 0.000000000000000000 ) ) ;
#92 = DIRECTION ( 'NONE',  ( 0.000000000000000000, -0.000000000000000000, 1.000000000000000000 ) ) ;
#93 = EDGE_CURVE ( 'NONE', #1312, #439, #1020, .T. ) ;
#94 = CARTESIAN_POINT ( 'NONE',  ( 5.624209425289532049, -7.507972383532215410, -1.943108621131653946 ) ) ;
#95 = VECTOR ( 'NONE', #1681, 1000.000000000000000 ) ;
#96 = EDGE_CURVE ( 'NONE', #699, #466, #1937, .T. ) ;
#97 = FACE_OUTER_BOUND ( 'NONE', #1860, .T. ) ;
#98 = DIRECTION ( 'NONE',  ( 0.000000000000000000, 0.000000000000000000, -1.000000000000000000 ) ) ;
#99 = CARTESIAN_POINT ( 'NONE',  ( 9.184850993605147944E-16, -17.00000000000000000, -7.500000000000000000 ) ) ;
#100 = EDGE_LOOP ( 'NONE', ( #891, #1049, #669, #239, #1107, #1425, #2512 ) ) ;
#101 = VERTEX_POINT ( 'NONE', #537 ) ;
#102 = CIRCLE ( 'NONE', #2505, 3.000000000000000000 ) ;
#103 = CARTESIAN_POINT ( 'NONE',  ( 1.500000000000000000, -16.00000000000000000, -7.348469228349534532 ) ) ;
#104 = AXIS2_PLACEMENT_3D ( 'NONE', #2292, #2511, #563 ) ;
#105 = CARTESIAN_POINT ( 'NONE',  ( -4.193744328488975270, -8.500000000000000000, -0.6892086093967199067 ) ) ;
#106 = DIRECTION ( 'NONE',  ( 0.000000000000000000, 0.000000000000000000, -1.000000000000000000 ) ) ;
#107 = EDGE_CURVE ( 'NONE', #1130, #1037, #141, .T. ) ;
#108 = CARTESIAN_POINT ( 'NONE',  ( 1.500000000000024203, -8.500000000000000000, -2.598076211353301801 ) ) ;
#109 = CARTESIAN_POINT ( 'NONE',  ( 4.243573053631245706, -8.302274283565765245, -4.170729643646551743 ) ) ;
#110 = CARTESIAN_POINT ( 'NONE',  ( -0.6663922126848396132, -7.152603983609103544, 4.198418622540628142 ) ) ;
#111 = DIRECTION ( 'NONE',  ( -0.000000000000000000, 1.000000000000000000, -0.000000000000000000 ) ) ;
#112 = CARTESIAN_POINT ( 'NONE',  ( 0.000000000000000000, -14.50000000000000000, 0.000000000000000000 ) ) ;
#113 = ORIENTED_EDGE ( 'NONE', *, *, #1284, .T. ) ;
#114 = ORIENTED_EDGE ( 'NONE', *, *, #2698, .T. ) ;
#115 = CARTESIAN_POINT ( 'NONE',  ( -1.500000000000000000, -7.000000000000000000, 3.976493430146716967 ) ) ;
#116 = CARTESIAN_POINT ( 'NONE',  ( 5.204748896376249713E-16, -14.50000000000000000, -4.250000000000000000 ) ) ;
#117 = CIRCLE ( 'NONE', #474, 1.099999999999999867 ) ;
#118 = CARTESIAN_POINT ( 'NONE',  ( 0.000000000000000000, -14.50000000000000178, 0.000000000000000000 ) ) ;
#119 = FACE_OUTER_BOUND ( 'NONE', #1148, .T. ) ;
#120 = CARTESIAN_POINT ( 'NONE',  ( 0.000000000000000000, -14.50000000000000000, 0.000000000000000000 ) ) ;
#121 = CARTESIAN_POINT ( 'NONE',  ( 5.678970913164868684, -7.747450468321339656, -1.776200381366572545 ) ) ;
#122 = PRODUCT_DEFINITION_FORMATION_WITH_SPECIFIED_SOURCE ( 'ä»', '', #1453, .NOT_KNOWN. ) ;
#123 = DIRECTION ( 'NONE',  ( -0.8660254037844362651, -0.000000000000000000, -0.5000000000000041078 ) ) ;
#124 = CARTESIAN_POINT ( 'NONE',  ( -4.630656026042975881, -7.301367809161283695, -3.738868259326463939 ) ) ;
#125 = VECTOR ( 'NONE', #63, 1000.000000000000000 ) ;
#126 = CARTESIAN_POINT ( 'NONE',  ( 0.000000000000000000, -8.500000000000000000, 0.000000000000000000 ) ) ;
#127 = ORIENTED_EDGE ( 'NONE', *, *, #293, .T. ) ;
#128 = ADVANCED_FACE ( 'NONE', ( #329 ), #2484, .T. ) ;
#129 = ORIENTED_EDGE ( 'NONE', *, *, #1608, .F. ) ;
#130 = CARTESIAN_POINT ( 'NONE',  ( -3.342716368226609447, -9.881146290823076939, -2.628817861333972772 ) ) ;
#131 = LINE ( 'NONE', #976, #542 ) ;
#132 = ORIENTED_EDGE ( 'NONE', *, *, #301, .F. ) ;
#133 = CARTESIAN_POINT ( 'NONE',  ( -4.168003100370486713, -9.144971579832294140, -0.8325889497589785693 ) ) ;
#134 = CARTESIAN_POINT ( 'NONE',  ( 5.491488511036244802, -9.810316261631324863, -2.297628533128020401 ) ) ;
#135 = CARTESIAN_POINT ( 'NONE',  ( 1.024281198138741855, -14.45581769333071342, -6.121478397082396938 ) ) ;
#136 = CARTESIAN_POINT ( 'NONE',  ( 1.500000000000000444, -18.00000000000000355, -5.291502622129180544 ) ) ;
#137 = CYLINDRICAL_SURFACE ( 'NONE', #1345, 1.000000000000000000 ) ;
#138 = CARTESIAN_POINT ( 'NONE',  ( 0.000000000000000000, -15.50000000000000178, 0.000000000000000000 ) ) ;
#139 = EDGE_CURVE ( 'NONE', #1751, #1163, #2660, .T. ) ;
#140 = ORIENTED_EDGE ( 'NONE', *, *, #333, .F. ) ;
#141 = B_SPLINE_CURVE_WITH_KNOTS ( 'NONE', 3,
 ( #1822, #2461, #2681, #500, #1358, #2255, #1834, #2668, #1371, #742, #304, #2430, #713, #727, #1809, #2444, #2695, #2654, #1795, #2233, #2709, #1398, #1588, #291, #926, #105 ),
 .UNSPECIFIED., .F., .F.,
 ( 4, 2, 2, 2, 2, 2, 2, 2, 2, 2, 2, 2, 4 ),
 ( 1.056972010519437632E-17, 0.0002954964243210546023, 0.0005909928486420985795, 0.001181985697284188702, 0.001772978545926278933, 0.002068474970247324157, 0.002363971394568369164, 0.002659467818889415039, 0.002954964243210460480, 0.003545957091852552229, 0.003841453516173597236, 0.004136949940494642243, 0.004727942789136731390 ),
 .UNSPECIFIED. ) ;
#142 = ORIENTED_EDGE ( 'NONE', *, *, #1432, .F. ) ;
#143 = DIRECTION ( 'NONE',  ( 0.000000000000000000, 1.000000000000000000, 0.000000000000000000 ) ) ;
#144 = CARTESIAN_POINT ( 'NONE',  ( 3.253243656763278757, -9.811199840989303311, -2.737702831946646320 ) ) ;
#145 = ORIENTED_EDGE ( 'NONE', *, *, #333, .T. ) ;
#146 = AXIS2_PLACEMENT_3D ( 'NONE', #1290, #1980, #2633 ) ;
#147 = LINE ( 'NONE', #950, #1436 ) ;
#148 = CARTESIAN_POINT ( 'NONE',  ( 5.336918792092997244, -9.952060814847767389, -2.632318920336651935 ) ) ;
#149 = CIRCLE ( 'NONE', #2135, 1.000000000000000444 ) ;
#150 = VECTOR ( 'NONE', #248, 1000.000000000000114 ) ;
#151 = CIRCLE ( 'NONE', #2460, 2.500000000000000000 ) ;
#152 = CARTESIAN_POINT ( 'NONE',  ( 5.491455030337601073, -7.189742449618198528, -2.297664160443773973 ) ) ;
#153 = CARTESIAN_POINT ( 'NONE',  ( -4.177967625415259789, -9.000000000000001776, -0.7791575713435472395 ) ) ;
#154 = CARTESIAN_POINT ( 'NONE',  ( 0.000000000000000000, -14.50000000000000178, 0.000000000000000000 ) ) ;
#155 = ORIENTED_EDGE ( 'NONE', *, *, #65, .T. ) ;
#156 = VERTEX_POINT ( 'NONE', #2020 ) ;
#157 = CARTESIAN_POINT ( 'NONE',  ( 0.000000000000000000, -16.00000000000000000, 0.000000000000000000 ) ) ;
#158 = LINE ( 'NONE', #1669, #2357 ) ;
#159 = ORIENTED_EDGE ( 'NONE', *, *, #1087, .T. ) ;
#160 = CARTESIAN_POINT ( 'NONE',  ( 4.504866466757974308, -3.000000000000000888, 3.886988309305744238 ) ) ;
#161 = CARTESIAN_POINT ( 'NONE',  ( 4.236419055795433763, -8.696211342478260775, -4.177948489832461476 ) ) ;
#162 = FACE_OUTER_BOUND ( 'NONE', #342, .T. ) ;
#163 = CARTESIAN_POINT ( 'NONE',  ( -0.1968867851306927708, -7.000000000000003553, 4.250000000000002665 ) ) ;
#164 = DIRECTION ( 'NONE',  ( 0.000000000000000000, 0.000000000000000000, -1.000000000000000000 ) ) ;
#165 = APPROVAL_PERSON_ORGANIZATION ( #2342, #1272, #1065 ) ;
#166 = ORIENTED_EDGE ( 'NONE', *, *, #598, .F. ) ;
#167 = ORIENTED_EDGE ( 'NONE', *, *, #984, .T. ) ;
#168 = EDGE_CURVE ( 'NONE', #2264, #2526, #981, .T. ) ;
#169 = FACE_OUTER_BOUND ( 'NONE', #2195, .T. ) ;
#170 = CARTESIAN_POINT ( 'NONE',  ( 1.500000000000000000, -16.00000000000000000, -5.809475019311125088 ) ) ;
#171 = VERTEX_POINT ( 'NONE', #1386 ) ;
#172 = CARTESIAN_POINT ( 'NONE',  ( 1.300987771764629430, -9.253005664410286712, 5.806292554211525569 ) ) ;
#173 = DIRECTION ( 'NONE',  ( 0.000000000000000000, 0.000000000000000000, -1.000000000000000000 ) ) ;
#174 = EDGE_CURVE ( 'NONE', #25, #479, #1718, .T. ) ;
#175 = B_SPLINE_CURVE_WITH_KNOTS ( 'NONE', 3,
 ( #448, #240, #1760, #1294, #847, #226 ),
 .UNSPECIFIED., .F., .F.,
 ( 4, 2, 4 ),
 ( 0.000000000000000000, 0.0004078522236323648483, 0.0008157044472647296965 ),
 .UNSPECIFIED. ) ;
#176 = CARTESIAN_POINT ( 'NONE',  ( -4.525532793568223688, -2.732502741095314214, 3.953037980492240866 ) ) ;
#177 = CYLINDRICAL_SURFACE ( 'NONE', #1189, 7.500000000000000000 ) ;
#178 = EDGE_CURVE ( 'NONE', #2166, #382, #1176, .T. ) ;
#179 = ORIENTED_EDGE ( 'NONE', *, *, #2079, .F. ) ;
#180 = VERTEX_POINT ( 'NONE', #767 ) ;
#181 = DIRECTION ( 'NONE',  ( -0.000000000000000000, 1.000000000000000000, -0.000000000000000000 ) ) ;
#182 = CARTESIAN_POINT ( 'NONE',  ( 5.204748896376249713E-16, -7.000000000000000000, -4.250000000000000000 ) ) ;
#183 = ORIENTED_EDGE ( 'NONE', *, *, #2302, .F. ) ;
#184 = CARTESIAN_POINT ( 'NONE',  ( -2.226470224947650234, -8.500000000000000000, -3.017503991285108711 ) ) ;
#185 = ADVANCED_FACE ( 'NONE', ( #949, #2045 ), #486, .F. ) ;
#186 = VECTOR ( 'NONE', #1615, 1000.000000000000000 ) ;
#187 = EDGE_CURVE ( 'NONE', #2309, #2076, #1848, .T. ) ;
#188 = CIRCLE ( 'NONE', #1003, 6.450000000000001066 ) ;
#189 = AXIS2_PLACEMENT_3D ( 'NONE', #2010, #1800, #1142 ) ;
#190 = VERTEX_POINT ( 'NONE', #1632 ) ;
#191 = EDGE_CURVE ( 'NONE', #217, #101, #1411, .T. ) ;
#192 = TOROIDAL_SURFACE ( 'NONE', #2637, 6.450000000000001066, 0.5000000000000000000 ) ;
#193 = AXIS2_PLACEMENT_3D ( 'NONE', #2119, #2609, #632 ) ;
#194 = LINE ( 'NONE', #1561, #509 ) ;
#195 = VECTOR ( 'NONE', #803, 1000.000000000000000 ) ;
#196 = CARTESIAN_POINT ( 'NONE',  ( 1.499999999999999556, -13.50000000000000178, -2.000000000000000000 ) ) ;
#197 = VERTEX_POINT ( 'NONE', #977 ) ;
#198 = ORIENTED_EDGE ( 'NONE', *, *, #592, .F. ) ;
#199 = CYLINDRICAL_SURFACE ( 'NONE', #1710, 5.950000000000000178 ) ;
#200 = CARTESIAN_POINT ( 'NONE',  ( 1.499999999999999556, -15.62175924027632590, -4.985378602929980474 ) ) ;
#201 = ADVANCED_FACE ( 'NONE', ( #2059 ), #2216, .F. ) ;
#202 = VERTEX_POINT ( 'NONE', #2134 ) ;
#203 = CARTESIAN_POINT ( 'NONE',  ( 0.000000000000000000, 0.000000000000000000, 0.000000000000000000 ) ) ;
#204 = CARTESIAN_POINT ( 'NONE',  ( 1.347946383566314577, -9.165285014519687579, 5.795431495794921339 ) ) ;
#205 = APPROVAL_STATUS ( 'not_yet_approved' ) ;
#206 = ORIENTED_EDGE ( 'NONE', *, *, #2489, .F. ) ;
#207 = EDGE_CURVE ( 'NONE', #946, #2295, #460, .T. ) ;
#208 = CARTESIAN_POINT ( 'NONE',  ( 2.693744328489008133, -8.500000000000000000, -3.287284820749991621 ) ) ;
#209 = VECTOR ( 'NONE', #2539, 1000.000000000000000 ) ;
#210 = CYLINDRICAL_SURFACE ( 'NONE', #689, 1.599999999999999867 ) ;
#211 = CARTESIAN_POINT ( 'NONE',  ( 5.616338272186079728, -3.000000000000000888, 1.964495969040884971 ) ) ;
#212 = ORIENTED_EDGE ( 'NONE', *, *, #2620, .T. ) ;
#213 = ORIENTED_EDGE ( 'NONE', *, *, #707, .T. ) ;
#214 = CARTESIAN_POINT ( 'NONE',  ( 0.000000000000000000, -8.500000000000000000, 0.000000000000000000 ) ) ;
#215 = CYLINDRICAL_SURFACE ( 'NONE', #2499, 1.600000000000149969 ) ;
#216 = EDGE_CURVE ( 'NONE', #171, #1108, #1471, .T. ) ;
#217 = VERTEX_POINT ( 'NONE', #1704 ) ;
#218 = ORIENTED_EDGE ( 'NONE', *, *, #482, .F. ) ;
#219 = CARTESIAN_POINT ( 'NONE',  ( 4.193744328488984152, -7.000000000000000000, -0.6892086093966619531 ) ) ;
#220 = CIRCLE ( 'NONE', #2802, 2.500000000000000000 ) ;
#221 = ORIENTED_EDGE ( 'NONE', *, *, #1325, .T. ) ;
#222 = DIRECTION ( 'NONE',  ( 0.000000000000000000, 0.000000000000000000, -1.000000000000000000 ) ) ;
#223 = CARTESIAN_POINT ( 'NONE',  ( 0.000000000000000000, -7.000000000000000000, 0.000000000000000000 ) ) ;
#224 = DIRECTION ( 'NONE',  ( 0.000000000000000000, 0.000000000000000000, -1.000000000000000000 ) ) ;
#225 = VERTEX_POINT ( 'NONE', #2334 ) ;
#226 = CARTESIAN_POINT ( 'NONE',  ( 1.113797386692954472, -3.000000000000000888, -5.844822955521913777 ) ) ;
#227 = DIRECTION ( 'NONE',  ( 0.000000000000000000, -1.000000000000000000, 0.000000000000000000 ) ) ;
#228 = EDGE_CURVE ( 'NONE', #87, #1751, #1297, .T. ) ;
#229 = EDGE_LOOP ( 'NONE', ( #464, #1131 ) ) ;
#230 = ORIENTED_EDGE ( 'NONE', *, *, #1143, .T. ) ;
#231 = ORIENTED_EDGE ( 'NONE', *, *, #2686, .F. ) ;
#232 = CARTESIAN_POINT ( 'NONE',  ( 0.000000000000000000, -14.50000000000000000, 0.000000000000000000 ) ) ;
#233 = CARTESIAN_POINT ( 'NONE',  ( 0.004148877912688551939, -2.500000000000000444, -5.997506861440361270 ) ) ;
#234 = CIRCLE ( 'NONE', #2672, 4.250000000000000000 ) ;
#235 = DIRECTION ( 'NONE',  ( 0.000000000000000000, 1.000000000000000000, 0.000000000000000000 ) ) ;
#236 = DIRECTION ( 'NONE',  ( 0.000000000000000000, 0.000000000000000000, -1.000000000000000000 ) ) ;
#237 = ADVANCED_FACE ( 'NONE', ( #2760 ), #177, .T. ) ;
#238 = CARTESIAN_POINT ( 'NONE',  ( 0.000000000000000000, -12.10000000000000142, 0.000000000000000000 ) ) ;
#239 = ORIENTED_EDGE ( 'NONE', *, *, #1478, .F. ) ;
#240 = CARTESIAN_POINT ( 'NONE',  ( 1.376808139485212523, -2.500000000000000000, -6.163920603676082521 ) ) ;
#241 = DIRECTION ( 'NONE',  ( 0.000000000000000000, 0.000000000000000000, -1.000000000000000000 ) ) ;
#242 = B_SPLINE_CURVE_WITH_KNOTS ( 'NONE', 3,
 ( #1719, #1536, #176, #400, #1923, #813 ),
 .UNSPECIFIED., .F., .F.,
 ( 4, 2, 4 ),
 ( 0.000000000000000000, 0.0004080357160293533823, 0.0008160714320587067645 ),
 .UNSPECIFIED. ) ;
#243 = ORIENTED_EDGE ( 'NONE', *, *, #1689, .T. ) ;
#244 = ORIENTED_EDGE ( 'NONE', *, *, #2522, .T. ) ;
#245 = VERTEX_POINT ( 'NONE', #775 ) ;
#246 = CARTESIAN_POINT ( 'NONE',  ( -0.4845500700932637295, -9.922956277299128658, 5.930933481783825734 ) ) ;
#247 = CARTESIAN_POINT ( 'NONE',  ( -0.9226268809585889130, -7.301367809161284583, 5.879699884403935428 ) ) ;
#248 = DIRECTION ( 'NONE',  ( -0.8660254037844432595, 0.000000000000000000, 0.4999999999999918954 ) ) ;
#249 = CARTESIAN_POINT ( 'NONE',  ( -5.624531310110017834, -9.490970240196848096, -1.942184891723463647 ) ) ;
#250 = AXIS2_PLACEMENT_3D ( 'NONE', #2310, #1035, #1439 ) ;
#251 = VECTOR ( 'NONE', #600, 1000.000000000000000 ) ;
#252 = CARTESIAN_POINT ( 'NONE',  ( 0.000000000000000000, -18.00000000000000355, 7.500000000000001776 ) ) ;
#253 = FACE_BOUND ( 'NONE', #1791, .T. ) ;
#254 = EDGE_LOOP ( 'NONE', ( #1314, #1505, #2177, #2346 ) ) ;
#255 = ADVANCED_FACE ( 'NONE', ( #1654 ), #2306, .T. ) ;
#256 = ORIENTED_EDGE ( 'NONE', *, *, #2727, .F. ) ;
#257 = ORIENTED_EDGE ( 'NONE', *, *, #139, .T. ) ;
#258 = CARTESIAN_POINT ( 'NONE',  ( -0.3888043401725591042, -9.952060814847767389, 5.938066712055421803 ) ) ;
#259 = AXIS2_PLACEMENT_3D ( 'NONE', #1301, #1096, #2127 ) ;
#260 = AXIS2_PLACEMENT_3D ( 'NONE', #1618, #2472, #525 ) ;
#261 = CARTESIAN_POINT ( 'NONE',  ( 1.490171296899083453, -8.302274283565765245, 5.760406889083045101 ) ) ;
#262 = CARTESIAN_POINT ( 'NONE',  ( 0.000000000000000000, -12.10000000000000142, 0.000000000000000000 ) ) ;
#263 = CARTESIAN_POINT ( 'NONE',  ( -5.454617851579394383, -9.847013776334414104, -2.378665558229406063 ) ) ;
#264 = CARTESIAN_POINT ( 'NONE',  ( 0.000000000000000000, 0.000000000000000000, 4.250000000000000000 ) ) ;
#265 = CARTESIAN_POINT ( 'NONE',  ( -4.377720109057514186, -7.747450468321341432, -4.030032887470380132 ) ) ;
#266 = ADVANCED_FACE ( 'NONE', ( #2562 ), #1910, .F. ) ;
#267 = EDGE_LOOP ( 'NONE', ( #877, #2150, #132, #1034, #1466 ) ) ;
#268 = ORIENTED_EDGE ( 'NONE', *, *, #2091, .T. ) ;
#269 = CARTESIAN_POINT ( 'NONE',  ( 1.489973263159818373, -8.300913604697225168, 3.980314706149383319 ) ) ;
#270 = CYLINDRICAL_SURFACE ( 'NONE', #1180, 1.500000000000000000 ) ;
#271 = CALENDAR_DATE ( 2026, 18, 2 ) ;
#272 = CARTESIAN_POINT ( 'NONE',  ( -1.500000000000000000, -16.00000000000000000, -7.348469228349534532 ) ) ;
#273 = ADVANCED_FACE ( 'NONE', ( #375 ), #814, .F. ) ;
#274 = EDGE_CURVE ( 'NONE', #611, #2164, #2181, .T. ) ;
#275 = CARTESIAN_POINT ( 'NONE',  ( 0.3902554423633036174, -7.048326399262916375, 5.937971731422936550 ) ) ;
#276 = CARTESIAN_POINT ( 'NONE',  ( 1.500000000000000000, -14.50000000000000178, -4.769696007084728073 ) ) ;
#277 = CARTESIAN_POINT ( 'NONE',  ( -5.618663853450710732, -14.00000000000000000, 1.957834646216690677 ) ) ;
#278 = CIRCLE ( 'NONE', #1373, 3.000000000000000000 ) ;
#279 = CIRCLE ( 'NONE', #1867, 4.250000000000000000 ) ;
#280 = CARTESIAN_POINT ( 'NONE',  ( -1.500000000000000000, -14.50000000000000178, -4.769696007084728961 ) ) ;
#281 = FACE_OUTER_BOUND ( 'NONE', #827, .T. ) ;
#282 = AXIS2_PLACEMENT_3D ( 'NONE', #1724, #1506, #1916 ) ;
#283 = AXIS2_PLACEMENT_3D ( 'NONE', #617, #2344, #236 ) ;
#284 = CARTESIAN_POINT ( 'NONE',  ( -1.500000000000000000, -13.50000000000000178, -2.000000000000000000 ) ) ;
#285 = VECTOR ( 'NONE', #1401, 1000.000000000000000 ) ;
#286 = EDGE_LOOP ( 'NONE', ( #2440, #1094, #2423, #1656 ) ) ;
#287 = EDGE_LOOP ( 'NONE', ( #2386, #546, #2343, #2285 ) ) ;
#288 = CARTESIAN_POINT ( 'NONE',  ( -1.106865721271547809, -8.500000000000000000, -5.846139604480378615 ) ) ;
#289 = DIRECTION ( 'NONE',  ( -0.8660254037844363761, 0.000000000000000000, 0.5000000000000041078 ) ) ;
#290 = EDGE_CURVE ( 'NONE', #74, #156, #1421, .T. ) ;
#291 = CARTESIAN_POINT ( 'NONE',  ( -4.187297711226708685, -8.104310090107215814, -0.7316691735445346456 ) ) ;
#292 = CARTESIAN_POINT ( 'NONE',  ( 1.300747968759092377, -7.746625297164744239, 5.806344433488528800 ) ) ;
#293 = EDGE_CURVE ( 'NONE', #2182, #845, #956, .T. ) ;
#294 = LINE ( 'NONE', #307, #18 ) ;
#295 = CARTESIAN_POINT ( 'NONE',  ( -11.39711431702999000, -8.500000000000000000, -4.848076211353193443 ) ) ;
#296 = CARTESIAN_POINT ( 'NONE',  ( 6.057944266206908956, -2.500000000000000444, 3.502346464389797465 ) ) ;
#297 = LINE ( 'NONE', #1190, #1277 ) ;
#298 = CARTESIAN_POINT ( 'NONE',  ( -6.164290131603202383, -2.500000000000000444, 1.898427552849826450 ) ) ;
#299 = VERTEX_POINT ( 'NONE', #791 ) ;
#300 = VERTEX_POINT ( 'NONE', #2098 ) ;
#301 = EDGE_CURVE ( 'NONE', #1940, #190, #2273, .T. ) ;
#302 = CARTESIAN_POINT ( 'NONE',  ( -1.500000000000000222, -14.47605548082462157, -2.881864192751376841 ) ) ;
#303 = PERSON_AND_ORGANIZATION ( #1695, #712 ) ;
#304 = CARTESIAN_POINT ( 'NONE',  ( -3.470204459030120869, -7.048601381725441151, -2.455532822180094055 ) ) ;
#305 = VECTOR ( 'NONE', #853, 1000.000000000000000 ) ;
#306 = CARTESIAN_POINT ( 'NONE',  ( 1.192198519703202342, -7.584477520363097192, 5.829600642252573017 ) ) ;
#307 = CARTESIAN_POINT ( 'NONE',  ( 1.500000000000000000, -14.50000000000000178, -4.769696007084728073 ) ) ;
#308 = FACE_OUTER_BOUND ( 'NONE', #2756, .T. ) ;
#309 = DIRECTION ( 'NONE',  ( 0.000000000000000000, 0.000000000000000000, 1.000000000000000000 ) ) ;
#310 = DIRECTION ( 'NONE',  ( 0.000000000000000000, 1.000000000000000000, 0.000000000000000000 ) ) ;
#311 = ORIENTED_EDGE ( 'NONE', *, *, #876, .F. ) ;
#312 = ORIENTED_EDGE ( 'NONE', *, *, #499, .F. ) ;
#313 = EDGE_CURVE ( 'NONE', #992, #1735, #577, .T. ) ;
#314 = DIRECTION ( 'NONE',  ( -0.8660254037844362651, -0.000000000000000000, -0.5000000000000041078 ) ) ;
#315 = DIRECTION ( 'NONE',  ( 0.000000000000000000, 1.000000000000000000, 0.000000000000000000 ) ) ;
#316 = DIRECTION ( 'NONE',  ( -0.000000000000000000, 1.000000000000000000, -0.000000000000000000 ) ) ;
#317 = CARTESIAN_POINT ( 'NONE',  ( 1.500000000000000222, -8.401867606533736321, 5.757820768311567861 ) ) ;
#318 = CARTESIAN_POINT ( 'NONE',  ( 4.494146122366544205, -7.509163121245373773, -3.900017071988799433 ) ) ;
#319 = EDGE_CURVE ( 'NONE', #1163, #2340, #555, .T. ) ;
#320 = CIRCLE ( 'NONE', #1907, 3.000000000000000000 ) ;
#321 = LINE ( 'NONE', #2276, #2004 ) ;
#322 = CARTESIAN_POINT ( 'NONE',  ( -5.201697178186361903, -6.999959836842333694, -2.890416452123564461 ) ) ;
#323 = DIRECTION ( 'NONE',  ( 0.000000000000000000, 0.000000000000000000, -1.000000000000000000 ) ) ;
#324 = VERTEX_POINT ( 'NONE', #1675 ) ;
#325 = EDGE_LOOP ( 'NONE', ( #1340, #2550, #1437, #739, #2041, #1224 ) ) ;
#326 = AXIS2_PLACEMENT_3D ( 'NONE', #1447, #1433, #1403 ) ;
#327 = TOROIDAL_SURFACE ( 'NONE', #283, 6.450000000000001066, 0.5000000000000000000 ) ;
#328 = LINE ( 'NONE', #103, #186 ) ;
#329 = FACE_OUTER_BOUND ( 'NONE', #534, .T. ) ;
#330 = DIRECTION ( 'NONE',  ( 0.000000000000000000, 1.000000000000000000, 0.000000000000000000 ) ) ;
#331 = DIRECTION ( 'NONE',  ( -0.000000000000000000, -1.000000000000000000, -0.000000000000000000 ) ) ;
#332 = CARTESIAN_POINT ( 'NONE',  ( -5.688730246460177220, -2.732268358630014049, 1.935918402513606917 ) ) ;
#333 = EDGE_CURVE ( 'NONE', #1670, #1291, #2536, .T. ) ;
#334 = DIRECTION ( 'NONE',  ( 0.000000000000000000, 1.000000000000000000, 0.000000000000000000 ) ) ;
#335 = CARTESIAN_POINT ( 'NONE',  ( -4.494886140857349055, -7.507972383532217187, -3.899153927938764141 ) ) ;
#336 = DIRECTION ( 'NONE',  ( -0.000000000000000000, 1.000000000000000000, -0.000000000000000000 ) ) ;
#337 = ORIENTED_EDGE ( 'NONE', *, *, #2008, .T. ) ;
#338 = ORIENTED_EDGE ( 'NONE', *, *, #2294, .T. ) ;
#339 = CARTESIAN_POINT ( 'NONE',  ( 4.192063100368974560, -8.301874095260394881, -0.6996644007317860403 ) ) ;
#340 = LINE ( 'NONE', #1847, #2044 ) ;
#341 = VECTOR ( 'NONE', #98, 1000.000000000000000 ) ;
#342 = EDGE_LOOP ( 'NONE', ( #397, #1820 ) ) ;
#343 = CARTESIAN_POINT ( 'NONE',  ( -1.500000000000000000, -8.500000000000000000, 3.976493430146716967 ) ) ;
#344 = CARTESIAN_POINT ( 'NONE',  ( 4.735218901120842538, -9.800775173794386674, -3.603733405381172261 ) ) ;
#345 = CARTESIAN_POINT ( 'NONE',  ( 4.177967625415249131, -9.000000000000001776, -0.7791575713436054151 ) ) ;
#346 = AXIS2_PLACEMENT_3D ( 'NONE', #488, #1359, #2218 ) ;
#347 = DIRECTION ( 'NONE',  ( 0.000000000000000000, 0.000000000000000000, -1.000000000000000000 ) ) ;
#348 = CARTESIAN_POINT ( 'NONE',  ( -5.714926291559063287, -8.015541641579508436, -1.656384582913552617 ) ) ;
#349 = AXIS2_PLACEMENT_3D ( 'NONE', #1135, #315, #2245 ) ;
#350 = DIRECTION ( 'NONE',  ( 0.000000000000000000, 0.000000000000000000, 1.000000000000000000 ) ) ;
#351 = VERTEX_POINT ( 'NONE', #1758 ) ;
#352 = EDGE_LOOP ( 'NONE', ( #35, #1966, #465, #1925, #230, #831, #2110 ) ) ;
#353 = CC_DESIGN_DATE_AND_TIME_ASSIGNMENT ( #514, #1587, ( #2114 ) ) ;
#354 = CARTESIAN_POINT ( 'NONE',  ( 4.185092532449513847, -8.109079917321849962, -0.7402187554782803103 ) ) ;
#355 = DIRECTION ( 'NONE',  ( -0.000000000000000000, -1.000000000000000000, -0.000000000000000000 ) ) ;
#356 = ORIENTED_EDGE ( 'NONE', *, *, #1262, .T. ) ;
#357 = DIRECTION ( 'NONE',  ( 0.000000000000000000, -1.000000000000000000, 0.000000000000000000 ) ) ;
#358 = CARTESIAN_POINT ( 'NONE',  ( -1.017021533311496695, -14.45581769333071342, -6.122688701835796721 ) ) ;
#359 = CARTESIAN_POINT ( 'NONE',  ( 4.236419055795431987, -8.500000000000000000, -4.177948489832460588 ) ) ;
#360 = CARTESIAN_POINT ( 'NONE',  ( -1.197852162053197889, -7.576353748788829279, 4.080186497442062077 ) ) ;
#361 = AXIS2_PLACEMENT_3D ( 'NONE', #232, #1133, #1095 ) ;
#362 = CARTESIAN_POINT ( 'NONE',  ( 4.193744328488984152, -8.500000000000000000, -0.6892086093966619531 ) ) ;
#363 = ORIENTED_EDGE ( 'NONE', *, *, #1705, .F. ) ;
#364 = ORIENTED_EDGE ( 'NONE', *, *, #982, .F. ) ;
#365 = DIRECTION ( 'NONE',  ( -0.000000000000000000, 1.000000000000000000, -0.000000000000000000 ) ) ;
#366 = CARTESIAN_POINT ( 'NONE',  ( 0.000000000000000000, -8.500000000000000000, 0.000000000000000000 ) ) ;
#367 = ORIENTED_EDGE ( 'NONE', *, *, #1432, .T. ) ;
#368 = CYLINDRICAL_SURFACE ( 'NONE', #2062, 1.500000000000000000 ) ;
#369 = CARTESIAN_POINT ( 'NONE',  ( 4.787293726323470722, -9.847013776334412327, -3.534504848289124368 ) ) ;
#370 = AXIS2_PLACEMENT_3D ( 'NONE', #2548, #2, #603 ) ;
#371 = AXIS2_PLACEMENT_3D ( 'NONE', #730, #1797, #2446 ) ;
#372 = DIRECTION ( 'NONE',  ( -0.000000000000000000, -1.000000000000000000, -0.000000000000000000 ) ) ;
#373 = ADVANCED_FACE ( 'NONE', ( #1549 ), #1374, .F. ) ;
#374 = DIRECTION ( 'NONE',  ( 0.000000000000000000, 1.000000000000000000, 0.000000000000000000 ) ) ;
#375 = FACE_OUTER_BOUND ( 'NONE', #1093, .T. ) ;
#376 = ORIENTED_EDGE ( 'NONE', *, *, #482, .T. ) ;
#377 = EDGE_LOOP ( 'NONE', ( #2160, #1629 ) ) ;
#378 = CARTESIAN_POINT ( 'NONE',  ( -10.64711431703000244, -8.500000000000000000, -6.147114317029858555 ) ) ;
#379 = CYLINDRICAL_SURFACE ( 'NONE', #1555, 1.000000000000000000 ) ;
#380 = ADVANCED_FACE ( 'NONE', ( #419 ), #662, .F. ) ;
#381 = EDGE_CURVE ( 'NONE', #300, #1494, #2417, .T. ) ;
#382 = VERTEX_POINT ( 'NONE', #2163 ) ;
#383 = DIRECTION ( 'NONE',  ( 0.000000000000000000, 0.000000000000000000, 1.000000000000000000 ) ) ;
#384 = DIRECTION ( 'NONE',  ( 0.8660254037844432595, 0.000000000000000000, 0.4999999999999919509 ) ) ;
#385 = AXIS2_PLACEMENT_3D ( 'NONE', #532, #1404, #1841 ) ;
#386 = AXIS2_PLACEMENT_3D ( 'NONE', #1639, #1392, #545 ) ;
#387 = EDGE_CURVE ( 'NONE', #1328, #1874, #56, .T. ) ;
#388 = CARTESIAN_POINT ( 'NONE',  ( 3.000000000000000000, -8.500000000000000000, 2.749518342565095362E-14 ) ) ;
#389 = CARTESIAN_POINT ( 'NONE',  ( 1.500000000000000222, -14.13746856393228768, -2.268431640065616151 ) ) ;
#390 = AXIS2_PLACEMENT_3D ( 'NONE', #1243, #2532, #173 ) ;
#391 = ORIENTED_EDGE ( 'NONE', *, *, #812, .F. ) ;
#392 = ORIENTED_EDGE ( 'NONE', *, *, #703, .T. ) ;
#393 = CARTESIAN_POINT ( 'NONE',  ( -2.693744328488962392, -7.000000000000000000, -3.287284820750029368 ) ) ;
#394 = FACE_OUTER_BOUND ( 'NONE', #267, .T. ) ;
#395 = EDGE_CURVE ( 'NONE', #1487, #1328, #858, .T. ) ;
#396 = EDGE_CURVE ( 'NONE', #556, #904, #2359, .T. ) ;
#397 = ORIENTED_EDGE ( 'NONE', *, *, #96, .F. ) ;
#398 = DIRECTION ( 'NONE',  ( 0.000000000000000000, 1.000000000000000000, 0.000000000000000000 ) ) ;
#399 = EDGE_LOOP ( 'NONE', ( #1454, #682 ) ) ;
#400 = CARTESIAN_POINT ( 'NONE',  ( -4.597162284956668010, -2.553712039374842480, 4.146809973262431726 ) ) ;
#401 = DIRECTION ( 'NONE',  ( -0.000000000000000000, -1.000000000000000000, -0.000000000000000000 ) ) ;
#402 = VERTEX_POINT ( 'NONE', #1734 ) ;
#403 = ORIENTED_EDGE ( 'NONE', *, *, #1087, .F. ) ;
#404 = FACE_OUTER_BOUND ( 'NONE', #676, .T. ) ;
#405 = DIRECTION ( 'NONE',  ( 1.776356839400250465E-15, 0.000000000000000000, -1.000000000000000000 ) ) ;
#406 = EDGE_LOOP ( 'NONE', ( #2183, #391 ) ) ;
#407 = ORIENTED_EDGE ( 'NONE', *, *, #1953, .T. ) ;
#408 = CARTESIAN_POINT ( 'NONE',  ( 0.000000000000000000, -12.10000000000000142, 0.000000000000000000 ) ) ;
#409 = CALENDAR_DATE ( 2026, 18, 2 ) ;
#410 = AXIS2_PLACEMENT_3D ( 'NONE', #22, #449, #1324 ) ;
#411 = VECTOR ( 'NONE', #70, 1000.000000000000000 ) ;
#412 = ORIENTED_EDGE ( 'NONE', *, *, #1097, .F. ) ;
#413 = CIRCLE ( 'NONE', #2095, 7.500000000000000888 ) ;
#414 = AXIS2_PLACEMENT_3D ( 'NONE', #2009, #928, #517 ) ;
#415 = CLOSED_SHELL ( 'NONE', ( #1069, #630, #2197, #605, #2593, #1469, #980, #1400, #1396, #1013, #716, #1944, #2475, #1304, #824, #680, #579, #2307, #1682, #677, #788, #2284, #128, #266, #1195, #1388, #1196, #2409, #185, #2701, #237, #255, #2486, #801, #1546, #672, #201, #380, #1286, #430, #1185, #518, #2269, #1824, #1406, #273, #2176, #1781, #1716, #2580, #2400, #1811, #373, #1171, #2037, #1269, #2208, #974, #1233, #1581, #2019, #1493, #2352, #1445, #1702, #2544, #1721, #587, #2789, #1409, #2558, #2432, #2189, #2070, #2094, #1798 ) ) ;
#416 = CARTESIAN_POINT ( 'NONE',  ( -4.509472550914597200, -14.00000000000000000, 3.881643635439479212 ) ) ;
#417 = DIRECTION ( 'NONE',  ( 0.000000000000000000, 0.000000000000000000, 1.000000000000000000 ) ) ;
#418 = EDGE_CURVE ( 'NONE', #655, #299, #279, .T. ) ;
#419 = FACE_OUTER_BOUND ( 'NONE', #1011, .T. ) ;
#420 = ORIENTED_EDGE ( 'NONE', *, *, #207, .F. ) ;
#421 = ORIENTED_EDGE ( 'NONE', *, *, #2508, .F. ) ;
#422 = CARTESIAN_POINT ( 'NONE',  ( 0.004148877912688551939, 0.000000000000000000, -5.997506861440361270 ) ) ;
#423 = CARTESIAN_POINT ( 'NONE',  ( 0.004148877913051413589, -19.02548339959492196, -6.997506861440191628 ) ) ;
#424 = ORIENTED_EDGE ( 'NONE', *, *, #1208, .F. ) ;
#425 = ORIENTED_EDGE ( 'NONE', *, *, #1906, .T. ) ;
#426 = CARTESIAN_POINT ( 'NONE',  ( 0.9153141312415367103, -9.692350588161291469, 5.879744258021925241 ) ) ;
#427 =( LENGTH_UNIT ( ) NAMED_UNIT ( * ) SI_UNIT ( .MILLI., .METRE. ) );
#428 = VERTEX_POINT ( 'NONE', #871 ) ;
#429 = DIRECTION ( 'NONE',  ( 0.000000000000000000, 1.000000000000000000, 0.000000000000000000 ) ) ;
#430 = ADVANCED_FACE ( 'NONE', ( #1320 ), #2206, .F. ) ;
#431 = CIRCLE ( 'NONE', #838, 4.250000000000000000 ) ;
#432 = LINE ( 'NONE', #388, #1560 ) ;
#433 = CARTESIAN_POINT ( 'NONE',  ( -2.693744328488962392, -7.000000000000000000, -3.287284820750029368 ) ) ;
#434 = ORIENTED_EDGE ( 'NONE', *, *, #1535, .T. ) ;
#435 = LINE ( 'NONE', #2611, #1048 ) ;
#436 = DIRECTION ( 'NONE',  ( 0.000000000000000000, 0.000000000000000000, -1.000000000000000000 ) ) ;
#437 = ORIENTED_EDGE ( 'NONE', *, *, #1488, .F. ) ;
#438 = ORIENTED_EDGE ( 'NONE', *, *, #381, .F. ) ;
#439 = VERTEX_POINT ( 'NONE', #2594 ) ;
#440 = DIRECTION ( 'NONE',  ( 0.000000000000000000, 0.000000000000000000, 1.000000000000000000 ) ) ;
#441 = FACE_OUTER_BOUND ( 'NONE', #973, .T. ) ;
#442 = ORIENTED_EDGE ( 'NONE', *, *, #12, .T. ) ;
#443 = EDGE_CURVE ( 'NONE', #1715, #1818, #1649, .T. ) ;
#444 = CARTESIAN_POINT ( 'NONE',  ( 0.000000000000000000, -2.500000000000000444, 0.000000000000000000 ) ) ;
#445 = CARTESIAN_POINT ( 'NONE',  ( 1.311464981215770598, -9.290616873974562040, 4.044061250522967832 ) ) ;
#446 = CARTESIAN_POINT ( 'NONE',  ( -1.292661639033607202, -2.553712039374845144, -6.054664310723402387 ) ) ;
#447 = ORIENTED_EDGE ( 'NONE', *, *, #2489, .T. ) ;
#448 = CARTESIAN_POINT ( 'NONE',  ( 1.438058577789819381, -2.500000000000000444, -6.287645626690894218 ) ) ;
#449 = DIRECTION ( 'NONE',  ( 0.000000000000000000, -1.000000000000000000, 0.000000000000000000 ) ) ;
#450 = VERTEX_POINT ( 'NONE', #211 ) ;
#451 = ORIENTED_EDGE ( 'NONE', *, *, #882, .T. ) ;
#452 = ORIENTED_EDGE ( 'NONE', *, *, #1592, .T. ) ;
#453 = CARTESIAN_POINT ( 'NONE',  ( 4.574880299311695708, -14.27798735405814767, 3.904453347791363882 ) ) ;
#454 = CARTESIAN_POINT ( 'NONE',  ( 6.057944266206908956, -14.50000000000000000, 4.502346464389797909 ) ) ;
#455 = AXIS2_PLACEMENT_3D ( 'NONE', #2228, #1794, #483 ) ;
#456 = CARTESIAN_POINT ( 'NONE',  ( -1.422791746251447886, -8.014904195142943166, 5.777513987194248024 ) ) ;
#457 = VECTOR ( 'NONE', #2477, 1000.000000000000000 ) ;
#458 = CIRCLE ( 'NONE', #1512, 3.000000000000000000 ) ;
#459 = LINE ( 'NONE', #2403, #150 ) ;
#460 = CIRCLE ( 'NONE', #2413, 1.600000000000360911 ) ;
#461 = CARTESIAN_POINT ( 'NONE',  ( -5.644638806678752729, -9.415738216527739013, -1.882459866639804691 ) ) ;
#462 = EDGE_CURVE ( 'NONE', #428, #1727, #693, .T. ) ;
#463 = DIRECTION ( 'NONE',  ( 0.000000000000000000, 0.000000000000000000, 1.000000000000000000 ) ) ;
#464 = ORIENTED_EDGE ( 'NONE', *, *, #2394, .T. ) ;
#465 = ORIENTED_EDGE ( 'NONE', *, *, #1483, .T. ) ;
#466 = VERTEX_POINT ( 'NONE', #1954 ) ;
#467 = FACE_OUTER_BOUND ( 'NONE', #921, .T. ) ;
#468 = PERSON_AND_ORGANIZATION ( #1695, #712 ) ;
#469 = EDGE_CURVE ( 'NONE', #634, #1383, #2172, .T. ) ;
#470 = DIRECTION ( 'NONE',  ( -0.000000000000000000, -1.000000000000000000, -0.000000000000000000 ) ) ;
#471 = CC_DESIGN_PERSON_AND_ORGANIZATION_ASSIGNMENT ( #2617, #671, ( #1453 ) ) ;
#472 = LINE ( 'NONE', #2631, #1869 ) ;
#473 = CARTESIAN_POINT ( 'NONE',  ( 0.000000000000000000, -12.10000000000000142, 0.000000000000000000 ) ) ;
#474 = AXIS2_PLACEMENT_3D ( 'NONE', #2152, #1076, #1539 ) ;
#475 = CIRCLE ( 'NONE', #2560, 1.600000000000149081 ) ;
#476 = CARTESIAN_POINT ( 'NONE',  ( -1.489998856250227099, -8.301020157041818948, 3.980305335200370109 ) ) ;
#477 = DIRECTION ( 'NONE',  ( 0.000000000000000000, 1.000000000000000000, 0.000000000000000000 ) ) ;
#478 = EDGE_CURVE ( 'NONE', #634, #1037, #1576, .T. ) ;
#479 = VERTEX_POINT ( 'NONE', #277 ) ;
#480 = ORIENTED_EDGE ( 'NONE', *, *, #178, .F. ) ;
#481 = CARTESIAN_POINT ( 'NONE',  ( 5.686197710015136408, -2.732502741095314214, 1.942707374643492857 ) ) ;
#482 = EDGE_CURVE ( 'NONE', #382, #1659, #1157, .T. ) ;
#483 = DIRECTION ( 'NONE',  ( 0.000000000000000000, 0.000000000000000000, 1.000000000000000000 ) ) ;
#484 = COORDINATED_UNIVERSAL_TIME_OFFSET ( 8, 0, .AHEAD. ) ;
#485 = LOCAL_TIME ( 11, 47, 15.00000000000000000, #1729 ) ;
#486 = PLANE ( 'NONE',  #260 ) ;
#487 = AXIS2_PLACEMENT_3D ( 'NONE', #203, #851, #2585 ) ;
#488 = CARTESIAN_POINT ( 'NONE',  ( 0.000000000000000000, -9.000000000000001776, 0.000000000000000000 ) ) ;
#489 = DIRECTION ( 'NONE',  ( -0.000000000000000000, -1.000000000000000000, -0.000000000000000000 ) ) ;
#490 = CARTESIAN_POINT ( 'NONE',  ( -4.271430157090519764, -8.890857268624268173, -4.142195361231858719 ) ) ;
#491 = EDGE_CURVE ( 'NONE', #2351, #1313, #1417, .T. ) ;
#492 = CARTESIAN_POINT ( 'NONE',  ( 1.500000000000000000, -7.000000000000000000, 3.976493430146716967 ) ) ;
#493 = FACE_OUTER_BOUND ( 'NONE', #1919, .T. ) ;
#494 = FACE_OUTER_BOUND ( 'NONE', #859, .T. ) ;
#495 = ORIENTED_EDGE ( 'NONE', *, *, #1215, .T. ) ;
#496 = ORIENTED_EDGE ( 'NONE', *, *, #2193, .F. ) ;
#497 = CARTESIAN_POINT ( 'NONE',  ( 0.000000000000000000, -2.500000000000000444, 0.000000000000000000 ) ) ;
#498 = CARTESIAN_POINT ( 'NONE',  ( 9.897114317029950925, -8.500000000000000000, -7.446152422706685314 ) ) ;
#499 = EDGE_CURVE ( 'NONE', #299, #655, #1780, .T. ) ;
#500 = CARTESIAN_POINT ( 'NONE',  ( -2.733594512826664769, -8.109079917321851738, -3.254287072550677173 ) ) ;
#501 = CARTESIAN_POINT ( 'NONE',  ( -10.64711431703000244, -8.500000000000000000, -6.147114317029858555 ) ) ;
#502 = CARTESIAN_POINT ( 'NONE',  ( 1.500000000000000444, -16.00000000000000000, -4.769696007084728961 ) ) ;
#503 = CARTESIAN_POINT ( 'NONE',  ( 0.000000000000000000, -10.00000000000000000, 4.250000000000000000 ) ) ;
#504 = CARTESIAN_POINT ( 'NONE',  ( 0.000000000000000000, -12.10000000000000142, -2.500000000000000000 ) ) ;
#505 = CARTESIAN_POINT ( 'NONE',  ( -1.169993460132447453E-18, -7.000000000000000000, 4.250000000000000000 ) ) ;
#506 = TOROIDAL_SURFACE ( 'NONE', #550, 6.450000000000001066, 0.5000000000000000000 ) ;
#507 = AXIS2_PLACEMENT_3D ( 'NONE', #2434, #2219, #1115 ) ;
#508 = DIRECTION ( 'NONE',  ( -0.8660254037844363761, 0.000000000000000000, 0.5000000000000041078 ) ) ;
#509 = VECTOR ( 'NONE', #1288, 999.9999999999998863 ) ;
#510 = ORIENTED_EDGE ( 'NONE', *, *, #962, .T. ) ;
#511 = ORIENTED_EDGE ( 'NONE', *, *, #1284, .F. ) ;
#512 = CARTESIAN_POINT ( 'NONE',  ( 0.3955545002602692262, -7.039855586985364511, 4.235498679774542197 ) ) ;
#513 = CARTESIAN_POINT ( 'NONE',  ( 4.177967625415249131, -9.000000000000001776, -0.7791575713436054151 ) ) ;
#514 = DATE_AND_TIME ( #271, #2071 ) ;
#515 = DIRECTION ( 'NONE',  ( -0.000000000000000000, 1.000000000000000000, -0.000000000000000000 ) ) ;
#516 = DIRECTION ( 'NONE',  ( 0.000000000000000000, 1.000000000000000000, -0.000000000000000000 ) ) ;
#517 = DIRECTION ( 'NONE',  ( 0.000000000000000000, 0.000000000000000000, -1.000000000000000000 ) ) ;
#518 = ADVANCED_FACE ( 'NONE', ( #1813 ), #718, .T. ) ;
#519 = DIRECTION ( 'NONE',  ( -0.8660254037844363761, 0.000000000000000000, 0.5000000000000041078 ) ) ;
#520 = LINE ( 'NONE', #2703, #2745 ) ;
#521 = DIRECTION ( 'NONE',  ( 0.000000000000000000, 1.000000000000000000, 0.000000000000000000 ) ) ;
#522 = VERTEX_POINT ( 'NONE', #503 ) ;
#523 = ORIENTED_EDGE ( 'NONE', *, *, #1357, .T. ) ;
#524 = DIRECTION ( 'NONE',  ( 0.000000000000000000, 1.000000000000000000, 0.000000000000000000 ) ) ;
#525 = DIRECTION ( 'NONE',  ( 0.000000000000000000, -0.000000000000000000, -1.000000000000000000 ) ) ;
#526 = CARTESIAN_POINT ( 'NONE',  ( 0.000000000000000000, -8.500000000000000000, 0.000000000000000000 ) ) ;
#527 = CC_DESIGN_APPROVAL ( #1272, ( #122 ) ) ;
#528 = CYLINDRICAL_SURFACE ( 'NONE', #1119, 1.500000000000000666 ) ;
#529 = EDGE_CURVE ( 'NONE', #1002, #2166, #2732, .T. ) ;
#530 = CARTESIAN_POINT ( 'NONE',  ( 5.251430329900586003, -7.000080704362583894, -2.804215164931946891 ) ) ;
#531 = CARTESIAN_POINT ( 'NONE',  ( -1.500000000000000000, -7.000000000000000000, 3.976493430146716967 ) ) ;
#532 = CARTESIAN_POINT ( 'NONE',  ( 0.004148877912688551939, -14.50000000000000000, -6.997506861440361270 ) ) ;
#533 = CARTESIAN_POINT ( 'NONE',  ( 0.004148877913051413589, -2.500000000000000444, -6.997506861440191628 ) ) ;
#534 = EDGE_LOOP ( 'NONE', ( #2139, #1441, #1955, #1921 ) ) ;
#535 = ORIENTED_EDGE ( 'NONE', *, *, #1199, .F. ) ;
#536 = CARTESIAN_POINT ( 'NONE',  ( 3.343496372401667749, -9.881620070662327393, -2.627783750564518073 ) ) ;
#537 = CARTESIAN_POINT ( 'NONE',  ( 0.004148877912688675104, 0.000000000000000000, -7.997506861440361270 ) ) ;
#538 = DIRECTION ( 'NONE',  ( 0.000000000000000000, 0.000000000000000000, 1.000000000000000000 ) ) ;
#539 = DIRECTION ( 'NONE',  ( -0.000000000000000000, -0.000000000000000000, 1.000000000000000000 ) ) ;
#540 = CARTESIAN_POINT ( 'NONE',  ( -1.500000000000000000, -16.00000000000000000, -7.348469228349534532 ) ) ;
#541 = B_SPLINE_CURVE_WITH_KNOTS ( 'NONE', 3,
 ( #1525, #1967, #887, #2392, #678, #1059, #2348, #2140 ),
 .UNSPECIFIED., .F., .F.,
 ( 4, 2, 2, 4 ),
 ( 0.000000000000000000, 0.0003981277278165644136, 0.0007962554556331288272, 0.001592510911266255920 ),
 .UNSPECIFIED. ) ;
#542 = VECTOR ( 'NONE', #961, 1000.000000000000000 ) ;
#543 = DIRECTION ( 'NONE',  ( -0.000000000000000000, -1.000000000000000000, -0.000000000000000000 ) ) ;
#544 = LINE ( 'NONE', #2450, #341 ) ;
#545 = DIRECTION ( 'NONE',  ( 0.5000000000000038858, 0.000000000000000000, 0.8660254037844364872 ) ) ;
#546 = ORIENTED_EDGE ( 'NONE', *, *, #1143, .F. ) ;
#547 = AXIS2_PLACEMENT_3D ( 'NONE', #1790, #2165, #463 ) ;
#548 = AXIS2_PLACEMENT_3D ( 'NONE', #1379, #2236, #1787 ) ;
#549 = ORIENTED_EDGE ( 'NONE', *, *, #883, .T. ) ;
#550 = AXIS2_PLACEMENT_3D ( 'NONE', #1789, #2421, #719 ) ;
#551 = CARTESIAN_POINT ( 'NONE',  ( 4.179699291515747817, -8.013405219714780259, -0.7708503171516097874 ) ) ;
#552 = CIRCLE ( 'NONE', #370, 1.000000000000000000 ) ;
#553 = CARTESIAN_POINT ( 'NONE',  ( -1.499999999999999778, -14.50000000000000178, -3.020012712063749660 ) ) ;
#554 = EDGE_CURVE ( 'NONE', #1482, #1899, #2132, .T. ) ;
#555 = CIRCLE ( 'NONE', #2547, 3.500000000000000000 ) ;
#556 = VERTEX_POINT ( 'NONE', #298 ) ;
#557 = CARTESIAN_POINT ( 'NONE',  ( -1.499999999999987121, -8.500000000000000000, -2.598076211353322673 ) ) ;
#558 = DIRECTION ( 'NONE',  ( 0.000000000000000000, 0.000000000000000000, -1.000000000000000000 ) ) ;
#559 = CARTESIAN_POINT ( 'NONE',  ( 5.736419055795448863, -8.400456559388761235, -1.579872278479154124 ) ) ;
#560 = EDGE_CURVE ( 'NONE', #479, #1393, #2688, .T. ) ;
#561 = LINE ( 'NONE', #2305, #2546 ) ;
#562 = CARTESIAN_POINT ( 'NONE',  ( -5.054236735458943919, -7.000080704362583894, -3.145764489432006261 ) ) ;
#563 = DIRECTION ( 'NONE',  ( 0.000000000000000000, -0.000000000000000000, -1.000000000000000000 ) ) ;
#564 = ORIENTED_EDGE ( 'NONE', *, *, #1742, .T. ) ;
#565 = ORIENTED_EDGE ( 'NONE', *, *, #290, .T. ) ;
#566 = DIRECTION ( 'NONE',  ( 0.4999999999999921729, 0.000000000000000000, -0.8660254037844430375 ) ) ;
#567 = DIRECTION ( 'NONE',  ( -0.000000000000000000, -1.000000000000000000, -0.000000000000000000 ) ) ;
#568 = EDGE_CURVE ( 'NONE', #1489, #1751, #748, .T. ) ;
#569 = APPLICATION_CONTEXT ( 'configuration controlled 3d designs of mechanical parts and assemblies' ) ;
#570 = AXIS2_PLACEMENT_3D ( 'NONE', #378, #596, #566 ) ;
#571 = ORIENTED_EDGE ( 'NONE', *, *, #2583, .T. ) ;
#572 = DIRECTION ( 'NONE',  ( 0.000000000000000000, 0.000000000000000000, 1.000000000000000000 ) ) ;
#573 = CARTESIAN_POINT ( 'NONE',  ( 4.947234062434271884, -9.960881525486684041, -3.310739813122087760 ) ) ;
#574 = B_SPLINE_CURVE_WITH_KNOTS ( 'NONE', 3,
 ( #786, #2078, #1200, #358, #2092, #2329 ),
 .UNSPECIFIED., .F., .F.,
 ( 4, 2, 4 ),
 ( 0.000000000000000000, 0.0004210559102423497421, 0.0008421118204846994842 ),
 .UNSPECIFIED. ) ;
#575 = CARTESIAN_POINT ( 'NONE',  ( -6.164290131603202383, -2.500000000000000444, 1.898427552849826450 ) ) ;
#576 = CARTESIAN_POINT ( 'NONE',  ( -1.451216979515213668, -8.108006571614540192, 3.994608420285806538 ) ) ;
#577 = LINE ( 'NONE', #362, #195 ) ;
#578 = EDGE_LOOP ( 'NONE', ( #698, #88, #244, #1234, #127 ) ) ;
#579 = ADVANCED_FACE ( 'NONE', ( #1627 ), #2262, .F. ) ;
#580 = ORIENTED_EDGE ( 'NONE', *, *, #2805, .T. ) ;
#581 = CARTESIAN_POINT ( 'NONE',  ( -2.805561297944421995, -9.146785244846554974, -3.192859907177689749 ) ) ;
#582 = DIRECTION ( 'NONE',  ( 0.000000000000000000, 0.000000000000000000, -1.000000000000000000 ) ) ;
#583 = ORIENTED_EDGE ( 'NONE', *, *, #1989, .T. ) ;
#584 = DIRECTION ( 'NONE',  ( 0.000000000000000000, 1.000000000000000000, 0.000000000000000000 ) ) ;
#585 = EDGE_CURVE ( 'NONE', #190, #1494, #475, .T. ) ;
#586 = CARTESIAN_POINT ( 'NONE',  ( -2.460107276718300540, -8.500000000000000000, -3.152394406017565487 ) ) ;
#587 = ADVANCED_FACE ( 'NONE', ( #1191 ), #2662, .F. ) ;
#588 = FACE_OUTER_BOUND ( 'NONE', #1722, .T. ) ;
#589 = DIRECTION ( 'NONE',  ( 1.776356839400250465E-15, 0.000000000000000000, 1.000000000000000000 ) ) ;
#590 = AXIS2_PLACEMENT_3D ( 'NONE', #1467, #1728, #1283 ) ;
#591 = CARTESIAN_POINT ( 'NONE',  ( 1.500000000000000222, -14.47590308460673647, -2.881385377488125510 ) ) ;
#592 = EDGE_CURVE ( 'NONE', #1019, #1487, #2427, .T. ) ;
#593 = ORIENTED_EDGE ( 'NONE', *, *, #1646, .F. ) ;
#594 = B_SPLINE_CURVE_WITH_KNOTS ( 'NONE', 3,
 ( #1255, #2117, #2383, #204, #172, #1064, #2370, #640, #426, #1300, #1080, #2629, #1123, #924, #1962, #258, #246, #701, #2443, #77, #1808, #1765, #1570, #1109, #1974, #2666 ),
 .UNSPECIFIED., .F., .F.,
 ( 4, 2, 2, 2, 2, 2, 2, 2, 2, 2, 2, 2, 4 ),
 ( 0.004708708288485802772, 0.005297136547231410392, 0.005591350676604212033, 0.005885564805977013675, 0.006179778935349814449, 0.006473993064722616091, 0.007062421323468216772, 0.007356635452841018413, 0.007650849582213818320, 0.008239277840959416399, 0.008827706099705016213, 0.009121920229077816120, 0.009416134358450616026 ),
 .UNSPECIFIED. ) ;
#595 = ORIENTED_EDGE ( 'NONE', *, *, #216, .T. ) ;
#596 = DIRECTION ( 'NONE',  ( 0.8660254037844432595, 0.000000000000000000, 0.4999999999999919509 ) ) ;
#597 = CARTESIAN_POINT ( 'NONE',  ( 5.616338272186079728, -14.14247590150280054, 1.964495969040884971 ) ) ;
#598 = EDGE_CURVE ( 'NONE', #402, #1918, #1817, .T. ) ;
#599 = ORIENTED_EDGE ( 'NONE', *, *, #1024, .T. ) ;
#600 = DIRECTION ( 'NONE',  ( -0.000000000000000000, -1.000000000000000000, -0.000000000000000000 ) ) ;
#601 = CARTESIAN_POINT ( 'NONE',  ( 4.345017709467672518, -9.165285014519685802, -4.065071559005271062 ) ) ;
#602 = EDGE_LOOP ( 'NONE', ( #750, #2690, #2406, #830, #1856, #1082, #1697, #1162, #434, #2156 ) ) ;
#603 = DIRECTION ( 'NONE',  ( 0.000000000000000000, 0.000000000000000000, 1.000000000000000000 ) ) ;
#604 = DIRECTION ( 'NONE',  ( 0.000000000000000000, -1.000000000000000000, 0.000000000000000000 ) ) ;
#605 = ADVANCED_FACE ( 'NONE', ( #2040 ), #2451, .F. ) ;
#606 = ORIENTED_EDGE ( 'NONE', *, *, #776, .F. ) ;
#607 = ORIENTED_EDGE ( 'NONE', *, *, #2533, .F. ) ;
#608 = B_SPLINE_CURVE_WITH_KNOTS ( 'NONE', 3,
 ( #1039, #161, #1413, #601, #1647, #2316, #2758, #2770, #826, #344, #369, #573, #1430, #1444, #1256, #148, #1468, #134, #1216, #1699, #1904, #2118, #2270, #2545, #811, #1863 ),
 .UNSPECIFIED., .F., .F.,
 ( 4, 2, 2, 2, 2, 2, 2, 2, 2, 2, 2, 2, 4 ),
 ( 0.004708708288485802772, 0.005297136547231405188, 0.005591350676604207696, 0.005885564805977009338, 0.006179778935349811847, 0.006473993064722613489, 0.007062421323468215037, 0.007356635452841016679, 0.007650849582213817453, 0.008239277840959416399, 0.008827706099705012743, 0.009121920229077814385, 0.009416134358450612557 ),
 .UNSPECIFIED. ) ;
#609 = CARTESIAN_POINT ( 'NONE',  ( -2.763754063042187958, -9.000000000000001776, -3.228647314126737999 ) ) ;
#610 = CARTESIAN_POINT ( 'NONE',  ( 0.000000000000000000, -14.50000000000000000, 0.000000000000000000 ) ) ;
#611 = VERTEX_POINT ( 'NONE', #987 ) ;
#612 = DIRECTION ( 'NONE',  ( -0.8660254037844432595, 0.000000000000000000, 0.4999999999999918954 ) ) ;
#613 = COORDINATED_UNIVERSAL_TIME_OFFSET ( 8, 0, .AHEAD. ) ;
#614 = AXIS2_PLACEMENT_3D ( 'NONE', #761, #111, #2239 ) ;
#615 = AXIS2_PLACEMENT_3D ( 'NONE', #112, #2240, #970 ) ;
#616 = ORIENTED_EDGE ( 'NONE', *, *, #2202, .F. ) ;
#617 = CARTESIAN_POINT ( 'NONE',  ( 0.000000000000000000, -14.00000000000000000, 0.000000000000000000 ) ) ;
#618 = DIRECTION ( 'NONE',  ( 0.000000000000000000, 0.000000000000000000, 1.000000000000000000 ) ) ;
#619 = VECTOR ( 'NONE', #331, 1000.000000000000000 ) ;
#620 = ORIENTED_EDGE ( 'NONE', *, *, #897, .F. ) ;
#621 = VERTEX_POINT ( 'NONE', #2027 ) ;
#622 = CIRCLE ( 'NONE', #487, 4.250000000000000000 ) ;
#623 = PLANE ( 'NONE',  #282 ) ;
#624 = CARTESIAN_POINT ( 'NONE',  ( -1.500000000000000000, -18.00000000000000355, -5.291502622129180544 ) ) ;
#625 = ORIENTED_EDGE ( 'NONE', *, *, #1689, .F. ) ;
#626 = DIRECTION ( 'NONE',  ( 0.000000000000000000, 0.000000000000000000, -1.000000000000000000 ) ) ;
#627 = CARTESIAN_POINT ( 'NONE',  ( 2.763754063042143549, -9.000000000000001776, -3.228647314126776191 ) ) ;
#628 = APPROVAL_ROLE ( '' ) ;
#629 = ORIENTED_EDGE ( 'NONE', *, *, #274, .T. ) ;
#630 = ADVANCED_FACE ( 'NONE', ( #494 ), #2199, .T. ) ;
#631 = CARTESIAN_POINT ( 'NONE',  ( 0.09767451403763027784, -6.999959836842332805, 5.950010125165001718 ) ) ;
#632 = DIRECTION ( 'NONE',  ( 0.000000000000000000, 0.000000000000000000, 1.000000000000000000 ) ) ;
#633 = DIRECTION ( 'NONE',  ( -1.000000000000000000, 0.000000000000000000, 0.000000000000000000 ) ) ;
#634 = VERTEX_POINT ( 'NONE', #2675 ) ;
#635 = VERTEX_POINT ( 'NONE', #2718 ) ;
#636 = CARTESIAN_POINT ( 'NONE',  ( 1.500000000000024203, -8.500000000000000000, -2.598076211353301801 ) ) ;
#637 = CARTESIAN_POINT ( 'NONE',  ( -5.075065894687048385, -14.50000000000000000, 3.980729350833129399 ) ) ;
#638 = ORIENTED_EDGE ( 'NONE', *, *, #1296, .T. ) ;
#639 = CARTESIAN_POINT ( 'NONE',  ( 0.000000000000000000, -14.00000000000000000, 0.000000000000000000 ) ) ;
#640 = CARTESIAN_POINT ( 'NONE',  ( 0.9920430494408346567, -9.629342719340570511, 5.867136030475425201 ) ) ;
#641 = PLANE ( 'NONE',  #666 ) ;
#642 = EDGE_CURVE ( 'NONE', #1313, #1274, #736, .T. ) ;
#643 = CIRCLE ( 'NONE', #410, 5.000000000000000000 ) ;
#644 = AXIS2_PLACEMENT_3D ( 'NONE', #238, #2190, #224 ) ;
#645 = ORIENTED_EDGE ( 'NONE', *, *, #2275, .F. ) ;
#646 = AXIS2_PLACEMENT_3D ( 'NONE', #773, #2524, #2535 ) ;
#647 = VECTOR ( 'NONE', #1378, 1000.000000000000000 ) ;
#648 = TOROIDAL_SURFACE ( 'NONE', #2096, 6.450000000000001066, 0.5000000000000000000 ) ;
#649 = CARTESIAN_POINT ( 'NONE',  ( -5.813496399660165181, -14.45581769333070810, 2.173685660334808034 ) ) ;
#650 = DIRECTION ( 'NONE',  ( 0.000000000000000000, 0.000000000000000000, 1.000000000000000000 ) ) ;
#651 = CARTESIAN_POINT ( 'NONE',  ( -1.500000000000000000, -14.50000000000000178, -4.769696007084728961 ) ) ;
#652 = ORIENTED_EDGE ( 'NONE', *, *, #1989, .F. ) ;
#653 = PLANE ( 'NONE',  #866 ) ;
#654 = CARTESIAN_POINT ( 'NONE',  ( 2.693744328489008133, -7.000000000000000000, -3.287284820749991621 ) ) ;
#655 = VERTEX_POINT ( 'NONE', #2467 ) ;
#656 = EDGE_LOOP ( 'NONE', ( #2300, #2527, #2180, #1408, #1753, #1450 ) ) ;
#657 = CARTESIAN_POINT ( 'NONE',  ( -2.763754063042187958, -9.000000000000001776, -3.228647314126737999 ) ) ;
#658 = LINE ( 'NONE', #454, #2204 ) ;
#659 = ORIENTED_EDGE ( 'NONE', *, *, #1991, .T. ) ;
#660 = LINE ( 'NONE', #2147, #20 ) ;
#661 = CARTESIAN_POINT ( 'NONE',  ( 0.000000000000000000, -15.50000000000000178, -5.000000000000000000 ) ) ;
#662 = PLANE ( 'NONE',  #1509 ) ;
#663 = VERTEX_POINT ( 'NONE', #284 ) ;
#664 = DIRECTION ( 'NONE',  ( 0.000000000000000000, 1.000000000000000000, -0.000000000000000000 ) ) ;
#665 = CARTESIAN_POINT ( 'NONE',  ( -1.120057667077373420, -9.544167106365325282, 4.107761562406762934 ) ) ;
#666 = AXIS2_PLACEMENT_3D ( 'NONE', #1517, #1316, #1934 ) ;
#667 = ORIENTED_EDGE ( 'NONE', *, *, #554, .F. ) ;
#668 = EDGE_LOOP ( 'NONE', ( #793, #420, #2623, #620 ) ) ;
#669 = ORIENTED_EDGE ( 'NONE', *, *, #943, .F. ) ;
#670 = DIRECTION ( 'NONE',  ( -0.000000000000000000, -1.000000000000000000, -0.000000000000000000 ) ) ;
#671 = PERSON_AND_ORGANIZATION_ROLE ( 'design_owner' ) ;
#672 = ADVANCED_FACE ( 'NONE', ( #1842 ), #1172, .F. ) ;
#673 = FACE_BOUND ( 'NONE', #1057, .T. ) ;
#674 = DIRECTION ( 'NONE',  ( 0.000000000000000000, 0.000000000000000000, -1.000000000000000000 ) ) ;
#675 = DIRECTION ( 'NONE',  ( -0.000000000000000000, 1.000000000000000000, -0.000000000000000000 ) ) ;
#676 = EDGE_LOOP ( 'NONE', ( #480, #23, #2293, #1890 ) ) ;
#677 = ADVANCED_FACE ( 'NONE', ( #1580, #2251 ), #1423, .T. ) ;
#678 = CARTESIAN_POINT ( 'NONE',  ( -1.500000000000000444, -15.80472247301124433, -5.179438616529562722 ) ) ;
#679 = DIRECTION ( 'NONE',  ( -0.5000000000000041078, 0.000000000000000000, 0.8660254037844362651 ) ) ;
#680 = ADVANCED_FACE ( 'NONE', ( #1146 ), #683, .F. ) ;
#681 = ORIENTED_EDGE ( 'NONE', *, *, #2275, .T. ) ;
#682 = ORIENTED_EDGE ( 'NONE', *, *, #443, .T. ) ;
#683 = CYLINDRICAL_SURFACE ( 'NONE', #2694, 4.250000000000000000 ) ;
#684 = DIRECTION ( 'NONE',  ( 0.000000000000000000, -1.000000000000000000, 0.000000000000000000 ) ) ;
#685 = EDGE_CURVE ( 'NONE', #1108, #197, #2599, .T. ) ;
#686 = AXIS2_PLACEMENT_3D ( 'NONE', #2088, #1658, #89 ) ;
#687 = PLANE ( 'NONE',  #2773 ) ;
#688 = AXIS2_PLACEMENT_3D ( 'NONE', #1871, #543, #589 ) ;
#689 = AXIS2_PLACEMENT_3D ( 'NONE', #1070, #2591, #650 ) ;
#690 = DIRECTION ( 'NONE',  ( 0.000000000000000000, -1.000000000000000000, 0.000000000000000000 ) ) ;
#691 = EDGE_CURVE ( 'NONE', #1163, #2641, #1114, .T. ) ;
#692 = AXIS2_PLACEMENT_3D ( 'NONE', #1461, #1435, #1873 ) ;
#693 = LINE ( 'NONE', #1523, #2230 ) ;
#694 = EDGE_CURVE ( 'NONE', #797, #845, #1516, .T. ) ;
#695 = DIRECTION ( 'NONE',  ( -0.000000000000000000, -0.000000000000000000, -1.000000000000000000 ) ) ;
#696 = CARTESIAN_POINT ( 'NONE',  ( -4.292078010504455143, -8.014904195142943166, -4.120930790145660438 ) ) ;
#697 = EDGE_CURVE ( 'NONE', #1735, #1045, #810, .T. ) ;
#698 = ORIENTED_EDGE ( 'NONE', *, *, #1953, .F. ) ;
#699 = VERTEX_POINT ( 'NONE', #2605 ) ;
#700 = DIRECTION ( 'NONE',  ( 0.000000000000000000, 0.000000000000000000, -1.000000000000000000 ) ) ;
#701 = CARTESIAN_POINT ( 'NONE',  ( -0.7559395773693077247, -9.810316261631323087, 5.904582821711775509 ) ) ;
#702 = DIRECTION ( 'NONE',  ( 0.4999999999999921729, 0.000000000000000000, -0.8660254037844430375 ) ) ;
#703 = EDGE_CURVE ( 'NONE', #351, #1931, #1101, .T. ) ;
#704 = CARTESIAN_POINT ( 'NONE',  ( -4.193744328488975270, -8.500000000000000000, -0.6892086093967199067 ) ) ;
#705 = CARTESIAN_POINT ( 'NONE',  ( -4.449873056000820171, -9.423591496368041831, -3.952304961282209650 ) ) ;
#706 = CARTESIAN_POINT ( 'NONE',  ( -1.414213562373094701, -9.000000000000001776, 4.007804885470348744 ) ) ;
#707 = EDGE_CURVE ( 'NONE', #1130, #1670, #1741, .T. ) ;
#708 = ORIENTED_EDGE ( 'NONE', *, *, #707, .F. ) ;
#709 = VERTEX_POINT ( 'NONE', #1266 ) ;
#710 = CARTESIAN_POINT ( 'NONE',  ( 0.6672048980633452642, -7.152981480682679916, 4.198296170026869945 ) ) ;
#711 = FACE_OUTER_BOUND ( 'NONE', #1268, .T. ) ;
#712 = ORGANIZATION ( 'æœª', 'æœª', '' ) ;
#713 = CARTESIAN_POINT ( 'NONE',  ( -3.630850795118446328, -7.000046864663044488, -2.211148867217605396 ) ) ;
#714 = AXIS2_PLACEMENT_3D ( 'NONE', #1166, #939, #2032 ) ;
#715 = CARTESIAN_POINT ( 'NONE',  ( 0.000000000000000000, -7.000000000000000000, 0.000000000000000000 ) ) ;
#716 = ADVANCED_FACE ( 'NONE', ( #1933 ), #1496, .F. ) ;
#717 = DIRECTION ( 'NONE',  ( 0.000000000000000000, -1.000000000000000000, 0.000000000000000000 ) ) ;
#718 = PLANE ( 'NONE',  #548 ) ;
#719 = DIRECTION ( 'NONE',  ( 0.000000000000000000, 0.000000000000000000, -1.000000000000000000 ) ) ;
#720 = DIRECTION ( 'NONE',  ( 0.000000000000000000, 0.000000000000000000, 1.000000000000000000 ) ) ;
#721 = CARTESIAN_POINT ( 'NONE',  ( -3.969073416247375974, -8.551627755078190063, -0.5571674279606982916 ) ) ;
#722 = ORIENTED_EDGE ( 'NONE', *, *, #69, .F. ) ;
#723 = VERTEX_POINT ( 'NONE', #2757 ) ;
#724 = CARTESIAN_POINT ( 'NONE',  ( 5.616338272186079728, -3.000000000000000888, 1.964495969040884971 ) ) ;
#725 = CARTESIAN_POINT ( 'NONE',  ( 0.004148877912688551939, 0.000000000000000000, -6.997506861440361270 ) ) ;
#726 = B_SPLINE_CURVE_WITH_KNOTS ( 'NONE', 3,
 ( #2398, #1999, #2643, #453, #64, #1356 ),
 .UNSPECIFIED., .F., .F.,
 ( 4, 2, 4 ),
 ( -4.711166138684763119E-06, 0.0004166243066482324016, 0.0008379597794351495519 ),
 .UNSPECIFIED. ) ;
#727 = CARTESIAN_POINT ( 'NONE',  ( -3.729655903264345707, -6.999953470581786519, -2.040079325088947293 ) ) ;
#728 = CIRCLE ( 'NONE', #2312, 4.250000000000000000 ) ;
#729 = EDGE_CURVE ( 'NONE', #1063, #190, #836, .T. ) ;
#730 = CARTESIAN_POINT ( 'NONE',  ( 0.000000000000000000, -14.50000000000000178, 0.000000000000000000 ) ) ;
#731 = DIRECTION ( 'NONE',  ( -0.000000000000000000, -1.000000000000000000, -0.000000000000000000 ) ) ;
#732 = CARTESIAN_POINT ( 'NONE',  ( -1.499999999999999778, -8.499999999999998224, 3.577832119087291041 ) ) ;
#733 = CARTESIAN_POINT ( 'NONE',  ( 1.499999999999999556, -15.50000000000000178, -2.000000000000000000 ) ) ;
#734 = CARTESIAN_POINT ( 'NONE',  ( -5.736419055795464850, -8.401867606533732769, -1.579872278479072190 ) ) ;
#735 = AXIS2_PLACEMENT_3D ( 'NONE', #2646, #915, #2670 ) ;
#736 = LINE ( 'NONE', #99, #1973 ) ;
#737 = AXIS2_PLACEMENT_3D ( 'NONE', #1976, #1098, #1717 ) ;
#738 = ORIENTED_EDGE ( 'NONE', *, *, #1492, .F. ) ;
#739 = ORIENTED_EDGE ( 'NONE', *, *, #568, .F. ) ;
#740 = CARTESIAN_POINT ( 'NONE',  ( -4.731433034230418500, -2.500000000000000444, 4.383610548690788811 ) ) ;
#741 = EDGE_CURVE ( 'NONE', #1752, #1735, #234, .T. ) ;
#742 = CARTESIAN_POINT ( 'NONE',  ( -3.413789915148172316, -7.077856801256882768, -2.533143345540547209 ) ) ;
#743 = DIRECTION ( 'NONE',  ( 0.000000000000000000, 1.000000000000000000, 0.000000000000000000 ) ) ;
#744 = PLANE ( 'NONE',  #2598 ) ;
#745 = DIRECTION ( 'NONE',  ( 0.000000000000000000, 0.000000000000000000, 1.000000000000000000 ) ) ;
#746 = LINE ( 'NONE', #1128, #1236 ) ;
#747 = DIRECTION ( 'NONE',  ( 0.000000000000000000, -0.000000000000000000, -1.000000000000000000 ) ) ;
#748 = LINE ( 'NONE', #1405, #1278 ) ;
#749 = AXIS2_PLACEMENT_3D ( 'NONE', #2485, #1429, #2256 ) ;
#750 = ORIENTED_EDGE ( 'NONE', *, *, #962, .F. ) ;
#751 = ORIENTED_EDGE ( 'NONE', *, *, #1853, .T. ) ;
#752 = CARTESIAN_POINT ( 'NONE',  ( 3.758238627735269066, -9.999985391056029016, -1.990529437598876461 ) ) ;
#753 = DIRECTION ( 'NONE',  ( 0.000000000000000000, 0.000000000000000000, -1.000000000000000000 ) ) ;
#754 = CARTESIAN_POINT ( 'NONE',  ( -4.076863448251327071, -9.634713238302170524, -1.207392028560526187 ) ) ;
#755 = VECTOR ( 'NONE', #539, 1000.000000000000000 ) ;
#756 = DIRECTION ( 'NONE',  ( 0.000000000000000000, -1.000000000000000000, 0.000000000000000000 ) ) ;
#757 = EDGE_CURVE ( 'NONE', #1935, #2323, #1520, .T. ) ;
#758 = DIRECTION ( 'NONE',  ( 0.000000000000000000, 0.000000000000000000, 1.000000000000000000 ) ) ;
#759 = B_SPLINE_CURVE_WITH_KNOTS ( 'NONE', 3,
 ( #1397, #1832, #2254, #2516, #1226, #144, #536, #2692, #2282, #752, #2058, #1175, #2740, #796, #2455, #2722, #1631, #513 ),
 .UNSPECIFIED., .F., .F.,
 ( 4, 2, 2, 2, 2, 2, 2, 2, 4 ),
 ( 0.005236319788525963838, 0.005699999988535297754, 0.006163680188544632538, 0.006627360388553966454, 0.007091040588563300370, 0.007554720788572635154, 0.008018400988581968203, 0.008482081188591302987, 0.008945761388600637770 ),
 .UNSPECIFIED. ) ;
#760 = CARTESIAN_POINT ( 'NONE',  ( -1.499999999999987121, -8.500000000000000000, -2.598076211353322673 ) ) ;
#761 = CARTESIAN_POINT ( 'NONE',  ( 0.004148877912688551939, -2.500000000000000444, -6.997506861440361270 ) ) ;
#762 = DIRECTION ( 'NONE',  ( 0.5000000000000038858, 0.000000000000000000, 0.8660254037844364872 ) ) ;
#763 = ORIENTED_EDGE ( 'NONE', *, *, #1456, .F. ) ;
#764 = ORIENTED_EDGE ( 'NONE', *, *, #2186, .T. ) ;
#765 = CARTESIAN_POINT ( 'NONE',  ( 4.056447685472170939, -7.302023143919375237, -1.275854528331899385 ) ) ;
#766 = DIRECTION ( 'NONE',  ( 0.000000000000000000, 0.000000000000000000, -1.000000000000000000 ) ) ;
#767 = CARTESIAN_POINT ( 'NONE',  ( -5.987793098240477896, -14.50000000000000000, 2.397672582456517265 ) ) ;
#768 = DIRECTION ( 'NONE',  ( 0.000000000000000000, 0.000000000000000000, -1.000000000000000000 ) ) ;
#769 = EDGE_CURVE ( 'NONE', #1818, #1715, #1458, .T. ) ;
#770 = LINE ( 'NONE', #586, #1443 ) ;
#771 = CARTESIAN_POINT ( 'NONE',  ( 5.714869756755855512, -8.014904195142943166, -1.656583197048573819 ) ) ;
#772 = EDGE_CURVE ( 'NONE', #202, #1063, #1819, .T. ) ;
#773 = CARTESIAN_POINT ( 'NONE',  ( 0.000000000000000000, -7.000000000000000000, 0.000000000000000000 ) ) ;
#774 = FACE_OUTER_BOUND ( 'NONE', #1805, .T. ) ;
#775 = CARTESIAN_POINT ( 'NONE',  ( 5.204748896376249713E-16, -9.000000000000001776, -4.250000000000000000 ) ) ;
#776 = EDGE_CURVE ( 'NONE', #1997, #2676, #594, .T. ) ;
#777 = ORIENTED_EDGE ( 'NONE', *, *, #1456, .T. ) ;
#778 = VECTOR ( 'NONE', #1968, 1000.000000000000114 ) ;
#779 = AXIS2_PLACEMENT_3D ( 'NONE', #2435, #2659, #917 ) ;
#780 = ORIENTED_EDGE ( 'NONE', *, *, #855, .T. ) ;
#781 = CARTESIAN_POINT ( 'NONE',  ( 2.983413409665263583, -7.509118454839673440, -3.027673185879417250 ) ) ;
#782 = VECTOR ( 'NONE', #1501, 1000.000000000000000 ) ;
#783 = FACE_OUTER_BOUND ( 'NONE', #2122, .T. ) ;
#784 = ORIENTED_EDGE ( 'NONE', *, *, #2237, .T. ) ;
#785 = PLANE ( 'NONE',  #749 ) ;
#786 = CARTESIAN_POINT ( 'NONE',  ( -1.106865721271547809, -14.00000000000000000, -5.846139604480378615 ) ) ;
#787 = CARTESIAN_POINT ( 'NONE',  ( 5.104022664148688548, -6.999959836842332805, -3.059593673041413275 ) ) ;
#788 = ADVANCED_FACE ( 'NONE', ( #2416 ), #1369, .F. ) ;
#789 = LINE ( 'NONE', #2320, #2231 ) ;
#790 = CARTESIAN_POINT ( 'NONE',  ( 0.004148877912688551939, -14.50000000000000000, -6.997506861440361270 ) ) ;
#791 = CARTESIAN_POINT ( 'NONE',  ( 0.000000000000000000, -12.10000000000000142, 4.250000000000000000 ) ) ;
#792 = ORIENTED_EDGE ( 'NONE', *, *, #274, .F. ) ;
#793 = ORIENTED_EDGE ( 'NONE', *, *, #1099, .T. ) ;
#794 = EDGE_CURVE ( 'NONE', #2264, #2783, #1597, .T. ) ;
#795 = CARTESIAN_POINT ( 'NONE',  ( 4.236419055795431987, -8.500000000000000000, -4.177948489832460588 ) ) ;
#796 = CARTESIAN_POINT ( 'NONE',  ( 4.077324816470632385, -9.633518443096960482, -1.205912264322767102 ) ) ;
#797 = VERTEX_POINT ( 'NONE', #938 ) ;
#798 = DIRECTION ( 'NONE',  ( 0.000000000000000000, -0.000000000000000000, 1.000000000000000000 ) ) ;
#799 = CARTESIAN_POINT ( 'NONE',  ( -4.509472550914597200, -8.500000000000000000, 3.881643635439479212 ) ) ;
#800 = CARTESIAN_POINT ( 'NONE',  ( -5.618663853450710732, -3.000000000000000888, 1.957834646216690677 ) ) ;
#801 = ADVANCED_FACE ( 'NONE', ( #467 ), #270, .F. ) ;
#802 = LINE ( 'NONE', #1188, #457 ) ;
#803 = DIRECTION ( 'NONE',  ( 0.000000000000000000, 1.000000000000000000, 0.000000000000000000 ) ) ;
#804 = EDGE_CURVE ( 'NONE', #479, #2441, #951, .T. ) ;
#805 = VERTEX_POINT ( 'NONE', #26 ) ;
#806 = EDGE_LOOP ( 'NONE', ( #934, #1308, #764, #2480 ) ) ;
#807 = CARTESIAN_POINT ( 'NONE',  ( 2.854227291476888695, -7.746033775673584643, -3.149461690510420020 ) ) ;
#808 = DIRECTION ( 'NONE',  ( 0.000000000000000000, 0.000000000000000000, -1.000000000000000000 ) ) ;
#809 = ORIENTED_EDGE ( 'NONE', *, *, #1502, .F. ) ;
#810 = LINE ( 'NONE', #219, #1839 ) ;
#811 = CARTESIAN_POINT ( 'NONE',  ( 5.736419055795447086, -8.599516334144801988, -1.579872278479154124 ) ) ;
#812 = EDGE_CURVE ( 'NONE', #101, #1667, #2541, .T. ) ;
#813 = CARTESIAN_POINT ( 'NONE',  ( -4.731433034230418500, -2.500000000000000444, 4.383610548690788811 ) ) ;
#814 = CYLINDRICAL_SURFACE ( 'NONE', #692, 1.600000000000361133 ) ;
#815 = VERTEX_POINT ( 'NONE', #1315 ) ;
#816 = VECTOR ( 'NONE', #567, 1000.000000000000000 ) ;
#817 = ORIENTED_EDGE ( 'NONE', *, *, #1535, .F. ) ;
#818 = DIRECTION ( 'NONE',  ( 0.000000000000000000, 0.000000000000000000, -1.000000000000000000 ) ) ;
#819 = DIRECTION ( 'NONE',  ( -0.000000000000000000, 1.000000000000000000, -0.000000000000000000 ) ) ;
#820 = AXIS2_PLACEMENT_3D ( 'NONE', #2012, #1801, #83 ) ;
#821 = AXIS2_PLACEMENT_3D ( 'NONE', #1415, #2733, #1431 ) ;
#822 = ORIENTED_EDGE ( 'NONE', *, *, #897, .T. ) ;
#823 = DIRECTION ( 'NONE',  ( 0.000000000000000000, 0.000000000000000000, -1.000000000000000000 ) ) ;
#824 = ADVANCED_FACE ( 'NONE', ( #711 ), #2184, .F. ) ;
#825 = VECTOR ( 'NONE', #1197, 1000.000000000000000 ) ;
#826 = CARTESIAN_POINT ( 'NONE',  ( 4.634350829581888043, -9.692350588161293246, -3.732557419109037156 ) ) ;
#827 = EDGE_LOOP ( 'NONE', ( #2151, #2350, #580, #2196 ) ) ;
#828 = CARTESIAN_POINT ( 'NONE',  ( 1.102182119232617517E-15, 0.000000000000000000, -9.000000000000000000 ) ) ;
#829 = CARTESIAN_POINT ( 'NONE',  ( 6.057944266206908956, -14.50000000000000000, 3.502346464389797465 ) ) ;
#830 = ORIENTED_EDGE ( 'NONE', *, *, #1614, .F. ) ;
#831 = ORIENTED_EDGE ( 'NONE', *, *, #85, .T. ) ;
#832 = FACE_OUTER_BOUND ( 'NONE', #287, .T. ) ;
#833 = DIRECTION ( 'NONE',  ( 0.000000000000000000, -1.000000000000000000, 0.000000000000000000 ) ) ;
#834 = EDGE_LOOP ( 'NONE', ( #1032, #2042, #1122, #2787 ) ) ;
#835 = DIRECTION ( 'NONE',  ( 0.000000000000000000, 0.000000000000000000, -1.000000000000000000 ) ) ;
#836 = LINE ( 'NONE', #1698, #95 ) ;
#837 = APPLICATION_PROTOCOL_DEFINITION ( 'international standard', 'config_control_design', 1994, #569 ) ;
#838 = AXIS2_PLACEMENT_3D ( 'NONE', #986, #2277, #309 ) ;
#839 = VERTEX_POINT ( 'NONE', #1544 ) ;
#840 = CARTESIAN_POINT ( 'NONE',  ( -5.618663853450709844, -14.14247643335075821, 1.957834646216689789 ) ) ;
#841 = DIRECTION ( 'NONE',  ( 0.000000000000000000, -0.000000000000000000, 1.000000000000000000 ) ) ;
#842 = CARTESIAN_POINT ( 'NONE',  ( -5.736419055795464850, -8.696211342478258999, -1.579872278479072190 ) ) ;
#843 = LOCAL_TIME ( 11, 47, 15.00000000000000000, #484 ) ;
#844 = ORIENTED_EDGE ( 'NONE', *, *, #2330, .F. ) ;
#845 = VERTEX_POINT ( 'NONE', #894 ) ;
#846 = AXIS2_PLACEMENT_3D ( 'NONE', #639, #2369, #1299 ) ;
#847 = CARTESIAN_POINT ( 'NONE',  ( 1.113797386692957581, -2.861691251406458303, -5.844822955521917329 ) ) ;
#848 = B_SPLINE_CURVE_WITH_KNOTS ( 'NONE', 3,
 ( #2356, #2589, #1963, #1547, #456, #2788, #1533, #1334, #1936, #247, #1346, #1055, #2575, #631, #1519, #275, #1604, #80, #67, #1387, #306, #292, #2034, #1634, #2246, #261, #317, #910 ),
 .UNSPECIFIED., .F., .F.,
 ( 4, 2, 2, 2, 2, 2, 2, 2, 2, 2, 2, 2, 2, 4 ),
 ( 0.000000000000000000, 0.0002942942680303659258, 0.0005885885360607318517, 0.0008828828040910931697, 0.001177177072121454379, 0.001765765608182179400, 0.002354354144242904422, 0.002648648412273266715, 0.002942942680303629009, 0.003531531216364354030, 0.003825825484394716324, 0.004120119752425078184, 0.004414414020455441345, 0.004708708288485802772 ),
 .UNSPECIFIED. ) ;
#849 = CARTESIAN_POINT ( 'NONE',  ( 0.000000000000000000, -14.50000000000000178, -3.500000000000000000 ) ) ;
#850 = ORIENTED_EDGE ( 'NONE', *, *, #387, .T. ) ;
#851 = DIRECTION ( 'NONE',  ( 0.000000000000000000, 1.000000000000000000, 0.000000000000000000 ) ) ;
#852 = CARTESIAN_POINT ( 'NONE',  ( 4.649707759951171582, -2.500000000000000000, 4.274311126769449132 ) ) ;
#853 = DIRECTION ( 'NONE',  ( 0.000000000000000000, -1.000000000000000000, 0.000000000000000000 ) ) ;
#854 = EDGE_LOOP ( 'NONE', ( #1584, #437, #947, #2482 ) ) ;
#855 = EDGE_CURVE ( 'NONE', #1874, #1730, #2428, .T. ) ;
#856 = CARTESIAN_POINT ( 'NONE',  ( -5.618663853450710732, -14.00000000000000000, 1.957834646216690677 ) ) ;
#857 = LINE ( 'NONE', #1085, #782 ) ;
#858 = LINE ( 'NONE', #3, #2001 ) ;
#859 = EDGE_LOOP ( 'NONE', ( #1677, #1864, #424, #593 ) ) ;
#860 = CARTESIAN_POINT ( 'NONE',  ( 5.070341915484671169, -14.50000000000000000, 3.986744644453572572 ) ) ;
#861 = CARTESIAN_POINT ( 'NONE',  ( 0.000000000000000000, 0.000000000000000000, 0.000000000000000000 ) ) ;
#862 = ORIENTED_EDGE ( 'NONE', *, *, #2247, .F. ) ;
#863 = ORIENTED_EDGE ( 'NONE', *, *, #685, .F. ) ;
#864 = CARTESIAN_POINT ( 'NONE',  ( 0.000000000000000000, -7.000000000000000000, 0.000000000000000000 ) ) ;
#865 = EDGE_LOOP ( 'NONE', ( #2347, #2651 ) ) ;
#866 = AXIS2_PLACEMENT_3D ( 'NONE', #1323, #2366, #1089 ) ;
#867 = CIRCLE ( 'NONE', #821, 9.000000000000000000 ) ;
#868 = CIRCLE ( 'NONE', #1515, 7.500000000000000888 ) ;
#869 = CARTESIAN_POINT ( 'NONE',  ( -1.500000000000000000, -16.00000000000000000, -4.769696007084728961 ) ) ;
#870 = DIRECTION ( 'NONE',  ( 0.000000000000000000, 1.000000000000000000, 0.000000000000000000 ) ) ;
#871 = CARTESIAN_POINT ( 'NONE',  ( 1.500000000000000000, -16.00000000000000000, -7.348469228349534532 ) ) ;
#872 = ORIENTED_EDGE ( 'NONE', *, *, #2769, .T. ) ;
#873 = CARTESIAN_POINT ( 'NONE',  ( 1.500000000000000000, -16.00000000000000000, -5.809475019311125088 ) ) ;
#874 = CARTESIAN_POINT ( 'NONE',  ( -0.1569819824898463223, -10.00000000000000000, 4.250000000000000888 ) ) ;
#875 = EDGE_LOOP ( 'NONE', ( #2103, #1058, #113, #2055, #425 ) ) ;
#876 = EDGE_CURVE ( 'NONE', #1482, #709, #1754, .T. ) ;
#877 = ORIENTED_EDGE ( 'NONE', *, *, #772, .T. ) ;
#878 = ORIENTED_EDGE ( 'NONE', *, *, #1510, .F. ) ;
#879 = CARTESIAN_POINT ( 'NONE',  ( 0.000000000000000000, -17.00000000000000000, 7.500000000000000000 ) ) ;
#880 = DIRECTION ( 'NONE',  ( 1.000000000000000000, 0.000000000000000000, 0.000000000000000000 ) ) ;
#881 = CYLINDRICAL_SURFACE ( 'NONE', #2680, 5.000000000000000000 ) ;
#882 = EDGE_CURVE ( 'NONE', #1073, #1670, #728, .T. ) ;
#883 = EDGE_CURVE ( 'NONE', #1676, #946, #726, .T. ) ;
#884 = LINE ( 'NONE', #704, #1238 ) ;
#885 = CARTESIAN_POINT ( 'NONE',  ( -5.692964093034019513, -9.165285014519682250, -1.730359936789615194 ) ) ;
#886 = ORIENTED_EDGE ( 'NONE', *, *, #1767, .F. ) ;
#887 = CARTESIAN_POINT ( 'NONE',  ( -1.500000000000000222, -15.97489082331429344, -5.543048939108865092 ) ) ;
#888 = DIRECTION ( 'NONE',  ( 0.000000000000000000, -1.000000000000000000, 0.000000000000000000 ) ) ;
#889 = EDGE_CURVE ( 'NONE', #1556, #171, #1586, .T. ) ;
#890 = APPROVAL_PERSON_ORGANIZATION ( #2667, #2155, #1344 ) ;
#891 = ORIENTED_EDGE ( 'NONE', *, *, #2496, .T. ) ;
#892 = EDGE_LOOP ( 'NONE', ( #1596, #257, #1554, #2761, #523, #571 ) ) ;
#893 = EDGE_LOOP ( 'NONE', ( #1248, #1743 ) ) ;
#894 = CARTESIAN_POINT ( 'NONE',  ( -1.499999999999999556, -15.50000000000000178, -4.769696007084728073 ) ) ;
#895 = APPLICATION_PROTOCOL_DEFINITION ( 'international standard', 'config_control_design', 1994, #2217 ) ;
#896 = B_SPLINE_CURVE_WITH_KNOTS ( 'NONE', 3,
 ( #724, #923, #481, #1793, #2454, #1998 ),
 .UNSPECIFIED., .F., .F.,
 ( 4, 2, 4 ),
 ( 4.336808689942017736E-19, 0.0004080357160293509970, 0.0008160714320587015604 ),
 .UNSPECIFIED. ) ;
#897 = EDGE_CURVE ( 'NONE', #2452, #1676, #2632, .T. ) ;
#898 = CARTESIAN_POINT ( 'NONE',  ( 0.000000000000000000, -12.10000000000000142, 0.000000000000000000 ) ) ;
#899 = EDGE_CURVE ( 'NONE', #2742, #402, #340, .T. ) ;
#900 = FACE_OUTER_BOUND ( 'NONE', #656, .T. ) ;
#901 = CARTESIAN_POINT ( 'NONE',  ( -5.549664960823459836, -9.692350588161293246, -2.147186838912858775 ) ) ;
#902 = CARTESIAN_POINT ( 'NONE',  ( 4.193744328488984152, -7.000000000000000000, -0.6892086093966619531 ) ) ;
#903 = CARTESIAN_POINT ( 'NONE',  ( -4.236419055795492383, -8.400456559388761235, -4.177948489832402856 ) ) ;
#904 = VERTEX_POINT ( 'NONE', #740 ) ;
#905 = ORIENTED_EDGE ( 'NONE', *, *, #2186, .F. ) ;
#906 = CARTESIAN_POINT ( 'NONE',  ( 1.422708559265466244, -8.014607715951596489, 4.004997301468967486 ) ) ;
#907 = DIRECTION ( 'NONE',  ( 0.000000000000000000, 1.000000000000000000, 0.000000000000000000 ) ) ;
#908 = APPROVAL_DATE_TIME ( #49, #1272 ) ;
#909 = AXIS2_PLACEMENT_3D ( 'NONE', #610, #1928, #808 ) ;
#910 = CARTESIAN_POINT ( 'NONE',  ( 1.500000000000000000, -8.500000000000000000, 5.757820768311566972 ) ) ;
#911 = VECTOR ( 'NONE', #1118, 1000.000000000000000 ) ;
#912 = AXIS2_PLACEMENT_3D ( 'NONE', #1829, #336, #2014 ) ;
#913 = CIRCLE ( 'NONE', #2410, 1.000000000000000888 ) ;
#914 = VECTOR ( 'NONE', #731, 1000.000000000000000 ) ;
#915 = DIRECTION ( 'NONE',  ( 0.000000000000000000, -1.000000000000000000, 0.000000000000000000 ) ) ;
#916 = AXIS2_PLACEMENT_3D ( 'NONE', #829, #1664, #618 ) ;
#917 = DIRECTION ( 'NONE',  ( 0.000000000000000000, 0.000000000000000000, -1.000000000000000000 ) ) ;
#918 = B_SPLINE_CURVE_WITH_KNOTS ( 'NONE', 3,
 ( #57, #2238, #919, #2465, #1564, #1577 ),
 .UNSPECIFIED., .F., .F.,
 ( 4, 2, 4 ),
 ( 0.000000000000000000, 0.0004169873061546381645, 0.0008339746123092763291 ),
 .UNSPECIFIED. ) ;
#919 = CARTESIAN_POINT ( 'NONE',  ( 1.502015561348454042, -8.551627755078175852, 3.715902121936055291 ) ) ;
#920 = DIRECTION ( 'NONE',  ( 1.000000000000000000, 0.000000000000000000, 0.000000000000000000 ) ) ;
#921 = EDGE_LOOP ( 'NONE', ( #179, #1043, #1342, #1831, #2056 ) ) ;
#922 = ORIENTED_EDGE ( 'NONE', *, *, #967, .F. ) ;
#923 = CARTESIAN_POINT ( 'NONE',  ( 5.616338272186078839, -2.861730436132744249, 1.964495969040884971 ) ) ;
#924 = CARTESIAN_POINT ( 'NONE',  ( -0.09849004511835758591, -10.00002885289912058, 5.950007273839823085 ) ) ;
#925 = EDGE_CURVE ( 'NONE', #1428, #1969, #1009, .T. ) ;
#926 = CARTESIAN_POINT ( 'NONE',  ( -4.193744328488982376, -8.303079499837844324, -0.6892086093966613980 ) ) ;
#927 = CARTESIAN_POINT ( 'NONE',  ( 0.000000000000000000, -7.000000000000000000, 0.000000000000000000 ) ) ;
#928 = DIRECTION ( 'NONE',  ( 0.000000000000000000, -1.000000000000000000, 0.000000000000000000 ) ) ;
#929 = DIRECTION ( 'NONE',  ( 0.000000000000000000, 1.000000000000000000, 0.000000000000000000 ) ) ;
#930 = CIRCLE ( 'NONE', #1302, 6.000000000000000000 ) ;
#931 = DIRECTION ( 'NONE',  ( 0.000000000000000000, -1.000000000000000000, 0.000000000000000000 ) ) ;
#932 = CARTESIAN_POINT ( 'NONE',  ( 0.000000000000000000, -14.50000000000000000, 0.000000000000000000 ) ) ;
#933 = CARTESIAN_POINT ( 'NONE',  ( -3.726470224947658227, -8.500000000000000000, -0.4194277799318406608 ) ) ;
#934 = ORIENTED_EDGE ( 'NONE', *, *, #889, .F. ) ;
#935 = ORIENTED_EDGE ( 'NONE', *, *, #1701, .F. ) ;
#936 = CARTESIAN_POINT ( 'NONE',  ( 0.7548618882050474044, -7.200127207235903271, 4.183238908122421051 ) ) ;
#937 = EDGE_CURVE ( 'NONE', #87, #1878, #1211, .T. ) ;
#938 = CARTESIAN_POINT ( 'NONE',  ( -1.500000000000000000, -15.00000000000000000, -4.769696007084728961 ) ) ;
#939 = DIRECTION ( 'NONE',  ( -0.000000000000000000, 1.000000000000000000, -0.000000000000000000 ) ) ;
#940 = PLANE ( 'NONE',  #1240 ) ;
#941 = DIRECTION ( 'NONE',  ( 0.000000000000000000, -1.000000000000000000, 0.000000000000000000 ) ) ;
#942 = CARTESIAN_POINT ( 'NONE',  ( -1.460879128098332869, -8.868009848111118032, 3.991338246541969781 ) ) ;
#943 = EDGE_CURVE ( 'NONE', #1550, #1019, #131, .T. ) ;
#944 = CARTESIAN_POINT ( 'NONE',  ( -5.692936524908883911, -7.834492541716522318, -1.730452578900990357 ) ) ;
#945 = CARTESIAN_POINT ( 'NONE',  ( 10.64711431702995625, -8.500000000000000000, -6.147114317030029973 ) ) ;
#946 = VERTEX_POINT ( 'NONE', #2678 ) ;
#947 = ORIENTED_EDGE ( 'NONE', *, *, #1127, .T. ) ;
#948 = CARTESIAN_POINT ( 'NONE',  ( 0.000000000000000000, -15.50000000000000178, 0.000000000000000000 ) ) ;
#949 = FACE_BOUND ( 'NONE', #399, .T. ) ;
#950 = CARTESIAN_POINT ( 'NONE',  ( -1.500000000000000000, -16.00000000000000000, -7.348469228349534532 ) ) ;
#951 = CIRCLE ( 'NONE', #2402, 1.599999999999999867 ) ;
#952 = LINE ( 'NONE', #108, #285 ) ;
#953 = CARTESIAN_POINT ( 'NONE',  ( 5.553282907001521274, -7.301367809161284583, -2.140831625077455058 ) ) ;
#954 = VECTOR ( 'NONE', #519, 1000.000000000000000 ) ;
#955 = DIRECTION ( 'NONE',  ( -0.000000000000000000, 1.000000000000000000, -0.000000000000000000 ) ) ;
#956 = CIRCLE ( 'NONE', #2774, 5.000000000000000000 ) ;
#957 = CARTESIAN_POINT ( 'NONE',  ( -4.236419055795490607, -8.500000000000000000, -4.177948489832401968 ) ) ;
#958 = DIRECTION ( 'NONE',  ( 0.000000000000000000, 0.000000000000000000, 1.000000000000000000 ) ) ;
#959 = ORIENTED_EDGE ( 'NONE', *, *, #2727, .T. ) ;
#960 = ORIENTED_EDGE ( 'NONE', *, *, #418, .F. ) ;
#961 = DIRECTION ( 'NONE',  ( -0.000000000000000000, -0.000000000000000000, 1.000000000000000000 ) ) ;
#962 = EDGE_CURVE ( 'NONE', #1073, #805, #1821, .T. ) ;
#963 = DIRECTION ( 'NONE',  ( -0.000000000000000000, 1.000000000000000000, -0.000000000000000000 ) ) ;
#964 = FACE_OUTER_BOUND ( 'NONE', #1287, .T. ) ;
#965 = CARTESIAN_POINT ( 'NONE',  ( 3.969679933849028064, -8.552140268857312932, -0.5575560606579387235 ) ) ;
#966 = FACE_OUTER_BOUND ( 'NONE', #1513, .T. ) ;
#967 = EDGE_CURVE ( 'NONE', #2340, #663, #2011, .T. ) ;
#968 = DIRECTION ( 'NONE',  ( 0.000000000000000000, 0.000000000000000000, 1.000000000000000000 ) ) ;
#969 = DIRECTION ( 'NONE',  ( 0.000000000000000000, 0.000000000000000000, -1.000000000000000000 ) ) ;
#970 = DIRECTION ( 'NONE',  ( 0.000000000000000000, 0.000000000000000000, 1.000000000000000000 ) ) ;
#971 = VECTOR ( 'NONE', #398, 1000.000000000000000 ) ;
#972 = EDGE_LOOP ( 'NONE', ( #1792, #243, #777, #367, #442, #822 ) ) ;
#973 = EDGE_LOOP ( 'NONE', ( #1354, #5, #2146, #681, #1241 ) ) ;
#974 = ADVANCED_FACE ( 'NONE', ( #1859 ), #1877, .F. ) ;
#975 = CARTESIAN_POINT ( 'NONE',  ( 4.132411181970913283, -7.576331377757229646, -1.002871091197321762 ) ) ;
#976 = CARTESIAN_POINT ( 'NONE',  ( -1.500000000000000000, -18.00000000000000355, -4.769696007084728961 ) ) ;
#977 = CARTESIAN_POINT ( 'NONE',  ( 2.763754063042143549, -9.000000000000001776, -3.228647314126776191 ) ) ;
#978 = DIRECTION ( 'NONE',  ( -0.000000000000000000, -1.000000000000000000, -0.000000000000000000 ) ) ;
#979 = DIRECTION ( 'NONE',  ( 0.000000000000000000, -1.000000000000000000, 0.000000000000000000 ) ) ;
#980 = ADVANCED_FACE ( 'NONE', ( #783 ), #2470, .F. ) ;
#981 = CIRCLE ( 'NONE', #1484, 6.000000000000000000 ) ;
#982 = EDGE_CURVE ( 'NONE', #428, #1328, #328, .T. ) ;
#983 = DIRECTION ( 'NONE',  ( -0.000000000000000000, -1.000000000000000000, -0.000000000000000000 ) ) ;
#984 = EDGE_CURVE ( 'NONE', #197, #2365, #759, .T. ) ;
#985 = CARTESIAN_POINT ( 'NONE',  ( -1.500000000000000222, -17.94804184125746005, -5.023664145409764359 ) ) ;
#986 = CARTESIAN_POINT ( 'NONE',  ( 0.000000000000000000, -7.000000000000000000, 0.000000000000000000 ) ) ;
#987 = CARTESIAN_POINT ( 'NONE',  ( 0.000000000000000000, 0.000000000000000000, 9.000000000000000000 ) ) ;
#988 = ORIENTED_EDGE ( 'NONE', *, *, #1786, .T. ) ;
#989 = ORIENTED_EDGE ( 'NONE', *, *, #694, .F. ) ;
#990 = CARTESIAN_POINT ( 'NONE',  ( 3.414667465182654738, -7.077277734659677577, -2.532005465192291194 ) ) ;
#991 = CARTESIAN_POINT ( 'NONE',  ( -1.500000000000000222, -14.31517823697100766, -2.490272948447421975 ) ) ;
#992 = VERTEX_POINT ( 'NONE', #1410 ) ;
#993 = CARTESIAN_POINT ( 'NONE',  ( 1.500000000000000000, -14.50000000000000178, -4.769696007084728073 ) ) ;
#994 = EDGE_CURVE ( 'NONE', #2167, #1727, #82, .T. ) ;
#995 = CARTESIAN_POINT ( 'NONE',  ( 0.000000000000000000, -2.500000000000000444, 0.000000000000000000 ) ) ;
#996 = ORIENTED_EDGE ( 'NONE', *, *, #1262, .F. ) ;
#997 = CARTESIAN_POINT ( 'NONE',  ( 4.734824202928336945, -7.190202433480624933, -3.607967150055388039 ) ) ;
#998 = EDGE_CURVE ( 'NONE', #2641, #87, #1183, .T. ) ;
#999 = CARTESIAN_POINT ( 'NONE',  ( 1.500000000000000222, -17.63506313973762474, -4.769696007084646361 ) ) ;
#1000 = DIRECTION ( 'NONE',  ( -0.000000000000000000, 1.000000000000000000, -0.000000000000000000 ) ) ;
#1001 = DIRECTION ( 'NONE',  ( 0.000000000000000000, -1.000000000000000000, 0.000000000000000000 ) ) ;
#1002 = VERTEX_POINT ( 'NONE', #1465 ) ;
#1003 = AXIS2_PLACEMENT_3D ( 'NONE', #2764, #819, #405 ) ;
#1004 = AXIS2_PLACEMENT_3D ( 'NONE', #651, #633, #2175 ) ;
#1005 = EDGE_LOOP ( 'NONE', ( #1949, #1341, #2513, #1759 ) ) ;
#1006 = CIRCLE ( 'NONE', #1375, 5.000000000000000000 ) ;
#1007 = CARTESIAN_POINT ( 'NONE',  ( 4.003772885615407340, -7.190543974296570440, -1.437153386283362533 ) ) ;
#1008 = CIRCLE ( 'NONE', #2596, 3.750000000000000444 ) ;
#1009 = LINE ( 'NONE', #2298, #1327 ) ;
#1010 = CIRCLE ( 'NONE', #2731, 4.250000000000000000 ) ;
#1011 = EDGE_LOOP ( 'NONE', ( #2804, #1265, #496, #61, #1946, #2314, #1926 ) ) ;
#1012 = CARTESIAN_POINT ( 'NONE',  ( -3.602968373809022573, -9.999985391056027240, -2.259465406303256430 ) ) ;
#1013 = ADVANCED_FACE ( 'NONE', ( #2367 ), #379, .F. ) ;
#1014 = PLANE ( 'NONE',  #1889 ) ;
#1015 = CARTESIAN_POINT ( 'NONE',  ( -1.500000000000000000, -15.50000000000000178, -2.000000000000000000 ) ) ;
#1016 = ADVANCED_BREP_SHAPE_REPRESENTATION ( '\X2\7535673a652f67b6\X0\', ( #1293, #1845 ), #1028 ) ;
#1017 = FACE_OUTER_BOUND ( 'NONE', #2116, .T. ) ;
#1018 = DIRECTION ( 'NONE',  ( -0.000000000000000000, 1.000000000000000000, -0.000000000000000000 ) ) ;
#1019 = VERTEX_POINT ( 'NONE', #624 ) ;
#1020 = B_SPLINE_CURVE_WITH_KNOTS ( 'NONE', 3,
 ( #76, #47, #512, #710, #936, #1807, #1585, #2442, #2665, #906, #1368, #269, #1132, #2642 ),
 .UNSPECIFIED., .F., .F.,
 ( 4, 2, 2, 2, 2, 2, 4 ),
 ( 0.004728095389529696560, 0.005318872015157700278, 0.005614260327971701270, 0.005909648640785703129, 0.006500425266413704245, 0.006795813579227701767, 0.007091201892041700157 ),
 .UNSPECIFIED. ) ;
#1021 = ORIENTED_EDGE ( 'NONE', *, *, #1786, .F. ) ;
#1022 = CARTESIAN_POINT ( 'NONE',  ( 3.861656033349527117, -7.048601381725442927, -1.777518806756055891 ) ) ;
#1023 = CARTESIAN_POINT ( 'NONE',  ( -2.693744328488962392, -8.500000000000000000, -3.287284820750029368 ) ) ;
#1024 = EDGE_CURVE ( 'NONE', #1063, #25, #53, .T. ) ;
#1025 = ORIENTED_EDGE ( 'NONE', *, *, #2715, .F. ) ;
#1026 = CARTESIAN_POINT ( 'NONE',  ( -2.693744328488962392, -8.500000000000000000, -3.287284820750029368 ) ) ;
#1027 = CARTESIAN_POINT ( 'NONE',  ( -3.000000000000000000, -8.500000000000000000, -1.387376735511818665E-14 ) ) ;
#1028 =( GEOMETRIC_REPRESENTATION_CONTEXT ( 3 ) GLOBAL_UNCERTAINTY_ASSIGNED_CONTEXT ( ( #1177 ) ) GLOBAL_UNIT_ASSIGNED_CONTEXT ( ( #427, #1766, #1081 ) ) REPRESENTATION_CONTEXT ( 'NONE', 'WORKASPACE' ) );
#1029 = FACE_BOUND ( 'NONE', #352, .T. ) ;
#1030 = CARTESIAN_POINT ( 'NONE',  ( -1.169993460132447453E-18, -7.000000000000000000, 4.250000000000000000 ) ) ;
#1031 = CARTESIAN_POINT ( 'NONE',  ( 1.499999999999999778, -13.64260888282828610, -2.000000000000000444 ) ) ;
#1032 = ORIENTED_EDGE ( 'NONE', *, *, #1686, .F. ) ;
#1033 = EDGE_CURVE ( 'NONE', #382, #2742, #320, .T. ) ;
#1034 = ORIENTED_EDGE ( 'NONE', *, *, #1686, .T. ) ;
#1035 = DIRECTION ( 'NONE',  ( 0.000000000000000000, 1.000000000000000000, 0.000000000000000000 ) ) ;
#1036 = CARTESIAN_POINT ( 'NONE',  ( 0.000000000000000000, -14.50000000000000000, 0.000000000000000000 ) ) ;
#1037 = VERTEX_POINT ( 'NONE', #2755 ) ;
#1038 = CARTESIAN_POINT ( 'NONE',  ( -2.726160752552644784, -8.868009848111109150, -3.260827560062575792 ) ) ;
#1039 = CARTESIAN_POINT ( 'NONE',  ( 4.236419055795431987, -8.500000000000000000, -4.177948489832460588 ) ) ;
#1040 = EDGE_LOOP ( 'NONE', ( #2336, #510, #9, #817, #1885, #1680, #1543, #2157, #2627, #213 ) ) ;
#1041 = CARTESIAN_POINT ( 'NONE',  ( 1.117981293776372897, -9.545921890194557946, 4.108252164475992174 ) ) ;
#1042 = DIRECTION ( 'NONE',  ( -0.000000000000000000, 1.000000000000000000, -0.000000000000000000 ) ) ;
#1043 = ORIENTED_EDGE ( 'NONE', *, *, #2514, .F. ) ;
#1044 = CIRCLE ( 'NONE', #909, 6.450000000000001066 ) ;
#1045 = VERTEX_POINT ( 'NONE', #1709 ) ;
#1046 = DIRECTION ( 'NONE',  ( 0.000000000000000000, 0.000000000000000000, -1.000000000000000000 ) ) ;
#1047 = CARTESIAN_POINT ( 'NONE',  ( 0.004148877913051413589, -14.00000000000000000, -5.397506861440041881 ) ) ;
#1048 = VECTOR ( 'NONE', #2565, 1000.000000000000000 ) ;
#1049 = ORIENTED_EDGE ( 'NONE', *, *, #1983, .T. ) ;
#1050 = EDGE_LOOP ( 'NONE', ( #1121, #1655, #1092, #2212 ) ) ;
#1051 = CARTESIAN_POINT ( 'NONE',  ( -1.500000000000000000, -14.50000000000000178, -4.769696007084728961 ) ) ;
#1052 = AXIS2_PLACEMENT_3D ( 'NONE', #1849, #963, #753 ) ;
#1053 = B_SPLINE_CURVE_WITH_KNOTS ( 'NONE', 3,
 ( #2490, #1840, #1674, #985, #2082, #1882 ),
 .UNSPECIFIED., .F., .F.,
 ( 4, 2, 4 ),
 ( 0.000000000000000000, 0.0003989779148195058051, 0.0007979558296390116103 ),
 .UNSPECIFIED. ) ;
#1054 = ORIENTED_EDGE ( 'NONE', *, *, #1208, .T. ) ;
#1055 = CARTESIAN_POINT ( 'NONE',  ( -0.3951610658858529801, -7.039864639805022861, 5.939628496498404076 ) ) ;
#1056 = CARTESIAN_POINT ( 'NONE',  ( 1.499999999999999778, -14.31423641690335913, -2.488956473688528348 ) ) ;
#1057 = EDGE_LOOP ( 'NONE', ( #2376, #221 ) ) ;
#1058 = ORIENTED_EDGE ( 'NONE', *, *, #1245, .F. ) ;
#1059 = CARTESIAN_POINT ( 'NONE',  ( -1.499999999999999778, -15.53061814070991353, -4.888527508362320084 ) ) ;
#1060 = CARTESIAN_POINT ( 'NONE',  ( 1.500000000000000222, -15.87690615491043822, -5.294114033777307604 ) ) ;
#1061 = EDGE_CURVE ( 'NONE', #1676, #225, #1044, .T. ) ;
#1062 = ORIENTED_EDGE ( 'NONE', *, *, #96, .T. ) ;
#1063 = VERTEX_POINT ( 'NONE', #1047 ) ;
#1064 = CARTESIAN_POINT ( 'NONE',  ( 1.192061337224586071, -9.415738216527737237, 5.829630535091193444 ) ) ;
#1065 = APPROVAL_ROLE ( '' ) ;
#1066 = AXIS2_PLACEMENT_3D ( 'NONE', #91, #1879, #538 ) ;
#1067 = ORIENTED_EDGE ( 'NONE', *, *, #174, .F. ) ;
#1068 = DIRECTION ( 'NONE',  ( 0.000000000000000000, 0.000000000000000000, 1.000000000000000000 ) ) ;
#1069 = ADVANCED_FACE ( 'NONE', ( #394 ), #215, .F. ) ;
#1070 = CARTESIAN_POINT ( 'NONE',  ( -6.062093144119645061, -19.02548339959492196, 3.495160397050535384 ) ) ;
#1071 = DIRECTION ( 'NONE',  ( 0.000000000000000000, 0.000000000000000000, -1.000000000000000000 ) ) ;
#1072 = CC_DESIGN_APPROVAL ( #2155, ( #2114 ) ) ;
#1073 = VERTEX_POINT ( 'NONE', #182 ) ;
#1074 = ORIENTED_EDGE ( 'NONE', *, *, #469, .T. ) ;
#1075 = CIRCLE ( 'NONE', #2571, 6.450000000000001066 ) ;
#1076 = DIRECTION ( 'NONE',  ( -0.000000000000000000, 1.000000000000000000, -0.000000000000000000 ) ) ;
#1077 = CARTESIAN_POINT ( 'NONE',  ( -6.062093144119645061, -14.50000000000000000, 3.495160397050535384 ) ) ;
#1078 = ORIENTED_EDGE ( 'NONE', *, *, #2769, .F. ) ;
#1079 = ORIENTED_EDGE ( 'NONE', *, *, #1199, .T. ) ;
#1080 = CARTESIAN_POINT ( 'NONE',  ( 0.6673241252558835823, -9.847013776334410551, 5.913170406518559297 ) ) ;
#1081 =( NAMED_UNIT ( * ) SI_UNIT ( $, .STERADIAN. ) SOLID_ANGLE_UNIT ( ) );
#1082 = ORIENTED_EDGE ( 'NONE', *, *, #741, .F. ) ;
#1083 = EDGE_CURVE ( 'NONE', #1730, #1274, #1414, .T. ) ;
#1084 = DIRECTION ( 'NONE',  ( 0.000000000000000000, 0.000000000000000000, -1.000000000000000000 ) ) ;
#1085 = CARTESIAN_POINT ( 'NONE',  ( 1.500000000000000000, -8.500000000000000000, 9.000000000000000000 ) ) ;
#1086 = DIRECTION ( 'NONE',  ( 0.000000000000000000, 0.000000000000000000, -1.000000000000000000 ) ) ;
#1087 = EDGE_CURVE ( 'NONE', #1428, #2166, #158, .T. ) ;
#1088 = ORIENTED_EDGE ( 'NONE', *, *, #598, .T. ) ;
#1089 = DIRECTION ( 'NONE',  ( 0.000000000000000000, 0.000000000000000000, 1.000000000000000000 ) ) ;
#1090 = FACE_BOUND ( 'NONE', #865, .T. ) ;
#1091 = B_SPLINE_CURVE_WITH_KNOTS ( 'NONE', 3,
 ( #1846, #2337, #339, #354, #551, #2057, #975, #765, #1007, #1657, #1022, #1876, #2528, #1426, #2281, #2072, #990, #2721, #1237, #781, #2754, #807, #1678, #1942, #6, #1552 ),
 .UNSPECIFIED., .F., .F.,
 ( 4, 2, 2, 2, 2, 2, 2, 2, 2, 2, 2, 2, 4 ),
 ( 1.053462964043502403E-17, 0.0002954964243210544397, 0.0005909928486420983626, 0.001181985697284189136, 0.001772978545926279367, 0.002068474970247324157, 0.002363971394568369164, 0.002659467818889414172, 0.002954964243210459612, 0.003545957091852551361, 0.003841453516173596369, 0.004136949940494641376, 0.004727942789136731390 ),
 .UNSPECIFIED. ) ;
#1092 = ORIENTED_EDGE ( 'NONE', *, *, #2322, .T. ) ;
#1093 = EDGE_LOOP ( 'NONE', ( #1227, #2469, #1281, #155, #1971, #392 ) ) ;
#1094 = ORIENTED_EDGE ( 'NONE', *, *, #1970, .T. ) ;
#1095 = DIRECTION ( 'NONE',  ( 0.000000000000000000, 0.000000000000000000, 1.000000000000000000 ) ) ;
#1096 = DIRECTION ( 'NONE',  ( 0.000000000000000000, 1.000000000000000000, -0.000000000000000000 ) ) ;
#1097 = EDGE_CURVE ( 'NONE', #245, #1935, #2000, .T. ) ;
#1098 = DIRECTION ( 'NONE',  ( 0.000000000000000000, -1.000000000000000000, 0.000000000000000000 ) ) ;
#1099 = EDGE_CURVE ( 'NONE', #2452, #2295, #1617, .T. ) ;
#1100 = CARTESIAN_POINT ( 'NONE',  ( -3.000000000000000000, -8.500000000000000000, -1.387376735511818665E-14 ) ) ;
#1101 = B_SPLINE_CURVE_WITH_KNOTS ( 'NONE', 3,
 ( #2801, #852, #2158, #2555, #2586, #160 ),
 .UNSPECIFIED., .F., .F.,
 ( 4, 2, 4 ),
 ( 0.000000000000000000, 0.0004078522236323805692, 0.0008157044472647611384 ),
 .UNSPECIFIED. ) ;
#1102 = CARTESIAN_POINT ( 'NONE',  ( -1.106865721271548253, -2.861730436132750910, -5.846139604480381280 ) ) ;
#1103 = EDGE_LOOP ( 'NONE', ( #2705, #2415, #595, #1641, #167, #1504, #2650, #905 ) ) ;
#1104 = DIRECTION ( 'NONE',  ( -0.000000000000000000, 1.000000000000000000, -0.000000000000000000 ) ) ;
#1105 = CARTESIAN_POINT ( 'NONE',  ( -2.693744328488962392, -8.500000000000000000, -3.287284820750029368 ) ) ;
#1106 = ORIENTED_EDGE ( 'NONE', *, *, #1833, .T. ) ;
#1107 = ORIENTED_EDGE ( 'NONE', *, *, #52, .F. ) ;
#1108 = VERTEX_POINT ( 'NONE', #2566 ) ;
#1109 = CARTESIAN_POINT ( 'NONE',  ( -1.490192734491408766, -8.697580933971988060, 5.760401341189874458 ) ) ;
#1110 = APPROVAL_DATE_TIME ( #1331, #2782 ) ;
#1111 = EDGE_CURVE ( 'NONE', #1383, #1130, #1943, .T. ) ;
#1112 = AXIS2_PLACEMENT_3D ( 'NONE', #1204, #2478, #1170 ) ;
#1113 = CARTESIAN_POINT ( 'NONE',  ( 1.113797386692954472, -3.000000000000000888, -5.844822955521913777 ) ) ;
#1114 = CIRCLE ( 'NONE', #1477, 1.000000000000000000 ) ;
#1115 = DIRECTION ( 'NONE',  ( 0.8660254037844434816, 0.000000000000000000, -0.4999999999999917843 ) ) ;
#1116 = DIRECTION ( 'NONE',  ( 0.000000000000000000, 0.000000000000000000, -1.000000000000000000 ) ) ;
#1117 = FACE_OUTER_BOUND ( 'NONE', #1764, .T. ) ;
#1118 = DIRECTION ( 'NONE',  ( 0.000000000000000000, 1.000000000000000000, 0.000000000000000000 ) ) ;
#1119 = AXIS2_PLACEMENT_3D ( 'NONE', #501, #2257, #702 ) ;
#1120 = ORIENTED_EDGE ( 'NONE', *, *, #1483, .F. ) ;
#1121 = ORIENTED_EDGE ( 'NONE', *, *, #741, .T. ) ;
#1122 = ORIENTED_EDGE ( 'NONE', *, *, #65, .F. ) ;
#1123 = CARTESIAN_POINT ( 'NONE',  ( 0.1982954483437977256, -9.999942101960995089, 5.949985403856295818 ) ) ;
#1124 = DIRECTION ( 'NONE',  ( 0.000000000000000000, -1.000000000000000000, 0.000000000000000000 ) ) ;
#1125 = DIRECTION ( 'NONE',  ( 0.000000000000000000, 0.000000000000000000, -1.000000000000000000 ) ) ;
#1126 = CARTESIAN_POINT ( 'NONE',  ( -5.052673110631772602, -9.990365598006077263, -3.143612496612191443 ) ) ;
#1127 = EDGE_CURVE ( 'NONE', #1941, #1712, #278, .T. ) ;
#1128 = CARTESIAN_POINT ( 'NONE',  ( 5.204748896376249713E-16, -14.50000000000000000, -4.250000000000000000 ) ) ;
#1129 = CARTESIAN_POINT ( 'NONE',  ( -4.452350935360396278, -7.584698125312224981, -3.947425689703958795 ) ) ;
#1130 = VERTEX_POINT ( 'NONE', #1023 ) ;
#1131 = ORIENTED_EDGE ( 'NONE', *, *, #2679, .T. ) ;
#1132 = CARTESIAN_POINT ( 'NONE',  ( 1.500000000000000222, -8.401171078554963145, 3.976493430146716079 ) ) ;
#1133 = DIRECTION ( 'NONE',  ( 0.000000000000000000, 1.000000000000000000, 0.000000000000000000 ) ) ;
#1134 = CALENDAR_DATE ( 2026, 18, 2 ) ;
#1135 = CARTESIAN_POINT ( 'NONE',  ( 0.000000000000000000, -14.50000000000000000, 0.000000000000000000 ) ) ;
#1136 = AXIS2_PLACEMENT_3D ( 'NONE', #861, #477, #2393 ) ;
#1137 = AXIS2_PLACEMENT_3D ( 'NONE', #1746, #1939, #1086 ) ;
#1138 = TOROIDAL_SURFACE ( 'NONE', #820, 6.000000000000000000, 1.000000000000000000 ) ;
#1139 = TOROIDAL_SURFACE ( 'NONE', #193, 3.750000000000000444, 0.5000000000000000000 ) ;
#1140 = VECTOR ( 'NONE', #2373, 1000.000000000000000 ) ;
#1141 = DIRECTION ( 'NONE',  ( 0.000000000000000000, 0.000000000000000000, 1.000000000000000000 ) ) ;
#1142 = DIRECTION ( 'NONE',  ( 0.000000000000000000, 0.000000000000000000, -1.000000000000000000 ) ) ;
#1143 = EDGE_CURVE ( 'NONE', #904, #351, #188, .T. ) ;
#1144 = FACE_OUTER_BOUND ( 'NONE', #1394, .T. ) ;
#1145 = CARTESIAN_POINT ( 'NONE',  ( -4.509472550914597200, -14.14247590150279876, 3.881643635439479212 ) ) ;
#1146 = FACE_OUTER_BOUND ( 'NONE', #8, .T. ) ;
#1147 = EDGE_LOOP ( 'NONE', ( #1449, #1321, #1424, #850, #751 ) ) ;
#1148 = EDGE_LOOP ( 'NONE', ( #606, #2542, #2564, #564, #2581, #1079, #2355, #403, #2794 ) ) ;
#1149 = CARTESIAN_POINT ( 'NONE',  ( 6.057944266206892969, -2.500000000000000444, 3.502346464390170944 ) ) ;
#1150 = CARTESIAN_POINT ( 'NONE',  ( 6.057944266206892969, -14.50000000000000000, 3.502346464390170944 ) ) ;
#1151 = APPROVAL_DATE_TIME ( #2201, #2155 ) ;
#1152 = DIRECTION ( 'NONE',  ( -0.000000000000000000, 1.000000000000000000, -0.000000000000000000 ) ) ;
#1153 = CARTESIAN_POINT ( 'NONE',  ( -1.500000000000000000, -14.50000000000000178, -4.769696007084728961 ) ) ;
#1154 = DIRECTION ( 'NONE',  ( -0.000000000000000000, 1.000000000000000000, -0.000000000000000000 ) ) ;
#1155 = B_SPLINE_CURVE_WITH_KNOTS ( 'NONE', 3,
 ( #43, #1390, #476, #576, #1652, #1246, #360, #1625, #1420, #1231, #110, #1895, #163, #1030 ),
 .UNSPECIFIED., .F., .F.,
 ( 4, 2, 2, 2, 2, 2, 4 ),
 ( 0.002364830231485027384, 0.002660238376240611248, 0.002955646520996194678, 0.003546462810507361972, 0.003841870955262945402, 0.004137279100018528832, 0.004728095389529696560 ),
 .UNSPECIFIED. ) ;
#1156 = DIRECTION ( 'NONE',  ( 0.000000000000000000, 1.000000000000000000, 0.000000000000000000 ) ) ;
#1157 = LINE ( 'NONE', #54, #2592 ) ;
#1158 = AXIS2_PLACEMENT_3D ( 'NONE', #1815, #2260, #747 ) ;
#1159 = DIRECTION ( 'NONE',  ( 0.000000000000000000, 0.000000000000000000, -1.000000000000000000 ) ) ;
#1160 = DIRECTION ( 'NONE',  ( 0.000000000000000000, 1.000000000000000000, 0.000000000000000000 ) ) ;
#1161 = CARTESIAN_POINT ( 'NONE',  ( -4.140839500392531569, -8.737479572352595980, -0.6771144483931549329 ) ) ;
#1162 = ORIENTED_EDGE ( 'NONE', *, *, #93, .F. ) ;
#1163 = VERTEX_POINT ( 'NONE', #849 ) ;
#1164 = AXIS2_PLACEMENT_3D ( 'NONE', #1880, #2744, #1672 ) ;
#1165 = CARTESIAN_POINT ( 'NONE',  ( -1.500000000000000222, -13.78222165696406343, -2.038916603301768493 ) ) ;
#1166 = CARTESIAN_POINT ( 'NONE',  ( 0.000000000000000000, -14.00000000000000000, 0.000000000000000000 ) ) ;
#1167 = FACE_OUTER_BOUND ( 'NONE', #2606, .T. ) ;
#1168 = LINE ( 'NONE', #1785, #2232 ) ;
#1169 = DIRECTION ( 'NONE',  ( 0.000000000000000000, 0.000000000000000000, -1.000000000000000000 ) ) ;
#1170 = DIRECTION ( 'NONE',  ( 0.000000000000000000, 0.000000000000000000, -1.000000000000000000 ) ) ;
#1171 = ADVANCED_FACE ( 'NONE', ( #2141 ), #1866, .F. ) ;
#1172 = CYLINDRICAL_SURFACE ( 'NONE', #386, 1.500000000000000000 ) ;
#1173 = ORIENTED_EDGE ( 'NONE', *, *, #2133, .F. ) ;
#1174 = ORIENTED_EDGE ( 'NONE', *, *, #491, .T. ) ;
#1175 = CARTESIAN_POINT ( 'NONE',  ( 3.947981233950809798, -9.881146290823075162, -1.580468361863297977 ) ) ;
#1176 = LINE ( 'NONE', #66, #2299 ) ;
#1177 = UNCERTAINTY_MEASURE_WITH_UNIT (LENGTH_MEASURE( 1.000000000000000082E-05 ), #427, 'distance_accuracy_value', 'NONE');
#1178 = FACE_OUTER_BOUND ( 'NONE', #2335, .T. ) ;
#1179 = EDGE_CURVE ( 'NONE', #225, #2441, #2523, .T. ) ;
#1180 = AXIS2_PLACEMENT_3D ( 'NONE', #1600, #2169, #48 ) ;
#1181 = CARTESIAN_POINT ( 'NONE',  ( 4.177967625415249131, -9.000000000000001776, -0.7791575713436054151 ) ) ;
#1182 = EDGE_CURVE ( 'NONE', #1715, #2076, #2422, .T. ) ;
#1183 = CIRCLE ( 'NONE', #2129, 2.500000000000000000 ) ;
#1184 = CARTESIAN_POINT ( 'NONE',  ( 4.291934273019580637, -8.015541641579508436, -4.121079057788944233 ) ) ;
#1185 = ADVANCED_FACE ( 'NONE', ( #1339 ), #1749, .F. ) ;
#1186 = AXIS2_PLACEMENT_3D ( 'NONE', #2635, #1380, #1362 ) ;
#1187 = AXIS2_PLACEMENT_3D ( 'NONE', #1244, #1893, #2107 ) ;
#1188 = CARTESIAN_POINT ( 'NONE',  ( -1.500000000000000000, -15.50000000000000178, -4.769696007084728961 ) ) ;
#1189 = AXIS2_PLACEMENT_3D ( 'NONE', #1924, #1042, #1448 ) ;
#1190 = CARTESIAN_POINT ( 'NONE',  ( 1.500000000000000000, -8.500000000000000000, 3.976493430146716967 ) ) ;
#1191 = FACE_OUTER_BOUND ( 'NONE', #254, .T. ) ;
#1192 = ORIENTED_EDGE ( 'NONE', *, *, #2456, .F. ) ;
#1193 = ORIENTED_EDGE ( 'NONE', *, *, #478, .F. ) ;
#1194 = CARTESIAN_POINT ( 'NONE',  ( 1.500000000000000444, -15.13466074737425870, -4.769696007084728961 ) ) ;
#1195 = ADVANCED_FACE ( 'NONE', ( #281 ), #1761, .F. ) ;
#1196 = ADVANCED_FACE ( 'NONE', ( #2013, #253, #1090, #2649, #2612 ), #1565, .T. ) ;
#1197 = DIRECTION ( 'NONE',  ( -0.000000000000000000, 1.000000000000000000, -0.000000000000000000 ) ) ;
#1198 = FACE_OUTER_BOUND ( 'NONE', #1959, .T. ) ;
#1199 = EDGE_CURVE ( 'NONE', #522, #1002, #1909, .T. ) ;
#1200 = CARTESIAN_POINT ( 'NONE',  ( -1.086901585269090420, -14.27798831985210626, -5.915482772624452323 ) ) ;
#1201 = PRODUCT_DEFINITION_SHAPE ( 'NONE', 'NONE',  #1574 ) ;
#1202 = CARTESIAN_POINT ( 'NONE',  ( 5.736419055795444422, -8.500000000000000000, -1.579872278479151904 ) ) ;
#1203 = DIRECTION ( 'NONE',  ( 0.000000000000000000, 0.000000000000000000, 1.000000000000000000 ) ) ;
#1204 = CARTESIAN_POINT ( 'NONE',  ( 0.000000000000000000, -14.50000000000000178, 0.000000000000000000 ) ) ;
#1205 = CARTESIAN_POINT ( 'NONE',  ( -5.618663853450710732, -8.500000000000000000, 1.957834646216690677 ) ) ;
#1206 = AXIS2_PLACEMENT_3D ( 'NONE', #2743, #316, #1671 ) ;
#1207 = ORIENTED_EDGE ( 'NONE', *, *, #1033, .T. ) ;
#1208 = EDGE_CURVE ( 'NONE', #797, #2783, #643, .T. ) ;
#1209 = ORIENTED_EDGE ( 'NONE', *, *, #2221, .T. ) ;
#1210 = LINE ( 'NONE', #2325, #1796 ) ;
#1211 = LINE ( 'NONE', #2031, #816 ) ;
#1212 = ORIENTED_EDGE ( 'NONE', *, *, #191, .F. ) ;
#1213 = CARTESIAN_POINT ( 'NONE',  ( 0.000000000000000000, -14.50000000000000000, 0.000000000000000000 ) ) ;
#1214 = CIRCLE ( 'NONE', #2749, 1.000000000000000000 ) ;
#1215 = EDGE_CURVE ( 'NONE', #2323, #1941, #2601, .T. ) ;
#1216 = CARTESIAN_POINT ( 'NONE',  ( 5.553215764735750959, -9.698740917571297970, -2.140999624425083958 ) ) ;
#1217 = AXIS2_PLACEMENT_3D ( 'NONE', #118, #1152, #2006 ) ;
#1218 = CARTESIAN_POINT ( 'NONE',  ( 1.093915492938518863, -14.27798831985210626, -5.914189748696452753 ) ) ;
#1219 = DIRECTION ( 'NONE',  ( 0.000000000000000000, 1.000000000000000000, 0.000000000000000000 ) ) ;
#1220 = CARTESIAN_POINT ( 'NONE',  ( -5.733744350530361800, -8.302274283565761692, -1.589677245436459829 ) ) ;
#1221 = DIRECTION ( 'NONE',  ( 0.000000000000000000, 0.000000000000000000, 1.000000000000000000 ) ) ;
#1222 = ORIENTED_EDGE ( 'NONE', *, *, #2187, .F. ) ;
#1223 = EDGE_CURVE ( 'NONE', #723, #1700, #2438, .T. ) ;
#1224 = ORIENTED_EDGE ( 'NONE', *, *, #2215, .T. ) ;
#1225 = CARTESIAN_POINT ( 'NONE',  ( -1.500000000000000000, -18.00000000000000355, -7.348469228349534532 ) ) ;
#1226 = CARTESIAN_POINT ( 'NONE',  ( 3.084063893185919447, -9.634713238302170524, -2.926971299665596327 ) ) ;
#1227 = ORIENTED_EDGE ( 'NONE', *, *, #1696, .F. ) ;
#1228 = CARTESIAN_POINT ( 'NONE',  ( 0.004148877913051413589, -19.02548339959492196, -6.997506861440191628 ) ) ;
#1229 = FACE_OUTER_BOUND ( 'NONE', #36, .T. ) ;
#1230 = CARTESIAN_POINT ( 'NONE',  ( 0.000000000000000000, -7.000000000000000000, 0.000000000000000000 ) ) ;
#1231 = CARTESIAN_POINT ( 'NONE',  ( -0.7540866141963850078, -7.199666966713355265, 4.183381541652807734 ) ) ;
#1232 = CARTESIAN_POINT ( 'NONE',  ( 1.500000000000000222, -14.50000000000000355, -3.020157780750135412 ) ) ;
#1233 = ADVANCED_FACE ( 'NONE', ( #493 ), #33, .T. ) ;
#1234 = ORIENTED_EDGE ( 'NONE', *, *, #1977, .F. ) ;
#1235 = EDGE_LOOP ( 'NONE', ( #1566, #1282, #1209, #1088, #1830, #45, #256, #1528 ) ) ;
#1236 = VECTOR ( 'NONE', #2249, 1000.000000000000000 ) ;
#1237 = CARTESIAN_POINT ( 'NONE',  ( 3.132896939746488307, -7.302161091911694157, -2.875360627605174635 ) ) ;
#1238 = VECTOR ( 'NONE', #1347, 1000.000000000000000 ) ;
#1239 = DIRECTION ( 'NONE',  ( 0.000000000000000000, -1.000000000000000000, 0.000000000000000000 ) ) ;
#1240 = AXIS2_PLACEMENT_3D ( 'NONE', #715, #1589, #1620 ) ;
#1241 = ORIENTED_EDGE ( 'NONE', *, *, #2030, .T. ) ;
#1242 = CARTESIAN_POINT ( 'NONE',  ( 2.348532542813265067, -8.500000000000000000, -3.087976703362630193 ) ) ;
#1243 = CARTESIAN_POINT ( 'NONE',  ( -6.062093144119645061, -2.500000000000000444, 3.495160397050535384 ) ) ;
#1244 = CARTESIAN_POINT ( 'NONE',  ( 0.000000000000000000, -14.00000000000000000, 0.000000000000000000 ) ) ;
#1245 = EDGE_CURVE ( 'NONE', #324, #2579, #2408, .T. ) ;
#1246 = CARTESIAN_POINT ( 'NONE',  ( -1.308420569197314087, -7.740294512360628154, 4.044380579799129904 ) ) ;
#1247 = CARTESIAN_POINT ( 'NONE',  ( 1.500000000000000000, -14.50000000000000178, -3.162277660168379523 ) ) ;
#1248 = ORIENTED_EDGE ( 'NONE', *, *, #2514, .T. ) ;
#1249 = VERTEX_POINT ( 'NONE', #1350 ) ;
#1250 = PLANE ( 'NONE',  #250 ) ;
#1251 = CARTESIAN_POINT ( 'NONE',  ( 5.616338272186079728, -14.00000000000000000, 1.964495969040884971 ) ) ;
#1252 = AXIS2_PLACEMENT_3D ( 'NONE', #343, #2060, #768 ) ;
#1253 = AXIS2_PLACEMENT_3D ( 'NONE', #2479, #2067, #323 ) ;
#1254 = ORIENTED_EDGE ( 'NONE', *, *, #642, .T. ) ;
#1255 = CARTESIAN_POINT ( 'NONE',  ( 1.500000000000000000, -8.500000000000000000, 5.757820768311566972 ) ) ;
#1256 = CARTESIAN_POINT ( 'NONE',  ( 5.248784837036281736, -9.990365598006079040, -2.803937022519535915 ) ) ;
#1257 = B_SPLINE_CURVE_WITH_KNOTS ( 'NONE', 3,
 ( #1181, #2234, #1784, #965, #2431, #2022 ),
 .UNSPECIFIED., .F., .F.,
 ( 4, 2, 4 ),
 ( 1.084202172485504434E-19, 0.0004169228821504809357, 0.0008338457643009617630 ),
 .UNSPECIFIED. ) ;
#1258 = CARTESIAN_POINT ( 'NONE',  ( 0.000000000000000000, -9.000000000000001776, 0.000000000000000000 ) ) ;
#1259 = DIRECTION ( 'NONE',  ( 0.000000000000000000, -1.000000000000000000, 0.000000000000000000 ) ) ;
#1260 = ORIENTED_EDGE ( 'NONE', *, *, #2302, .T. ) ;
#1261 = ORIENTED_EDGE ( 'NONE', *, *, #2685, .F. ) ;
#1262 = EDGE_CURVE ( 'NONE', #1383, #634, #2074, .T. ) ;
#1263 = DIRECTION ( 'NONE',  ( 0.000000000000000000, 0.000000000000000000, -1.000000000000000000 ) ) ;
#1264 = DIRECTION ( 'NONE',  ( 0.000000000000000000, 1.000000000000000000, 0.000000000000000000 ) ) ;
#1265 = ORIENTED_EDGE ( 'NONE', *, *, #1988, .T. ) ;
#1266 = CARTESIAN_POINT ( 'NONE',  ( 6.057944266206908956, 0.000000000000000000, 2.502346464389797021 ) ) ;
#1267 = DIRECTION ( 'NONE',  ( 0.000000000000000000, 0.000000000000000000, 1.000000000000000000 ) ) ;
#1268 = EDGE_LOOP ( 'NONE', ( #960, #988, #1273, #809, #1713, #535, #616 ) ) ;
#1269 = ADVANCED_FACE ( 'NONE', ( #2674 ), #2724, .F. ) ;
#1270 = DIRECTION ( 'NONE',  ( 0.000000000000000000, -1.000000000000000000, 0.000000000000000000 ) ) ;
#1271 = DIRECTION ( 'NONE',  ( -1.000000000000000000, 0.000000000000000000, 0.000000000000000000 ) ) ;
#1272 = APPROVAL ( #205, 'æœª' ) ;
#1273 = ORIENTED_EDGE ( 'NONE', *, *, #1097, .T. ) ;
#1274 = VERTEX_POINT ( 'NONE', #72 ) ;
#1275 = CARTESIAN_POINT ( 'NONE',  ( 6.057944266206908956, 0.000000000000000000, 3.502346464389797465 ) ) ;
#1276 = DIRECTION ( 'NONE',  ( 0.8660254037844432595, 0.000000000000000000, 0.4999999999999919509 ) ) ;
#1277 = VECTOR ( 'NONE', #1653, 1000.000000000000000 ) ;
#1278 = VECTOR ( 'NONE', #73, 1000.000000000000000 ) ;
#1279 = CIRCLE ( 'NONE', #1186, 1.000000000000000000 ) ;
#1280 = AXIS2_PLACEMENT_3D ( 'NONE', #1258, #870, #417 ) ;
#1281 = ORIENTED_EDGE ( 'NONE', *, *, #2294, .F. ) ;
#1282 = ORIENTED_EDGE ( 'NONE', *, *, #478, .T. ) ;
#1283 = DIRECTION ( 'NONE',  ( 0.000000000000000000, 0.000000000000000000, -1.000000000000000000 ) ) ;
#1284 = EDGE_CURVE ( 'NONE', #324, #156, #297, .T. ) ;
#1285 = DATE_AND_TIME ( #409, #1351 ) ;
#1286 = ADVANCED_FACE ( 'NONE', ( #774 ), #2510, .T. ) ;
#1287 = EDGE_LOOP ( 'NONE', ( #1538, #1524, #1298, #2364, #784 ) ) ;
#1288 = DIRECTION ( 'NONE',  ( 0.8660254037844434816, -0.000000000000000000, -0.4999999999999918399 ) ) ;
#1289 = CARTESIAN_POINT ( 'NONE',  ( 1.500000000000000000, -15.00000000000000000, -4.769696007084728073 ) ) ;
#1290 = CARTESIAN_POINT ( 'NONE',  ( 0.000000000000000000, -18.00000000000000355, 0.000000000000000000 ) ) ;
#1291 = VERTEX_POINT ( 'NONE', #1594 ) ;
#1292 = ORIENTED_EDGE ( 'NONE', *, *, #2193, .T. ) ;
#1293 = MANIFOLD_SOLID_BREP ( 'Ô²½Ç9', #415 ) ;
#1294 = CARTESIAN_POINT ( 'NONE',  ( 1.167810607000071554, -2.732268358630021599, -5.894544109968112622 ) ) ;
#1295 = CARTESIAN_POINT ( 'NONE',  ( 5.902402584664166341, -14.49999999999999822, 2.291141639840482469 ) ) ;
#1296 = EDGE_CURVE ( 'NONE', #1700, #1073, #431, .T. ) ;
#1297 = B_SPLINE_CURVE_WITH_KNOTS ( 'NONE', 3,
 ( #196, #1031, #2748, #2321, #389, #1056, #2120, #591, #1232, #1247 ),
 .UNSPECIFIED., .F., .F.,
 ( 4, 2, 2, 2, 4 ),
 ( 0.000000000000000000, 0.0004208373039103177247, 0.0008416746078206354493, 0.001262511911730953120, 0.001683349215641270899 ),
 .UNSPECIFIED. ) ;
#1298 = ORIENTED_EDGE ( 'NONE', *, *, #899, .T. ) ;
#1299 = DIRECTION ( 'NONE',  ( 0.000000000000000000, 0.000000000000000000, -1.000000000000000000 ) ) ;
#1300 = CARTESIAN_POINT ( 'NONE',  ( 0.7533152269662519718, -9.800775173794381345, 5.902686563541470477 ) ) ;
#1301 = CARTESIAN_POINT ( 'NONE',  ( 6.057944266206908956, 0.000000000000000000, 3.502346464389797465 ) ) ;
#1302 = AXIS2_PLACEMENT_3D ( 'NONE', #157, #365, #1693 ) ;
#1303 = ORIENTED_EDGE ( 'NONE', *, *, #2330, .T. ) ;
#1304 = ADVANCED_FACE ( 'NONE', ( #1855 ), #2053, .F. ) ;
#1305 = CARTESIAN_POINT ( 'NONE',  ( 0.000000000000000000, -9.000000000000001776, 0.000000000000000000 ) ) ;
#1306 = CARTESIAN_POINT ( 'NONE',  ( 0.000000000000000000, -17.50000000000000000, 0.000000000000000000 ) ) ;
#1307 = CARTESIAN_POINT ( 'NONE',  ( -1.106865721271547809, -3.000000000000000888, -5.846139604480378615 ) ) ;
#1308 = ORIENTED_EDGE ( 'NONE', *, *, #2394, .F. ) ;
#1309 = LINE ( 'NONE', #32, #2021 ) ;
#1310 = CARTESIAN_POINT ( 'NONE',  ( 1.500000000000000000, -14.50000000000000178, -4.769696007084728073 ) ) ;
#1311 = EDGE_CURVE ( 'NONE', #2676, #1428, #544, .T. ) ;
#1312 = VERTEX_POINT ( 'NONE', #505 ) ;
#1313 = VERTEX_POINT ( 'NONE', #1610 ) ;
#1314 = ORIENTED_EDGE ( 'NONE', *, *, #2322, .F. ) ;
#1315 = CARTESIAN_POINT ( 'NONE',  ( -6.062093144119645061, 0.000000000000000000, 4.495160397050535828 ) ) ;
#1316 = DIRECTION ( 'NONE',  ( -0.4999999999999919509, 0.000000000000000000, -0.8660254037844432595 ) ) ;
#1317 = CC_DESIGN_DATE_AND_TIME_ASSIGNMENT ( #1285, #1481, ( #1574 ) ) ;
#1318 = FACE_BOUND ( 'NONE', #62, .T. ) ;
#1319 = CARTESIAN_POINT ( 'NONE',  ( 0.7432793510829124317, -9.811866799511021142, 4.186444232435523105 ) ) ;
#1320 = FACE_OUTER_BOUND ( 'NONE', #1913, .T. ) ;
#1321 = ORIENTED_EDGE ( 'NONE', *, *, #592, .T. ) ;
#1322 = AXIS2_PLACEMENT_3D ( 'NONE', #725, #1343, #440 ) ;
#1323 = CARTESIAN_POINT ( 'NONE',  ( 1.500000000000000000, -8.500000000000000000, 3.976493430146716967 ) ) ;
#1324 = DIRECTION ( 'NONE',  ( 0.000000000000000000, 0.000000000000000000, -1.000000000000000000 ) ) ;
#1325 = EDGE_CURVE ( 'NONE', #217, #2778, #2559, .T. ) ;
#1326 = ORIENTED_EDGE ( 'NONE', *, *, #1742, .F. ) ;
#1327 = VECTOR ( 'NONE', #2073, 1000.000000000000000 ) ;
#1328 = VERTEX_POINT ( 'NONE', #2466 ) ;
#1329 = ORIENTED_EDGE ( 'NONE', *, *, #1325, .F. ) ;
#1330 = DIRECTION ( 'NONE',  ( 0.000000000000000000, 0.000000000000000000, -1.000000000000000000 ) ) ;
#1331 = DATE_AND_TIME ( #2354, #2433 ) ;
#1332 = AXIS2_PLACEMENT_3D ( 'NONE', #2759, #374, #1203 ) ;
#1333 = AXIS2_PLACEMENT_3D ( 'NONE', #1687, #2736, #1221 ) ;
#1334 = CARTESIAN_POINT ( 'NONE',  ( -1.192395459154792947, -7.584698125312226757, 5.829561861437478676 ) ) ;
#1335 = CARTESIAN_POINT ( 'NONE',  ( 0.000000000000000000, -16.00000000000000000, -6.000000000000000000 ) ) ;
#1336 = EDGE_CURVE ( 'NONE', #439, #156, #520, .T. ) ;
#1337 = CARTESIAN_POINT ( 'NONE',  ( -1.430601578348414060, -2.500000000000000444, -6.289346478293833087 ) ) ;
#1338 = DIRECTION ( 'NONE',  ( 0.000000000000000000, 0.000000000000000000, -1.000000000000000000 ) ) ;
#1339 = FACE_OUTER_BOUND ( 'NONE', #325, .T. ) ;
#1340 = ORIENTED_EDGE ( 'NONE', *, *, #1977, .T. ) ;
#1341 = ORIENTED_EDGE ( 'NONE', *, *, #139, .F. ) ;
#1342 = ORIENTED_EDGE ( 'NONE', *, *, #1311, .T. ) ;
#1343 = DIRECTION ( 'NONE',  ( 0.000000000000000000, 1.000000000000000000, -0.000000000000000000 ) ) ;
#1344 = APPROVAL_ROLE ( '' ) ;
#1345 = AXIS2_PLACEMENT_3D ( 'NONE', #790, #1000, #2735 ) ;
#1346 = CARTESIAN_POINT ( 'NONE',  ( -0.7558919828594756751, -7.189742449618196751, 5.904571640234091312 ) ) ;
#1347 = DIRECTION ( 'NONE',  ( 0.000000000000000000, 1.000000000000000000, 0.000000000000000000 ) ) ;
#1348 = CARTESIAN_POINT ( 'NONE',  ( -5.103612429288330254, -10.00002885289911703, -3.060298518012236180 ) ) ;
#1349 = CARTESIAN_POINT ( 'NONE',  ( 0.000000000000000000, -7.000000000000000000, 0.000000000000000000 ) ) ;
#1350 = CARTESIAN_POINT ( 'NONE',  ( 5.736419055795444422, -8.500000000000000000, -1.579872278479151904 ) ) ;
#1351 = LOCAL_TIME ( 11, 47, 15.00000000000000000, #613 ) ;
#1352 = ORIENTED_EDGE ( 'NONE', *, *, #1357, .F. ) ;
#1353 = CIRCLE ( 'NONE', #846, 5.950000000000000178 ) ;
#1354 = ORIENTED_EDGE ( 'NONE', *, *, #697, .F. ) ;
#1355 = DIRECTION ( 'NONE',  ( 0.000000000000000000, 0.000000000000000000, -1.000000000000000000 ) ) ;
#1356 = CARTESIAN_POINT ( 'NONE',  ( 4.504866466757974308, -14.00000000000000000, 3.886988309305744238 ) ) ;
#1357 = EDGE_CURVE ( 'NONE', #2242, #621, #1837, .T. ) ;
#1358 = CARTESIAN_POINT ( 'NONE',  ( -2.757425602926474539, -8.013405219714780259, -3.234300608056639437 ) ) ;
#1359 = DIRECTION ( 'NONE',  ( 0.000000000000000000, 1.000000000000000000, 0.000000000000000000 ) ) ;
#1360 = CARTESIAN_POINT ( 'NONE',  ( 5.616338272186079728, -14.00000000000000000, 1.964495969040884971 ) ) ;
#1361 = CARTESIAN_POINT ( 'NONE',  ( -4.243557530218717844, -8.697580933971988060, -4.170745435199457063 ) ) ;
#1362 = DIRECTION ( 'NONE',  ( 0.000000000000000000, 0.000000000000000000, 1.000000000000000000 ) ) ;
#1363 = CARTESIAN_POINT ( 'NONE',  ( -4.793891307320433448, -14.45581666767214912, 3.942110484886104604 ) ) ;
#1364 = CC_DESIGN_PERSON_AND_ORGANIZATION_ASSIGNMENT ( #303, #2003, ( #2114 ) ) ;
#1365 = DIRECTION ( 'NONE',  ( -0.000000000000000000, -1.000000000000000000, -0.000000000000000000 ) ) ;
#1366 = ORIENTED_EDGE ( 'NONE', *, *, #1771, .T. ) ;
#1367 = ORIENTED_EDGE ( 'NONE', *, *, #1478, .T. ) ;
#1368 = CARTESIAN_POINT ( 'NONE',  ( 1.451267230734345270, -8.108235858299366328, 3.994589955166465867 ) ) ;
#1369 = CYLINDRICAL_SURFACE ( 'NONE', #1684, 5.000000000000000000 ) ;
#1370 = PERSON_AND_ORGANIZATION ( #1695, #712 ) ;
#1371 = CARTESIAN_POINT ( 'NONE',  ( -3.246497784463938885, -7.190543974296569552, -2.748792336784574353 ) ) ;
#1372 = CARTESIAN_POINT ( 'NONE',  ( -6.062093144119645061, 0.000000000000000000, 3.495160397050535384 ) ) ;
#1373 = AXIS2_PLACEMENT_3D ( 'NONE', #2311, #2102, #2349 ) ;
#1374 = TOROIDAL_SURFACE ( 'NONE', #1137, 1.100000000000360911, 0.5000000000000000000 ) ;
#1375 = AXIS2_PLACEMENT_3D ( 'NONE', #1306, #1270, #2374 ) ;
#1376 = TOROIDAL_SURFACE ( 'NONE', #1605, 3.500000000000000000, 1.000000000000000000 ) ;
#1377 = AXIS2_PLACEMENT_3D ( 'NONE', #898, #28, #222 ) ;
#1378 = DIRECTION ( 'NONE',  ( -0.000000000000000000, -1.000000000000000000, -0.000000000000000000 ) ) ;
#1379 = CARTESIAN_POINT ( 'NONE',  ( 0.000000000000000000, -14.50000000000000178, 0.000000000000000000 ) ) ;
#1380 = DIRECTION ( 'NONE',  ( 0.000000000000000000, 1.000000000000000000, -0.000000000000000000 ) ) ;
#1381 = DIRECTION ( 'NONE',  ( 0.000000000000000000, -1.000000000000000000, 0.000000000000000000 ) ) ;
#1382 = DIRECTION ( 'NONE',  ( 0.000000000000000000, 0.000000000000000000, -1.000000000000000000 ) ) ;
#1383 = VERTEX_POINT ( 'NONE', #957 ) ;
#1384 = ORIENTED_EDGE ( 'NONE', *, *, #1750, .T. ) ;
#1385 = CARTESIAN_POINT ( 'NONE',  ( 1.500000000000000222, -15.26687172789546132, -4.798247830260507385 ) ) ;
#1386 = CARTESIAN_POINT ( 'NONE',  ( 2.693744328489008133, -8.500000000000000000, -3.287284820749991621 ) ) ;
#1387 = CARTESIAN_POINT ( 'NONE',  ( 1.130440798352002174, -7.509163121245372885, 5.842053246283159140 ) ) ;
#1388 = ADVANCED_FACE ( 'NONE', ( #2717 ), #2687, .F. ) ;
#1389 = LINE ( 'NONE', #276, #914 ) ;
#1390 = CARTESIAN_POINT ( 'NONE',  ( -1.500000000000000000, -8.401279007311996949, 3.976493430146716967 ) ) ;
#1391 = CARTESIAN_POINT ( 'NONE',  ( -6.062093144119645061, -14.00000000000000000, 3.495160397050535384 ) ) ;
#1392 = DIRECTION ( 'NONE',  ( -0.8660254037844363761, 0.000000000000000000, 0.5000000000000041078 ) ) ;
#1393 = VERTEX_POINT ( 'NONE', #2083 ) ;
#1394 = EDGE_LOOP ( 'NONE', ( #1303, #142, #231, #2086, #75 ) ) ;
#1395 = CC_DESIGN_APPROVAL ( #2782, ( #1574 ) ) ;
#1396 = ADVANCED_FACE ( 'NONE', ( #1872 ), #137, .F. ) ;
#1397 = CARTESIAN_POINT ( 'NONE',  ( 2.763754063042143549, -9.000000000000001776, -3.228647314126776191 ) ) ;
#1398 = CARTESIAN_POINT ( 'NONE',  ( -4.154627477966355897, -7.746033775673582866, -0.8971024973386075851 ) ) ;
#1399 = CARTESIAN_POINT ( 'NONE',  ( -4.177967625415259789, -9.000000000000001776, -0.7791575713435472395 ) ) ;
#1400 = ADVANCED_FACE ( 'NONE', ( #1198 ), #2033, .T. ) ;
#1401 = DIRECTION ( 'NONE',  ( 0.000000000000000000, 1.000000000000000000, 0.000000000000000000 ) ) ;
#1402 = CARTESIAN_POINT ( 'NONE',  ( -2.226470224947650234, -8.500000000000000000, -3.017503991285108711 ) ) ;
#1403 = DIRECTION ( 'NONE',  ( 0.000000000000000000, 0.000000000000000000, -1.000000000000000000 ) ) ;
#1404 = DIRECTION ( 'NONE',  ( -0.000000000000000000, 1.000000000000000000, -0.000000000000000000 ) ) ;
#1405 = CARTESIAN_POINT ( 'NONE',  ( 1.500000000000000000, -14.50000000000000178, -4.769696007084728073 ) ) ;
#1406 = ADVANCED_FACE ( 'NONE', ( #2090 ), #2286, .F. ) ;
#1407 = ORIENTED_EDGE ( 'NONE', *, *, #293, .F. ) ;
#1408 = ORIENTED_EDGE ( 'NONE', *, *, #998, .T. ) ;
#1409 = ADVANCED_FACE ( 'NONE', ( #2531 ), #1619, .F. ) ;
#1410 = CARTESIAN_POINT ( 'NONE',  ( 4.193744328488984152, -8.500000000000000000, -0.6892086093966619531 ) ) ;
#1411 = LINE ( 'NONE', #2267, #825 ) ;
#1412 = DIRECTION ( 'NONE',  ( 0.000000000000000000, 1.000000000000000000, 0.000000000000000000 ) ) ;
#1413 = CARTESIAN_POINT ( 'NONE',  ( 4.265472688897995468, -8.894312149312218807, -4.148998125083969590 ) ) ;
#1414 = CIRCLE ( 'NONE', #2590, 7.500000000000000000 ) ;
#1415 = CARTESIAN_POINT ( 'NONE',  ( 0.000000000000000000, 0.000000000000000000, 0.000000000000000000 ) ) ;
#1416 = AXIS2_PLACEMENT_3D ( 'NONE', #2781, #7, #1725 ) ;
#1417 = CIRCLE ( 'NONE', #189, 7.500000000000000888 ) ;
#1418 = VECTOR ( 'NONE', #695, 1000.000000000000000 ) ;
#1419 = VECTOR ( 'NONE', #1964, 1000.000000000000000 ) ;
#1420 = CARTESIAN_POINT ( 'NONE',  ( -0.9161251556950575914, -7.308267094408601672, 4.150908628704600645 ) ) ;
#1421 = CIRCLE ( 'NONE', #1914, 3.750000000000000444 ) ;
#1422 = CARTESIAN_POINT ( 'NONE',  ( -5.553104900862292581, -7.300668153043910813, -2.141367806791831807 ) ) ;
#1423 = CYLINDRICAL_SURFACE ( 'NONE', #2332, 5.950000000000000178 ) ;
#1424 = ORIENTED_EDGE ( 'NONE', *, *, #395, .T. ) ;
#1425 = ORIENTED_EDGE ( 'NONE', *, *, #1646, .T. ) ;
#1426 = CARTESIAN_POINT ( 'NONE',  ( 3.631588472894622832, -6.999953470581787407, -2.209937097057030009 ) ) ;
#1427 = CARTESIAN_POINT ( 'NONE',  ( -1.499999999999999778, -14.13744754426514483, -2.268264630980723506 ) ) ;
#1428 = VERTEX_POINT ( 'NONE', #1861 ) ;
#1429 = DIRECTION ( 'NONE',  ( 0.5000000000000041078, 0.000000000000000000, -0.8660254037844362651 ) ) ;
#1430 = CARTESIAN_POINT ( 'NONE',  ( 5.053690787714253396, -9.999942101960995089, -3.146721597648725499 ) ) ;
#1431 = DIRECTION ( 'NONE',  ( 0.000000000000000000, 0.000000000000000000, 1.000000000000000000 ) ) ;
#1432 = EDGE_CURVE ( 'NONE', #2762, #635, #1929, .T. ) ;
#1433 = DIRECTION ( 'NONE',  ( 0.000000000000000000, -1.000000000000000000, 0.000000000000000000 ) ) ;
#1434 = CARTESIAN_POINT ( 'NONE',  ( -4.946288634066694279, -7.039864639805021973, -3.312033769892839263 ) ) ;
#1435 = DIRECTION ( 'NONE',  ( 0.000000000000000000, 1.000000000000000000, 0.000000000000000000 ) ) ;
#1436 = VECTOR ( 'NONE', #978, 1000.000000000000000 ) ;
#1437 = ORIENTED_EDGE ( 'NONE', *, *, #228, .T. ) ;
#1438 = ORIENTED_EDGE ( 'NONE', *, *, #2106, .F. ) ;
#1439 = DIRECTION ( 'NONE',  ( 0.000000000000000000, -0.000000000000000000, 1.000000000000000000 ) ) ;
#1440 = CARTESIAN_POINT ( 'NONE',  ( -1.500000000000000222, -14.38235151233358167, -2.613443440810990559 ) ) ;
#1441 = ORIENTED_EDGE ( 'NONE', *, *, #2691, .T. ) ;
#1442 = CARTESIAN_POINT ( 'NONE',  ( -3.828444319958988373, -9.975453683735853616, -1.851277807614998272 ) ) ;
#1443 = VECTOR ( 'NONE', #384, 1000.000000000000000 ) ;
#1444 = CARTESIAN_POINT ( 'NONE',  ( 5.202102474406645527, -10.00002885289912058, -2.889708755827561593 ) ) ;
#1445 = ADVANCED_FACE ( 'NONE', ( #1178 ), #1455, .T. ) ;
#1446 = CARTESIAN_POINT ( 'NONE',  ( 4.378067798143863598, -7.746625297164745128, -4.029653001610665086 ) ) ;
#1447 = CARTESIAN_POINT ( 'NONE',  ( 0.000000000000000000, -3.000000000000000444, 0.000000000000000000 ) ) ;
#1448 = DIRECTION ( 'NONE',  ( 0.000000000000000000, 0.000000000000000000, 1.000000000000000000 ) ) ;
#1449 = ORIENTED_EDGE ( 'NONE', *, *, #943, .T. ) ;
#1450 = ORIENTED_EDGE ( 'NONE', *, *, #2522, .F. ) ;
#1451 = DIRECTION ( 'NONE',  ( 0.000000000000000000, 0.000000000000000000, 1.000000000000000000 ) ) ;
#1452 = DIRECTION ( 'NONE',  ( -0.000000000000000000, -1.000000000000000000, -0.000000000000000000 ) ) ;
#1453 = PRODUCT ( '\X2\7535673a652f67b6\X0\', '\X2\7535673a652f67b6\X0\', '', ( #1948 ) ) ;
#1454 = ORIENTED_EDGE ( 'NONE', *, *, #769, .T. ) ;
#1455 = PLANE ( 'NONE',  #1252 ) ;
#1456 = EDGE_CURVE ( 'NONE', #180, #2762, #2693, .T. ) ;
#1457 = CARTESIAN_POINT ( 'NONE',  ( 0.004148877912688551939, -2.500000000000000444, -6.997506861440361270 ) ) ;
#1458 = CIRCLE ( 'NONE', #2765, 2.500000000000000000 ) ;
#1459 = FACE_OUTER_BOUND ( 'NONE', #1499, .T. ) ;
#1460 = CARTESIAN_POINT ( 'NONE',  ( 6.057944266206908956, -2.500000000000000444, 4.502346464389797909 ) ) ;
#1461 = CARTESIAN_POINT ( 'NONE',  ( 6.057944266206892969, -19.02548339959492196, 3.502346464390170944 ) ) ;
#1462 = ORIENTED_EDGE ( 'NONE', *, *, #1182, .T. ) ;
#1463 = VERTEX_POINT ( 'NONE', #1645 ) ;
#1464 = CARTESIAN_POINT ( 'NONE',  ( -6.062093144119645061, -2.500000000000000444, 2.495160397050535384 ) ) ;
#1465 = CARTESIAN_POINT ( 'NONE',  ( -1.414213562373094701, -9.000000000000001776, 4.007804885470348744 ) ) ;
#1466 = ORIENTED_EDGE ( 'NONE', *, *, #2776, .F. ) ;
#1467 = CARTESIAN_POINT ( 'NONE',  ( 0.004148877913051413589, -14.00000000000000000, -6.997506861440191628 ) ) ;
#1468 = CARTESIAN_POINT ( 'NONE',  ( 5.378614098427105361, -9.922956277299130434, -2.545834070785641057 ) ) ;
#1469 = ADVANCED_FACE ( 'NONE', ( #119 ), #368, .F. ) ;
#1470 = CARTESIAN_POINT ( 'NONE',  ( 0.3093362815604207561, -9.975940279829568880, 4.241334460470519652 ) ) ;
#1471 = LINE ( 'NONE', #2777, #2050 ) ;
#1472 = ORIENTED_EDGE ( 'NONE', *, *, #462, .T. ) ;
#1473 = ORIENTED_EDGE ( 'NONE', *, *, #396, .F. ) ;
#1474 = DIRECTION ( 'NONE',  ( 0.000000000000000000, 1.000000000000000000, 0.000000000000000000 ) ) ;
#1475 = CARTESIAN_POINT ( 'NONE',  ( 0.004148877913051413589, -14.00000000000000000, -6.997506861440191628 ) ) ;
#1476 = AXIS2_PLACEMENT_3D ( 'NONE', #1660, #743, #572 ) ;
#1477 = AXIS2_PLACEMENT_3D ( 'NONE', #2785, #2104, #383 ) ;
#1478 = EDGE_CURVE ( 'NONE', #2351, #1550, #147, .T. ) ;
#1479 = ORIENTED_EDGE ( 'NONE', *, *, #1602, .F. ) ;
#1480 = CARTESIAN_POINT ( 'NONE',  ( 0.000000000000000000, -14.50000000000000000, 0.000000000000000000 ) ) ;
#1481 = DATE_TIME_ROLE ( 'creation_date' ) ;
#1482 = VERTEX_POINT ( 'NONE', #1850 ) ;
#1483 = EDGE_CURVE ( 'NONE', #1494, #556, #2331, .T. ) ;
#1484 = AXIS2_PLACEMENT_3D ( 'NONE', #1603, #515, #79 ) ;
#1485 = FACE_OUTER_BOUND ( 'NONE', #2706, .T. ) ;
#1486 = CARTESIAN_POINT ( 'NONE',  ( 0.000000000000000000, -8.500000000000000000, 0.000000000000000000 ) ) ;
#1487 = VERTEX_POINT ( 'NONE', #2682 ) ;
#1488 = EDGE_CURVE ( 'NONE', #1941, #1291, #2503, .T. ) ;
#1489 = VERTEX_POINT ( 'NONE', #993 ) ;
#1490 = DIRECTION ( 'NONE',  ( 0.000000000000000000, 0.000000000000000000, -1.000000000000000000 ) ) ;
#1491 = CARTESIAN_POINT ( 'NONE',  ( 1.500000000000000000, -15.97430760925554871, -5.541275386824629834 ) ) ;
#1492 = EDGE_CURVE ( 'NONE', #805, #1763, #2791, .T. ) ;
#1493 = ADVANCED_FACE ( 'NONE', ( #964 ), #785, .T. ) ;
#1494 = VERTEX_POINT ( 'NONE', #2473 ) ;
#1495 = CARTESIAN_POINT ( 'NONE',  ( -1.500000000000000000, -17.50000000000000000, -4.769696007084728961 ) ) ;
#1496 = CYLINDRICAL_SURFACE ( 'NONE', #1551, 1.000000000000000888 ) ;
#1497 = DIRECTION ( 'NONE',  ( 0.000000000000000000, 1.000000000000000000, 0.000000000000000000 ) ) ;
#1498 = B_SPLINE_CURVE_WITH_KNOTS ( 'NONE', 3,
 ( #2714, #1635, #1218, #135, #2534, #1648 ),
 .UNSPECIFIED., .F., .F.,
 ( 4, 2, 4 ),
 ( 0.000000000000000000, 0.0004210559102423499047, 0.0008421118204846998094 ),
 .UNSPECIFIED. ) ;
#1499 = EDGE_LOOP ( 'NONE', ( #2372, #218, #1207, #1598 ) ) ;
#1500 = CARTESIAN_POINT ( 'NONE',  ( 5.984945690755359315, -14.50000000000000000, 2.404771315262403508 ) ) ;
#1501 = DIRECTION ( 'NONE',  ( 0.000000000000000000, 0.000000000000000000, -1.000000000000000000 ) ) ;
#1502 = EDGE_CURVE ( 'NONE', #1918, #1935, #2751, .T. ) ;
#1503 = DIRECTION ( 'NONE',  ( 0.8660254037844362651, 0.000000000000000000, 0.5000000000000041078 ) ) ;
#1504 = ORIENTED_EDGE ( 'NONE', *, *, #2602, .T. ) ;
#1505 = ORIENTED_EDGE ( 'NONE', *, *, #2030, .F. ) ;
#1506 = DIRECTION ( 'NONE',  ( 0.000000000000000000, 1.000000000000000000, 0.000000000000000000 ) ) ;
#1507 = DIRECTION ( 'NONE',  ( 0.000000000000000000, 0.000000000000000000, -1.000000000000000000 ) ) ;
#1508 = VECTOR ( 'NONE', #888, 1000.000000000000000 ) ;
#1509 = AXIS2_PLACEMENT_3D ( 'NONE', #16, #2390, #2360 ) ;
#1510 = EDGE_CURVE ( 'NONE', #699, #611, #1858, .T. ) ;
#1511 = CIRCLE ( 'NONE', #688, 3.750000000000000444 ) ;
#1512 = AXIS2_PLACEMENT_3D ( 'NONE', #1230, #372, #758 ) ;
#1513 = EDGE_LOOP ( 'NONE', ( #1582, #2753, #844, #1529 ) ) ;
#1514 = EDGE_LOOP ( 'NONE', ( #2626, #763, #1192, #1067 ) ) ;
#1515 = AXIS2_PLACEMENT_3D ( 'NONE', #1, #2607, #2188 ) ;
#1516 = LINE ( 'NONE', #1051, #251 ) ;
#1517 = CARTESIAN_POINT ( 'NONE',  ( 4.193744328488984152, -8.500000000000000000, -0.6892086093966619531 ) ) ;
#1518 = ORIENTED_EDGE ( 'NONE', *, *, #1223, .F. ) ;
#1519 = CARTESIAN_POINT ( 'NONE',  ( 0.1975392298513885536, -7.009820881222372790, 5.947502488115643082 ) ) ;
#1520 = B_SPLINE_CURVE_WITH_KNOTS ( 'NONE', 3,
 ( #657, #1038, #1530, #2570, #2353, #184 ),
 .UNSPECIFIED., .F., .F.,
 ( 4, 2, 4 ),
 ( 0.000000000000000000, 0.0004169228821504813152, 0.0008338457643009626304 ),
 .UNSPECIFIED. ) ;
#1521 = CARTESIAN_POINT ( 'NONE',  ( 1.500000000000000000, -15.50000000000000178, -4.769696007084728073 ) ) ;
#1522 = EDGE_CURVE ( 'NONE', #2242, #797, #1900, .T. ) ;
#1523 = CARTESIAN_POINT ( 'NONE',  ( 1.500000000000000000, -16.00000000000000000, -7.348469228349534532 ) ) ;
#1524 = ORIENTED_EDGE ( 'NONE', *, *, #2080, .F. ) ;
#1525 = CARTESIAN_POINT ( 'NONE',  ( -1.500000000000000000, -16.00000000000000000, -5.809475019311125088 ) ) ;
#1526 = DIRECTION ( 'NONE',  ( 0.8660254037844434816, -0.000000000000000000, -0.4999999999999918399 ) ) ;
#1527 = EDGE_LOOP ( 'NONE', ( #1329, #1542, #2100, #886 ) ) ;
#1528 = ORIENTED_EDGE ( 'NONE', *, *, #1111, .F. ) ;
#1529 = ORIENTED_EDGE ( 'NONE', *, *, #34, .F. ) ;
#1530 = CARTESIAN_POINT ( 'NONE',  ( -2.656710381693756950, -8.737488562538468173, -3.247432909378353383 ) ) ;
#1531 = CARTESIAN_POINT ( 'NONE',  ( 0.000000000000000000, 0.000000000000000000, 0.000000000000000000 ) ) ;
#1532 = VERTEX_POINT ( 'NONE', #2497 ) ;
#1533 = CARTESIAN_POINT ( 'NONE',  ( -1.301250804107401127, -7.747450468321344097, 5.806233268836968442 ) ) ;
#1534 = CIRCLE ( 'NONE', #2385, 4.250000000000000000 ) ;
#1535 = EDGE_CURVE ( 'NONE', #1312, #1763, #1210, .T. ) ;
#1536 = CARTESIAN_POINT ( 'NONE',  ( -4.509472550914595423, -2.861730436132742916, 3.881643635439477880 ) ) ;
#1537 = CARTESIAN_POINT ( 'NONE',  ( -6.062093144119645061, -2.500000000000000444, 3.495160397050535384 ) ) ;
#1538 = ORIENTED_EDGE ( 'NONE', *, *, #1991, .F. ) ;
#1539 = DIRECTION ( 'NONE',  ( 0.000000000000000000, 0.000000000000000000, -1.000000000000000000 ) ) ;
#1540 = CARTESIAN_POINT ( 'NONE',  ( -4.509472550914597200, -14.00000000000000000, 3.881643635439479212 ) ) ;
#1541 = VERTEX_POINT ( 'NONE', #2515 ) ;
#1542 = ORIENTED_EDGE ( 'NONE', *, *, #191, .T. ) ;
#1543 = ORIENTED_EDGE ( 'NONE', *, *, #2002, .F. ) ;
#1544 = CARTESIAN_POINT ( 'NONE',  ( 1.500000000000000444, -17.50000000000000000, -4.769696007084728961 ) ) ;
#1545 = PERSON_AND_ORGANIZATION ( #1695, #712 ) ;
#1546 = ADVANCED_FACE ( 'NONE', ( #169 ), #2763, .F. ) ;
#1547 = CARTESIAN_POINT ( 'NONE',  ( -1.451832230939369417, -8.110394304367940066, 5.770188467602922699 ) ) ;
#1548 = DIRECTION ( 'NONE',  ( 0.000000000000000000, 0.000000000000000000, -1.000000000000000000 ) ) ;
#1549 = FACE_OUTER_BOUND ( 'NONE', #668, .T. ) ;
#1550 = VERTEX_POINT ( 'NONE', #1225 ) ;
#1551 = AXIS2_PLACEMENT_3D ( 'NONE', #2126, #2144, #1891 ) ;
#1552 = CARTESIAN_POINT ( 'NONE',  ( 2.693744328489008133, -8.500000000000000000, -3.287284820749991621 ) ) ;
#1553 = DIRECTION ( 'NONE',  ( 0.8660254037844362651, 0.000000000000000000, 0.5000000000000041078 ) ) ;
#1554 = ORIENTED_EDGE ( 'NONE', *, *, #319, .T. ) ;
#1555 = AXIS2_PLACEMENT_3D ( 'NONE', #1077, #1694, #2338 ) ;
#1556 = VERTEX_POINT ( 'NONE', #795 ) ;
#1557 = VERTEX_POINT ( 'NONE', #1464 ) ;
#1558 = DIRECTION ( 'NONE',  ( -0.000000000000000000, 1.000000000000000000, -0.000000000000000000 ) ) ;
#1559 = AXIS2_PLACEMENT_3D ( 'NONE', #2038, #1994, #2407 ) ;
#1560 = VECTOR ( 'NONE', #1745, 1000.000000000000000 ) ;
#1561 = CARTESIAN_POINT ( 'NONE',  ( 2.693744328489008133, -8.500000000000000000, -3.287284820749991621 ) ) ;
#1562 = FACE_OUTER_BOUND ( 'NONE', #1902, .T. ) ;
#1563 = CARTESIAN_POINT ( 'NONE',  ( -5.488534128087131592, -9.800775173794388451, -2.298953158160272014 ) ) ;
#1564 = CARTESIAN_POINT ( 'NONE',  ( 1.460904349675892222, -8.867938510717017664, 3.991329346733215822 ) ) ;
#1565 = PLANE ( 'NONE',  #1136 ) ;
#1566 = ORIENTED_EDGE ( 'NONE', *, *, #469, .F. ) ;
#1567 = ORIENTED_EDGE ( 'NONE', *, *, #1983, .F. ) ;
#1568 = DIRECTION ( 'NONE',  ( -0.000000000000000000, 1.000000000000000000, -0.000000000000000000 ) ) ;
#1569 = B_SPLINE_CURVE_WITH_KNOTS ( 'NONE', 3,
 ( #136, #2747, #2259, #1636, #999, #1854 ),
 .UNSPECIFIED., .F., .F.,
 ( 4, 2, 4 ),
 ( 0.000000000000000000, 0.0003989872404148996380, 0.0007979744808297992761 ),
 .UNSPECIFIED. ) ;
#1570 = CARTESIAN_POINT ( 'NONE',  ( -1.451531331719642770, -8.890857268624275278, 5.770264707147262584 ) ) ;
#1571 = PERSON_AND_ORGANIZATION_ROLE ( 'creator' ) ;
#1572 = VECTOR ( 'NONE', #143, 1000.000000000000000 ) ;
#1573 = FACE_OUTER_BOUND ( 'NONE', #1235, .T. ) ;
#1574 = PRODUCT_DEFINITION ( 'æœ', '', #122, #2710 ) ;
#1575 = CARTESIAN_POINT ( 'NONE',  ( 0.000000000000000000, -14.50000000000000000, 0.000000000000000000 ) ) ;
#1576 = LINE ( 'NONE', #295, #411 ) ;
#1577 = CARTESIAN_POINT ( 'NONE',  ( 1.414213562373094923, -9.000000000000001776, 4.007804885470348744 ) ) ;
#1578 = CARTESIAN_POINT ( 'NONE',  ( -4.935388156102256119, -14.49999999999999822, 3.966059761762148028 ) ) ;
#1579 = CIRCLE ( 'NONE', #1164, 5.950000000000000178 ) ;
#1580 = FACE_BOUND ( 'NONE', #229, .T. ) ;
#1581 = ADVANCED_FACE ( 'NONE', ( #1668 ), #1250, .F. ) ;
#1582 = ORIENTED_EDGE ( 'NONE', *, *, #1099, .F. ) ;
#1583 = CIRCLE ( 'NONE', #2075, 1.600000000000360911 ) ;
#1584 = ORIENTED_EDGE ( 'NONE', *, *, #1771, .F. ) ;
#1585 = CARTESIAN_POINT ( 'NONE',  ( 0.9916831519127963235, -7.370324271151794449, 4.133301602192809732 ) ) ;
#1586 = LINE ( 'NONE', #498, #2173 ) ;
#1587 = DATE_TIME_ROLE ( 'classification_date' ) ;
#1588 = CARTESIAN_POINT ( 'NONE',  ( -4.164614284333886474, -7.833678633084510068, -0.8485654590024795940 ) ) ;
#1589 = DIRECTION ( 'NONE',  ( 0.000000000000000000, 1.000000000000000000, 0.000000000000000000 ) ) ;
#1590 = DIRECTION ( 'NONE',  ( -0.000000000000000000, -1.000000000000000000, -0.000000000000000000 ) ) ;
#1591 = CARTESIAN_POINT ( 'NONE',  ( -4.292422937343058464, -8.986416926373903991, -4.120570228065454366 ) ) ;
#1592 = EDGE_CURVE ( 'NONE', #1659, #2663, #2520, .T. ) ;
#1593 = DIRECTION ( 'NONE',  ( 0.000000000000000000, 0.000000000000000000, 1.000000000000000000 ) ) ;
#1594 = CARTESIAN_POINT ( 'NONE',  ( -1.499999999999987121, -7.000000000000000000, -2.598076211353322673 ) ) ;
#1595 = CARTESIAN_POINT ( 'NONE',  ( -4.187044783979266604, -8.867938510717021217, -0.7304843940480643116 ) ) ;
#1596 = ORIENTED_EDGE ( 'NONE', *, *, #568, .T. ) ;
#1597 = CIRCLE ( 'NONE', #455, 1.000000000000000000 ) ;
#1598 = ORIENTED_EDGE ( 'NONE', *, *, #2080, .T. ) ;
#1599 = CARTESIAN_POINT ( 'NONE',  ( 3.726470224947668441, -8.500000000000000000, -0.4194277799317481237 ) ) ;
#1600 = CARTESIAN_POINT ( 'NONE',  ( 0.000000000000000000, -8.500000000000000000, 9.000000000000000000 ) ) ;
#1601 = SHAPE_DEFINITION_REPRESENTATION ( #1201, #1016 ) ;
#1602 = EDGE_CURVE ( 'NONE', #1969, #1659, #2101, .T. ) ;
#1603 = CARTESIAN_POINT ( 'NONE',  ( 0.000000000000000000, -16.00000000000000000, 0.000000000000000000 ) ) ;
#1604 = CARTESIAN_POINT ( 'NONE',  ( 0.4839714667323331554, -7.076801459551290030, 5.930990087373073649 ) ) ;
#1605 = AXIS2_PLACEMENT_3D ( 'NONE', #2621, #690, #674 ) ;
#1606 = CIRCLE ( 'NONE', #371, 5.000000000000000888 ) ;
#1607 = CARTESIAN_POINT ( 'NONE',  ( -4.894064028333884764, -9.922956277299128658, -3.385099410998164693 ) ) ;
#1608 = EDGE_CURVE ( 'NONE', #1727, #2264, #930, .T. ) ;
#1609 = LINE ( 'NONE', #1981, #954 ) ;
#1610 = CARTESIAN_POINT ( 'NONE',  ( 9.184850993605149917E-16, -16.00000000000000000, -7.500000000000001776 ) ) ;
#1611 = DIRECTION ( 'NONE',  ( -0.000000000000000000, 1.000000000000000000, -0.000000000000000000 ) ) ;
#1612 = ORIENTED_EDGE ( 'NONE', *, *, #2574, .F. ) ;
#1613 = ORIENTED_EDGE ( 'NONE', *, *, #2712, .T. ) ;
#1614 = EDGE_CURVE ( 'NONE', #992, #171, #1091, .T. ) ;
#1615 = DIRECTION ( 'NONE',  ( -0.000000000000000000, -1.000000000000000000, -0.000000000000000000 ) ) ;
#1616 = PERSON_AND_ORGANIZATION_ROLE ( 'design_supplier' ) ;
#1617 = B_SPLINE_CURVE_WITH_KNOTS ( 'NONE', 3,
 ( #2529, #1295, #1901, #2540, #597, #1251 ),
 .UNSPECIFIED., .F., .F.,
 ( 4, 2, 4 ),
 ( -4.711166138683800889E-06, 0.0004166243066482325100, 0.0008379597794351489014 ),
 .UNSPECIFIED. ) ;
#1618 = CARTESIAN_POINT ( 'NONE',  ( 0.000000000000000000, -12.10000000000000142, 0.000000000000000000 ) ) ;
#1619 = PLANE ( 'NONE',  #2198 ) ;
#1620 = DIRECTION ( 'NONE',  ( 0.000000000000000000, -0.000000000000000000, 1.000000000000000000 ) ) ;
#1621 = VECTOR ( 'NONE', #330, 1000.000000000000000 ) ;
#1622 = CARTESIAN_POINT ( 'NONE',  ( 5.341449699952505625, -7.039864639805023749, -2.627594726605543496 ) ) ;
#1623 = AXIS2_PLACEMENT_3D ( 'NONE', #126, #521, #958 ) ;
#1624 = EDGE_CURVE ( 'NONE', #1557, #2016, #1309, .T. ) ;
#1625 = CARTESIAN_POINT ( 'NONE',  ( -0.9910332341194318939, -7.369802593018029313, 4.133451468552860497 ) ) ;
#1626 = CARTESIAN_POINT ( 'NONE',  ( -5.337562087547805589, -7.048326399262917263, -2.631014738659661845 ) ) ;
#1627 = FACE_OUTER_BOUND ( 'NONE', #602, .T. ) ;
#1628 = ORIENTED_EDGE ( 'NONE', *, *, #529, .F. ) ;
#1629 = ORIENTED_EDGE ( 'NONE', *, *, #418, .T. ) ;
#1630 = CIRCLE ( 'NONE', #390, 1.000000000000000000 ) ;
#1631 = CARTESIAN_POINT ( 'NONE',  ( 4.167878439312920236, -9.146785244846556751, -0.8332574023054467593 ) ) ;
#1632 = CARTESIAN_POINT ( 'NONE',  ( 0.004148877913051413589, -2.500000000000000444, -5.397506861440041881 ) ) ;
#1633 = CARTESIAN_POINT ( 'NONE',  ( -3.997542028860040730, -9.811199840989297982, -1.448540235484238492 ) ) ;
#1634 = CARTESIAN_POINT ( 'NONE',  ( 1.422992018539448233, -8.015541641579506660, 5.777463640702533709 ) ) ;
#1635 = CARTESIAN_POINT ( 'NONE',  ( 1.113797386692954694, -14.14247643335076354, -5.844822955521913777 ) ) ;
#1636 = CARTESIAN_POINT ( 'NONE',  ( 1.500000000000000222, -17.76585084150083205, -4.829366378214865030 ) ) ;
#1637 = CARTESIAN_POINT ( 'NONE',  ( -4.735563047478172471, -7.189742449618196751, -3.606907479790299131 ) ) ;
#1638 = B_SPLINE_CURVE_WITH_KNOTS ( 'NONE', 3,
 ( #575, #2507, #2476, #332, #2317, #800 ),
 .UNSPECIFIED., .F., .F.,
 ( 4, 2, 4 ),
 ( 0.000000000000000000, 0.0004078522236323831713, 0.0008157044472647663426 ),
 .UNSPECIFIED. ) ;
#1639 = CARTESIAN_POINT ( 'NONE',  ( 10.64711431702995625, -8.500000000000000000, -6.147114317030029973 ) ) ;
#1640 = ORIENTED_EDGE ( 'NONE', *, *, #2790, .T. ) ;
#1641 = ORIENTED_EDGE ( 'NONE', *, *, #685, .T. ) ;
#1642 = CARTESIAN_POINT ( 'NONE',  ( -3.253228329438276223, -9.811281817023248308, -2.737755921332575504 ) ) ;
#1643 = CARTESIAN_POINT ( 'NONE',  ( 1.499999999999999556, -15.51079242256170687, -4.905999876967150897 ) ) ;
#1644 = ORIENTED_EDGE ( 'NONE', *, *, #967, .T. ) ;
#1645 = CARTESIAN_POINT ( 'NONE',  ( 1.414213562373094923, -9.000000000000001776, 4.007804885470348744 ) ) ;
#1646 = EDGE_CURVE ( 'NONE', #2526, #797, #541, .T. ) ;
#1647 = CARTESIAN_POINT ( 'NONE',  ( 4.377902967869284012, -9.253005664410288489, -4.029834737466862826 ) ) ;
#1648 = CARTESIAN_POINT ( 'NONE',  ( 0.9174511827559954646, -14.50000000000000000, -6.384417226909566700 ) ) ;
#1649 = CIRCLE ( 'NONE', #644, 2.500000000000000000 ) ;
#1650 = AXIS2_PLACEMENT_3D ( 'NONE', #2661, #2449, #1338 ) ;
#1651 = AXIS2_PLACEMENT_3D ( 'NONE', #1979, #2419, #2205 ) ;
#1652 = CARTESIAN_POINT ( 'NONE',  ( -1.422569562455715753, -8.014124456844598399, 4.005048751889709990 ) ) ;
#1653 = DIRECTION ( 'NONE',  ( -0.000000000000000000, -0.000000000000000000, 1.000000000000000000 ) ) ;
#1654 = FACE_OUTER_BOUND ( 'NONE', #578, .T. ) ;
#1655 = ORIENTED_EDGE ( 'NONE', *, *, #697, .T. ) ;
#1656 = ORIENTED_EDGE ( 'NONE', *, *, #1897, .T. ) ;
#1657 = CARTESIAN_POINT ( 'NONE',  ( 3.900661446239710006, -7.077856801256883656, -1.689857116931148262 ) ) ;
#1658 = DIRECTION ( 'NONE',  ( 0.000000000000000000, 1.000000000000000000, 0.000000000000000000 ) ) ;
#1659 = VERTEX_POINT ( 'NONE', #2624 ) ;
#1660 = CARTESIAN_POINT ( 'NONE',  ( 0.000000000000000000, 0.000000000000000000, 0.000000000000000000 ) ) ;
#1661 = FACE_BOUND ( 'NONE', #972, .T. ) ;
#1662 = CARTESIAN_POINT ( 'NONE',  ( 4.452482990257187190, -7.584477520363098080, -3.947274525543483570 ) ) ;
#1663 = DIRECTION ( 'NONE',  ( -0.000000000000000000, 1.000000000000000000, -0.000000000000000000 ) ) ;
#1664 = DIRECTION ( 'NONE',  ( -0.000000000000000000, 1.000000000000000000, -0.000000000000000000 ) ) ;
#1665 = AXIS2_PLACEMENT_3D ( 'NONE', #1213, #357, #2315 ) ;
#1666 = ORIENTED_EDGE ( 'NONE', *, *, #794, .F. ) ;
#1667 = VERTEX_POINT ( 'NONE', #422 ) ;
#1668 = FACE_OUTER_BOUND ( 'NONE', #1740, .T. ) ;
#1669 = CARTESIAN_POINT ( 'NONE',  ( -1.500000000000000000, -8.500000000000000000, 3.706712600681798531 ) ) ;
#1670 = VERTEX_POINT ( 'NONE', #393 ) ;
#1671 = DIRECTION ( 'NONE',  ( 0.000000000000000000, 0.000000000000000000, -1.000000000000000000 ) ) ;
#1672 = DIRECTION ( 'NONE',  ( 0.000000000000000000, 0.000000000000000000, -1.000000000000000000 ) ) ;
#1673 = FACE_BOUND ( 'NONE', #1844, .T. ) ;
#1674 = CARTESIAN_POINT ( 'NONE',  ( -1.500000000000000000, -17.76587167559573999, -4.829517171884427640 ) ) ;
#1675 = CARTESIAN_POINT ( 'NONE',  ( 1.500000000000000000, -8.500000000000000000, 2.598076211353316012 ) ) ;
#1676 = VERTEX_POINT ( 'NONE', #860 ) ;
#1677 = ORIENTED_EDGE ( 'NONE', *, *, #168, .F. ) ;
#1678 = CARTESIAN_POINT ( 'NONE',  ( 2.817186386437107171, -7.833678633084513621, -3.182379037695443280 ) ) ;
#1679 = DIRECTION ( 'NONE',  ( 0.000000000000000000, 0.000000000000000000, -1.000000000000000000 ) ) ;
#1680 = ORIENTED_EDGE ( 'NONE', *, *, #925, .T. ) ;
#1681 = DIRECTION ( 'NONE',  ( 0.000000000000000000, 1.000000000000000000, 0.000000000000000000 ) ) ;
#1682 = ADVANCED_FACE ( 'NONE', ( #1927, #2178 ), #199, .T. ) ;
#1683 = CARTESIAN_POINT ( 'NONE',  ( 0.000000000000000000, -12.10000000000000142, -2.500000000000000000 ) ) ;
#1684 = AXIS2_PLACEMENT_3D ( 'NONE', #2214, #670, #38 ) ;
#1685 = AXIS2_PLACEMENT_3D ( 'NONE', #1475, #2553, #1507 ) ;
#1686 = EDGE_CURVE ( 'NONE', #1940, #2424, #175, .T. ) ;
#1687 = CARTESIAN_POINT ( 'NONE',  ( 0.000000000000000000, 0.000000000000000000, 0.000000000000000000 ) ) ;
#1688 = TOROIDAL_SURFACE ( 'NONE', #59, 1.100000000000149969, 0.5000000000000000000 ) ;
#1689 = EDGE_CURVE ( 'NONE', #225, #180, #117, .T. ) ;
#1690 = EDGE_LOOP ( 'NONE', ( #645, #565, #511, #363 ) ) ;
#1691 = VECTOR ( 'NONE', #1503, 1000.000000000000114 ) ;
#1692 = ORIENTED_EDGE ( 'NONE', *, *, #2602, .F. ) ;
#1693 = DIRECTION ( 'NONE',  ( -4.440892098500626162E-15, 0.000000000000000000, -1.000000000000000000 ) ) ;
#1694 = DIRECTION ( 'NONE',  ( -0.000000000000000000, 1.000000000000000000, -0.000000000000000000 ) ) ;
#1695 = PERSON ( 'æœª', 'æœª', 'æœª', ('æœª'), ('æœª'), ('æœª') ) ;
#1696 = EDGE_CURVE ( 'NONE', #946, #1931, #435, .T. ) ;
#1697 = ORIENTED_EDGE ( 'NONE', *, *, #1906, .F. ) ;
#1698 = CARTESIAN_POINT ( 'NONE',  ( 0.004148877913051413589, -19.02548339959492196, -5.397506861440041881 ) ) ;
#1699 = CARTESIAN_POINT ( 'NONE',  ( 5.647733027974083164, -9.423591496368045384, -1.877550629471472332 ) ) ;
#1700 = VERTEX_POINT ( 'NONE', #1736 ) ;
#1701 = EDGE_CURVE ( 'NONE', #1557, #1541, #2048, .T. ) ;
#1702 = ADVANCED_FACE ( 'NONE', ( #404 ), #623, .F. ) ;
#1703 = PLANE ( 'NONE',  #2638 ) ;
#1704 = CARTESIAN_POINT ( 'NONE',  ( 0.004148877912688675104, -2.500000000000000444, -7.997506861440361270 ) ) ;
#1705 = EDGE_CURVE ( 'NONE', #2557, #324, #102, .T. ) ;
#1706 = ORIENTED_EDGE ( 'NONE', *, *, #691, .T. ) ;
#1707 = ORIENTED_EDGE ( 'NONE', *, *, #1731, .T. ) ;
#1708 = DIRECTION ( 'NONE',  ( -0.000000000000000000, -1.000000000000000000, -0.000000000000000000 ) ) ;
#1709 = CARTESIAN_POINT ( 'NONE',  ( 3.000000000000000000, -7.000000000000000000, 2.749518342565095362E-14 ) ) ;
#1710 = AXIS2_PLACEMENT_3D ( 'NONE', #1956, #1708, #1263 ) ;
#1711 = AXIS2_PLACEMENT_3D ( 'NONE', #945, #508, #762 ) ;
#1712 = VERTEX_POINT ( 'NONE', #636 ) ;
#1713 = ORIENTED_EDGE ( 'NONE', *, *, #2715, .T. ) ;
#1714 = DIRECTION ( 'NONE',  ( 0.000000000000000000, 1.000000000000000000, 0.000000000000000000 ) ) ;
#1715 = VERTEX_POINT ( 'NONE', #21 ) ;
#1716 = ADVANCED_FACE ( 'NONE', ( #832 ), #192, .F. ) ;
#1717 = DIRECTION ( 'NONE',  ( 0.000000000000000000, -0.000000000000000000, -1.000000000000000000 ) ) ;
#1718 = CIRCLE ( 'NONE', #714, 5.950000000000000178 ) ;
#1719 = CARTESIAN_POINT ( 'NONE',  ( -4.509472550914597200, -3.000000000000000888, 3.881643635439479212 ) ) ;
#1720 = CARTESIAN_POINT ( 'NONE',  ( -5.251986236058091784, -9.999942101960993313, -2.803263806207545450 ) ) ;
#1721 = ADVANCED_FACE ( 'NONE', ( #2600 ), #653, .T. ) ;
#1722 = EDGE_LOOP ( 'NONE', ( #46, #1106, #2610, #2226 ) ) ;
#1723 = ORIENTED_EDGE ( 'NONE', *, *, #2493, .T. ) ;
#1724 = CARTESIAN_POINT ( 'NONE',  ( 0.000000000000000000, -8.500000000000000000, 0.000000000000000000 ) ) ;
#1725 = DIRECTION ( 'NONE',  ( 0.000000000000000000, 0.000000000000000000, 1.000000000000000000 ) ) ;
#1726 = ORIENTED_EDGE ( 'NONE', *, *, #2261, .F. ) ;
#1727 = VERTEX_POINT ( 'NONE', #873 ) ;
#1728 = DIRECTION ( 'NONE',  ( 0.000000000000000000, -1.000000000000000000, 0.000000000000000000 ) ) ;
#1729 = COORDINATED_UNIVERSAL_TIME_OFFSET ( 8, 0, .AHEAD. ) ;
#1730 = VERTEX_POINT ( 'NONE', #1748 ) ;
#1731 = EDGE_CURVE ( 'NONE', #709, #1915, #913, .T. ) ;
#1732 = FACE_OUTER_BOUND ( 'NONE', #1972, .T. ) ;
#1733 = FACE_OUTER_BOUND ( 'NONE', #2324, .T. ) ;
#1734 = CARTESIAN_POINT ( 'NONE',  ( -3.726470224947658227, -8.500000000000000000, -0.4194277799318406608 ) ) ;
#1735 = VERTEX_POINT ( 'NONE', #902 ) ;
#1736 = CARTESIAN_POINT ( 'NONE',  ( 2.693744328489008133, -7.000000000000000000, -3.287284820749991621 ) ) ;
#1737 = CARTESIAN_POINT ( 'NONE',  ( -0.7436041668990011066, -9.811776037999242916, 4.186404949447886992 ) ) ;
#1738 = CIRCLE ( 'NONE', #1782, 3.000000000000000000 ) ;
#1739 = ORIENTED_EDGE ( 'NONE', *, *, #2387, .T. ) ;
#1740 = EDGE_LOOP ( 'NONE', ( #2397, #583, #2584, #2500 ) ) ;
#1741 = LINE ( 'NONE', #1026, #971 ) ;
#1742 = EDGE_CURVE ( 'NONE', #156, #1463, #918, .T. ) ;
#1743 = ORIENTED_EDGE ( 'NONE', *, *, #776, .T. ) ;
#1744 = DIRECTION ( 'NONE',  ( 0.000000000000000000, -0.000000000000000000, -1.000000000000000000 ) ) ;
#1745 = DIRECTION ( 'NONE',  ( 0.000000000000000000, 1.000000000000000000, 0.000000000000000000 ) ) ;
#1746 = CARTESIAN_POINT ( 'NONE',  ( 6.057944266206892969, -14.00000000000000000, 3.502346464390170944 ) ) ;
#1747 = ORIENTED_EDGE ( 'NONE', *, *, #216, .F. ) ;
#1748 = CARTESIAN_POINT ( 'NONE',  ( 0.000000000000000000, -14.50000000000000000, 7.500000000000000000 ) ) ;
#1749 = PLANE ( 'NONE',  #1779 ) ;
#1750 = EDGE_CURVE ( 'NONE', #1899, #1482, #149, .T. ) ;
#1751 = VERTEX_POINT ( 'NONE', #2025 ) ;
#1752 = VERTEX_POINT ( 'NONE', #492 ) ;
#1753 = ORIENTED_EDGE ( 'NONE', *, *, #937, .T. ) ;
#1754 = LINE ( 'NONE', #2200, #1951 ) ;
#1755 = FACE_OUTER_BOUND ( 'NONE', #2085, .T. ) ;
#1756 = CIRCLE ( 'NONE', #2657, 9.000000000000000000 ) ;
#1757 = FACE_OUTER_BOUND ( 'NONE', #1005, .T. ) ;
#1758 = CARTESIAN_POINT ( 'NONE',  ( 4.726231553813490471, -2.500000000000000444, 4.389218073841595569 ) ) ;
#1759 = ORIENTED_EDGE ( 'NONE', *, *, #998, .F. ) ;
#1760 = CARTESIAN_POINT ( 'NONE',  ( 1.299776926768709151, -2.553822379262368880, -6.053058128106756364 ) ) ;
#1761 = CYLINDRICAL_SURFACE ( 'NONE', #547, 1.000000000000000000 ) ;
#1762 = ORIENTED_EDGE ( 'NONE', *, *, #2456, .T. ) ;
#1763 = VERTEX_POINT ( 'NONE', #264 ) ;
#1764 = EDGE_LOOP ( 'NONE', ( #1666, #129, #2795, #2737 ) ) ;
#1765 = CARTESIAN_POINT ( 'NONE',  ( -1.422307026911046490, -8.986416926373902214, 5.777632421558823950 ) ) ;
#1766 =( NAMED_UNIT ( * ) PLANE_ANGLE_UNIT ( ) SI_UNIT ( $, .RADIAN. ) );
#1767 = EDGE_CURVE ( 'NONE', #2778, #1667, #1772, .T. ) ;
#1768 = CYLINDRICAL_SURFACE ( 'NONE', #1377, 2.500000000000000000 ) ;
#1769 = CYLINDRICAL_SURFACE ( 'NONE', #2363, 2.500000000000000000 ) ;
#1770 = CARTESIAN_POINT ( 'NONE',  ( -1.160664916446956907, -2.732502741095320875, -5.895745355135747268 ) ) ;
#1771 = EDGE_CURVE ( 'NONE', #1291, #723, #1738, .T. ) ;
#1772 = LINE ( 'NONE', #2209, #2458 ) ;
#1773 = CARTESIAN_POINT ( 'NONE',  ( -4.243558946999270276, -8.302660710368627406, -4.170743248126715486 ) ) ;
#1774 = EDGE_LOOP ( 'NONE', ( #1212, #2168, #1898, #2615 ) ) ;
#1775 = AXIS2_PLACEMENT_3D ( 'NONE', #1150, #2018, #2498 ) ;
#1776 = ORIENTED_EDGE ( 'NONE', *, *, #2644, .F. ) ;
#1777 = DIRECTION ( 'NONE',  ( -0.000000000000000000, -1.000000000000000000, -0.000000000000000000 ) ) ;
#1778 = DIRECTION ( 'NONE',  ( 0.000000000000000000, 0.000000000000000000, 1.000000000000000000 ) ) ;
#1779 = AXIS2_PLACEMENT_3D ( 'NONE', #1310, #920, #241 ) ;
#1780 = CIRCLE ( 'NONE', #779, 4.250000000000000000 ) ;
#1781 = ADVANCED_FACE ( 'NONE', ( #97 ), #506, .F. ) ;
#1782 = AXIS2_PLACEMENT_3D ( 'NONE', #1349, #1827, #1593 ) ;
#1783 = VECTOR ( 'NONE', #2389, 1000.000000000000000 ) ;
#1784 = CARTESIAN_POINT ( 'NONE',  ( 4.140714587454144002, -8.737488562538468173, -0.6770622263554506581 ) ) ;
#1785 = CARTESIAN_POINT ( 'NONE',  ( -3.960107276718352054, -8.500000000000000000, -0.5543181946642194990 ) ) ;
#1786 = EDGE_CURVE ( 'NONE', #655, #245, #746, .T. ) ;
#1787 = DIRECTION ( 'NONE',  ( 0.000000000000000000, -0.000000000000000000, -1.000000000000000000 ) ) ;
#1788 = EDGE_CURVE ( 'NONE', #815, #2016, #1279, .T. ) ;
#1789 = CARTESIAN_POINT ( 'NONE',  ( 0.000000000000000000, -3.000000000000000444, 0.000000000000000000 ) ) ;
#1790 = CARTESIAN_POINT ( 'NONE',  ( -6.062093144119645061, -14.50000000000000000, 3.495160397050535384 ) ) ;
#1791 = EDGE_LOOP ( 'NONE', ( #2068, #1612 ) ) ;
#1792 = ORIENTED_EDGE ( 'NONE', *, *, #1061, .T. ) ;
#1793 = CARTESIAN_POINT ( 'NONE',  ( 5.889823923990274324, -2.553712039374842924, 1.907854337460957561 ) ) ;
#1794 = DIRECTION ( 'NONE',  ( -1.000000000000000000, -0.000000000000000000, -0.000000000000000000 ) ) ;
#1795 = CARTESIAN_POINT ( 'NONE',  ( -4.056583818420898879, -7.302161091911694157, -1.275488023456380349 ) ) ;
#1796 = VECTOR ( 'NONE', #1474, 1000.000000000000000 ) ;
#1797 = DIRECTION ( 'NONE',  ( 0.000000000000000000, -1.000000000000000000, 0.000000000000000000 ) ) ;
#1798 = ADVANCED_FACE ( 'NONE', ( #308 ), #17, .F. ) ;
#1799 = DIRECTION ( 'NONE',  ( -0.000000000000000000, -1.000000000000000000, -0.000000000000000000 ) ) ;
#1800 = DIRECTION ( 'NONE',  ( 0.000000000000000000, -1.000000000000000000, 0.000000000000000000 ) ) ;
#1801 = DIRECTION ( 'NONE',  ( 0.000000000000000000, -1.000000000000000000, 0.000000000000000000 ) ) ;
#1802 = CARTESIAN_POINT ( 'NONE',  ( -5.678815766902990170, -7.746625297164746904, -1.776691431877828187 ) ) ;
#1803 = EDGE_CURVE ( 'NONE', #2340, #2242, #2648, .T. ) ;
#1804 = DIRECTION ( 'NONE',  ( 0.000000000000000000, -1.000000000000000000, 0.000000000000000000 ) ) ;
#1805 = EDGE_LOOP ( 'NONE', ( #1472, #1884, #2738, #1984, #1174, #2628 ) ) ;
#1806 = ORIENTED_EDGE ( 'NONE', *, *, #2202, .T. ) ;
#1807 = CARTESIAN_POINT ( 'NONE',  ( 0.9166162630673141409, -7.308656063970889072, 4.150797376284979023 ) ) ;
#1808 = CARTESIAN_POINT ( 'NONE',  ( -1.309546219060609307, -9.257181299556684451, 5.804615698729497453 ) ) ;
#1809 = CARTESIAN_POINT ( 'NONE',  ( -3.776729171740049296, -7.009914228971506844, -1.951457502578223924 ) ) ;
#1810 = FACE_OUTER_BOUND ( 'NONE', #1050, .T. ) ;
#1811 = ADVANCED_FACE ( 'NONE', ( #1144 ), #1688, .F. ) ;
#1812 = CARTESIAN_POINT ( 'NONE',  ( 0.000000000000000000, -14.50000000000000000, 4.250000000000000000 ) ) ;
#1813 = FACE_OUTER_BOUND ( 'NONE', #892, .T. ) ;
#1814 = CARTESIAN_POINT ( 'NONE',  ( 0.000000000000000000, -18.00000000000000355, 0.000000000000000000 ) ) ;
#1815 = CARTESIAN_POINT ( 'NONE',  ( 0.000000000000000000, -16.00000000000000000, 0.000000000000000000 ) ) ;
#1816 = DIRECTION ( 'NONE',  ( 0.000000000000000000, -1.000000000000000000, 0.000000000000000000 ) ) ;
#1817 = B_SPLINE_CURVE_WITH_KNOTS ( 'NONE', 3,
 ( #933, #2054, #721, #1161, #1595, #2278 ),
 .UNSPECIFIED., .F., .F.,
 ( 4, 2, 4 ),
 ( 0.000000000000000000, 0.0004169873061546198957, 0.0008339746123092397915 ),
 .UNSPECIFIED. ) ;
#1818 = VERTEX_POINT ( 'NONE', #504 ) ;
#1819 = CIRCLE ( 'NONE', #590, 1.600000000000149081 ) ;
#1820 = ORIENTED_EDGE ( 'NONE', *, *, #2691, .F. ) ;
#1821 = LINE ( 'NONE', #116, #2404 ) ;
#1822 = CARTESIAN_POINT ( 'NONE',  ( -2.693744328488962392, -8.500000000000000000, -3.287284820750029368 ) ) ;
#1823 = DIRECTION ( 'NONE',  ( -0.000000000000000000, 1.000000000000000000, -0.000000000000000000 ) ) ;
#1824 = ADVANCED_FACE ( 'NONE', ( #1117 ), #1138, .T. ) ;
#1825 = FACE_OUTER_BOUND ( 'NONE', #834, .T. ) ;
#1826 = CARTESIAN_POINT ( 'NONE',  ( 5.051918628853593773, -7.009820881222371014, -3.144825235353162274 ) ) ;
#1827 = DIRECTION ( 'NONE',  ( -0.000000000000000000, -1.000000000000000000, -0.000000000000000000 ) ) ;
#1828 = CARTESIAN_POINT ( 'NONE',  ( -5.624586920718583016, -7.509163121245371109, -1.942036174294330619 ) ) ;
#1829 = CARTESIAN_POINT ( 'NONE',  ( 6.057944266206908956, -2.500000000000000444, 3.502346464389797465 ) ) ;
#1830 = ORIENTED_EDGE ( 'NONE', *, *, #1502, .T. ) ;
#1831 = ORIENTED_EDGE ( 'NONE', *, *, #1894, .T. ) ;
#1832 = CARTESIAN_POINT ( 'NONE',  ( 2.805044731586738838, -9.144971579832292363, -3.193302093093639993 ) ) ;
#1833 = EDGE_CURVE ( 'NONE', #1393, #300, #2595, .T. ) ;
#1834 = CARTESIAN_POINT ( 'NONE',  ( -2.934717432683372262, -7.576331377757230534, -3.077337516871013534 ) ) ;
#1835 = CARTESIAN_POINT ( 'NONE',  ( -4.152619788271016077, -9.282869456614088577, -0.9096296465925370889 ) ) ;
#1836 = DIRECTION ( 'NONE',  ( 0.000000000000000000, 0.000000000000000000, -1.000000000000000000 ) ) ;
#1837 = CIRCLE ( 'NONE', #1112, 5.000000000000000888 ) ;
#1838 = CARTESIAN_POINT ( 'NONE',  ( -1.500000000000000000, -14.50000000000000178, -3.162277660168379523 ) ) ;
#1839 = VECTOR ( 'NONE', #612, 1000.000000000000114 ) ;
#1840 = CARTESIAN_POINT ( 'NONE',  ( -1.499999999999999778, -17.63494952593244847, -4.769696007084728073 ) ) ;
#1841 = DIRECTION ( 'NONE',  ( 0.000000000000000000, 0.000000000000000000, 1.000000000000000000 ) ) ;
#1842 = FACE_OUTER_BOUND ( 'NONE', #806, .T. ) ;
#1843 = ORIENTED_EDGE ( 'NONE', *, *, #2644, .T. ) ;
#1844 = EDGE_LOOP ( 'NONE', ( #356, #1074 ) ) ;
#1845 = AXIS2_PLACEMENT_3D ( 'NONE', #1531, #1267, #880 ) ;
#1846 = CARTESIAN_POINT ( 'NONE',  ( 4.193744328488984152, -8.500000000000000000, -0.6892086093966619531 ) ) ;
#1847 = CARTESIAN_POINT ( 'NONE',  ( -4.193744328488975270, -8.500000000000000000, -0.6892086093967199067 ) ) ;
#1848 = CIRCLE ( 'NONE', #1052, 2.500000000000000000 ) ;
#1849 = CARTESIAN_POINT ( 'NONE',  ( 0.000000000000000000, -15.50000000000000178, 0.000000000000000000 ) ) ;
#1850 = CARTESIAN_POINT ( 'NONE',  ( 6.057944266206908956, -2.500000000000000444, 2.502346464389797021 ) ) ;
#1851 = CARTESIAN_POINT ( 'NONE',  ( 0.000000000000000000, -9.000000000000001776, 0.000000000000000000 ) ) ;
#1852 = CARTESIAN_POINT ( 'NONE',  ( 5.644746394515144594, -7.584698125312222317, -1.882136171733505225 ) ) ;
#1853 = EDGE_CURVE ( 'NONE', #1874, #1550, #413, .T. ) ;
#1854 = CARTESIAN_POINT ( 'NONE',  ( 1.500000000000000444, -17.50000000000000000, -4.769696007084728961 ) ) ;
#1855 = FACE_OUTER_BOUND ( 'NONE', #1040, .T. ) ;
#1856 = ORIENTED_EDGE ( 'NONE', *, *, #313, .T. ) ;
#1857 = ORIENTED_EDGE ( 'NONE', *, *, #560, .F. ) ;
#1858 = LINE ( 'NONE', #2739, #1572 ) ;
#1859 = FACE_OUTER_BOUND ( 'NONE', #854, .T. ) ;
#1860 = EDGE_LOOP ( 'NONE', ( #183, #1120, #438, #1985 ) ) ;
#1861 = CARTESIAN_POINT ( 'NONE',  ( -1.500000000000000000, -8.500000000000000000, 3.976493430146716967 ) ) ;
#1862 = CC_DESIGN_PERSON_AND_ORGANIZATION_ASSIGNMENT ( #1370, #1616, ( #122 ) ) ;
#1863 = CARTESIAN_POINT ( 'NONE',  ( 5.736419055795444422, -8.500000000000000000, -1.579872278479151904 ) ) ;
#1864 = ORIENTED_EDGE ( 'NONE', *, *, #794, .T. ) ;
#1865 = CARTESIAN_POINT ( 'NONE',  ( 4.631031369959059063, -7.300668153043909037, -3.738446010630674721 ) ) ;
#1866 = TOROIDAL_SURFACE ( 'NONE', #55, 6.450000000000001066, 0.5000000000000000000 ) ;
#1867 = AXIS2_PLACEMENT_3D ( 'NONE', #473, #675, #1116 ) ;
#1868 = AXIS2_PLACEMENT_3D ( 'NONE', #2097, #1663, #347 ) ;
#1869 = VECTOR ( 'NONE', #2023, 1000.000000000000000 ) ;
#1870 = CIRCLE ( 'NONE', #2319, 1.000000000000000000 ) ;
#1871 = CARTESIAN_POINT ( 'NONE',  ( 0.000000000000000000, -8.500000000000000000, 0.000000000000000000 ) ) ;
#1872 = FACE_OUTER_BOUND ( 'NONE', #1527, .T. ) ;
#1873 = DIRECTION ( 'NONE',  ( 0.000000000000000000, 0.000000000000000000, 1.000000000000000000 ) ) ;
#1874 = VERTEX_POINT ( 'NONE', #252 ) ;
#1875 = EDGE_LOOP ( 'NONE', ( #935, #2280, #2252, #2613 ) ) ;
#1876 = CARTESIAN_POINT ( 'NONE',  ( 3.776295624971754084, -7.009755158146669274, -1.952319589896965857 ) ) ;
#1877 = CYLINDRICAL_SURFACE ( 'NONE', #686, 3.000000000000000000 ) ;
#1878 = VERTEX_POINT ( 'NONE', #733 ) ;
#1879 = DIRECTION ( 'NONE',  ( -0.000000000000000000, 1.000000000000000000, -0.000000000000000000 ) ) ;
#1880 = CARTESIAN_POINT ( 'NONE',  ( 0.000000000000000000, -3.000000000000000444, 0.000000000000000000 ) ) ;
#1881 = CARTESIAN_POINT ( 'NONE',  ( -4.193744328488975270, -7.000000000000000000, -0.6892086093967199067 ) ) ;
#1882 = CARTESIAN_POINT ( 'NONE',  ( -1.500000000000000000, -18.00000000000000355, -5.291502622129180544 ) ) ;
#1883 = DIRECTION ( 'NONE',  ( 0.000000000000000000, 0.000000000000000000, -1.000000000000000000 ) ) ;
#1884 = ORIENTED_EDGE ( 'NONE', *, *, #1608, .T. ) ;
#1885 = ORIENTED_EDGE ( 'NONE', *, *, #1894, .F. ) ;
#1886 = EDGE_CURVE ( 'NONE', #992, #74, #1609, .T. ) ;
#1887 = DIRECTION ( 'NONE',  ( -0.000000000000000000, -1.000000000000000000, -0.000000000000000000 ) ) ;
#1888 = CARTESIAN_POINT ( 'NONE',  ( 0.000000000000000000, -13.50000000000000178, 0.000000000000000000 ) ) ;
#1889 = AXIS2_PLACEMENT_3D ( 'NONE', #120, #979, #2519 ) ;
#1890 = ORIENTED_EDGE ( 'NONE', *, *, #1033, .F. ) ;
#1891 = DIRECTION ( 'NONE',  ( 0.000000000000000000, 0.000000000000000000, 1.000000000000000000 ) ) ;
#1892 = CARTESIAN_POINT ( 'NONE',  ( -1.500000000000000000, -8.500000000000000000, 5.757820768311567861 ) ) ;
#1893 = DIRECTION ( 'NONE',  ( 0.000000000000000000, -1.000000000000000000, 0.000000000000000000 ) ) ;
#1894 = EDGE_CURVE ( 'NONE', #1428, #1312, #1155, .T. ) ;
#1895 = CARTESIAN_POINT ( 'NONE',  ( -0.3956428306100173709, -7.039970830757710019, 4.235464177097786553 ) ) ;
#1896 = DIRECTION ( 'NONE',  ( 0.000000000000000000, 0.000000000000000000, 1.000000000000000000 ) ) ;
#1897 = EDGE_CURVE ( 'NONE', #2441, #946, #2772, .T. ) ;
#1898 = ORIENTED_EDGE ( 'NONE', *, *, #1767, .T. ) ;
#1899 = VERTEX_POINT ( 'NONE', #1460 ) ;
#1900 = LINE ( 'NONE', #1153, #209 ) ;
#1901 = CARTESIAN_POINT ( 'NONE',  ( 5.810913478096584761, -14.45581666767215268, 2.180576412677816212 ) ) ;
#1902 = EDGE_LOOP ( 'NONE', ( #1518, #607, #2468, #1747, #1723 ) ) ;
#1903 = DIRECTION ( 'NONE',  ( 0.000000000000000000, -1.000000000000000000, 0.000000000000000000 ) ) ;
#1904 = CARTESIAN_POINT ( 'NONE',  ( 5.681717763836000579, -9.257181299556688003, -1.768207556228427402 ) ) ;
#1905 = ORIENTED_EDGE ( 'NONE', *, *, #2496, .F. ) ;
#1906 = EDGE_CURVE ( 'NONE', #439, #1752, #561, .T. ) ;
#1907 = AXIS2_PLACEMENT_3D ( 'NONE', #366, #1452, #1917 ) ;
#1908 = FACE_OUTER_BOUND ( 'NONE', #2279, .T. ) ;
#1909 = B_SPLINE_CURVE_WITH_KNOTS ( 'NONE', 3,
 ( #2179, #874, #1982, #1995, #1737, #665, #1957, #706 ),
 .UNSPECIFIED., .F., .F.,
 ( 4, 2, 2, 4 ),
 ( 0.000000000000000000, 0.0004639961023145267450, 0.0009279922046290534901, 0.001855984409258103728 ),
 .UNSPECIFIED. ) ;
#1910 = CYLINDRICAL_SURFACE ( 'NONE', #916, 1.000000000000000888 ) ;
#1911 = AXIS2_PLACEMENT_3D ( 'NONE', #2123, #181, #1046 ) ;
#1912 = TOROIDAL_SURFACE ( 'NONE', #1280, 3.750000000000000444, 0.5000000000000000000 ) ;
#1913 = EDGE_LOOP ( 'NONE', ( #407, #989, #19, #2639, #1644, #447 ) ) ;
#1914 = AXIS2_PLACEMENT_3D ( 'NONE', #1486, #401, #350 ) ;
#1915 = VERTEX_POINT ( 'NONE', #2702 ) ;
#1916 = DIRECTION ( 'NONE',  ( 0.000000000000000000, -0.000000000000000000, 1.000000000000000000 ) ) ;
#1917 = DIRECTION ( 'NONE',  ( 0.000000000000000000, 0.000000000000000000, 1.000000000000000000 ) ) ;
#1918 = VERTEX_POINT ( 'NONE', #153 ) ;
#1919 = EDGE_LOOP ( 'NONE', ( #140, #708, #959, #495, #2015 ) ) ;
#1920 = CARTESIAN_POINT ( 'NONE',  ( 2.226470224947723509, -8.500000000000000000, -3.017503991285050535 ) ) ;
#1921 = ORIENTED_EDGE ( 'NONE', *, *, #2387, .F. ) ;
#1922 = PLANE ( 'NONE',  #737 ) ;
#1923 = CARTESIAN_POINT ( 'NONE',  ( -4.654785113636544125, -2.500000000000000444, 4.268812515000405483 ) ) ;
#1924 = CARTESIAN_POINT ( 'NONE',  ( 0.000000000000000000, -17.00000000000000000, 0.000000000000000000 ) ) ;
#1925 = ORIENTED_EDGE ( 'NONE', *, *, #396, .T. ) ;
#1926 = ORIENTED_EDGE ( 'NONE', *, *, #982, .T. ) ;
#1927 = FACE_BOUND ( 'NONE', #893, .T. ) ;
#1928 = DIRECTION ( 'NONE',  ( 0.000000000000000000, -1.000000000000000000, 0.000000000000000000 ) ) ;
#1929 = CIRCLE ( 'NONE', #1206, 1.100000000000150413 ) ;
#1930 = EDGE_CURVE ( 'NONE', #466, #2164, #321, .T. ) ;
#1931 = VERTEX_POINT ( 'NONE', #2509 ) ;
#1932 = ORIENTED_EDGE ( 'NONE', *, *, #2445, .F. ) ;
#1933 = FACE_OUTER_BOUND ( 'NONE', #2125, .T. ) ;
#1934 = DIRECTION ( 'NONE',  ( -0.8660254037844432595, 0.000000000000000000, 0.4999999999999919509 ) ) ;
#1935 = VERTEX_POINT ( 'NONE', #2734 ) ;
#1936 = CARTESIAN_POINT ( 'NONE',  ( -1.129323284432228958, -7.507972383532218075, 5.842262549070434297 ) ) ;
#1937 = CIRCLE ( 'NONE', #2436, 9.000000000000000000 ) ;
#1938 = CARTESIAN_POINT ( 'NONE',  ( 0.000000000000000000, -10.00000000000000000, 4.250000000000000000 ) ) ;
#1939 = DIRECTION ( 'NONE',  ( 0.000000000000000000, -1.000000000000000000, 0.000000000000000000 ) ) ;
#1940 = VERTEX_POINT ( 'NONE', #2108 ) ;
#1941 = VERTEX_POINT ( 'NONE', #760 ) ;
#1942 = CARTESIAN_POINT ( 'NONE',  ( 2.727292947068901796, -8.104310090107212261, -3.260471604358485376 ) ) ;
#1943 = LINE ( 'NONE', #2153, #2634 ) ;
#1944 = ADVANCED_FACE ( 'NONE', ( #1017 ), #2716, .T. ) ;
#1945 = ORIENTED_EDGE ( 'NONE', *, *, #804, .F. ) ;
#1946 = ORIENTED_EDGE ( 'NONE', *, *, #994, .T. ) ;
#1947 = DIRECTION ( 'NONE',  ( 0.000000000000000000, 1.000000000000000000, 0.000000000000000000 ) ) ;
#1948 = MECHANICAL_CONTEXT ( 'NONE', #569, 'mechanical' ) ;
#1949 = ORIENTED_EDGE ( 'NONE', *, *, #691, .F. ) ;
#1950 = CARTESIAN_POINT ( 'NONE',  ( -5.668796311641692398, -14.27798831985209738, 2.009736267870636528 ) ) ;
#1951 = VECTOR ( 'NONE', #2616, 1000.000000000000000 ) ;
#1952 = LINE ( 'NONE', #1100, #1419 ) ;
#1953 = EDGE_CURVE ( 'NONE', #2309, #845, #802, .T. ) ;
#1954 = CARTESIAN_POINT ( 'NONE',  ( 1.102182119232617517E-15, -2.500000000000000444, -9.000000000000000000 ) ) ;
#1955 = ORIENTED_EDGE ( 'NONE', *, *, #1510, .T. ) ;
#1956 = CARTESIAN_POINT ( 'NONE',  ( 0.000000000000000000, -2.500000000000000444, 0.000000000000000000 ) ) ;
#1957 = CARTESIAN_POINT ( 'NONE',  ( -1.311585320269718746, -9.290276503730208191, 4.044018787097966694 ) ) ;
#1958 = ORIENTED_EDGE ( 'NONE', *, *, #2002, .T. ) ;
#1959 = EDGE_LOOP ( 'NONE', ( #1932, #1254, #2453, #2723, #13, #364 ) ) ;
#1960 = ORIENTED_EDGE ( 'NONE', *, *, #1179, .T. ) ;
#1961 = VECTOR ( 'NONE', #429, 1000.000000000000000 ) ;
#1962 = CARTESIAN_POINT ( 'NONE',  ( -0.1961117264045503239, -9.990365598006079040, 5.947549519131751339 ) ) ;
#1963 = CARTESIAN_POINT ( 'NONE',  ( -1.490190132040577486, -8.302660710368627406, 5.760401474621453133 ) ) ;
#1964 = DIRECTION ( 'NONE',  ( 0.000000000000000000, 1.000000000000000000, 0.000000000000000000 ) ) ;
#1965 = CARTESIAN_POINT ( 'NONE',  ( -5.736419055795466626, -8.500000000000000000, -1.579872278479072634 ) ) ;
#1966 = ORIENTED_EDGE ( 'NONE', *, *, #585, .T. ) ;
#1967 = CARTESIAN_POINT ( 'NONE',  ( -1.500000000000000222, -16.00000000000000000, -5.674861759766864466 ) ) ;
#1968 = DIRECTION ( 'NONE',  ( 0.8660254037844362651, 0.000000000000000000, 0.5000000000000041078 ) ) ;
#1969 = VERTEX_POINT ( 'NONE', #531 ) ;
#1970 = EDGE_CURVE ( 'NONE', #1931, #2111, #2362, .T. ) ;
#1971 = ORIENTED_EDGE ( 'NONE', *, *, #85, .F. ) ;
#1972 = EDGE_LOOP ( 'NONE', ( #2689, #1462, #2719, #206, #2597, #2128 ) ) ;
#1973 = VECTOR ( 'NONE', #1611, 1000.000000000000000 ) ;
#1974 = CARTESIAN_POINT ( 'NONE',  ( -1.500000000000000222, -8.599516334144803764, 5.757820768311567861 ) ) ;
#1975 = PERSON_AND_ORGANIZATION ( #1695, #712 ) ;
#1976 = CARTESIAN_POINT ( 'NONE',  ( 0.000000000000000000, -18.00000000000000355, 0.000000000000000000 ) ) ;
#1977 = EDGE_CURVE ( 'NONE', #2182, #1878, #2052, .T. ) ;
#1978 = AXIS2_PLACEMENT_3D ( 'NONE', #2203, #1124, #1990 ) ;
#1979 = CARTESIAN_POINT ( 'NONE',  ( 0.000000000000000000, -2.500000000000000444, 0.000000000000000000 ) ) ;
#1980 = DIRECTION ( 'NONE',  ( 0.000000000000000000, -1.000000000000000000, 0.000000000000000000 ) ) ;
#1981 = CARTESIAN_POINT ( 'NONE',  ( 3.960107276718317415, -8.500000000000000000, -0.5543181946641997371 ) ) ;
#1982 = CARTESIAN_POINT ( 'NONE',  ( -0.3095238949724423150, -9.975952680522652827, 4.241336634197463873 ) ) ;
#1983 = EDGE_CURVE ( 'NONE', #24, #1019, #1053, .T. ) ;
#1984 = ORIENTED_EDGE ( 'NONE', *, *, #52, .T. ) ;
#1985 = ORIENTED_EDGE ( 'NONE', *, *, #1833, .F. ) ;
#1986 = DIRECTION ( 'NONE',  ( 0.000000000000000000, -1.000000000000000000, 0.000000000000000000 ) ) ;
#1987 = CARTESIAN_POINT ( 'NONE',  ( 0.000000000000000000, -7.000000000000000000, 0.000000000000000000 ) ) ;
#1988 = EDGE_CURVE ( 'NONE', #1487, #839, #1569, .T. ) ;
#1989 = EDGE_CURVE ( 'NONE', #2323, #1108, #1511, .T. ) ;
#1990 = DIRECTION ( 'NONE',  ( 0.000000000000000000, 0.000000000000000000, -1.000000000000000000 ) ) ;
#1991 = EDGE_CURVE ( 'NONE', #2663, #2396, #789, .T. ) ;
#1992 = CARTESIAN_POINT ( 'NONE',  ( 0.000000000000000000, -8.500000000000000000, 0.000000000000000000 ) ) ;
#1993 = CARTESIAN_POINT ( 'NONE',  ( -4.236419055795491495, -8.599516334144801988, -4.177948489832401968 ) ) ;
#1994 = DIRECTION ( 'NONE',  ( 0.000000000000000000, 1.000000000000000000, 0.000000000000000000 ) ) ;
#1995 = CARTESIAN_POINT ( 'NONE',  ( -0.6060600660355613956, -9.880917286827088475, 4.209208082585289112 ) ) ;
#1996 = EDGE_LOOP ( 'NONE', ( #311, #2121, #872, #1640 ) ) ;
#1997 = VERTEX_POINT ( 'NONE', #2065 ) ;
#1998 = CARTESIAN_POINT ( 'NONE',  ( 6.162034612578878523, -2.500000000000000444, 1.905735929603019185 ) ) ;
#1999 = CARTESIAN_POINT ( 'NONE',  ( 4.930681670532241156, -14.49999999999999822, 3.971909433652901722 ) ) ;
#2000 = CIRCLE ( 'NONE', #1416, 4.250000000000000000 ) ;
#2001 = VECTOR ( 'NONE', #2405, 1000.000000000000000 ) ;
#2002 = EDGE_CURVE ( 'NONE', #2396, #1969, #2271, .T. ) ;
#2003 = PERSON_AND_ORGANIZATION_ROLE ( 'classification_officer' ) ;
#2004 = VECTOR ( 'NONE', #334, 1000.000000000000000 ) ;
#2005 = VECTOR ( 'NONE', #489, 1000.000000000000000 ) ;
#2006 = DIRECTION ( 'NONE',  ( 5.329070518200751394E-15, 0.000000000000000000, -1.000000000000000000 ) ) ;
#2007 = DIRECTION ( 'NONE',  ( 0.000000000000000000, 0.000000000000000000, 1.000000000000000000 ) ) ;
#2008 = EDGE_CURVE ( 'NONE', #839, #24, #1006, .T. ) ;
#2009 = CARTESIAN_POINT ( 'NONE',  ( 0.000000000000000000, -13.50000000000000178, 0.000000000000000000 ) ) ;
#2010 = CARTESIAN_POINT ( 'NONE',  ( 0.000000000000000000, -16.00000000000000000, 0.000000000000000000 ) ) ;
#2011 = B_SPLINE_CURVE_WITH_KNOTS ( 'NONE', 3,
 ( #2483, #553, #302, #1440, #991, #1427, #2043, #1165, #2243, #2708 ),
 .UNSPECIFIED., .F., .F.,
 ( 4, 2, 2, 2, 4 ),
 ( 0.000000000000000000, 0.0004206243563784088559, 0.0008412487127568177118, 0.001261873069135226568, 0.001682497425513635424 ),
 .UNSPECIFIED. ) ;
#2012 = CARTESIAN_POINT ( 'NONE',  ( 0.000000000000000000, -15.00000000000000000, 0.000000000000000000 ) ) ;
#2013 = FACE_BOUND ( 'NONE', #406, .T. ) ;
#2014 = DIRECTION ( 'NONE',  ( 0.000000000000000000, 0.000000000000000000, -1.000000000000000000 ) ) ;
#2015 = ORIENTED_EDGE ( 'NONE', *, *, #1488, .T. ) ;
#2016 = VERTEX_POINT ( 'NONE', #2131 ) ;
#2017 = CARTESIAN_POINT ( 'NONE',  ( 1.499999999999999556, -13.50000000000000178, -2.000000000000000000 ) ) ;
#2018 = DIRECTION ( 'NONE',  ( -0.000000000000000000, 1.000000000000000000, -0.000000000000000000 ) ) ;
#2019 = ADVANCED_FACE ( 'NONE', ( #2162 ), #1703, .T. ) ;
#2020 = CARTESIAN_POINT ( 'NONE',  ( 1.500000000000000000, -8.500000000000000000, 3.436931771216880094 ) ) ;
#2021 = VECTOR ( 'NONE', #1104, 1000.000000000000000 ) ;
#2022 = CARTESIAN_POINT ( 'NONE',  ( 3.726470224947668441, -8.500000000000000000, -0.4194277799317481237 ) ) ;
#2023 = DIRECTION ( 'NONE',  ( -0.8660254037844363761, 0.000000000000000000, 0.5000000000000041078 ) ) ;
#2024 = CARTESIAN_POINT ( 'NONE',  ( -4.735548933666978044, -9.810316261631323087, -3.606954288583736012 ) ) ;
#2025 = CARTESIAN_POINT ( 'NONE',  ( 1.500000000000000000, -14.50000000000000178, -3.162277660168379523 ) ) ;
#2026 = CARTESIAN_POINT ( 'NONE',  ( -5.644681509960427057, -7.584477520363098080, -1.882326116709056363 ) ) ;
#2027 = CARTESIAN_POINT ( 'NONE',  ( 0.000000000000000000, -14.50000000000000178, -5.000000000000000888 ) ) ;
#2028 = ORIENTED_EDGE ( 'NONE', *, *, #381, .T. ) ;
#2029 = EDGE_LOOP ( 'NONE', ( #2380, #1706, #2588, #922 ) ) ;
#2030 = EDGE_CURVE ( 'NONE', #2557, #1045, #432, .T. ) ;
#2031 = CARTESIAN_POINT ( 'NONE',  ( 1.499999999999999556, -14.50000000000000178, -2.000000000000000000 ) ) ;
#2032 = DIRECTION ( 'NONE',  ( 0.000000000000000000, 0.000000000000000000, -1.000000000000000000 ) ) ;
#2033 = CYLINDRICAL_SURFACE ( 'NONE', #1066, 7.500000000000000000 ) ;
#2034 = CARTESIAN_POINT ( 'NONE',  ( 1.347852369081833146, -7.834492541716518765, 5.795453942153904414 ) ) ;
#2035 = B_SPLINE_CURVE_WITH_KNOTS ( 'NONE', 3,
 ( #1202, #559, #2081, #2063, #771, #2093, #121, #1852, #94, #953, #152, #1622, #530, #787, #1826, #2746, #2289, #997, #1865, #318, #1662, #1446, #2521, #1184, #2051, #109, #2304, #359 ),
 .UNSPECIFIED., .F., .F.,
 ( 4, 2, 2, 2, 2, 2, 2, 2, 2, 2, 2, 2, 2, 4 ),
 ( 0.000000000000000000, 0.0002942942680303656548, 0.0005885885360607313096, 0.0008828828040910923023, 0.001177177072121453295, 0.001765765608182177015, 0.002354354144242900952, 0.002648648412273262812, 0.002942942680303624672, 0.003531531216364349260, 0.003825825484394710686, 0.004120119752425071245, 0.004414414020455437009, 0.004708708288485802772 ),
 .UNSPECIFIED. ) ;
#2036 = CARTESIAN_POINT ( 'NONE',  ( 0.000000000000000000, -8.500000000000000000, 0.000000000000000000 ) ) ;
#2037 = ADVANCED_FACE ( 'NONE', ( #1908 ), #327, .F. ) ;
#2038 = CARTESIAN_POINT ( 'NONE',  ( 0.000000000000000000, -9.000000000000001776, 0.000000000000000000 ) ) ;
#2039 = CARTESIAN_POINT ( 'NONE',  ( -5.249457858705025792, -7.009820881222372790, -2.802677252762457272 ) ) ;
#2040 = FACE_OUTER_BOUND ( 'NONE', #1103, .T. ) ;
#2041 = ORIENTED_EDGE ( 'NONE', *, *, #2187, .T. ) ;
#2042 = ORIENTED_EDGE ( 'NONE', *, *, #2283, .F. ) ;
#2043 = CARTESIAN_POINT ( 'NONE',  ( -1.500000000000000222, -14.03231578765104892, -2.175806905014333825 ) ) ;
#2044 = VECTOR ( 'NONE', #314, 1000.000000000000114 ) ;
#2045 = FACE_OUTER_BOUND ( 'NONE', #377, .T. ) ;
#2046 = DIRECTION ( 'NONE',  ( 0.000000000000000000, 0.000000000000000000, -1.000000000000000000 ) ) ;
#2047 = CARTESIAN_POINT ( 'NONE',  ( 3.000000000000000000, -8.500000000000000000, 2.749518342565095362E-14 ) ) ;
#2048 = CIRCLE ( 'NONE', #1911, 1.000000000000000000 ) ;
#2049 = AXIS2_PLACEMENT_3D ( 'NONE', #2036, #2274, #745 ) ;
#2050 = VECTOR ( 'NONE', #2345, 1000.000000000000000 ) ;
#2051 = CARTESIAN_POINT ( 'NONE',  ( 4.271446425140865699, -8.109067105625149097, -4.142178588502503089 ) ) ;
#2052 = LINE ( 'NONE', #2290, #2729 ) ;
#2053 = CYLINDRICAL_SURFACE ( 'NONE', #2426, 4.250000000000000000 ) ;
#2054 = CARTESIAN_POINT ( 'NONE',  ( -3.848532542813200674, -8.500000000000000000, -0.4899004920094192639 ) ) ;
#2055 = ORIENTED_EDGE ( 'NONE', *, *, #1336, .F. ) ;
#2056 = ORIENTED_EDGE ( 'NONE', *, *, #93, .T. ) ;
#2057 = CARTESIAN_POINT ( 'NONE',  ( 4.156852552240752452, -7.741578762667120195, -0.8885169524153466725 ) ) ;
#2058 = CARTESIAN_POINT ( 'NONE',  ( 3.828381686801984873, -9.975578018566169547, -1.851466912109910767 ) ) ;
#2059 = FACE_OUTER_BOUND ( 'NONE', #100, .T. ) ;
#2060 = DIRECTION ( 'NONE',  ( 1.000000000000000000, -0.000000000000000000, 0.000000000000000000 ) ) ;
#2061 = DIRECTION ( 'NONE',  ( -0.000000000000000000, 1.000000000000000000, -0.000000000000000000 ) ) ;
#2062 = AXIS2_PLACEMENT_3D ( 'NONE', #2268, #2046, #2077 ) ;
#2063 = CARTESIAN_POINT ( 'NONE',  ( 5.723045913037807075, -8.110394304367938290, -1.627770639774957617 ) ) ;
#2064 = AXIS2_PLACEMENT_3D ( 'NONE', #2704, #1816, #86 ) ;
#2065 = CARTESIAN_POINT ( 'NONE',  ( 1.500000000000000000, -8.500000000000000000, 5.757820768311566972 ) ) ;
#2066 = CARTESIAN_POINT ( 'NONE',  ( -5.722955097225579379, -8.109067105625147320, -1.628091820824935754 ) ) ;
#2067 = DIRECTION ( 'NONE',  ( -0.000000000000000000, 1.000000000000000000, -0.000000000000000000 ) ) ;
#2068 = ORIENTED_EDGE ( 'NONE', *, *, #1788, .F. ) ;
#2069 = ORIENTED_EDGE ( 'NONE', *, *, #1179, .F. ) ;
#2070 = ADVANCED_FACE ( 'NONE', ( #1485 ), #1139, .F. ) ;
#2071 = LOCAL_TIME ( 11, 47, 15.00000000000000000, #2457 ) ;
#2072 = CARTESIAN_POINT ( 'NONE',  ( 3.470178822290384435, -7.048640966287579523, -2.455550561965366363 ) ) ;
#2073 = DIRECTION ( 'NONE',  ( 0.000000000000000000, 1.000000000000000000, 0.000000000000000000 ) ) ;
#2074 = B_SPLINE_CURVE_WITH_KNOTS ( 'NONE', 3,
 ( #44, #903, #1773, #2636, #696, #2210, #265, #1129, #335, #124, #1637, #1434, #562, #322, #2039, #1626, #2491, #2291, #1422, #1828, #2026, #1802, #944, #348, #2066, #1220, #734, #84 ),
 .UNSPECIFIED., .F., .F.,
 ( 4, 2, 2, 2, 2, 2, 2, 2, 2, 2, 2, 2, 2, 4 ),
 ( 0.000000000000000000, 0.0002942942680303660343, 0.0005885885360607320685, 0.0008828828040910934949, 0.001177177072121454813, 0.001765765608182180268, 0.002354354144242905723, 0.002648648412273268016, 0.002942942680303630310, 0.003531531216364354898, 0.003825825484394717192, 0.004120119752425079052, 0.004414414020455442213, 0.004708708288485804506 ),
 .UNSPECIFIED. ) ;
#2075 = AXIS2_PLACEMENT_3D ( 'NONE', #1149, #2213, #1355 ) ;
#2076 = VERTEX_POINT ( 'NONE', #2333 ) ;
#2077 = DIRECTION ( 'NONE',  ( -1.000000000000000000, 0.000000000000000000, 0.000000000000000000 ) ) ;
#2078 = CARTESIAN_POINT ( 'NONE',  ( -1.106865721271548031, -14.14247643335076354, -5.846139604480377727 ) ) ;
#2079 = EDGE_CURVE ( 'NONE', #1997, #439, #857, .T. ) ;
#2080 = EDGE_CURVE ( 'NONE', #2742, #2663, #1952, .T. ) ;
#2081 = CARTESIAN_POINT ( 'NONE',  ( 5.733749079039802687, -8.302660710368630959, -1.589658226494726323 ) ) ;
#2082 = CARTESIAN_POINT ( 'NONE',  ( -1.500000000000000222, -18.00000000000000711, -5.156705425068046189 ) ) ;
#2083 = CARTESIAN_POINT ( 'NONE',  ( -5.618663853450710732, -3.000000000000000888, 1.957834646216690677 ) ) ;
#2084 = CARTESIAN_POINT ( 'NONE',  ( 6.057944266206892969, -14.00000000000000000, 3.502346464390170944 ) ) ;
#2085 = EDGE_LOOP ( 'NONE', ( #1438, #1352, #2766, #1054 ) ) ;
#2086 = ORIENTED_EDGE ( 'NONE', *, *, #1024, .F. ) ;
#2087 = CARTESIAN_POINT ( 'NONE',  ( -3.083013063874060489, -9.633518443096953376, -2.928110738382893707 ) ) ;
#2088 = CARTESIAN_POINT ( 'NONE',  ( 0.000000000000000000, -8.500000000000000000, 0.000000000000000000 ) ) ;
#2089 = ORIENTED_EDGE ( 'NONE', *, *, #729, .F. ) ;
#2090 = FACE_OUTER_BOUND ( 'NONE', #2563, .T. ) ;
#2091 = EDGE_CURVE ( 'NONE', #2111, #904, #242, .T. ) ;
#2092 = CARTESIAN_POINT ( 'NONE',  ( -0.9669765188576890935, -14.50000000000000355, -6.257286530131064950 ) ) ;
#2093 = CARTESIAN_POINT ( 'NONE',  ( 5.692788585270601942, -7.833448082865129614, -1.730942618586520654 ) ) ;
#2094 = ADVANCED_FACE ( 'NONE', ( #1733 ), #1912, .F. ) ;
#2095 = AXIS2_PLACEMENT_3D ( 'NONE', #1814, #2191, #2673 ) ;
#2096 = AXIS2_PLACEMENT_3D ( 'NONE', #2683, #756, #1836 ) ;
#2097 = CARTESIAN_POINT ( 'NONE',  ( 0.000000000000000000, -14.00000000000000000, 0.000000000000000000 ) ) ;
#2098 = CARTESIAN_POINT ( 'NONE',  ( -1.106865721271547809, -3.000000000000000888, -5.846139604480378615 ) ) ;
#2099 = EDGE_LOOP ( 'NONE', ( #1762, #625, #1960, #1945 ) ) ;
#2100 = ORIENTED_EDGE ( 'NONE', *, *, #812, .T. ) ;
#2101 = LINE ( 'NONE', #115, #2154 ) ;
#2102 = DIRECTION ( 'NONE',  ( -0.000000000000000000, -1.000000000000000000, -0.000000000000000000 ) ) ;
#2103 = ORIENTED_EDGE ( 'NONE', *, *, #2608, .F. ) ;
#2104 = DIRECTION ( 'NONE',  ( -1.000000000000000000, -0.000000000000000000, -0.000000000000000000 ) ) ;
#2105 = DIRECTION ( 'NONE',  ( 0.000000000000000000, 1.000000000000000000, 0.000000000000000000 ) ) ;
#2106 = EDGE_CURVE ( 'NONE', #621, #2783, #2792, .T. ) ;
#2107 = DIRECTION ( 'NONE',  ( 0.000000000000000000, 0.000000000000000000, -1.000000000000000000 ) ) ;
#2108 = CARTESIAN_POINT ( 'NONE',  ( 1.438058577789819381, -2.500000000000000444, -6.287645626690894218 ) ) ;
#2109 = CARTESIAN_POINT ( 'NONE',  ( 0.004148877913051413589, -2.500000000000000444, -6.997506861440191628 ) ) ;
#2110 = ORIENTED_EDGE ( 'NONE', *, *, #2283, .T. ) ;
#2111 = VERTEX_POINT ( 'NONE', #2577 ) ;
#2112 = CARTESIAN_POINT ( 'NONE',  ( -2.863230318119645013, -9.281256647912181634, -3.142244344907754172 ) ) ;
#2113 = CARTESIAN_POINT ( 'NONE',  ( 1.500000000000000444, -16.00000000000000000, -5.674953668114303795 ) ) ;
#2114 = SECURITY_CLASSIFICATION ( '', '', #2429 ) ;
#2115 = EDGE_CURVE ( 'NONE', #1667, #101, #552, .T. ) ;
#2116 = EDGE_LOOP ( 'NONE', ( #1062, #2253, #792, #878 ) ) ;
#2117 = CARTESIAN_POINT ( 'NONE',  ( 1.500000000000000444, -8.696211342478257222, 5.757820768311566972 ) ) ;
#2118 = CARTESIAN_POINT ( 'NONE',  ( 5.714729964254058991, -8.986416926373903991, -1.657062193493355595 ) ) ;
#2119 = CARTESIAN_POINT ( 'NONE',  ( 0.000000000000000000, -9.000000000000001776, 0.000000000000000000 ) ) ;
#2120 = CARTESIAN_POINT ( 'NONE',  ( 1.500000000000000222, -14.38242120016649217, -2.613685370261779717 ) ) ;
#2121 = ORIENTED_EDGE ( 'NONE', *, *, #1750, .F. ) ;
#2122 = EDGE_LOOP ( 'NONE', ( #2771, #2538, #212, #1222 ) ) ;
#2123 = CARTESIAN_POINT ( 'NONE',  ( -6.062093144119645061, -2.500000000000000444, 3.495160397050535384 ) ) ;
#2124 = DIRECTION ( 'NONE',  ( 0.000000000000000000, 0.000000000000000000, 1.000000000000000000 ) ) ;
#2125 = EDGE_LOOP ( 'NONE', ( #667, #2327, #1707, #1078 ) ) ;
#2126 = CARTESIAN_POINT ( 'NONE',  ( 6.057944266206908956, -14.50000000000000000, 3.502346464389797465 ) ) ;
#2127 = DIRECTION ( 'NONE',  ( 0.000000000000000000, 0.000000000000000000, 1.000000000000000000 ) ) ;
#2128 = ORIENTED_EDGE ( 'NONE', *, *, #2752, .F. ) ;
#2129 = AXIS2_PLACEMENT_3D ( 'NONE', #1888, #1239, #582 ) ;
#2130 = AXIS2_PLACEMENT_3D ( 'NONE', #2625, #679, #1553 ) ;
#2131 = CARTESIAN_POINT ( 'NONE',  ( -6.062093144119645061, 0.000000000000000000, 2.495160397050535384 ) ) ;
#2132 = CIRCLE ( 'NONE', #912, 1.000000000000000444 ) ;
#2133 = EDGE_CURVE ( 'NONE', #1463, #522, #2576, .T. ) ;
#2134 = CARTESIAN_POINT ( 'NONE',  ( 1.113797386692954472, -14.00000000000000000, -5.844822955521913777 ) ) ;
#2135 = AXIS2_PLACEMENT_3D ( 'NONE', #296, #955, #1159 ) ;
#2136 = TOROIDAL_SURFACE ( 'NONE', #414, 3.500000000000000000, 1.000000000000000000 ) ;
#2137 = ORIENTED_EDGE ( 'NONE', *, *, #2776, .T. ) ;
#2138 = AXIS2_PLACEMENT_3D ( 'NONE', #2109, #604, #2525 ) ;
#2139 = ORIENTED_EDGE ( 'NONE', *, *, #1930, .F. ) ;
#2140 = CARTESIAN_POINT ( 'NONE',  ( -1.500000000000000000, -15.00000000000000000, -4.769696007084728961 ) ) ;
#2141 = FACE_OUTER_BOUND ( 'NONE', #1514, .T. ) ;
#2142 = ORIENTED_EDGE ( 'NONE', *, *, #757, .F. ) ;
#2143 = CARTESIAN_POINT ( 'NONE',  ( -1.106865721271547809, -14.00000000000000000, -5.846139604480378615 ) ) ;
#2144 = DIRECTION ( 'NONE',  ( -0.000000000000000000, 1.000000000000000000, -0.000000000000000000 ) ) ;
#2145 = DIRECTION ( 'NONE',  ( -0.000000000000000000, 1.000000000000000000, -0.000000000000000000 ) ) ;
#2146 = ORIENTED_EDGE ( 'NONE', *, *, #1886, .T. ) ;
#2147 = CARTESIAN_POINT ( 'NONE',  ( -1.500000000000000000, -14.50000000000000178, -2.000000000000000000 ) ) ;
#2148 = FACE_OUTER_BOUND ( 'NONE', #2494, .T. ) ;
#2149 = CARTESIAN_POINT ( 'NONE',  ( -1.369507525165000406, -2.500000000000000000, -6.165568415067089525 ) ) ;
#2150 = ORIENTED_EDGE ( 'NONE', *, *, #729, .T. ) ;
#2151 = ORIENTED_EDGE ( 'NONE', *, *, #1624, .F. ) ;
#2152 = CARTESIAN_POINT ( 'NONE',  ( -6.062093144119645061, -14.50000000000000000, 3.495160397050535384 ) ) ;
#2153 = CARTESIAN_POINT ( 'NONE',  ( -9.897114317030013098, -8.500000000000000000, -7.446152422706523666 ) ) ;
#2154 = VECTOR ( 'NONE', #818, 1000.000000000000000 ) ;
#2155 = APPROVAL ( #78, 'æœª' ) ;
#2156 = ORIENTED_EDGE ( 'NONE', *, *, #27, .T. ) ;
#2157 = ORIENTED_EDGE ( 'NONE', *, *, #2237, .F. ) ;
#2158 = CARTESIAN_POINT ( 'NONE',  ( 4.592213646139972738, -2.553822379262366216, 4.152168901887958619 ) ) ;
#2159 = CARTESIAN_POINT ( 'NONE',  ( 0.000000000000000000, -15.00000000000000000, -5.000000000000000000 ) ) ;
#2160 = ORIENTED_EDGE ( 'NONE', *, *, #499, .T. ) ;
#2161 = DIRECTION ( 'NONE',  ( 0.000000000000000000, -1.000000000000000000, 0.000000000000000000 ) ) ;
#2162 = FACE_OUTER_BOUND ( 'NONE', #2391, .T. ) ;
#2163 = CARTESIAN_POINT ( 'NONE',  ( -1.500000000000000000, -8.500000000000000000, 2.598076211353316012 ) ) ;
#2164 = VERTEX_POINT ( 'NONE', #828 ) ;
#2165 = DIRECTION ( 'NONE',  ( -0.000000000000000000, 1.000000000000000000, -0.000000000000000000 ) ) ;
#2166 = VERTEX_POINT ( 'NONE', #2561 ) ;
#2167 = VERTEX_POINT ( 'NONE', #1289 ) ;
#2168 = ORIENTED_EDGE ( 'NONE', *, *, #2741, .F. ) ;
#2169 = DIRECTION ( 'NONE',  ( 0.000000000000000000, 0.000000000000000000, -1.000000000000000000 ) ) ;
#2170 = CARTESIAN_POINT ( 'NONE',  ( -6.062093144119645061, -14.50000000000000000, 4.495160397050535828 ) ) ;
#2171 = FACE_BOUND ( 'NONE', #2241, .T. ) ;
#2172 = B_SPLINE_CURVE_WITH_KNOTS ( 'NONE', 3,
 ( #1965, #842, #30, #885, #2622, #461, #249, #42, #901, #1563, #263, #2420, #1720, #1348, #1126, #2578, #1607, #2024, #2464, #705, #2448, #1591, #490, #1361, #1993, #2220 ),
 .UNSPECIFIED., .F., .F.,
 ( 4, 2, 2, 2, 2, 2, 2, 2, 2, 2, 2, 2, 4 ),
 ( 0.004708708288485804506, 0.005297136547231407790, 0.005591350676604210299, 0.005885564805977011940, 0.006179778935349814449, 0.006473993064722616091, 0.007062421323468218506, 0.007356635452841018413, 0.007650849582213818320, 0.008239277840959416399, 0.008827706099705016213, 0.009121920229077814385, 0.009416134358450614292 ),
 .UNSPECIFIED. ) ;
#2173 = VECTOR ( 'NONE', #289, 1000.000000000000000 ) ;
#2174 = CARTESIAN_POINT ( 'NONE',  ( 0.6049789791100199654, -9.881335976346090177, 4.209347618752741660 ) ) ;
#2175 = DIRECTION ( 'NONE',  ( 0.000000000000000000, 0.000000000000000000, 1.000000000000000000 ) ) ;
#2176 = ADVANCED_FACE ( 'NONE', ( #2148 ), #210, .F. ) ;
#2177 = ORIENTED_EDGE ( 'NONE', *, *, #1705, .T. ) ;
#2178 = FACE_OUTER_BOUND ( 'NONE', #286, .T. ) ;
#2179 = CARTESIAN_POINT ( 'NONE',  ( 0.000000000000000000, -10.00000000000000000, 4.250000000000000000 ) ) ;
#2180 = ORIENTED_EDGE ( 'NONE', *, *, #2752, .T. ) ;
#2181 = CIRCLE ( 'NONE', #1333, 9.000000000000000000 ) ;
#2182 = VERTEX_POINT ( 'NONE', #1521 ) ;
#2183 = ORIENTED_EDGE ( 'NONE', *, *, #2115, .F. ) ;
#2184 = CYLINDRICAL_SURFACE ( 'NONE', #361, 4.250000000000000000 ) ;
#2185 = DIRECTION ( 'NONE',  ( -0.000000000000000000, 1.000000000000000000, -0.000000000000000000 ) ) ;
#2186 = EDGE_CURVE ( 'NONE', #1249, #992, #472, .T. ) ;
#2187 = EDGE_CURVE ( 'NONE', #1489, #2167, #1389, .T. ) ;
#2188 = DIRECTION ( 'NONE',  ( 0.000000000000000000, 0.000000000000000000, -1.000000000000000000 ) ) ;
#2189 = ADVANCED_FACE ( 'NONE', ( #2658 ), #2459, .T. ) ;
#2190 = DIRECTION ( 'NONE',  ( 0.000000000000000000, -1.000000000000000000, 0.000000000000000000 ) ) ;
#2191 = DIRECTION ( 'NONE',  ( 0.000000000000000000, -1.000000000000000000, 0.000000000000000000 ) ) ;
#2192 = CARTESIAN_POINT ( 'NONE',  ( 1.500000000000000000, -8.500000000000000000, 2.598076211353316012 ) ) ;
#2193 = EDGE_CURVE ( 'NONE', #2182, #839, #2447, .T. ) ;
#2194 = ORIENTED_EDGE ( 'NONE', *, *, #1083, .F. ) ;
#2195 = EDGE_LOOP ( 'NONE', ( #1193, #996, #2211, #2799 ) ) ;
#2196 = ORIENTED_EDGE ( 'NONE', *, *, #1788, .T. ) ;
#2197 = ADVANCED_FACE ( 'NONE', ( #2248 ), #2136, .T. ) ;
#2198 = AXIS2_PLACEMENT_3D ( 'NONE', #526, #584, #798 ) ;
#2199 = TOROIDAL_SURFACE ( 'NONE', #2064, 6.000000000000000000, 1.000000000000000000 ) ;
#2200 = CARTESIAN_POINT ( 'NONE',  ( 6.057944266206908956, -14.50000000000000000, 2.502346464389797021 ) ) ;
#2201 = DATE_AND_TIME ( #1134, #843 ) ;
#2202 = EDGE_CURVE ( 'NONE', #299, #522, #41, .T. ) ;
#2203 = CARTESIAN_POINT ( 'NONE',  ( 0.000000000000000000, -15.00000000000000000, 0.000000000000000000 ) ) ;
#2204 = VECTOR ( 'NONE', #2145, 1000.000000000000000 ) ;
#2205 = DIRECTION ( 'NONE',  ( 0.000000000000000000, 0.000000000000000000, -1.000000000000000000 ) ) ;
#2206 = PLANE ( 'NONE',  #1004 ) ;
#2207 = VECTOR ( 'NONE', #1777, 1000.000000000000000 ) ;
#2208 = ADVANCED_FACE ( 'NONE', ( #1562 ), #2235, .T. ) ;
#2209 = CARTESIAN_POINT ( 'NONE',  ( 0.004148877912688551939, -14.50000000000000000, -5.997506861440361270 ) ) ;
#2210 = CARTESIAN_POINT ( 'NONE',  ( -4.345434572824405706, -7.833448082865129614, -4.064628223925135231 ) ) ;
#2211 = ORIENTED_EDGE ( 'NONE', *, *, #1111, .T. ) ;
#2212 = ORIENTED_EDGE ( 'NONE', *, *, #2608, .T. ) ;
#2213 = DIRECTION ( 'NONE',  ( 0.000000000000000000, -1.000000000000000000, 0.000000000000000000 ) ) ;
#2214 = CARTESIAN_POINT ( 'NONE',  ( 0.000000000000000000, -15.50000000000000178, 0.000000000000000000 ) ) ;
#2215 = EDGE_CURVE ( 'NONE', #2167, #2182, #294, .T. ) ;
#2216 = PLANE ( 'NONE',  #2640 ) ;
#2217 = APPLICATION_CONTEXT ( 'configuration controlled 3d designs of mechanical parts and assemblies' ) ;
#2218 = DIRECTION ( 'NONE',  ( 0.000000000000000000, 0.000000000000000000, 1.000000000000000000 ) ) ;
#2219 = DIRECTION ( 'NONE',  ( 0.4999999999999917843, -0.000000000000000000, 0.8660254037844434816 ) ) ;
#2220 = CARTESIAN_POINT ( 'NONE',  ( -4.236419055795490607, -8.500000000000000000, -4.177948489832401968 ) ) ;
#2221 = EDGE_CURVE ( 'NONE', #1037, #402, #1168, .T. ) ;
#2222 = DIRECTION ( 'NONE',  ( -0.000000000000000000, 1.000000000000000000, -0.000000000000000000 ) ) ;
#2223 = CARTESIAN_POINT ( 'NONE',  ( 3.061616997868383141E-16, -12.10000000000000142, 2.500000000000000000 ) ) ;
#2224 = DIRECTION ( 'NONE',  ( 0.000000000000000000, 0.000000000000000000, -1.000000000000000000 ) ) ;
#2225 = ORIENTED_EDGE ( 'NONE', *, *, #2508, .T. ) ;
#2226 = ORIENTED_EDGE ( 'NONE', *, *, #174, .T. ) ;
#2227 = LINE ( 'NONE', #2425, #125 ) ;
#2228 = CARTESIAN_POINT ( 'NONE',  ( 0.000000000000000000, -15.00000000000000000, -6.000000000000000000 ) ) ;
#2229 = VECTOR ( 'NONE', #1526, 999.9999999999998863 ) ;
#2230 = VECTOR ( 'NONE', #2375, 1000.000000000000000 ) ;
#2231 = VECTOR ( 'NONE', #123, 1000.000000000000114 ) ;
#2232 = VECTOR ( 'NONE', #29, 1000.000000000000000 ) ;
#2233 = CARTESIAN_POINT ( 'NONE',  ( -4.113748598161177661, -7.509118454839675216, -1.069875209821541828 ) ) ;
#2234 = CARTESIAN_POINT ( 'NONE',  ( 4.187039880650943680, -8.868009848111109150, -0.7305106864793847743 ) ) ;
#2235 = PLANE ( 'NONE',  #507 ) ;
#2236 = DIRECTION ( 'NONE',  ( 0.000000000000000000, -1.000000000000000000, 0.000000000000000000 ) ) ;
#2237 = EDGE_CURVE ( 'NONE', #1037, #2396, #884, .T. ) ;
#2238 = CARTESIAN_POINT ( 'NONE',  ( 1.500000000000000000, -8.499999999999998224, 3.577877195372044739 ) ) ;
#2239 = DIRECTION ( 'NONE',  ( 0.000000000000000000, 0.000000000000000000, -1.000000000000000000 ) ) ;
#2240 = DIRECTION ( 'NONE',  ( 0.000000000000000000, 1.000000000000000000, 0.000000000000000000 ) ) ;
#2241 = EDGE_LOOP ( 'NONE', ( #1384, #2517 ) ) ;
#2242 = VERTEX_POINT ( 'NONE', #2463 ) ;
#2243 = CARTESIAN_POINT ( 'NONE',  ( -1.500000000000000222, -13.64295193695039110, -2.000000000000001332 ) ) ;
#2244 = CALENDAR_DATE ( 2026, 18, 2 ) ;
#2245 = DIRECTION ( 'NONE',  ( 0.000000000000000000, 0.000000000000000000, 1.000000000000000000 ) ) ;
#2246 = CARTESIAN_POINT ( 'NONE',  ( 1.451508672084679041, -8.109067105625147320, 5.770270409327475036 ) ) ;
#2247 = EDGE_CURVE ( 'NONE', #2166, #402, #1008, .T. ) ;
#2248 = FACE_OUTER_BOUND ( 'NONE', #2029, .T. ) ;
#2249 = DIRECTION ( 'NONE',  ( 0.000000000000000000, 1.000000000000000000, 0.000000000000000000 ) ) ;
#2250 = DIRECTION ( 'NONE',  ( 0.000000000000000000, 0.000000000000000000, -1.000000000000000000 ) ) ;
#2251 = FACE_OUTER_BOUND ( 'NONE', #2382, .T. ) ;
#2252 = ORIENTED_EDGE ( 'NONE', *, *, #2574, .T. ) ;
#2253 = ORIENTED_EDGE ( 'NONE', *, *, #1930, .T. ) ;
#2254 = CARTESIAN_POINT ( 'NONE',  ( 2.864072276120121607, -9.282869456614086801, -3.141459405604375199 ) ) ;
#2255 = CARTESIAN_POINT ( 'NONE',  ( -2.847904528605211372, -7.741578762667118419, -3.155681433818984694 ) ) ;
#2256 = DIRECTION ( 'NONE',  ( -0.8660254037844362651, 0.000000000000000000, -0.5000000000000041078 ) ) ;
#2257 = DIRECTION ( 'NONE',  ( 0.8660254037844432595, 0.000000000000000000, 0.4999999999999919509 ) ) ;
#2258 = CYLINDRICAL_SURFACE ( 'NONE', #2049, 3.000000000000000000 ) ;
#2259 = CARTESIAN_POINT ( 'NONE',  ( 1.500000000000000222, -17.94852670286094920, -5.024309801098556960 ) ) ;
#2260 = DIRECTION ( 'NONE',  ( 0.000000000000000000, -1.000000000000000000, 0.000000000000000000 ) ) ;
#2261 = EDGE_CURVE ( 'NONE', #1274, #1730, #2506, .T. ) ;
#2262 = CYLINDRICAL_SURFACE ( 'NONE', #615, 4.250000000000000000 ) ;
#2263 = ORIENTED_EDGE ( 'NONE', *, *, #1083, .T. ) ;
#2264 = VERTEX_POINT ( 'NONE', #1335 ) ;
#2265 = CARTESIAN_POINT ( 'NONE',  ( 1.500000000000000000, -15.00000000000000000, -4.769696007084728073 ) ) ;
#2266 = B_SPLINE_CURVE_WITH_KNOTS ( 'NONE', 3,
 ( #856, #840, #1950, #649, #40, #2418 ),
 .UNSPECIFIED., .F., .F.,
 ( 4, 2, 4 ),
 ( 0.000000000000000000, 0.0004210559102423308770, 0.0008421118204846617539 ),
 .UNSPECIFIED. ) ;
#2267 = CARTESIAN_POINT ( 'NONE',  ( 0.004148877912688675104, -14.50000000000000000, -7.997506861440361270 ) ) ;
#2268 = CARTESIAN_POINT ( 'NONE',  ( 0.000000000000000000, -8.500000000000000000, 9.000000000000000000 ) ) ;
#2269 = ADVANCED_FACE ( 'NONE', ( #1757 ), #1376, .T. ) ;
#2270 = CARTESIAN_POINT ( 'NONE',  ( 5.722961488810115682, -8.890857268624273502, -1.628069345915389210 ) ) ;
#2271 = CIRCLE ( 'NONE', #646, 4.250000000000000000 ) ;
#2272 = VECTOR ( 'NONE', #1156, 1000.000000000000000 ) ;
#2273 = CIRCLE ( 'NONE', #2138, 1.600000000000149081 ) ;
#2274 = DIRECTION ( 'NONE',  ( 0.000000000000000000, 1.000000000000000000, 0.000000000000000000 ) ) ;
#2275 = EDGE_CURVE ( 'NONE', #74, #2557, #459, .T. ) ;
#2276 = CARTESIAN_POINT ( 'NONE',  ( 1.102182119232617517E-15, -14.50000000000000000, -9.000000000000000000 ) ) ;
#2277 = DIRECTION ( 'NONE',  ( 0.000000000000000000, 1.000000000000000000, 0.000000000000000000 ) ) ;
#2278 = CARTESIAN_POINT ( 'NONE',  ( -4.177967625415259789, -9.000000000000001776, -0.7791575713435472395 ) ) ;
#2279 = EDGE_LOOP ( 'NONE', ( #549, #37, #2069, #2568 ) ) ;
#2280 = ORIENTED_EDGE ( 'NONE', *, *, #1624, .T. ) ;
#2281 = CARTESIAN_POINT ( 'NONE',  ( 3.578376357508513905, -7.009914228971506844, -2.295014654651516217 ) ) ;
#2282 = CARTESIAN_POINT ( 'NONE',  ( 3.603118495372448216, -10.00001459565328688, -2.259226003137838390 ) ) ;
#2283 = EDGE_CURVE ( 'NONE', #1532, #1940, #2318, .T. ) ;
#2284 = ADVANCED_FACE ( 'NONE', ( #900 ), #1769, .F. ) ;
#2285 = ORIENTED_EDGE ( 'NONE', *, *, #1970, .F. ) ;
#2286 = CYLINDRICAL_SURFACE ( 'NONE', #2379, 1.600000000000149969 ) ;
#2287 = LINE ( 'NONE', #1683, #305 ) ;
#2288 = AXIS2_PLACEMENT_3D ( 'NONE', #2711, #1823, #106 ) ;
#2289 = CARTESIAN_POINT ( 'NONE',  ( 4.894402351892586545, -7.076801459551290030, -3.384626628583576213 ) ) ;
#2290 = CARTESIAN_POINT ( 'NONE',  ( 1.500000000000000000, -15.50000000000000178, -4.769696007084728073 ) ) ;
#2291 = CARTESIAN_POINT ( 'NONE',  ( -5.492003309431884972, -7.190202433480623156, -2.296494467161624087 ) ) ;
#2292 = CARTESIAN_POINT ( 'NONE',  ( 0.000000000000000000, -15.50000000000000178, 0.000000000000000000 ) ) ;
#2293 = ORIENTED_EDGE ( 'NONE', *, *, #899, .F. ) ;
#2294 = EDGE_CURVE ( 'NONE', #450, #2295, #51, .T. ) ;
#2295 = VERTEX_POINT ( 'NONE', #1360 ) ;
#2296 = CIRCLE ( 'NONE', #1978, 5.000000000000000000 ) ;
#2297 = CARTESIAN_POINT ( 'NONE',  ( 0.000000000000000000, -7.000000000000000000, 0.000000000000000000 ) ) ;
#2298 = CARTESIAN_POINT ( 'NONE',  ( -1.500000000000000000, -8.500000000000000000, 3.976493430146716967 ) ) ;
#2299 = VECTOR ( 'NONE', #90, 1000.000000000000000 ) ;
#2300 = ORIENTED_EDGE ( 'NONE', *, *, #1182, .F. ) ;
#2301 = CARTESIAN_POINT ( 'NONE',  ( -3.758106359293982290, -10.00001459565328688, -1.990779148269166354 ) ) ;
#2302 = EDGE_CURVE ( 'NONE', #556, #1393, #1638, .T. ) ;
#2303 = LINE ( 'NONE', #799, #619 ) ;
#2304 = CARTESIAN_POINT ( 'NONE',  ( 4.236419055795432875, -8.401867606533732769, -4.177948489832459700 ) ) ;
#2305 = CARTESIAN_POINT ( 'NONE',  ( 1.500000000000000000, -8.500000000000000000, 3.976493430146716967 ) ) ;
#2306 = PLANE ( 'NONE',  #104 ) ;
#2307 = ADVANCED_FACE ( 'NONE', ( #1673, #588 ), #2699, .T. ) ;
#2308 = ORIENTED_EDGE ( 'NONE', *, *, #804, .T. ) ;
#2309 = VERTEX_POINT ( 'NONE', #1015 ) ;
#2310 = CARTESIAN_POINT ( 'NONE',  ( 0.000000000000000000, -8.500000000000000000, 0.000000000000000000 ) ) ;
#2311 = CARTESIAN_POINT ( 'NONE',  ( 0.000000000000000000, -8.500000000000000000, 0.000000000000000000 ) ) ;
#2312 = AXIS2_PLACEMENT_3D ( 'NONE', #1987, #907, #1778 ) ;
#2313 = PRODUCT_RELATED_PRODUCT_CATEGORY ( 'detail', '', ( #1453 ) ) ;
#2314 = ORIENTED_EDGE ( 'NONE', *, *, #462, .F. ) ;
#2315 = DIRECTION ( 'NONE',  ( 0.000000000000000000, 0.000000000000000000, -1.000000000000000000 ) ) ;
#2316 = CARTESIAN_POINT ( 'NONE',  ( 4.452577469454132242, -9.415738216527737237, -3.947170668451355002 ) ) ;
#2317 = CARTESIAN_POINT ( 'NONE',  ( -5.618663853450708956, -2.861691251406450309, 1.957834646216691121 ) ) ;
#2318 = CIRCLE ( 'NONE', #1651, 6.450000000000001066 ) ;
#2319 = AXIS2_PLACEMENT_3D ( 'NONE', #1372, #516, #2007 ) ;
#2320 = CARTESIAN_POINT ( 'NONE',  ( -4.193744328488975270, -7.000000000000000000, -0.6892086093967199067 ) ) ;
#2321 = CARTESIAN_POINT ( 'NONE',  ( 1.500000000000000222, -14.02885909240969120, -2.173530569828002967 ) ) ;
#2322 = EDGE_CURVE ( 'NONE', #1045, #2579, #458, .T. ) ;
#2323 = VERTEX_POINT ( 'NONE', #1402 ) ;
#2324 = EDGE_LOOP ( 'NONE', ( #863, #652, #2142, #412, #421 ) ) ;
#2325 = CARTESIAN_POINT ( 'NONE',  ( 0.000000000000000000, -14.50000000000000000, 4.250000000000000000 ) ) ;
#2326 = CARTESIAN_POINT ( 'NONE',  ( 1.500000000000000000, -15.80406444416772338, -5.178619174215768339 ) ) ;
#2327 = ORIENTED_EDGE ( 'NONE', *, *, #876, .T. ) ;
#2328 = CARTESIAN_POINT ( 'NONE',  ( 2.467057854898902836, -8.551627755078188287, -3.158734693975355334 ) ) ;
#2329 = CARTESIAN_POINT ( 'NONE',  ( -0.9098797960682999397, -14.50000000000000000, -6.385500666095550670 ) ) ;
#2330 = EDGE_CURVE ( 'NONE', #202, #635, #1498, .T. ) ;
#2331 = CIRCLE ( 'NONE', #2288, 6.450000000000001066 ) ;
#2332 = AXIS2_PLACEMENT_3D ( 'NONE', #2439, #1365, #2224 ) ;
#2333 = CARTESIAN_POINT ( 'NONE',  ( 3.061616997868383141E-16, -15.50000000000000178, 2.500000000000000000 ) ) ;
#2334 = CARTESIAN_POINT ( 'NONE',  ( -5.075065894687048385, -14.50000000000000000, 3.980729350833129399 ) ) ;
#2335 = EDGE_LOOP ( 'NONE', ( #1479, #2414, #159, #2779, #376 ) ) ;
#2336 = ORIENTED_EDGE ( 'NONE', *, *, #882, .F. ) ;
#2337 = CARTESIAN_POINT ( 'NONE',  ( 4.193744328488973494, -8.400013308331686801, -0.6892086093967187965 ) ) ;
#2338 = DIRECTION ( 'NONE',  ( 0.000000000000000000, 0.000000000000000000, 1.000000000000000000 ) ) ;
#2339 = VECTOR ( 'NONE', #2185, 1000.000000000000000 ) ;
#2340 = VERTEX_POINT ( 'NONE', #1838 ) ;
#2341 = CARTESIAN_POINT ( 'NONE',  ( 2.656818063774240013, -8.737479572352594204, -3.247514976137404030 ) ) ;
#2342 = PERSON_AND_ORGANIZATION ( #1695, #712 ) ;
#2343 = ORIENTED_EDGE ( 'NONE', *, *, #2091, .F. ) ;
#2344 = DIRECTION ( 'NONE',  ( 0.000000000000000000, -1.000000000000000000, 0.000000000000000000 ) ) ;
#2345 = DIRECTION ( 'NONE',  ( -0.8660254037844363761, 0.000000000000000000, 0.5000000000000041078 ) ) ;
#2346 = ORIENTED_EDGE ( 'NONE', *, *, #1245, .T. ) ;
#2347 = ORIENTED_EDGE ( 'NONE', *, *, #2790, .F. ) ;
#2348 = CARTESIAN_POINT ( 'NONE',  ( -1.499999999999999778, -15.26952722020812914, -4.769696007084666789 ) ) ;
#2349 = DIRECTION ( 'NONE',  ( 0.000000000000000000, 0.000000000000000000, 1.000000000000000000 ) ) ;
#2350 = ORIENTED_EDGE ( 'NONE', *, *, #2698, .F. ) ;
#2351 = VERTEX_POINT ( 'NONE', #540 ) ;
#2352 = ADVANCED_FACE ( 'NONE', ( #1459 ), #2258, .F. ) ;
#2353 = CARTESIAN_POINT ( 'NONE',  ( -2.348493505605504961, -8.499999999999989342, -3.087954165220265335 ) ) ;
#2354 = CALENDAR_DATE ( 2026, 18, 2 ) ;
#2355 = ORIENTED_EDGE ( 'NONE', *, *, #529, .T. ) ;
#2356 = CARTESIAN_POINT ( 'NONE',  ( -1.500000000000000000, -8.500000000000000000, 5.757820768311567861 ) ) ;
#2357 = VECTOR ( 'NONE', #2797, 1000.000000000000000 ) ;
#2358 = CARTESIAN_POINT ( 'NONE',  ( 1.414213562373094923, -9.000000000000001776, 4.007804885470348744 ) ) ;
#2359 = CIRCLE ( 'NONE', #2725, 1.599999999999999867 ) ;
#2360 = DIRECTION ( 'NONE',  ( 0.000000000000000000, 0.000000000000000000, -1.000000000000000000 ) ) ;
#2361 = CC_DESIGN_PERSON_AND_ORGANIZATION_ASSIGNMENT ( #468, #1571, ( #122 ) ) ;
#2362 = CIRCLE ( 'NONE', #326, 5.950000000000000178 ) ;
#2363 = AXIS2_PLACEMENT_3D ( 'NONE', #262, #717, #1125 ) ;
#2364 = ORIENTED_EDGE ( 'NONE', *, *, #2221, .F. ) ;
#2365 = VERTEX_POINT ( 'NONE', #345 ) ;
#2366 = DIRECTION ( 'NONE',  ( -1.000000000000000000, 0.000000000000000000, 0.000000000000000000 ) ) ;
#2367 = FACE_OUTER_BOUND ( 'NONE', #1875, .T. ) ;
#2368 = ORIENTED_EDGE ( 'NONE', *, *, #2008, .F. ) ;
#2369 = DIRECTION ( 'NONE',  ( -0.000000000000000000, 1.000000000000000000, -0.000000000000000000 ) ) ;
#2370 = CARTESIAN_POINT ( 'NONE',  ( 1.130284199976105519, -9.490970240196848096, 5.842079444797988685 ) ) ;
#2371 = LINE ( 'NONE', #2170, #2339 ) ;
#2372 = ORIENTED_EDGE ( 'NONE', *, *, #1592, .F. ) ;
#2373 = DIRECTION ( 'NONE',  ( -0.000000000000000000, -1.000000000000000000, -0.000000000000000000 ) ) ;
#2374 = DIRECTION ( 'NONE',  ( 0.000000000000000000, 0.000000000000000000, -1.000000000000000000 ) ) ;
#2375 = DIRECTION ( 'NONE',  ( 0.000000000000000000, 0.000000000000000000, 1.000000000000000000 ) ) ;
#2376 = ORIENTED_EDGE ( 'NONE', *, *, #2741, .T. ) ;
#2377 = CARTESIAN_POINT ( 'NONE',  ( 0.000000000000000000, -3.000000000000000444, 0.000000000000000000 ) ) ;
#2378 = CARTESIAN_POINT ( 'NONE',  ( 0.000000000000000000, -14.00000000000000000, 0.000000000000000000 ) ) ;
#2379 = AXIS2_PLACEMENT_3D ( 'NONE', #1228, #1412, #2726 ) ;
#2380 = ORIENTED_EDGE ( 'NONE', *, *, #319, .F. ) ;
#2381 = ORIENTED_EDGE ( 'NONE', *, *, #1223, .T. ) ;
#2382 = EDGE_LOOP ( 'NONE', ( #2137, #1613, #338, #2412 ) ) ;
#2383 = CARTESIAN_POINT ( 'NONE',  ( 1.460401432127700572, -8.894312149312218807, 5.768506770276371931 ) ) ;
#2384 = LINE ( 'NONE', #2786, #2618 ) ;
#2385 = AXIS2_PLACEMENT_3D ( 'NONE', #1851, #2105, #2713 ) ;
#2386 = ORIENTED_EDGE ( 'NONE', *, *, #703, .F. ) ;
#2387 = EDGE_CURVE ( 'NONE', #2164, #611, #867, .T. ) ;
#2388 = FACE_OUTER_BOUND ( 'NONE', #1147, .T. ) ;
#2389 = DIRECTION ( 'NONE',  ( -0.000000000000000000, -1.000000000000000000, -0.000000000000000000 ) ) ;
#2390 = DIRECTION ( 'NONE',  ( 1.000000000000000000, 0.000000000000000000, 0.000000000000000000 ) ) ;
#2391 = EDGE_LOOP ( 'NONE', ( #638, #451, #145, #1366, #2381 ) ) ;
#2392 = CARTESIAN_POINT ( 'NONE',  ( -1.500000000000000222, -15.87694840644219063, -5.293929500773034036 ) ) ;
#2393 = DIRECTION ( 'NONE',  ( 0.000000000000000000, -0.000000000000000000, 1.000000000000000000 ) ) ;
#2394 = EDGE_CURVE ( 'NONE', #1249, #1556, #2035, .T. ) ;
#2395 = EDGE_LOOP ( 'NONE', ( #1567, #2368, #2495, #198 ) ) ;
#2396 = VERTEX_POINT ( 'NONE', #1881 ) ;
#2397 = ORIENTED_EDGE ( 'NONE', *, *, #1215, .F. ) ;
#2398 = CARTESIAN_POINT ( 'NONE',  ( 5.070341915484671169, -14.50000000000000000, 3.986744644453572572 ) ) ;
#2399 = COORDINATED_UNIVERSAL_TIME_OFFSET ( 8, 0, .AHEAD. ) ;
#2400 = ADVANCED_FACE ( 'NONE', ( #966 ), #2411, .F. ) ;
#2401 = LINE ( 'NONE', #869, #1140 ) ;
#2402 = AXIS2_PLACEMENT_3D ( 'NONE', #2653, #684, #1330 ) ;
#2403 = CARTESIAN_POINT ( 'NONE',  ( 4.193744328488984152, -8.500000000000000000, -0.6892086093966619531 ) ) ;
#2404 = VECTOR ( 'NONE', #524, 1000.000000000000000 ) ;
#2405 = DIRECTION ( 'NONE',  ( -1.681733257573906525E-16, -0.000000000000000000, -1.000000000000000000 ) ) ;
#2406 = ORIENTED_EDGE ( 'NONE', *, *, #2493, .F. ) ;
#2407 = DIRECTION ( 'NONE',  ( 0.000000000000000000, 0.000000000000000000, 1.000000000000000000 ) ) ;
#2408 = LINE ( 'NONE', #2192, #911 ) ;
#2409 = ADVANCED_FACE ( 'NONE', ( #162, #1029, #673, #2171, #1318 ), #687, .T. ) ;
#2410 = AXIS2_PLACEMENT_3D ( 'NONE', #1275, #664, #2437 ) ;
#2411 = TOROIDAL_SURFACE ( 'NONE', #1187, 6.450000000000001066, 0.5000000000000000000 ) ;
#2412 = ORIENTED_EDGE ( 'NONE', *, *, #34, .T. ) ;
#2413 = AXIS2_PLACEMENT_3D ( 'NONE', #2084, #1259, #164 ) ;
#2414 = ORIENTED_EDGE ( 'NONE', *, *, #925, .F. ) ;
#2415 = ORIENTED_EDGE ( 'NONE', *, *, #889, .T. ) ;
#2416 = FACE_OUTER_BOUND ( 'NONE', #2554, .T. ) ;
#2417 = B_SPLINE_CURVE_WITH_KNOTS ( 'NONE', 3,
 ( #1307, #1102, #1770, #446, #2149, #1337 ),
 .UNSPECIFIED., .F., .F.,
 ( 4, 2, 4 ),
 ( 8.673617379884035472E-19, 0.0004080357160293358182, 0.0008160714320586707690 ),
 .UNSPECIFIED. ) ;
#2418 = CARTESIAN_POINT ( 'NONE',  ( -5.987793098240477896, -14.50000000000000000, 2.397672582456517265 ) ) ;
#2419 = DIRECTION ( 'NONE',  ( -0.000000000000000000, 1.000000000000000000, -0.000000000000000000 ) ) ;
#2420 = CARTESIAN_POINT ( 'NONE',  ( -5.340801814701420014, -9.960881525486682264, -2.629060469974698666 ) ) ;
#2421 = DIRECTION ( 'NONE',  ( 0.000000000000000000, -1.000000000000000000, 0.000000000000000000 ) ) ;
#2422 = LINE ( 'NONE', #2223, #1508 ) ;
#2423 = ORIENTED_EDGE ( 'NONE', *, *, #2685, .T. ) ;
#2424 = VERTEX_POINT ( 'NONE', #1113 ) ;
#2425 = CARTESIAN_POINT ( 'NONE',  ( -1.500000000000000000, -16.00000000000000000, -7.348469228349534532 ) ) ;
#2426 = AXIS2_PLACEMENT_3D ( 'NONE', #932, #1160, #720 ) ;
#2427 = CIRCLE ( 'NONE', #1253, 5.500000000000000000 ) ;
#2428 = LINE ( 'NONE', #879, #11 ) ;
#2429 = SECURITY_CLASSIFICATION_LEVEL ( 'unclassified' ) ;
#2430 = CARTESIAN_POINT ( 'NONE',  ( -3.578906173642678379, -7.009755158146670162, -2.294208148477074438 ) ) ;
#2431 = CARTESIAN_POINT ( 'NONE',  ( 3.848493505605473430, -8.499999999999989342, -0.4898779538669883471 ) ) ;
#2432 = ADVANCED_FACE ( 'NONE', ( #2388 ), #1922, .T. ) ;
#2433 = LOCAL_TIME ( 11, 47, 15.00000000000000000, #2399 ) ;
#2434 = CARTESIAN_POINT ( 'NONE',  ( 2.693744328489008133, -8.500000000000000000, -3.287284820749991621 ) ) ;
#2435 = CARTESIAN_POINT ( 'NONE',  ( 0.000000000000000000, -12.10000000000000142, 0.000000000000000000 ) ) ;
#2436 = AXIS2_PLACEMENT_3D ( 'NONE', #497, #1568, #700 ) ;
#2437 = DIRECTION ( 'NONE',  ( 0.000000000000000000, 0.000000000000000000, 1.000000000000000000 ) ) ;
#2438 = LINE ( 'NONE', #654, #2229 ) ;
#2439 = CARTESIAN_POINT ( 'NONE',  ( 0.000000000000000000, -2.500000000000000444, 0.000000000000000000 ) ) ;
#2440 = ORIENTED_EDGE ( 'NONE', *, *, #1696, .T. ) ;
#2441 = VERTEX_POINT ( 'NONE', #416 ) ;
#2442 = CARTESIAN_POINT ( 'NONE',  ( 1.199500820590601702, -7.578257798542274770, 4.079726487806733637 ) ) ;
#2443 = CARTESIAN_POINT ( 'NONE',  ( -0.9224478181228381590, -9.698740917571296194, 5.879725737169927413 ) ) ;
#2444 = CARTESIAN_POINT ( 'NONE',  ( -3.861658578084362414, -7.048640966287578635, -1.777487734795538454 ) ) ;
#2445 = EDGE_CURVE ( 'NONE', #1313, #428, #868, .T. ) ;
#2446 = DIRECTION ( 'NONE',  ( 0.000000000000000000, 0.000000000000000000, -1.000000000000000000 ) ) ;
#2447 = LINE ( 'NONE', #502, #647 ) ;
#2448 = CARTESIAN_POINT ( 'NONE',  ( -4.372171544775438790, -9.257181299556689780, -4.036408142501057839 ) ) ;
#2449 = DIRECTION ( 'NONE',  ( 0.000000000000000000, -1.000000000000000000, 0.000000000000000000 ) ) ;
#2450 = CARTESIAN_POINT ( 'NONE',  ( -1.500000000000000000, -8.500000000000000000, 9.000000000000000000 ) ) ;
#2451 = CYLINDRICAL_SURFACE ( 'NONE', #1711, 1.500000000000000000 ) ;
#2452 = VERTEX_POINT ( 'NONE', #1500 ) ;
#2453 = ORIENTED_EDGE ( 'NONE', *, *, #2261, .T. ) ;
#2454 = CARTESIAN_POINT ( 'NONE',  ( 6.024292638801569844, -2.500000000000000444, 1.896755900066666278 ) ) ;
#2455 = CARTESIAN_POINT ( 'NONE',  ( 4.107429482241135688, -9.526239682392533936, -1.095814959799596533 ) ) ;
#2456 = EDGE_CURVE ( 'NONE', #479, #180, #2266, .T. ) ;
#2457 = COORDINATED_UNIVERSAL_TIME_OFFSET ( 8, 0, .AHEAD. ) ;
#2458 = VECTOR ( 'NONE', #2222, 1000.000000000000000 ) ;
#2459 = TOROIDAL_SURFACE ( 'NONE', #735, 5.500000000000000000, 0.5000000000000000000 ) ;
#2460 = AXIS2_PLACEMENT_3D ( 'NONE', #50, #1154, #2655 ) ;
#2461 = CARTESIAN_POINT ( 'NONE',  ( -2.693744328489005913, -8.400013308331686801, -3.287284820749990732 ) ) ;
#2462 = CARTESIAN_POINT ( 'NONE',  ( 1.500000000000000000, -7.000000000000000000, 2.598076211353316012 ) ) ;
#2463 = CARTESIAN_POINT ( 'NONE',  ( -1.500000000000000000, -14.50000000000000178, -4.769696007084728961 ) ) ;
#2464 = CARTESIAN_POINT ( 'NONE',  ( -4.630767946612960095, -9.698740917571297970, -3.738726112744827024 ) ) ;
#2465 = CARTESIAN_POINT ( 'NONE',  ( 1.484021436618271350, -8.737479572352583546, 3.924629424530579946 ) ) ;
#2466 = CARTESIAN_POINT ( 'NONE',  ( 1.500000000000000222, -18.00000000000000355, -7.348469228349534532 ) ) ;
#2467 = CARTESIAN_POINT ( 'NONE',  ( 5.204748896376249713E-16, -12.10000000000000142, -4.250000000000000000 ) ) ;
#2468 = ORIENTED_EDGE ( 'NONE', *, *, #2481, .T. ) ;
#2469 = ORIENTED_EDGE ( 'NONE', *, *, #207, .T. ) ;
#2470 = CYLINDRICAL_SURFACE ( 'NONE', #2768, 5.000000000000000000 ) ;
#2471 = AXIS2_PLACEMENT_3D ( 'NONE', #2297, #1887, #1451 ) ;
#2472 = DIRECTION ( 'NONE',  ( 0.000000000000000000, -1.000000000000000000, 0.000000000000000000 ) ) ;
#2473 = CARTESIAN_POINT ( 'NONE',  ( -1.430601578348414060, -2.500000000000000444, -6.289346478293833087 ) ) ;
#2474 = DIRECTION ( 'NONE',  ( 0.000000000000000000, 1.000000000000000000, 0.000000000000000000 ) ) ;
#2475 = ADVANCED_FACE ( 'NONE', ( #1732 ), #1768, .F. ) ;
#2476 = CARTESIAN_POINT ( 'NONE',  ( -5.891990572908524904, -2.553822379262367104, 1.900889226219319550 ) ) ;
#2477 = DIRECTION ( 'NONE',  ( -0.000000000000000000, -0.000000000000000000, -1.000000000000000000 ) ) ;
#2478 = DIRECTION ( 'NONE',  ( 0.000000000000000000, -1.000000000000000000, 0.000000000000000000 ) ) ;
#2479 = CARTESIAN_POINT ( 'NONE',  ( 0.000000000000000000, -18.00000000000000355, 0.000000000000000000 ) ) ;
#2480 = ORIENTED_EDGE ( 'NONE', *, *, #1614, .T. ) ;
#2481 = EDGE_CURVE ( 'NONE', #1712, #1108, #194, .T. ) ;
#2482 = ORIENTED_EDGE ( 'NONE', *, *, #2533, .T. ) ;
#2483 = CARTESIAN_POINT ( 'NONE',  ( -1.500000000000000000, -14.50000000000000178, -3.162277660168379523 ) ) ;
#2484 = CYLINDRICAL_SURFACE ( 'NONE', #349, 9.000000000000000000 ) ;
#2485 = CARTESIAN_POINT ( 'NONE',  ( -4.193744328488975270, -8.500000000000000000, -0.6892086093967199067 ) ) ;
#2486 = ADVANCED_FACE ( 'NONE', ( #1755 ), #881, .F. ) ;
#2487 = CARTESIAN_POINT ( 'NONE',  ( -1.500000000000000000, -16.00000000000000000, -5.809475019311125088 ) ) ;
#2488 = DIRECTION ( 'NONE',  ( 0.000000000000000000, 0.000000000000000000, -1.000000000000000000 ) ) ;
#2489 = EDGE_CURVE ( 'NONE', #663, #2309, #660, .T. ) ;
#2490 = CARTESIAN_POINT ( 'NONE',  ( -1.500000000000000000, -17.50000000000000000, -4.769696007084728961 ) ) ;
#2491 = CARTESIAN_POINT ( 'NONE',  ( -5.378373818624957003, -7.076801459551290030, -2.546363458789469458 ) ) ;
#2492 = CARTESIAN_POINT ( 'NONE',  ( -1.500000000000000000, -8.500000000000000000, 3.436931771216880982 ) ) ;
#2493 = EDGE_CURVE ( 'NONE', #171, #1700, #2619, .T. ) ;
#2494 = EDGE_LOOP ( 'NONE', ( #1857, #2308, #1261, #268, #1473, #1260 ) ) ;
#2495 = ORIENTED_EDGE ( 'NONE', *, *, #1988, .F. ) ;
#2496 = EDGE_CURVE ( 'NONE', #845, #24, #2401, .T. ) ;
#2497 = CARTESIAN_POINT ( 'NONE',  ( 6.162034612578878523, -2.500000000000000444, 1.905735929603019185 ) ) ;
#2498 = DIRECTION ( 'NONE',  ( 0.000000000000000000, 0.000000000000000000, -1.000000000000000000 ) ) ;
#2499 = AXIS2_PLACEMENT_3D ( 'NONE', #423, #1264, #2124 ) ;
#2500 = ORIENTED_EDGE ( 'NONE', *, *, #1127, .F. ) ;
#2501 = AXIS2_PLACEMENT_3D ( 'NONE', #1391, #1381, #2250 ) ;
#2502 = VECTOR ( 'NONE', #310, 1000.000000000000000 ) ;
#2503 = LINE ( 'NONE', #557, #1621 ) ;
#2504 = DIRECTION ( 'NONE',  ( -0.000000000000000000, 1.000000000000000000, -0.000000000000000000 ) ) ;
#2505 = AXIS2_PLACEMENT_3D ( 'NONE', #214, #2582, #2780 ) ;
#2506 = CIRCLE ( 'NONE', #60, 7.500000000000000000 ) ;
#2507 = CARTESIAN_POINT ( 'NONE',  ( -6.026515899436249768, -2.500000000000000000, 1.889609476907152974 ) ) ;
#2508 = EDGE_CURVE ( 'NONE', #197, #245, #1010, .T. ) ;
#2509 = CARTESIAN_POINT ( 'NONE',  ( 4.504866466757974308, -3.000000000000000888, 3.886988309305744238 ) ) ;
#2510 = PLANE ( 'NONE',  #1158 ) ;
#2511 = DIRECTION ( 'NONE',  ( 0.000000000000000000, -1.000000000000000000, 0.000000000000000000 ) ) ;
#2512 = ORIENTED_EDGE ( 'NONE', *, *, #694, .T. ) ;
#2513 = ORIENTED_EDGE ( 'NONE', *, *, #228, .F. ) ;
#2514 = EDGE_CURVE ( 'NONE', #2676, #1997, #848, .T. ) ;
#2515 = CARTESIAN_POINT ( 'NONE',  ( -6.062093144119645061, -2.500000000000000444, 4.495160397050535828 ) ) ;
#2516 = CARTESIAN_POINT ( 'NONE',  ( 3.002712464478557663, -9.526094485685099755, -3.009218346276185674 ) ) ;
#2517 = ORIENTED_EDGE ( 'NONE', *, *, #554, .T. ) ;
#2518 = CARTESIAN_POINT ( 'NONE',  ( -3.947475669841664647, -9.881620070662323840, -1.581660920678683135 ) ) ;
#2519 = DIRECTION ( 'NONE',  ( 0.000000000000000000, -0.000000000000000000, -1.000000000000000000 ) ) ;
#2520 = CIRCLE ( 'NONE', #2471, 3.000000000000000000 ) ;
#2521 = CARTESIAN_POINT ( 'NONE',  ( 4.345084155827016126, -7.834492541716520542, -4.065001363252880751 ) ) ;
#2522 = EDGE_CURVE ( 'NONE', #2076, #1878, #151, .T. ) ;
#2523 = B_SPLINE_CURVE_WITH_KNOTS ( 'NONE', 3,
 ( #637, #1578, #1363, #58, #1145, #1540 ),
 .UNSPECIFIED., .F., .F.,
 ( 4, 2, 4 ),
 ( -4.711166138683100393E-06, 0.0004166243066482305042, 0.0008379597794351441309 ),
 .UNSPECIFIED. ) ;
#2524 = DIRECTION ( 'NONE',  ( 0.000000000000000000, 1.000000000000000000, 0.000000000000000000 ) ) ;
#2525 = DIRECTION ( 'NONE',  ( 0.000000000000000000, 0.000000000000000000, -1.000000000000000000 ) ) ;
#2526 = VERTEX_POINT ( 'NONE', #2487 ) ;
#2527 = ORIENTED_EDGE ( 'NONE', *, *, #769, .F. ) ;
#2528 = CARTESIAN_POINT ( 'NONE',  ( 3.730336488118864757, -7.000046864663045376, -2.038834592314684002 ) ) ;
#2529 = CARTESIAN_POINT ( 'NONE',  ( 5.984945690755359315, -14.50000000000000000, 2.404771315262403508 ) ) ;
#2530 = EDGE_LOOP ( 'NONE', ( #2750, #738 ) ) ;
#2531 = FACE_OUTER_BOUND ( 'NONE', #1690, .T. ) ;
#2532 = DIRECTION ( 'NONE',  ( -0.000000000000000000, 1.000000000000000000, -0.000000000000000000 ) ) ;
#2533 = EDGE_CURVE ( 'NONE', #1712, #723, #952, .T. ) ;
#2534 = CARTESIAN_POINT ( 'NONE',  ( 0.9743958270773073194, -14.50000000000000355, -6.256135474904352733 ) ) ;
#2535 = DIRECTION ( 'NONE',  ( 0.000000000000000000, 0.000000000000000000, 1.000000000000000000 ) ) ;
#2536 = LINE ( 'NONE', #433, #1691 ) ;
#2537 = ORIENTED_EDGE ( 'NONE', *, *, #290, .F. ) ;
#2538 = ORIENTED_EDGE ( 'NONE', *, *, #2106, .T. ) ;
#2539 = DIRECTION ( 'NONE',  ( -0.000000000000000000, -1.000000000000000000, -0.000000000000000000 ) ) ;
#2540 = CARTESIAN_POINT ( 'NONE',  ( 5.666408774923775482, -14.27798735405814767, 2.016456618322426397 ) ) ;
#2541 = CIRCLE ( 'NONE', #1322, 1.000000000000000000 ) ;
#2542 = ORIENTED_EDGE ( 'NONE', *, *, #2079, .T. ) ;
#2543 = DIRECTION ( 'NONE',  ( 0.000000000000000000, 0.000000000000000000, 1.000000000000000000 ) ) ;
#2544 = ADVANCED_FACE ( 'NONE', ( #1167 ), #940, .T. ) ;
#2545 = CARTESIAN_POINT ( 'NONE',  ( 5.733750264710079314, -8.697580933971986283, -1.589655905990403406 ) ) ;
#2546 = VECTOR ( 'NONE', #1219, 1000.000000000000000 ) ;
#2547 = AXIS2_PLACEMENT_3D ( 'NONE', #154, #1018, #1883 ) ;
#2548 = CARTESIAN_POINT ( 'NONE',  ( 0.004148877912688551939, 0.000000000000000000, -6.997506861440361270 ) ) ;
#2549 = DIRECTION ( 'NONE',  ( 0.000000000000000000, 0.000000000000000000, -1.000000000000000000 ) ) ;
#2550 = ORIENTED_EDGE ( 'NONE', *, *, #937, .F. ) ;
#2551 = ORIENTED_EDGE ( 'NONE', *, *, #1701, .T. ) ;
#2552 = CARTESIAN_POINT ( 'NONE',  ( -3.517608223554515856, -9.975578018566165994, -2.389742340098667928 ) ) ;
#2553 = DIRECTION ( 'NONE',  ( 0.000000000000000000, -1.000000000000000000, 0.000000000000000000 ) ) ;
#2554 = EDGE_LOOP ( 'NONE', ( #1292, #337, #1905, #1407 ) ) ;
#2555 = CARTESIAN_POINT ( 'NONE',  ( 4.520919639460305284, -2.732268358630015381, 3.958625707455027953 ) ) ;
#2556 = CARTESIAN_POINT ( 'NONE',  ( -3.000000000000000000, -7.000000000000000000, -1.387376735511818665E-14 ) ) ;
#2557 = VERTEX_POINT ( 'NONE', #2047 ) ;
#2558 = ADVANCED_FACE ( 'NONE', ( #1810 ), #744, .T. ) ;
#2559 = CIRCLE ( 'NONE', #614, 1.000000000000000000 ) ;
#2560 = AXIS2_PLACEMENT_3D ( 'NONE', #533, #1804, #1382 ) ;
#2561 = CARTESIAN_POINT ( 'NONE',  ( -1.500000000000000000, -8.500000000000000000, 3.436931771216880982 ) ) ;
#2562 = FACE_OUTER_BOUND ( 'NONE', #1996, .T. ) ;
#2563 = EDGE_LOOP ( 'NONE', ( #2089, #599, #722, #2028, #2614 ) ) ;
#2564 = ORIENTED_EDGE ( 'NONE', *, *, #1336, .T. ) ;
#2565 = DIRECTION ( 'NONE',  ( 0.000000000000000000, 1.000000000000000000, 0.000000000000000000 ) ) ;
#2566 = CARTESIAN_POINT ( 'NONE',  ( 2.226470224947723509, -8.500000000000000000, -3.017503991285050535 ) ) ;
#2567 = APPROVAL_PERSON_ORGANIZATION ( #1545, #2782, #628 ) ;
#2568 = ORIENTED_EDGE ( 'NONE', *, *, #1061, .F. ) ;
#2569 = CARTESIAN_POINT ( 'NONE',  ( 0.000000000000000000, -13.50000000000000178, 0.000000000000000000 ) ) ;
#2570 = CARTESIAN_POINT ( 'NONE',  ( -2.467697679488280116, -8.552140268857312932, -3.159065637277608474 ) ) ;
#2571 = AXIS2_PLACEMENT_3D ( 'NONE', #2604, #2800, #626 ) ;
#2572 = APPROVAL_STATUS ( 'not_yet_approved' ) ;
#2573 = ORIENTED_EDGE ( 'NONE', *, *, #1602, .T. ) ;
#2574 = EDGE_CURVE ( 'NONE', #2016, #815, #1870, .T. ) ;
#2575 = CARTESIAN_POINT ( 'NONE',  ( -0.1971935944416861874, -7.000080704362583894, 5.949979654363974468 ) ) ;
#2576 = B_SPLINE_CURVE_WITH_KNOTS ( 'NONE', 3,
 ( #2358, #445, #1041, #1319, #2174, #1470, #2775, #1938 ),
 .UNSPECIFIED., .F., .F.,
 ( 4, 2, 2, 4 ),
 ( 0.007599536017161982390, 0.008527302668671058253, 0.008991185994425596184, 0.009455069320180134115 ),
 .UNSPECIFIED. ) ;
#2577 = CARTESIAN_POINT ( 'NONE',  ( -4.509472550914597200, -3.000000000000000888, 3.881643635439479212 ) ) ;
#2578 = CARTESIAN_POINT ( 'NONE',  ( -4.948114451920481827, -9.952060814847769166, -3.305747791718747663 ) ) ;
#2579 = VERTEX_POINT ( 'NONE', #2462 ) ;
#2580 = ADVANCED_FACE ( 'NONE', ( #1825 ), #648, .F. ) ;
#2581 = ORIENTED_EDGE ( 'NONE', *, *, #2133, .T. ) ;
#2582 = DIRECTION ( 'NONE',  ( -0.000000000000000000, -1.000000000000000000, -0.000000000000000000 ) ) ;
#2583 = EDGE_CURVE ( 'NONE', #621, #1489, #1606, .T. ) ;
#2584 = ORIENTED_EDGE ( 'NONE', *, *, #2481, .F. ) ;
#2585 = DIRECTION ( 'NONE',  ( 0.000000000000000000, 0.000000000000000000, 1.000000000000000000 ) ) ;
#2586 = CARTESIAN_POINT ( 'NONE',  ( 4.504866466757975196, -2.861691251406452086, 3.886988309305746903 ) ) ;
#2587 = CARTESIAN_POINT ( 'NONE',  ( -0.9098797960682999397, -14.50000000000000000, -6.385500666095550670 ) ) ;
#2588 = ORIENTED_EDGE ( 'NONE', *, *, #4, .F. ) ;
#2589 = CARTESIAN_POINT ( 'NONE',  ( -1.500000000000000222, -8.400456559388761235, 5.757820768311567861 ) ) ;
#2590 = AXIS2_PLACEMENT_3D ( 'NONE', #1036, #833, #1679 ) ;
#2591 = DIRECTION ( 'NONE',  ( 0.000000000000000000, 1.000000000000000000, 0.000000000000000000 ) ) ;
#2592 = VECTOR ( 'NONE', #929, 1000.000000000000000 ) ;
#2593 = ADVANCED_FACE ( 'NONE', ( #1573 ), #528, .F. ) ;
#2594 = CARTESIAN_POINT ( 'NONE',  ( 1.500000000000000000, -8.500000000000000000, 3.976493430146716967 ) ) ;
#2595 = CIRCLE ( 'NONE', #1650, 5.950000000000000178 ) ;
#2596 = AXIS2_PLACEMENT_3D ( 'NONE', #1992, #1799, #1141 ) ;
#2597 = ORIENTED_EDGE ( 'NONE', *, *, #4, .T. ) ;
#2598 = AXIS2_PLACEMENT_3D ( 'NONE', #927, #2474, #92 ) ;
#2599 = B_SPLINE_CURVE_WITH_KNOTS ( 'NONE', 3,
 ( #1920, #1242, #2328, #2341, #2767, #627 ),
 .UNSPECIFIED., .F., .F.,
 ( 4, 2, 4 ),
 ( 0.000000000000000000, 0.0004169873061546216305, 0.0008339746123092432609 ),
 .UNSPECIFIED. ) ;
#2600 = FACE_OUTER_BOUND ( 'NONE', #875, .T. ) ;
#2601 = LINE ( 'NONE', #1105, #778 ) ;
#2602 = EDGE_CURVE ( 'NONE', #2365, #74, #1257, .T. ) ;
#2603 = ORIENTED_EDGE ( 'NONE', *, *, #642, .F. ) ;
#2604 = CARTESIAN_POINT ( 'NONE',  ( 0.000000000000000000, -14.50000000000000000, 0.000000000000000000 ) ) ;
#2605 = CARTESIAN_POINT ( 'NONE',  ( 0.000000000000000000, -2.500000000000000444, 9.000000000000000000 ) ) ;
#2606 = EDGE_LOOP ( 'NONE', ( #1958, #2573, #452, #659 ) ) ;
#2607 = DIRECTION ( 'NONE',  ( 0.000000000000000000, -1.000000000000000000, 0.000000000000000000 ) ) ;
#2608 = EDGE_CURVE ( 'NONE', #2579, #1752, #2669, .T. ) ;
#2609 = DIRECTION ( 'NONE',  ( 0.000000000000000000, 1.000000000000000000, 0.000000000000000000 ) ) ;
#2610 = ORIENTED_EDGE ( 'NONE', *, *, #69, .T. ) ;
#2611 = CARTESIAN_POINT ( 'NONE',  ( 4.504866466757974308, -8.500000000000000000, 3.886988309305744238 ) ) ;
#2612 = FACE_OUTER_BOUND ( 'NONE', #31, .T. ) ;
#2613 = ORIENTED_EDGE ( 'NONE', *, *, #2805, .F. ) ;
#2614 = ORIENTED_EDGE ( 'NONE', *, *, #585, .F. ) ;
#2615 = ORIENTED_EDGE ( 'NONE', *, *, #2115, .T. ) ;
#2616 = DIRECTION ( 'NONE',  ( -0.000000000000000000, 1.000000000000000000, -0.000000000000000000 ) ) ;
#2617 = PERSON_AND_ORGANIZATION ( #1695, #712 ) ;
#2618 = VECTOR ( 'NONE', #1497, 1000.000000000000000 ) ;
#2619 = LINE ( 'NONE', #208, #1961 ) ;
#2620 = EDGE_CURVE ( 'NONE', #2783, #2167, #2296, .T. ) ;
#2621 = CARTESIAN_POINT ( 'NONE',  ( 0.000000000000000000, -13.50000000000000178, 0.000000000000000000 ) ) ;
#2622 = CARTESIAN_POINT ( 'NONE',  ( -5.678890739633946083, -9.253005664410283160, -1.776457816744630769 ) ) ;
#2623 = ORIENTED_EDGE ( 'NONE', *, *, #883, .F. ) ;
#2624 = CARTESIAN_POINT ( 'NONE',  ( -1.500000000000000000, -7.000000000000000000, 2.598076211353316012 ) ) ;
#2625 = CARTESIAN_POINT ( 'NONE',  ( -2.693744328488962392, -8.500000000000000000, -3.287284820750029368 ) ) ;
#2626 = ORIENTED_EDGE ( 'NONE', *, *, #2686, .T. ) ;
#2627 = ORIENTED_EDGE ( 'NONE', *, *, #107, .F. ) ;
#2628 = ORIENTED_EDGE ( 'NONE', *, *, #2445, .T. ) ;
#2629 = CARTESIAN_POINT ( 'NONE',  ( 0.3935677522671122697, -9.960881525486687593, 5.939800283096815292 ) ) ;
#2630 = CARTESIAN_POINT ( 'NONE',  ( 0.000000000000000000, -15.50000000000000178, 0.000000000000000000 ) ) ;
#2631 = CARTESIAN_POINT ( 'NONE',  ( 11.39711431702996336, -8.500000000000000000, -4.848076211353375520 ) ) ;
#2632 = CIRCLE ( 'NONE', #1775, 1.100000000000360689 ) ;
#2633 = DIRECTION ( 'NONE',  ( 0.000000000000000000, 0.000000000000000000, -1.000000000000000000 ) ) ;
#2634 = VECTOR ( 'NONE', #1276, 1000.000000000000000 ) ;
#2635 = CARTESIAN_POINT ( 'NONE',  ( -6.062093144119645061, 0.000000000000000000, 3.495160397050535384 ) ) ;
#2636 = CARTESIAN_POINT ( 'NONE',  ( -4.271213682098485620, -8.110394304367940066, -4.142417827827951982 ) ) ;
#2637 = AXIS2_PLACEMENT_3D ( 'NONE', #2377, #2796, #1490 ) ;
#2638 = AXIS2_PLACEMENT_3D ( 'NONE', #223, #15, #841 ) ;
#2639 = ORIENTED_EDGE ( 'NONE', *, *, #1803, .F. ) ;
#2640 = AXIS2_PLACEMENT_3D ( 'NONE', #272, #1271, #1896 ) ;
#2641 = VERTEX_POINT ( 'NONE', #2645 ) ;
#2642 = CARTESIAN_POINT ( 'NONE',  ( 1.500000000000000000, -8.500000000000000000, 3.976493430146716967 ) ) ;
#2643 = CARTESIAN_POINT ( 'NONE',  ( 4.789213320660477002, -14.45581666767215268, 3.947792384442174729 ) ) ;
#2644 = EDGE_CURVE ( 'NONE', #1463, #2365, #39, .T. ) ;
#2645 = CARTESIAN_POINT ( 'NONE',  ( 0.000000000000000000, -13.50000000000000178, -2.500000000000000000 ) ) ;
#2646 = CARTESIAN_POINT ( 'NONE',  ( 0.000000000000000000, -17.50000000000000000, 0.000000000000000000 ) ) ;
#2647 = CARTESIAN_POINT ( 'NONE',  ( -1.501982254360778368, -8.552140268857316485, 3.716621697935560853 ) ) ;
#2648 = LINE ( 'NONE', #280, #1418 ) ;
#2649 = FACE_BOUND ( 'NONE', #2530, .T. ) ;
#2650 = ORIENTED_EDGE ( 'NONE', *, *, #1886, .F. ) ;
#2651 = ORIENTED_EDGE ( 'NONE', *, *, #1731, .F. ) ;
#2652 = LINE ( 'NONE', #288, #2207 ) ;
#2653 = CARTESIAN_POINT ( 'NONE',  ( -6.062093144119645061, -14.00000000000000000, 3.495160397050535384 ) ) ;
#2654 = CARTESIAN_POINT ( 'NONE',  ( -4.004652913096003353, -7.191469066874202731, -1.435018236746124387 ) ) ;
#2655 = DIRECTION ( 'NONE',  ( 0.000000000000000000, 0.000000000000000000, -1.000000000000000000 ) ) ;
#2656 = CC_DESIGN_PERSON_AND_ORGANIZATION_ASSIGNMENT ( #1975, #2803, ( #1574 ) ) ;
#2657 = AXIS2_PLACEMENT_3D ( 'NONE', #995, #2061, #2728 ) ;
#2658 = FACE_OUTER_BOUND ( 'NONE', #2395, .T. ) ;
#2659 = DIRECTION ( 'NONE',  ( -0.000000000000000000, 1.000000000000000000, -0.000000000000000000 ) ) ;
#2660 = CIRCLE ( 'NONE', #1217, 3.500000000000000000 ) ;
#2661 = CARTESIAN_POINT ( 'NONE',  ( 0.000000000000000000, -3.000000000000000444, 0.000000000000000000 ) ) ;
#2662 = CYLINDRICAL_SURFACE ( 'NONE', #1623, 3.000000000000000000 ) ;
#2663 = VERTEX_POINT ( 'NONE', #2556 ) ;
#2664 = EDGE_LOOP ( 'NONE', ( #2603, #2784, #1367, #2720, #780, #2263 ) ) ;
#2665 = CARTESIAN_POINT ( 'NONE',  ( 1.309150566380889114, -7.741748029591499325, 4.044136114433869444 ) ) ;
#2666 = CARTESIAN_POINT ( 'NONE',  ( -1.500000000000000000, -8.500000000000000000, 5.757820768311567861 ) ) ;
#2667 = PERSON_AND_ORGANIZATION ( #1695, #712 ) ;
#2668 = CARTESIAN_POINT ( 'NONE',  ( -3.133146275804935765, -7.302023143919371684, -2.875059480575523185 ) ) ;
#2669 = LINE ( 'NONE', #2697, #755 ) ;
#2670 = DIRECTION ( 'NONE',  ( 0.000000000000000000, 0.000000000000000000, -1.000000000000000000 ) ) ;
#2671 = CARTESIAN_POINT ( 'NONE',  ( -1.484004205760418804, -8.737488562538477055, 3.924495135733811590 ) ) ;
#2672 = AXIS2_PLACEMENT_3D ( 'NONE', #864, #1714, #2543 ) ;
#2673 = DIRECTION ( 'NONE',  ( 0.000000000000000000, 0.000000000000000000, -1.000000000000000000 ) ) ;
#2674 = FACE_OUTER_BOUND ( 'NONE', #2099, .T. ) ;
#2675 = CARTESIAN_POINT ( 'NONE',  ( -5.736419055795466626, -8.500000000000000000, -1.579872278479072634 ) ) ;
#2676 = VERTEX_POINT ( 'NONE', #1892 ) ;
#2677 = ORIENTED_EDGE ( 'NONE', *, *, #984, .F. ) ;
#2678 = CARTESIAN_POINT ( 'NONE',  ( 4.504866466757974308, -14.00000000000000000, 3.886988309305744238 ) ) ;
#2679 = EDGE_CURVE ( 'NONE', #1556, #1249, #608, .T. ) ;
#2680 = AXIS2_PLACEMENT_3D ( 'NONE', #2630, #14, #1084 ) ;
#2681 = CARTESIAN_POINT ( 'NONE',  ( -2.701958695341844408, -8.301874095260394881, -3.280600938820982027 ) ) ;
#2682 = CARTESIAN_POINT ( 'NONE',  ( 1.500000000000000444, -18.00000000000000355, -5.291502622129180544 ) ) ;
#2683 = CARTESIAN_POINT ( 'NONE',  ( 0.000000000000000000, -3.000000000000000444, 0.000000000000000000 ) ) ;
#2684 = CARTESIAN_POINT ( 'NONE',  ( 0.000000000000000000, -2.500000000000000444, 0.000000000000000000 ) ) ;
#2685 = EDGE_CURVE ( 'NONE', #2111, #2441, #2303, .T. ) ;
#2686 = EDGE_CURVE ( 'NONE', #25, #2762, #574, .T. ) ;
#2687 = CYLINDRICAL_SURFACE ( 'NONE', #385, 1.000000000000000000 ) ;
#2688 = LINE ( 'NONE', #1205, #2502 ) ;
#2689 = ORIENTED_EDGE ( 'NONE', *, *, #443, .F. ) ;
#2690 = ORIENTED_EDGE ( 'NONE', *, *, #1296, .F. ) ;
#2691 = EDGE_CURVE ( 'NONE', #466, #699, #1756, .T. ) ;
#2692 = CARTESIAN_POINT ( 'NONE',  ( 3.517475770836454352, -9.975453683735853616, -2.389891134251208360 ) ) ;
#2693 = CIRCLE ( 'NONE', #1665, 6.450000000000001066 ) ;
#2694 = AXIS2_PLACEMENT_3D ( 'NONE', #1480, #1947, #10 ) ;
#2695 = CARTESIAN_POINT ( 'NONE',  ( -3.900114787968895325, -7.077277734659679354, -1.691186037728231062 ) ) ;
#2696 = CARTESIAN_POINT ( 'NONE',  ( -4.107415765648658734, -9.526094485685103308, -1.095816101360496564 ) ) ;
#2697 = CARTESIAN_POINT ( 'NONE',  ( 1.500000000000000000, -7.000000000000000000, 3.976493430146716967 ) ) ;
#2698 = EDGE_CURVE ( 'NONE', #1541, #1557, #1630, .T. ) ;
#2699 = CYLINDRICAL_SURFACE ( 'NONE', #2730, 5.950000000000000178 ) ;
#2700 = CIRCLE ( 'NONE', #259, 1.000000000000000888 ) ;
#2701 = ADVANCED_FACE ( 'NONE', ( #1661, #1229 ), #1014, .F. ) ;
#2702 = CARTESIAN_POINT ( 'NONE',  ( 6.057944266206908956, 0.000000000000000000, 4.502346464389797909 ) ) ;
#2703 = CARTESIAN_POINT ( 'NONE',  ( 1.500000000000000000, -8.500000000000000000, 3.706712600681798531 ) ) ;
#2704 = CARTESIAN_POINT ( 'NONE',  ( 0.000000000000000000, -15.00000000000000000, 0.000000000000000000 ) ) ;
#2705 = ORIENTED_EDGE ( 'NONE', *, *, #2679, .F. ) ;
#2706 = EDGE_LOOP ( 'NONE', ( #1326, #2537, #1692, #1776 ) ) ;
#2707 = CARTESIAN_POINT ( 'NONE',  ( -3.002718334154056201, -9.526239682392532160, -3.009230795974175532 ) ) ;
#2708 = CARTESIAN_POINT ( 'NONE',  ( -1.500000000000000000, -13.50000000000000178, -2.000000000000000000 ) ) ;
#2709 = CARTESIAN_POINT ( 'NONE',  ( -4.129184994935528152, -7.584041563943179298, -1.007746817907919201 ) ) ;
#2710 = DESIGN_CONTEXT ( 'detailed design', #2217, 'design' ) ;
#2711 = CARTESIAN_POINT ( 'NONE',  ( 0.000000000000000000, -2.500000000000000444, 0.000000000000000000 ) ) ;
#2712 = EDGE_CURVE ( 'NONE', #2424, #450, #1579, .T. ) ;
#2713 = DIRECTION ( 'NONE',  ( 0.000000000000000000, 0.000000000000000000, 1.000000000000000000 ) ) ;
#2714 = CARTESIAN_POINT ( 'NONE',  ( 1.113797386692954472, -14.00000000000000000, -5.844822955521913777 ) ) ;
#2715 = EDGE_CURVE ( 'NONE', #1918, #1002, #1534, .T. ) ;
#2716 = CYLINDRICAL_SURFACE ( 'NONE', #1332, 9.000000000000000000 ) ;
#2717 = FACE_OUTER_BOUND ( 'NONE', #1774, .T. ) ;
#2718 = CARTESIAN_POINT ( 'NONE',  ( 0.9174511827559954646, -14.50000000000000000, -6.384417226909566700 ) ) ;
#2719 = ORIENTED_EDGE ( 'NONE', *, *, #187, .F. ) ;
#2720 = ORIENTED_EDGE ( 'NONE', *, *, #1853, .F. ) ;
#2721 = CARTESIAN_POINT ( 'NONE',  ( 3.245088704464109242, -7.191469066874203619, -2.750622037707418865 ) ) ;
#2722 = CARTESIAN_POINT ( 'NONE',  ( 4.152878586647934078, -9.281256647912181634, -0.9085080199235155973 ) ) ;
#2723 = ORIENTED_EDGE ( 'NONE', *, *, #855, .F. ) ;
#2724 = TOROIDAL_SURFACE ( 'NONE', #2501, 1.099999999999999867, 0.5000000000000000000 ) ;
#2725 = AXIS2_PLACEMENT_3D ( 'NONE', #1537, #2793, #1071 ) ;
#2726 = DIRECTION ( 'NONE',  ( 0.000000000000000000, 0.000000000000000000, 1.000000000000000000 ) ) ;
#2727 = EDGE_CURVE ( 'NONE', #1130, #2323, #770, .T. ) ;
#2728 = DIRECTION ( 'NONE',  ( 0.000000000000000000, 0.000000000000000000, -1.000000000000000000 ) ) ;
#2729 = VECTOR ( 'NONE', #968, 1000.000000000000000 ) ;
#2730 = AXIS2_PLACEMENT_3D ( 'NONE', #2684, #983, #2488 ) ;
#2731 = AXIS2_PLACEMENT_3D ( 'NONE', #1305, #235, #1068 ) ;
#2732 = B_SPLINE_CURVE_WITH_KNOTS ( 'NONE', 3,
 ( #81, #942, #2671, #2647, #732, #2492 ),
 .UNSPECIFIED., .F., .F.,
 ( 4, 2, 4 ),
 ( 0.000000000000000000, 0.0004169228821504708526, 0.0008338457643009407295 ),
 .UNSPECIFIED. ) ;
#2733 = DIRECTION ( 'NONE',  ( 0.000000000000000000, 1.000000000000000000, 0.000000000000000000 ) ) ;
#2734 = CARTESIAN_POINT ( 'NONE',  ( -2.763754063042187958, -9.000000000000001776, -3.228647314126737999 ) ) ;
#2735 = DIRECTION ( 'NONE',  ( 0.000000000000000000, 0.000000000000000000, 1.000000000000000000 ) ) ;
#2736 = DIRECTION ( 'NONE',  ( 0.000000000000000000, 1.000000000000000000, 0.000000000000000000 ) ) ;
#2737 = ORIENTED_EDGE ( 'NONE', *, *, #2620, .F. ) ;
#2738 = ORIENTED_EDGE ( 'NONE', *, *, #168, .T. ) ;
#2739 = CARTESIAN_POINT ( 'NONE',  ( 0.000000000000000000, -14.50000000000000000, 9.000000000000000000 ) ) ;
#2740 = CARTESIAN_POINT ( 'NONE',  ( 3.997580341954426242, -9.811281817023250085, -1.448500416938453439 ) ) ;
#2741 = EDGE_CURVE ( 'NONE', #2778, #217, #1214, .T. ) ;
#2742 = VERTEX_POINT ( 'NONE', #1027 ) ;
#2743 = CARTESIAN_POINT ( 'NONE',  ( 0.004148877913051413589, -14.50000000000000000, -6.997506861440191628 ) ) ;
#2744 = DIRECTION ( 'NONE',  ( 0.000000000000000000, -1.000000000000000000, 0.000000000000000000 ) ) ;
#2745 = VECTOR ( 'NONE', #969, 1000.000000000000000 ) ;
#2746 = CARTESIAN_POINT ( 'NONE',  ( 4.947306645184461615, -7.048326399262916375, -3.306956992763246728 ) ) ;
#2747 = CARTESIAN_POINT ( 'NONE',  ( 1.500000000000000666, -18.00000000000000000, -5.156608559958910654 ) ) ;
#2748 = CARTESIAN_POINT ( 'NONE',  ( 1.500000000000000000, -13.78166318144939240, -2.039001510078618296 ) ) ;
#2749 = AXIS2_PLACEMENT_3D ( 'NONE', #1457, #2504, #558 ) ;
#2750 = ORIENTED_EDGE ( 'NONE', *, *, #27, .F. ) ;
#2751 = B_SPLINE_CURVE_WITH_KNOTS ( 'NONE', 3,
 ( #1399, #133, #1835, #2696, #754, #1633, #2518, #1442, #2301, #1012, #2552, #130, #1642, #2087, #2707, #2112, #581, #609 ),
 .UNSPECIFIED., .F., .F.,
 ( 4, 2, 2, 2, 2, 2, 2, 2, 4 ),
 ( 0.005236319788525963838, 0.005699999988535297754, 0.006163680188544631670, 0.006627360388553965587, 0.007091040588563299503, 0.007554720788572633419, 0.008018400988581968203, 0.008482081188591301252, 0.008945761388600636035 ),
 .UNSPECIFIED. ) ;
#2752 = EDGE_CURVE ( 'NONE', #1818, #2641, #2287, .T. ) ;
#2753 = ORIENTED_EDGE ( 'NONE', *, *, #12, .F. ) ;
#2754 = CARTESIAN_POINT ( 'NONE',  ( 2.937326842358967127, -7.584041563943180186, -3.072105693585713837 ) ) ;
#2755 = CARTESIAN_POINT ( 'NONE',  ( -4.193744328488975270, -8.500000000000000000, -0.6892086093967199067 ) ) ;
#2756 = EDGE_LOOP ( 'NONE', ( #166, #862, #1628, #1025 ) ) ;
#2757 = CARTESIAN_POINT ( 'NONE',  ( 1.500000000000024203, -7.000000000000000000, -2.598076211353301801 ) ) ;
#2758 = CARTESIAN_POINT ( 'NONE',  ( 4.494247110133875012, -9.490970240196848096, -3.899894553074491732 ) ) ;
#2759 = CARTESIAN_POINT ( 'NONE',  ( 0.000000000000000000, -14.50000000000000000, 0.000000000000000000 ) ) ;
#2760 = FACE_OUTER_BOUND ( 'NONE', #2664, .T. ) ;
#2761 = ORIENTED_EDGE ( 'NONE', *, *, #1803, .T. ) ;
#2762 = VERTEX_POINT ( 'NONE', #2587 ) ;
#2763 = CYLINDRICAL_SURFACE ( 'NONE', #570, 1.500000000000000666 ) ;
#2764 = CARTESIAN_POINT ( 'NONE',  ( 0.000000000000000000, -2.500000000000000444, 0.000000000000000000 ) ) ;
#2765 = AXIS2_PLACEMENT_3D ( 'NONE', #408, #1903, #823 ) ;
#2766 = ORIENTED_EDGE ( 'NONE', *, *, #1522, .T. ) ;
#2767 = CARTESIAN_POINT ( 'NONE',  ( 2.726140434303353732, -8.867938510717019440, -3.260844952685127307 ) ) ;
#2768 = AXIS2_PLACEMENT_3D ( 'NONE', #948, #355, #766 ) ;
#2769 = EDGE_CURVE ( 'NONE', #1899, #1915, #658, .T. ) ;
#2770 = CARTESIAN_POINT ( 'NONE',  ( 4.585067325130274263, -9.629342719340572287, -3.792702497701278208 ) ) ;
#2771 = ORIENTED_EDGE ( 'NONE', *, *, #2583, .F. ) ;
#2772 = CIRCLE ( 'NONE', #1868, 5.950000000000000178 ) ;
#2773 = AXIS2_PLACEMENT_3D ( 'NONE', #444, #2161, #1744 ) ;
#2774 = AXIS2_PLACEMENT_3D ( 'NONE', #138, #1001, #2549 ) ;
#2775 = CARTESIAN_POINT ( 'NONE',  ( 0.1569438272383753830, -10.00000000000000000, 4.249999999999999112 ) ) ;
#2776 = EDGE_CURVE ( 'NONE', #202, #2424, #2384, .T. ) ;
#2777 = CARTESIAN_POINT ( 'NONE',  ( 2.460107276718329850, -8.500000000000000000, -3.152394406017581918 ) ) ;
#2778 = VERTEX_POINT ( 'NONE', #233 ) ;
#2779 = ORIENTED_EDGE ( 'NONE', *, *, #178, .T. ) ;
#2780 = DIRECTION ( 'NONE',  ( 0.000000000000000000, 0.000000000000000000, 1.000000000000000000 ) ) ;
#2781 = CARTESIAN_POINT ( 'NONE',  ( 0.000000000000000000, -9.000000000000001776, 0.000000000000000000 ) ) ;
#2782 = APPROVAL ( #2572, 'æœª' ) ;
#2783 = VERTEX_POINT ( 'NONE', #2159 ) ;
#2784 = ORIENTED_EDGE ( 'NONE', *, *, #491, .F. ) ;
#2785 = CARTESIAN_POINT ( 'NONE',  ( 0.000000000000000000, -13.50000000000000178, -3.500000000000000000 ) ) ;
#2786 = CARTESIAN_POINT ( 'NONE',  ( 1.113797386692954472, -8.500000000000000000, -5.844822955521913777 ) ) ;
#2787 = ORIENTED_EDGE ( 'NONE', *, *, #2712, .F. ) ;
#2788 = CARTESIAN_POINT ( 'NONE',  ( -1.347354012446242200, -7.833448082865127837, 5.795570842511669873 ) ) ;
#2789 = ADVANCED_FACE ( 'NONE', ( #441 ), #641, .T. ) ;
#2790 = EDGE_CURVE ( 'NONE', #1915, #709, #2700, .T. ) ;
#2791 = CIRCLE ( 'NONE', #1476, 4.250000000000000000 ) ;
#2792 = LINE ( 'NONE', #661, #1783 ) ;
#2793 = DIRECTION ( 'NONE',  ( 0.000000000000000000, -1.000000000000000000, 0.000000000000000000 ) ) ;
#2794 = ORIENTED_EDGE ( 'NONE', *, *, #1311, .F. ) ;
#2795 = ORIENTED_EDGE ( 'NONE', *, *, #994, .F. ) ;
#2796 = DIRECTION ( 'NONE',  ( 0.000000000000000000, -1.000000000000000000, 0.000000000000000000 ) ) ;
#2797 = DIRECTION ( 'NONE',  ( 0.000000000000000000, 0.000000000000000000, -1.000000000000000000 ) ) ;
#2798 = CC_DESIGN_SECURITY_CLASSIFICATION ( #2114, ( #122 ) ) ;
#2799 = ORIENTED_EDGE ( 'NONE', *, *, #107, .T. ) ;
#2800 = DIRECTION ( 'NONE',  ( 0.000000000000000000, -1.000000000000000000, 0.000000000000000000 ) ) ;
#2801 = CARTESIAN_POINT ( 'NONE',  ( 4.726231553813490471, -2.500000000000000444, 4.389218073841595569 ) ) ;
#2802 = AXIS2_PLACEMENT_3D ( 'NONE', #2569, #1986, #835 ) ;
#2803 = PERSON_AND_ORGANIZATION_ROLE ( 'creator' ) ;
#2804 = ORIENTED_EDGE ( 'NONE', *, *, #395, .F. ) ;
#2805 = EDGE_CURVE ( 'NONE', #1541, #815, #2371, .T. ) ;
ENDSEC;
END-ISO-10303-21;
