ISO-10303-21;
HEADER;
FILE_DESCRIPTION (( 'STEP AP203' ),
    '1' );
FILE_NAME ('¹Ì¶¨¼þ.STEP',
    '2026-02-18T03:49:24',
    ( '' ),
    ( '' ),
    'SwSTEP 2.0',
    'SolidWorks 2024',
    '' );
FILE_SCHEMA (( 'CONFIG_CONTROL_DESIGN' ));
ENDSEC;

DATA;
#1 = UNCERTAINTY_MEASURE_WITH_UNIT (LENGTH_MEASURE( 1.000000000000000082E-05 ), #2898, 'distance_accuracy_value', 'NONE');
#2 = VECTOR ( 'NONE', #5176, 1000.000000000000114 ) ;
#3 = VERTEX_POINT ( 'NONE', #2359 ) ;
#4 = CARTESIAN_POINT ( 'NONE',  ( 1.743663182133972311, -9.385828412306223001, 14.06648014686032866 ) ) ;
#5 = CARTESIAN_POINT ( 'NONE',  ( -8.385491779179812255, -14.66061143408786371, 4.873397172404478894 ) ) ;
#6 = CARTESIAN_POINT ( 'NONE',  ( -0.8495325152018839976, -14.24320236533360173, -9.249055599933710070 ) ) ;
#7 = DIRECTION ( 'NONE',  ( 0.000000000000000000, 1.000000000000000000, 0.000000000000000000 ) ) ;
#8 = DIRECTION ( 'NONE',  ( 0.6427876096865433597, 0.7660444431189745718, 0.000000000000000000 ) ) ;
#9 = AXIS2_PLACEMENT_3D ( 'NONE', #5312, #3580, #4051 ) ;
#10 = ORIENTED_EDGE ( 'NONE', *, *, #3966, .T. ) ;
#11 = EDGE_CURVE ( 'NONE', #1969, #1947, #2493, .T. ) ;
#12 = FACE_OUTER_BOUND ( 'NONE', #106, .T. ) ;
#13 = CARTESIAN_POINT ( 'NONE',  ( -8.249643562476100200, -17.55230743907918978, -0.6157143999827993097 ) ) ;
#14 = VERTEX_POINT ( 'NONE', #1533 ) ;
#15 = DIRECTION ( 'NONE',  ( -0.000000000000000000, -1.000000000000000000, -0.000000000000000000 ) ) ;
#16 = CARTESIAN_POINT ( 'NONE',  ( 6.489493575772471878, -18.40704898185066085, -7.195315122109951389 ) ) ;
#17 = CARTESIAN_POINT ( 'NONE',  ( -12.23877232443892282, -10.80741444993153344, 4.734157253192921466 ) ) ;
#18 = EDGE_CURVE ( 'NONE', #4773, #2641, #3283, .T. ) ;
#19 = ORIENTED_EDGE ( 'NONE', *, *, #4521, .F. ) ;
#20 = DIRECTION ( 'NONE',  ( 0.000000000000000000, -1.000000000000000000, 0.000000000000000000 ) ) ;
#21 = LINE ( 'NONE', #5439, #1304 ) ;
#22 = DIRECTION ( 'NONE',  ( -0.7071067811865469066, -0.7071067811865481278, 0.000000000000000000 ) ) ;
#23 = CARTESIAN_POINT ( 'NONE',  ( -12.74256910839215351, -9.893656997677314990, -5.373279906493672264 ) ) ;
#24 = CARTESIAN_POINT ( 'NONE',  ( 3.282943155586542705, -17.20444328939323242, -4.990370298302121199 ) ) ;
#25 = ORIENTED_EDGE ( 'NONE', *, *, #1014, .F. ) ;
#26 = CARTESIAN_POINT ( 'NONE',  ( -7.134294841985341584, -18.58580491259661827, -0.5043517246036385293 ) ) ;
#27 = CARTESIAN_POINT ( 'NONE',  ( 4.808244186070120385, -17.27355255604491191, 6.544243236378849637 ) ) ;
#28 = EDGE_CURVE ( 'NONE', #349, #4094, #1590, .T. ) ;
#29 = ORIENTED_EDGE ( 'NONE', *, *, #593, .F. ) ;
#30 = CARTESIAN_POINT ( 'NONE',  ( -14.92415867115155592, -10.10587584551030993, 0.7989327060052938689 ) ) ;
#31 = CARTESIAN_POINT ( 'NONE',  ( 8.804528526231804264, -17.39611739514750255, 7.249890744123208997 ) ) ;
#32 = DIRECTION ( 'NONE',  ( -0.000000000000000000, 0.000000000000000000, -1.000000000000000000 ) ) ;
#33 = DIRECTION ( 'NONE',  ( -0.3830222215594903945, -0.6427876096865436928, -0.6634139481689336204 ) ) ;
#34 = FACE_OUTER_BOUND ( 'NONE', #2267, .T. ) ;
#35 = ORIENTED_EDGE ( 'NONE', *, *, #4778, .F. ) ;
#36 = DIRECTION ( 'NONE',  ( -0.3213938048432665728, 0.7660444431189746828, -0.5566703992264259160 ) ) ;
#37 = CARTESIAN_POINT ( 'NONE',  ( 2.019485715443911200, -10.80741444993153344, 12.96616637069450917 ) ) ;
#38 = VERTEX_POINT ( 'NONE', #1976 ) ;
#39 = DIRECTION ( 'NONE',  ( -0.7660444431189746828, 0.6427876096865434707, 2.006177025403370566E-33 ) ) ;
#40 = CARTESIAN_POINT ( 'NONE',  ( -15.87453810358575446, -8.806332941129175751, -3.017037975063020700E-23 ) ) ;
#41 = CARTESIAN_POINT ( 'NONE',  ( -13.01930076917345680, -10.87501594090088375, 4.012816660469401775 ) ) ;
#42 = EDGE_CURVE ( 'NONE', #137, #5332, #4177, .T. ) ;
#43 = ORIENTED_EDGE ( 'NONE', *, *, #2595, .T. ) ;
#44 = CARTESIAN_POINT ( 'NONE',  ( 3.858549542157529544, -17.67482752972218307, 7.379057896072811928 ) ) ;
#45 = DIRECTION ( 'NONE',  ( 0.000000000000000000, -0.8466106887629439859, 0.5322126846217907215 ) ) ;
#46 = VECTOR ( 'NONE', #4858, 1000.000000000000000 ) ;
#47 = EDGE_CURVE ( 'NONE', #5263, #3176, #5081, .T. ) ;
#48 = LINE ( 'NONE', #3411, #4695 ) ;
#49 = EDGE_CURVE ( 'NONE', #5061, #4134, #1706, .T. ) ;
#50 = CARTESIAN_POINT ( 'NONE',  ( -8.768514000739301650, -14.33921762924459209, -4.873397172404478006 ) ) ;
#51 = VERTEX_POINT ( 'NONE', #400 ) ;
#52 = ORIENTED_EDGE ( 'NONE', *, *, #4362, .T. ) ;
#53 = CARTESIAN_POINT ( 'NONE',  ( -6.011297768753944837, -17.24752292520543051, -0.5038943434540836819 ) ) ;
#54 = CARTESIAN_POINT ( 'NONE',  ( -5.930657695150938657, -33.38488466757005568, -10.27220045030097850 ) ) ;
#55 = ORIENTED_EDGE ( 'NONE', *, *, #3084, .F. ) ;
#56 = CARTESIAN_POINT ( 'NONE',  ( 2.431361692321866386, -10.84401044073883114, -12.87149602052098807 ) ) ;
#57 = CARTESIAN_POINT ( 'NONE',  ( 10.44239070275373216, -10.38391802187234525, -8.511034168398021293 ) ) ;
#58 = EDGE_CURVE ( 'NONE', #5437, #1742, #3825, .T. ) ;
#59 = CARTESIAN_POINT ( 'NONE',  ( -0.5863280161252613087, -14.54121624803787682, -9.569039646349661865 ) ) ;
#60 = CARTESIAN_POINT ( 'NONE',  ( -0.9575555538987050586, -1.606969024216361897, -1.658534870422351037 ) ) ;
#61 = CARTESIAN_POINT ( 'NONE',  ( 11.15865099277626804, -10.15180339065106985, 8.571633805291686059 ) ) ;
#62 = CIRCLE ( 'NONE', #4468, 13.95528573695286312 ) ;
#63 = ORIENTED_EDGE ( 'NONE', *, *, #4186, .F. ) ;
#64 = DIRECTION ( 'NONE',  ( -0.6427876096865433597, -0.7660444431189745718, 0.000000000000000000 ) ) ;
#65 = CARTESIAN_POINT ( 'NONE',  ( 1.856857844989957762, -10.29988606503693838, 13.88677442151655050 ) ) ;
#66 = ORIENTED_EDGE ( 'NONE', *, *, #4329, .T. ) ;
#67 = CARTESIAN_POINT ( 'NONE',  ( 1.915111107797440537, -1.606969024216361897, -5.015442563508437192E-33 ) ) ;
#68 = CARTESIAN_POINT ( 'NONE',  ( -16.29246103044284055, -9.418199945054874789, -0.9737680544514756287 ) ) ;
#69 = AXIS2_PLACEMENT_3D ( 'NONE', #1683, #2567, #5103 ) ;
#70 = CARTESIAN_POINT ( 'NONE',  ( -0.8696454552381233105, -14.72383461542029259, -9.052757093832509483 ) ) ;
#71 = CIRCLE ( 'NONE', #2084, 5.000000000000001776 ) ;
#72 = ORIENTED_EDGE ( 'NONE', *, *, #1251, .F. ) ;
#73 = CARTESIAN_POINT ( 'NONE',  ( 0.000000000000000000, -16.81517172080023670, -2.500000000000000000 ) ) ;
#74 = CARTESIAN_POINT ( 'NONE',  ( 1.326526553864166846, -10.05828785184653640, -13.64203106724411896 ) ) ;
#75 = VECTOR ( 'NONE', #1126, 1000.000000000000114 ) ;
#76 = B_SPLINE_CURVE_WITH_KNOTS ( 'NONE', 3,
 ( #1221, #5079, #2911, #4610, #1271, #3441, #2628, #2213 ),
 .UNSPECIFIED., .F., .F.,
 ( 4, 2, 2, 4 ),
 ( 0.000000000000000000, 0.0006271155795099755178, 0.0009406733692649634935, 0.001254231159019950385 ),
 .UNSPECIFIED. ) ;
#77 = B_SPLINE_CURVE_WITH_KNOTS ( 'NONE', 3,
 ( #3484, #3948, #582, #2731, #3569, #4318 ),
 .UNSPECIFIED., .F., .F.,
 ( 4, 2, 4 ),
 ( 2.453269466693398698E-18, 0.0004559568227287102830, 0.0009119136454574181807 ),
 .UNSPECIFIED. ) ;
#78 = EDGE_CURVE ( 'NONE', #4773, #5107, #5344, .T. ) ;
#79 = CIRCLE ( 'NONE', #774, 16.82050807568877460 ) ;
#80 = CARTESIAN_POINT ( 'NONE',  ( -12.35674990754688984, -10.27321266004485167, -5.548015458752507456 ) ) ;
#81 = ORIENTED_EDGE ( 'NONE', *, *, #4093, .F. ) ;
#82 = ORIENTED_EDGE ( 'NONE', *, *, #3299, .F. ) ;
#83 = DIRECTION ( 'NONE',  ( 0.000000000000000000, 0.000000000000000000, -1.000000000000000000 ) ) ;
#84 = CARTESIAN_POINT ( 'NONE',  ( 4.814966780815692182, -17.07482941976487822, 6.373984509989035097 ) ) ;
#85 = CIRCLE ( 'NONE', #780, 6.800000000000001599 ) ;
#86 = CARTESIAN_POINT ( 'NONE',  ( 4.820907072649114333, -11.49066664678461613, 8.350055988396320572 ) ) ;
#87 = CIRCLE ( 'NONE', #264, 15.00000000000000000 ) ;
#88 = CARTESIAN_POINT ( 'NONE',  ( -0.5477343963395010507, -14.15910015758807461, -9.402522384606738726 ) ) ;
#89 = CARTESIAN_POINT ( 'NONE',  ( -15.39485639043496690, -18.34687541077260065, 0.000000000000000000 ) ) ;
#90 = CARTESIAN_POINT ( 'NONE',  ( 10.79132023860350920, -10.47732524777596907, 7.925122453957092361 ) ) ;
#91 = ORIENTED_EDGE ( 'NONE', *, *, #2092, .F. ) ;
#92 = DIRECTION ( 'NONE',  ( 0.7071067811865463515, 0.7071067811865486830, 0.000000000000000000 ) ) ;
#93 = CARTESIAN_POINT ( 'NONE',  ( 11.65040429010522693, -11.65040429010517720, 0.000000000000000000 ) ) ;
#94 = ORIENTED_EDGE ( 'NONE', *, *, #4886, .F. ) ;
#95 = CARTESIAN_POINT ( 'NONE',  ( 7.560680385890697686, -9.785374077179442409, -12.64750917845805489 ) ) ;
#96 = DIRECTION ( 'NONE',  ( 0.3535533905932687904, 0.7071067811865459074, 0.6123724356957991333 ) ) ;
#97 = AXIS2_PLACEMENT_3D ( 'NONE', #1222, #1974, #2385 ) ;
#98 = DIRECTION ( 'NONE',  ( 0.3830222215594811241, 0.6427876096865435818, 0.6634139481689389495 ) ) ;
#99 = EDGE_CURVE ( 'NONE', #2519, #3215, #1636, .T. ) ;
#100 = VERTEX_POINT ( 'NONE', #4213 ) ;
#101 = ORIENTED_EDGE ( 'NONE', *, *, #3367, .T. ) ;
#102 = CARTESIAN_POINT ( 'NONE',  ( 10.58749262101280131, -10.58749262101275335, 0.000000000000000000 ) ) ;
#103 = CARTESIAN_POINT ( 'NONE',  ( 2.086871876312910157, -10.69889350324373467, -13.72095010780490476 ) ) ;
#104 = CC_DESIGN_APPROVAL ( #1618, ( #536 ) ) ;
#105 = ORIENTED_EDGE ( 'NONE', *, *, #1181, .F. ) ;
#106 = EDGE_LOOP ( 'NONE', ( #1908, #4352, #4771, #2772 ) ) ;
#107 = B_SPLINE_CURVE_WITH_KNOTS ( 'NONE', 3,
 ( #1842, #3534, #5232, #5205, #4026, #3585, #4788, #139, #2694, #5285 ),
 .UNSPECIFIED., .F., .F.,
 ( 4, 2, 2, 2, 4 ),
 ( 0.000000000000000000, 0.001102259932261464822, 0.001377824915326830973, 0.001653389898392197341, 0.002204519864522928776 ),
 .UNSPECIFIED. ) ;
#108 = CARTESIAN_POINT ( 'NONE',  ( 6.489493575772633527, -15.46775456608786747, -11.24013258862991016 ) ) ;
#109 = CARTESIAN_POINT ( 'NONE',  ( 3.858549542157529544, -17.67482752972218307, 7.379057896072811928 ) ) ;
#110 = EDGE_CURVE ( 'NONE', #3624, #4348, #2515, .T. ) ;
#111 = ORIENTED_EDGE ( 'NONE', *, *, #1428, .T. ) ;
#112 = EDGE_CURVE ( 'NONE', #5161, #2399, #1001, .T. ) ;
#113 = DIRECTION ( 'NONE',  ( -0.3830222215594903945, -0.6427876096865436928, -0.6634139481689336204 ) ) ;
#114 = CARTESIAN_POINT ( 'NONE',  ( -7.091701534327039091, -14.38859008328518918, 5.631211262354641534 ) ) ;
#115 = DIRECTION ( 'NONE',  ( -0.7660444431189753489, 0.6427876096865425826, 0.000000000000000000 ) ) ;
#116 = CARTESIAN_POINT ( 'NONE',  ( 10.93282912193666512, -10.04410220118996122, 8.291427937190624320 ) ) ;
#117 = ADVANCED_FACE ( 'NONE', ( #461 ), #2412, .F. ) ;
#118 = DIRECTION ( 'NONE',  ( 9.637352644315616444E-16, 0.6546536707079798623, -0.7559289460184521747 ) ) ;
#119 = ORIENTED_EDGE ( 'NONE', *, *, #2597, .T. ) ;
#120 = CARTESIAN_POINT ( 'NONE',  ( 6.723145155830472675, -10.42670408319642839, 13.61091402812321682 ) ) ;
#121 = CARTESIAN_POINT ( 'NONE',  ( -7.699991105672875591, -16.79797222929799361, -0.9999337034795353629 ) ) ;
#122 = ORIENTED_EDGE ( 'NONE', *, *, #4356, .F. ) ;
#123 = CARTESIAN_POINT ( 'NONE',  ( 2.078882354133628318, -11.12527958081186696, -13.34752420512667292 ) ) ;
#124 = CARTESIAN_POINT ( 'NONE',  ( -4.678828390015526750, -8.084864573895384154, -8.103968491402756769 ) ) ;
#125 = DIRECTION ( 'NONE',  ( 1.000000000000000000, 0.000000000000000000, 0.000000000000000000 ) ) ;
#126 = VERTEX_POINT ( 'NONE', #3363 ) ;
#127 = AXIS2_PLACEMENT_3D ( 'NONE', #355, #5473, #1275 ) ;
#128 = ORIENTED_EDGE ( 'NONE', *, *, #99, .T. ) ;
#129 = DIRECTION ( 'NONE',  ( -0.7660444431189746828, 0.6427876096865434707, 2.006177025403370566E-33 ) ) ;
#130 = CARTESIAN_POINT ( 'NONE',  ( -7.092645391630988172, -14.38779810259300085, 5.632096125739462167 ) ) ;
#131 = ADVANCED_FACE ( 'NONE', ( #1667 ), #4905, .F. ) ;
#132 = AXIS2_PLACEMENT_3D ( 'NONE', #326, #4298, #3769 ) ;
#133 = EDGE_LOOP ( 'NONE', ( #4522, #4654, #4096, #1371, #182, #1887 ) ) ;
#134 = VERTEX_POINT ( 'NONE', #977 ) ;
#135 = DIRECTION ( 'NONE',  ( 0.000000000000000000, 0.7181832268395611507, 0.6958540455342021591 ) ) ;
#136 = CARTESIAN_POINT ( 'NONE',  ( 0.8030563917446656985, -14.83797325031954983, -9.390934471844618159 ) ) ;
#137 = VERTEX_POINT ( 'NONE', #2297 ) ;
#138 = CARTESIAN_POINT ( 'NONE',  ( -8.045042232822019912, -13.93101943288850464, 5.496587146464016804 ) ) ;
#139 = CARTESIAN_POINT ( 'NONE',  ( 8.553677703122483322, -14.28714289817971839, 3.427222272829268501 ) ) ;
#140 = DIRECTION ( 'NONE',  ( -0.7071067811865491270, 0.7071067811865459074, -0.000000000000000000 ) ) ;
#141 = EDGE_CURVE ( 'NONE', #3133, #1112, #3494, .T. ) ;
#142 = DIRECTION ( 'NONE',  ( 0.3535533905932685683, 0.7071067811865465735, 0.6123724356957986892 ) ) ;
#143 = EDGE_LOOP ( 'NONE', ( #2393, #462, #2647, #2944 ) ) ;
#144 = EDGE_CURVE ( 'NONE', #3968, #4714, #3960, .T. ) ;
#145 = CARTESIAN_POINT ( 'NONE',  ( -7.471243235161001195, -14.66832956333369076, -5.341529247034667804 ) ) ;
#146 = DIRECTION ( 'NONE',  ( 0.3213938048432666283, -0.7660444431189745718, -0.5566703992264260270 ) ) ;
#147 = MANIFOLD_SOLID_BREP ( 'Ô²½Ç2', #565 ) ;
#148 = ORIENTED_EDGE ( 'NONE', *, *, #2648, .F. ) ;
#149 = CARTESIAN_POINT ( 'NONE',  ( 8.977038158101327880, -21.39683495154524095, -15.54868619131636542 ) ) ;
#150 = CARTESIAN_POINT ( 'NONE',  ( 7.670223176515160723, -10.01952648759435860, -14.99286363779024711 ) ) ;
#151 = DIRECTION ( 'NONE',  ( 0.8162847207936059224, 0.5220932199171721688, -0.2471799431900253141 ) ) ;
#152 = AXIS2_PLACEMENT_3D ( 'NONE', #1928, #1958, #1981 ) ;
#153 = APPROVAL ( #4107, 'æœª' ) ;
#154 = ORIENTED_EDGE ( 'NONE', *, *, #364, .F. ) ;
#155 = VECTOR ( 'NONE', #3197, 1000.000000000000000 ) ;
#156 = ORIENTED_EDGE ( 'NONE', *, *, #4358, .F. ) ;
#157 = LINE ( 'NONE', #2658, #1741 ) ;
#158 = VECTOR ( 'NONE', #2956, 1000.000000000000000 ) ;
#159 = ADVANCED_FACE ( 'NONE', ( #3085 ), #2854, .F. ) ;
#160 = VERTEX_POINT ( 'NONE', #3928 ) ;
#161 = VERTEX_POINT ( 'NONE', #4531 ) ;
#162 = CARTESIAN_POINT ( 'NONE',  ( -12.47760874038210588, -10.05828785184637297, 5.672209839181196145 ) ) ;
#163 = CARTESIAN_POINT ( 'NONE',  ( 5.154840035044593094, -12.28659826202548011, -8.928444845587270251 ) ) ;
#164 = CIRCLE ( 'NONE', #1298, 14.62019151721344556 ) ;
#165 = ORIENTED_EDGE ( 'NONE', *, *, #4276, .T. ) ;
#166 = CARTESIAN_POINT ( 'NONE',  ( -7.464402756252560778, -14.67406939797498211, 5.335116139719093376 ) ) ;
#167 = CARTESIAN_POINT ( 'NONE',  ( 2.034939724921353665, -9.849361908630664075, -14.08364620078026164 ) ) ;
#168 = CIRCLE ( 'NONE', #4310, 16.82050807568877104 ) ;
#169 = DIRECTION ( 'NONE',  ( -0.3830222215594812352, -0.6427876096865434707, -0.6634139481689390605 ) ) ;
#170 =( BOUNDED_SURFACE ( )  B_SPLINE_SURFACE ( 3, 2, ( 
 ( #2198, #2223, #3893 ),
 ( #2981, #2644, #442 ),
 ( #3504, #471, #494 ),
 ( #2148, #3837, #61 ),
 ( #1730, #116, #5207 ),
 ( #3427, #3865, #1398 ),
 ( #90, #3914, #1765 ),
 ( #1368, #3096, #2123 ),
 ( #3971, #1068, #1843 ),
 ( #3232, #4870, #2753 ) ),
 .UNSPECIFIED., .F., .F., .T. ) 
 B_SPLINE_SURFACE_WITH_KNOTS ( ( 4, 2, 2, 2, 4 ),
 ( 3, 3 ),
 ( 0.0003201633710385978402, 0.0008879230564491048198, 0.001455682741859611745, 0.002023442427270118887, 0.002591202112680625596 ),
 ( 0.000000000000000000, 1.000000000000000000 ),
 .UNSPECIFIED. ) 
 GEOMETRIC_REPRESENTATION_ITEM ( )  RATIONAL_B_SPLINE_SURFACE ( (
 ( 1.000000000000000000, 0.8366600265340758957, 1.000000000000000000),
 ( 1.000000000000000000, 0.8367047667726861260, 1.000000000000000000),
 ( 1.000000000000000000, 0.8309577461967091461, 1.000000000000000000),
 ( 1.000000000000000000, 0.8100511198941772184, 1.000000000000000000),
 ( 1.000000000000000000, 0.7948258464886445163, 1.000000000000000000),
 ( 1.000000000000000000, 0.7591891926444419569, 1.000000000000000000),
 ( 1.000000000000000000, 0.7385588926572019819, 1.000000000000000000),
 ( 1.000000000000000000, 0.6957534197718031610, 1.000000000000000000),
 ( 1.000000000000000000, 0.6741697073066565959, 1.000000000000000000),
 ( 1.000000000000000000, 0.6546536707079743111, 1.000000000000000000) ) ) 
 REPRESENTATION_ITEM ( '' )  SURFACE ( )  );
#171 = CARTESIAN_POINT ( 'NONE',  ( 12.71106446188503547, -10.58974411832536688, 0.000000000000000000 ) ) ;
#172 = AXIS2_PLACEMENT_3D ( 'NONE', #309, #3750, #4931 ) ;
#173 = ORIENTED_EDGE ( 'NONE', *, *, #890, .F. ) ;
#174 = CARTESIAN_POINT ( 'NONE',  ( 7.442509589754230603, -9.766694941808356845, 12.70416049123054236 ) ) ;
#175 = CARTESIAN_POINT ( 'NONE',  ( 1.762114957294381945, -9.752028722493964352, 13.81733002320593684 ) ) ;
#176 = ORIENTED_EDGE ( 'NONE', *, *, #3764, .F. ) ;
#177 = CARTESIAN_POINT ( 'NONE',  ( -0.9575555538987269300, -1.606969024216359898, 1.658534870422335938 ) ) ;
#178 = LINE ( 'NONE', #3979, #2807 ) ;
#179 = DIRECTION ( 'NONE',  ( 0.3830222215594904500, 0.6427876096865433597, -0.6634139481689337314 ) ) ;
#180 = VECTOR ( 'NONE', #4923, 1000.000000000000000 ) ;
#181 = ADVANCED_FACE ( 'NONE', ( #2417 ), #2235, .F. ) ;
#182 = ORIENTED_EDGE ( 'NONE', *, *, #1209, .F. ) ;
#183 = VECTOR ( 'NONE', #1353, 1000.000000000000000 ) ;
#184 = ORIENTED_EDGE ( 'NONE', *, *, #2320, .T. ) ;
#185 = EDGE_CURVE ( 'NONE', #2219, #1938, #2060, .T. ) ;
#186 = DIRECTION ( 'NONE',  ( 0.6427876096865434707, 0.7660444431189746828, 0.000000000000000000 ) ) ;
#187 = DIRECTION ( 'NONE',  ( -0.3213938048432665728, 0.7660444431189746828, -0.5566703992264259160 ) ) ;
#188 = AXIS2_PLACEMENT_3D ( 'NONE', #1897, #688, #2775 ) ;
#189 = VERTEX_POINT ( 'NONE', #171 ) ;
#190 = CYLINDRICAL_SURFACE ( 'NONE', #5110, 1.000000000000001332 ) ;
#191 = VECTOR ( 'NONE', #4581, 1000.000000000000000 ) ;
#192 = ORIENTED_EDGE ( 'NONE', *, *, #3465, .F. ) ;
#193 = CARTESIAN_POINT ( 'NONE',  ( -12.64700178822350551, -10.04410220119013353, 5.322393786236457203 ) ) ;
#194 = CARTESIAN_POINT ( 'NONE',  ( 8.246130327110133607, -14.17506747948183232, -4.510785486786934584 ) ) ;
#195 = ORIENTED_EDGE ( 'NONE', *, *, #3913, .F. ) ;
#196 = CARTESIAN_POINT ( 'NONE',  ( -8.517985029289608434, -13.92952569698046084, 4.734157253192923243 ) ) ;
#197 = CARTESIAN_POINT ( 'NONE',  ( 0.9284300462807371090, -17.42358175841449253, 11.75936410289291345 ) ) ;
#198 = EDGE_CURVE ( 'NONE', #4485, #3974, #3831, .T. ) ;
#199 = DIRECTION ( 'NONE',  ( -0.7660444431189743497, 0.6427876096865436928, 0.000000000000000000 ) ) ;
#200 = ORIENTED_EDGE ( 'NONE', *, *, #5409, .T. ) ;
#201 = CARTESIAN_POINT ( 'NONE',  ( 0.000000000000000000, -16.81517172080023670, 0.000000000000000000 ) ) ;
#202 = FACE_BOUND ( 'NONE', #2857, .T. ) ;
#203 = ORIENTED_EDGE ( 'NONE', *, *, #4276, .F. ) ;
#204 = DIRECTION ( 'NONE',  ( 0.3213938048432744554, -0.7660444431189745718, -0.5566703992264216971 ) ) ;
#205 = DIRECTION ( 'NONE',  ( 0.000000000000000000, 0.000000000000000000, 1.000000000000000000 ) ) ;
#206 = VERTEX_POINT ( 'NONE', #1898 ) ;
#207 = VERTEX_POINT ( 'NONE', #577 ) ;
#208 = CARTESIAN_POINT ( 'NONE',  ( -0.8760445255297618639, -14.64069237932382350, 9.201010928411399448 ) ) ;
#209 = DIRECTION ( 'NONE',  ( 0.000000000000000000, -0.7181832268395638152, 0.6958540455341992725 ) ) ;
#210 = EDGE_CURVE ( 'NONE', #4024, #2261, #1884, .T. ) ;
#211 = ORIENTED_EDGE ( 'NONE', *, *, #3147, .F. ) ;
#212 = CARTESIAN_POINT ( 'NONE',  ( 0.9575555538987059467, 1.606969024216363673, 1.658534870422352814 ) ) ;
#213 = DIRECTION ( 'NONE',  ( -0.6427876096865433597, -0.7660444431189745718, 0.000000000000000000 ) ) ;
#214 = EDGE_CURVE ( 'NONE', #1605, #3221, #4271, .T. ) ;
#215 = EDGE_LOOP ( 'NONE', ( #29, #1880, #343, #2797 ) ) ;
#216 = PLANE ( 'NONE',  #783 ) ;
#217 = CARTESIAN_POINT ( 'NONE',  ( 8.552596637513067535, -14.28812789341437295, -3.425874899205962443 ) ) ;
#218 = CIRCLE ( 'NONE', #916, 16.82563641638338225 ) ;
#219 = ORIENTED_EDGE ( 'NONE', *, *, #1359, .F. ) ;
#220 = CARTESIAN_POINT ( 'NONE',  ( -7.530626212488909843, -14.26699635934654609, 5.373279906493629632 ) ) ;
#221 = DIRECTION ( 'NONE',  ( 0.6427876096865435818, 0.7660444431189745718, 0.000000000000000000 ) ) ;
#222 = AXIS2_PLACEMENT_3D ( 'NONE', #3388, #2079, #2516 ) ;
#223 = CARTESIAN_POINT ( 'NONE',  ( 3.152314764719579276, -17.13442936382394421, -7.385502684272474916 ) ) ;
#224 = CARTESIAN_POINT ( 'NONE',  ( -5.825202145052520208, -11.65040429010517542, -10.08954607959038974 ) ) ;
#225 = EDGE_CURVE ( 'NONE', #1411, #4133, #218, .T. ) ;
#226 = CARTESIAN_POINT ( 'NONE',  ( 0.9575555538987059467, 1.606969024216363673, 1.658534870422352814 ) ) ;
#227 = CARTESIAN_POINT ( 'NONE',  ( 1.717887653528061609, -9.893656997677322096, 13.72202851059323869 ) ) ;
#228 = ORIENTED_EDGE ( 'NONE', *, *, #3020, .F. ) ;
#229 = CARTESIAN_POINT ( 'NONE',  ( 7.429867618418267483, -11.18777130847421120, -14.03689697638903944 ) ) ;
#230 = CARTESIAN_POINT ( 'NONE',  ( 9.369401554347842165, -17.71751119999077062, 6.481485183836509734 ) ) ;
#231 = CARTESIAN_POINT ( 'NONE',  ( 11.24027063540136062, -9.901853762965108885, 8.040129648339425117 ) ) ;
#232 = ORIENTED_EDGE ( 'NONE', *, *, #2464, .F. ) ;
#233 = ORIENTED_EDGE ( 'NONE', *, *, #2404, .T. ) ;
#234 = CARTESIAN_POINT ( 'NONE',  ( 8.271454600238186572, -14.48527678248614059, -3.280212695994967564 ) ) ;
#235 = DIRECTION ( 'NONE',  ( 0.000000000000000000, 0.5878588831525614067, 0.8089634933040077414 ) ) ;
#236 = AXIS2_PLACEMENT_3D ( 'NONE', #3032, #2609, #4306 ) ;
#237 = EDGE_LOOP ( 'NONE', ( #2354, #673, #2368, #2742 ) ) ;
#238 = LINE ( 'NONE', #1031, #5282 ) ;
#239 = CARTESIAN_POINT ( 'NONE',  ( 10.98309728164196564, -10.27321266004481259, -7.927251598770317820 ) ) ;
#240 = ORIENTED_EDGE ( 'NONE', *, *, #2132, .T. ) ;
#241 = CARTESIAN_POINT ( 'NONE',  ( -12.84785060466096418, -9.751207303912446278, 5.382611114598847557 ) ) ;
#242 = AXIS2_PLACEMENT_3D ( 'NONE', #4397, #3978, #1375 ) ;
#243 = CARTESIAN_POINT ( 'NONE',  ( 8.413231643623461764, -14.66061143408786194, -4.825350317793011712 ) ) ;
#244 = ADVANCED_FACE ( 'NONE', ( #1400 ), #2809, .F. ) ;
#245 = CIRCLE ( 'NONE', #4751, 5.000000000000004441 ) ;
#246 = ORIENTED_EDGE ( 'NONE', *, *, #3428, .T. ) ;
#247 = AXIS2_PLACEMENT_3D ( 'NONE', #553, #1791, #3099 ) ;
#248 = FACE_OUTER_BOUND ( 'NONE', #1568, .T. ) ;
#249 = CARTESIAN_POINT ( 'NONE',  ( 11.65040429010521628, -11.65040429010518963, 0.000000000000000000 ) ) ;
#250 = DIRECTION ( 'NONE',  ( -0.6427876096865435818, -0.7660444431189745718, 0.000000000000000000 ) ) ;
#251 = CARTESIAN_POINT ( 'NONE',  ( -12.95785284374621860, -10.27850668654068578, -5.347742581637361603 ) ) ;
#252 = AXIS2_PLACEMENT_3D ( 'NONE', #2930, #4629, #2902 ) ;
#253 = CARTESIAN_POINT ( 'NONE',  ( 1.841110990948377601, -10.17856055167273688, -13.93803950685948578 ) ) ;
#254 = B_SPLINE_CURVE_WITH_KNOTS ( 'NONE', 3,
 ( #4908, #2787, #2872, #1546 ),
 .UNSPECIFIED., .F., .F.,
 ( 4, 4 ),
 ( 8.673617379884035472E-19, 8.156158518023609626E-05 ),
 .UNSPECIFIED. ) ;
#255 = ORIENTED_EDGE ( 'NONE', *, *, #4792, .T. ) ;
#256 = CARTESIAN_POINT ( 'NONE',  ( 9.560912665127681009, -17.39611739514749900, -6.813192157920845204 ) ) ;
#257 = CARTESIAN_POINT ( 'NONE',  ( -0.1242925099374733999, -14.61947912733002930, 9.714638732252062425 ) ) ;
#258 = CARTESIAN_POINT ( 'NONE',  ( -5.825202145052655212, -11.65040429010518963, 10.08954607959029914 ) ) ;
#259 = CIRCLE ( 'NONE', #2103, 0.8999999999999975797 ) ;
#260 = ORIENTED_EDGE ( 'NONE', *, *, #2488, .T. ) ;
#261 = VERTEX_POINT ( 'NONE', #304 ) ;
#262 = CARTESIAN_POINT ( 'NONE',  ( 3.623750740484478872, -17.57199523509192574, 7.447128096562709132 ) ) ;
#263 = CARTESIAN_POINT ( 'NONE',  ( 4.115071245233480113, -17.74936653968166311, 5.139155057902476287 ) ) ;
#264 = AXIS2_PLACEMENT_3D ( 'NONE', #3792, #708, #1685 ) ;
#265 = EDGE_CURVE ( 'NONE', #3496, #4863, #3035, .T. ) ;
#266 = AXIS2_PLACEMENT_3D ( 'NONE', #2925, #4622, #2499 ) ;
#267 = VERTEX_POINT ( 'NONE', #3671 ) ;
#268 = DIRECTION ( 'NONE',  ( 0.000000000000000000, 0.000000000000000000, 1.000000000000000000 ) ) ;
#269 = CYLINDRICAL_SURFACE ( 'NONE', #737, 0.5000000000000002220 ) ;
#270 = CARTESIAN_POINT ( 'NONE',  ( 10.77099328623738295, -10.20811086252467348, -8.304681431626585564 ) ) ;
#271 = VERTEX_POINT ( 'NONE', #1152 ) ;
#272 = CARTESIAN_POINT ( 'NONE',  ( -12.36272338464241827, -10.84401044073886133, 4.330127018921346327 ) ) ;
#273 = AXIS2_PLACEMENT_3D ( 'NONE', #4892, #982, #1444 ) ;
#274 = CARTESIAN_POINT ( 'NONE',  ( 3.076313686331090480, -10.92195538458601511, -13.32833160474511303 ) ) ;
#275 = VERTEX_POINT ( 'NONE', #333 ) ;
#276 = CARTESIAN_POINT ( 'NONE',  ( 7.775991973565851367, -10.09508690997388669, 15.02053919795476489 ) ) ;
#277 = CARTESIAN_POINT ( 'NONE',  ( 11.19995847549811074, -9.904866960717283675, 8.715838628155303525 ) ) ;
#278 = EDGE_CURVE ( 'NONE', #1803, #3221, #2052, .T. ) ;
#279 = CARTESIAN_POINT ( 'NONE',  ( 7.803125750752554879, -11.29178658691144754, -13.96692351354949224 ) ) ;
#280 = ADVANCED_FACE ( 'NONE', ( #4269, #4553 ), #4979, .T. ) ;
#281 = CARTESIAN_POINT ( 'NONE',  ( -13.08533370237889315, -9.992626814029446081, -5.372413885577744352 ) ) ;
#282 = CARTESIAN_POINT ( 'NONE',  ( 9.036344059845440313, -9.492398487316570765, 13.66260551080773311 ) ) ;
#283 = ORIENTED_EDGE ( 'NONE', *, *, #632, .F. ) ;
#284 = DIRECTION ( 'NONE',  ( -0.3213938048432665728, 0.7660444431189746828, -0.5566703992264259160 ) ) ;
#285 = CARTESIAN_POINT ( 'NONE',  ( -4.042432286947647668, -9.357656780031168964, -7.001698107150326145 ) ) ;
#286 = ADVANCED_FACE ( 'NONE', ( #401 ), #3364, .T. ) ;
#287 = DIRECTION ( 'NONE',  ( -0.000000000000000000, -1.000000000000000000, -0.000000000000000000 ) ) ;
#288 = ORIENTED_EDGE ( 'NONE', *, *, #2042, .F. ) ;
#289 = ORIENTED_EDGE ( 'NONE', *, *, #543, .T. ) ;
#290 = CARTESIAN_POINT ( 'NONE',  ( -7.361658931232243575, -16.45307938010302706, 0.8000034070401014219 ) ) ;
#291 = CARTESIAN_POINT ( 'NONE',  ( 3.405997263965335087, -17.23500811408023026, 4.958824682432604547 ) ) ;
#292 = EDGE_CURVE ( 'NONE', #869, #775, #1621, .T. ) ;
#293 = VERTEX_POINT ( 'NONE', #5442 ) ;
#294 = CARTESIAN_POINT ( 'NONE',  ( 10.58974411832539708, -12.71106446188501238, 1.836970198721030181E-16 ) ) ;
#295 = DIRECTION ( 'NONE',  ( -0.3213938048432665728, 0.7660444431189746828, -0.5566703992264259160 ) ) ;
#296 = CYLINDRICAL_SURFACE ( 'NONE', #1037, 0.4999999999999988898 ) ;
#297 = DIRECTION ( 'NONE',  ( -0.000000000000000000, 1.000000000000000000, -0.000000000000000000 ) ) ;
#298 = CARTESIAN_POINT ( 'NONE',  ( 8.217936212333242452, -29.02231925376512223, 1.224646799147354440E-16 ) ) ;
#299 = DIRECTION ( 'NONE',  ( -0.7660444431189746828, 0.6427876096865433597, 0.000000000000000000 ) ) ;
#300 = CYLINDRICAL_SURFACE ( 'NONE', #3765, 0.5000000000000002220 ) ;
#301 = DIRECTION ( 'NONE',  ( -0.7660444431189745718, 0.6427876096865433597, 0.000000000000000000 ) ) ;
#302 = APPROVAL_ROLE ( '' ) ;
#303 = DIRECTION ( 'NONE',  ( 0.3830222215594904500, 0.6427876096865433597, -0.6634139481689337314 ) ) ;
#304 = CARTESIAN_POINT ( 'NONE',  ( 11.22388872408069105, -9.951096517944861830, 1.102182119232614830E-16 ) ) ;
#305 = DIRECTION ( 'NONE',  ( 0.1808583966367549034, 0.2155386439426794087, 0.9596006113656522230 ) ) ;
#306 = FACE_OUTER_BOUND ( 'NONE', #3105, .T. ) ;
#307 = ORIENTED_EDGE ( 'NONE', *, *, #3093, .T. ) ;
#308 = DIRECTION ( 'NONE',  ( -0.3830222215594812352, -0.6427876096865434707, -0.6634139481689390605 ) ) ;
#309 = CARTESIAN_POINT ( 'NONE',  ( 7.638560240450922301, -13.53939173702823417, 13.23037443313682182 ) ) ;
#310 = DIRECTION ( 'NONE',  ( -0.7660444431189746828, 0.6427876096865434707, 0.000000000000000000 ) ) ;
#311 = EDGE_CURVE ( 'NONE', #2819, #3968, #4277, .T. ) ;
#312 = ORIENTED_EDGE ( 'NONE', *, *, #2220, .T. ) ;
#313 = ORIENTED_EDGE ( 'NONE', *, *, #3078, .T. ) ;
#314 = CARTESIAN_POINT ( 'NONE',  ( -4.360630338481692903, -8.721260676963277447, 7.552833299276483281 ) ) ;
#315 = CARTESIAN_POINT ( 'NONE',  ( -16.79585221119075911, -9.995797956650214644, 0.8738181590166542723 ) ) ;
#316 = CC_DESIGN_PERSON_AND_ORGANIZATION_ASSIGNMENT ( #3744, #763, ( #1768 ) ) ;
#317 = ORIENTED_EDGE ( 'NONE', *, *, #1756, .T. ) ;
#318 = DIRECTION ( 'NONE',  ( 0.000000000000000000, 0.5878588831525610736, 0.8089634933040078524 ) ) ;
#319 = CARTESIAN_POINT ( 'NONE',  ( 2.409551520065185137, -10.85628928056501330, -12.86072815866730501 ) ) ;
#320 = CARTESIAN_POINT ( 'NONE',  ( 11.31009755794348592, -9.385828412306237212, -8.543296684801864771 ) ) ;
#321 = APPLICATION_CONTEXT ( 'configuration controlled 3d designs of mechanical parts and assemblies' ) ;
#322 = CARTESIAN_POINT ( 'NONE',  ( -0.5681516255017067252, -13.89229879141995205, 9.783440290360008618 ) ) ;
#323 = DIRECTION ( 'NONE',  ( -0.3830222215594810686, -0.6427876096865436928, 0.6634139481689388385 ) ) ;
#324 = AXIS2_PLACEMENT_3D ( 'NONE', #4549, #730, #2878 ) ;
#325 = EDGE_CURVE ( 'NONE', #3889, #3947, #4997, .T. ) ;
#326 = CARTESIAN_POINT ( 'NONE',  ( 6.489493575772475431, -15.46775456608786747, 11.24013258862999898 ) ) ;
#327 = AXIS2_PLACEMENT_3D ( 'NONE', #3434, #3404, #1266 ) ;
#328 = CYLINDRICAL_SURFACE ( 'NONE', #872, 6.500000000000000888 ) ;
#329 = APPROVAL_DATE_TIME ( #1199, #153 ) ;
#330 = DIRECTION ( 'NONE',  ( 5.575293782951362918E-17, -0.5878588831525580760, 0.8089634933040100728 ) ) ;
#331 = EDGE_CURVE ( 'NONE', #2494, #1169, #2570, .T. ) ;
#332 = TOROIDAL_SURFACE ( 'NONE', #3415, 7.000000000000000888, 0.5000000000000000000 ) ;
#333 = CARTESIAN_POINT ( 'NONE',  ( -5.825202145052513991, -10.66842378404321856, -11.22343949861805612 ) ) ;
#334 = DIRECTION ( 'NONE',  ( 0.3830222215594903390, 0.6427876096865434707, -0.6634139481689336204 ) ) ;
#335 = CARTESIAN_POINT ( 'NONE',  ( 8.255093677412311592, -8.860183951349007714, 13.60238762498483744 ) ) ;
#336 = ORIENTED_EDGE ( 'NONE', *, *, #1716, .T. ) ;
#337 = LINE ( 'NONE', #5404, #3065 ) ;
#338 = CARTESIAN_POINT ( 'NONE',  ( 9.934891593664993081, -10.87013461414667148, -8.493460382888315507 ) ) ;
#339 = AXIS2_PLACEMENT_3D ( 'NONE', #2650, #2203, #5132 ) ;
#340 = CARTESIAN_POINT ( 'NONE',  ( -7.738183898438019348, -14.03489709128897722, -5.672386223599548138 ) ) ;
#341 = CIRCLE ( 'NONE', #1831, 5.000000000000002665 ) ;
#342 = ORIENTED_EDGE ( 'NONE', *, *, #3617, .T. ) ;
#343 = ORIENTED_EDGE ( 'NONE', *, *, #2900, .T. ) ;
#344 = DIRECTION ( 'NONE',  ( 0.5388127993989907383, -0.8424255262062178007, 0.000000000000000000 ) ) ;
#345 = CARTESIAN_POINT ( 'NONE',  ( -16.87524037396282495, -10.07464515974256081, 0.7993507110134195903 ) ) ;
#346 = CIRCLE ( 'NONE', #2982, 0.4999999999999998890 ) ;
#347 = ADVANCED_FACE ( 'NONE', ( #380 ), #2054, .F. ) ;
#348 = EDGE_CURVE ( 'NONE', #38, #3444, #2853, .T. ) ;
#349 = VERTEX_POINT ( 'NONE', #3050 ) ;
#350 = CARTESIAN_POINT ( 'NONE',  ( 6.932360992960154178, -30.55440814000307270, -6.018531076210124357E-33 ) ) ;
#351 = CARTESIAN_POINT ( 'NONE',  ( 8.718928733464396785, -13.88766716932483014, 4.485692286068012180 ) ) ;
#352 = DIRECTION ( 'NONE',  ( 0.3830222215594902280, 0.6427876096865435818, -0.6634139481689336204 ) ) ;
#353 = AXIS2_PLACEMENT_3D ( 'NONE', #3205, #1477, #1067 ) ;
#354 = ORIENTED_EDGE ( 'NONE', *, *, #1164, .F. ) ;
#355 = CARTESIAN_POINT ( 'NONE',  ( 0.000000000000000000, -6.906250000000000000, 0.000000000000000000 ) ) ;
#356 = VERTEX_POINT ( 'NONE', #2599 ) ;
#357 = AXIS2_PLACEMENT_3D ( 'NONE', #1344, #2613, #1787 ) ;
#358 = CARTESIAN_POINT ( 'NONE',  ( 12.71106446188503547, -10.58974411832536688, 0.000000000000000000 ) ) ;
#359 = COORDINATED_UNIVERSAL_TIME_OFFSET ( 8, 0, .AHEAD. ) ;
#360 = CARTESIAN_POINT ( 'NONE',  ( 11.65040429010521628, -11.65040429010518963, 0.000000000000000000 ) ) ;
#361 = CIRCLE ( 'NONE', #1766, 6.800000000000001599 ) ;
#362 = CARTESIAN_POINT ( 'NONE',  ( 2.019485715443913421, -10.80741444993153166, 12.96616637069451095 ) ) ;
#363 = CARTESIAN_POINT ( 'NONE',  ( 0.000000000000000000, -5.500000000000000000, 0.000000000000000000 ) ) ;
#364 = EDGE_CURVE ( 'NONE', #1453, #5050, #2143, .T. ) ;
#365 = DIRECTION ( 'NONE',  ( -0.7660444431189746828, 0.6427876096865434707, 2.006177025403370566E-33 ) ) ;
#366 = FACE_OUTER_BOUND ( 'NONE', #4246, .T. ) ;
#367 = AXIS2_PLACEMENT_3D ( 'NONE', #5049, #1240, #1184 ) ;
#368 = CARTESIAN_POINT ( 'NONE',  ( 11.15140753762132775, -10.05775780106109352, 7.970031983867821523 ) ) ;
#369 = ORIENTED_EDGE ( 'NONE', *, *, #1523, .F. ) ;
#370 = ORIENTED_EDGE ( 'NONE', *, *, #4547, .T. ) ;
#371 = CARTESIAN_POINT ( 'NONE',  ( 8.452084852988395625, -10.47023306486303618, 12.65119293850220572 ) ) ;
#372 = CARTESIAN_POINT ( 'NONE',  ( 10.71136497298028445, -10.80388577596859534, 8.805834006806771086 ) ) ;
#373 = ORIENTED_EDGE ( 'NONE', *, *, #1230, .F. ) ;
#374 = CARTESIAN_POINT ( 'NONE',  ( -1.333067416029101393, -14.91131433491220015, -9.062319574466757288 ) ) ;
#375 = CARTESIAN_POINT ( 'NONE',  ( 8.422622774439577853, -14.38859008328523359, 3.325988053607026096 ) ) ;
#376 = EDGE_CURVE ( 'NONE', #5133, #2431, #3223, .T. ) ;
#377 = PERSON ( 'æœª', 'æœª', 'æœª', ('æœª'), ('æœª'), ('æœª') ) ;
#378 = EDGE_CURVE ( 'NONE', #4453, #856, #2321, .T. ) ;
#379 = ORIENTED_EDGE ( 'NONE', *, *, #515, .T. ) ;
#380 = FACE_OUTER_BOUND ( 'NONE', #463, .T. ) ;
#381 = VERTEX_POINT ( 'NONE', #5000 ) ;
#382 = CARTESIAN_POINT ( 'NONE',  ( 10.71136497298028445, -10.80388577596859534, 8.805834006806771086 ) ) ;
#383 = CYLINDRICAL_SURFACE ( 'NONE', #4416, 6.500000000000001776 ) ;
#384 = CARTESIAN_POINT ( 'NONE',  ( -14.72547143890729338, -9.770514355658990624, 0.1306772736013714908 ) ) ;
#385 = DIRECTION ( 'NONE',  ( 0.6427876096865434707, 0.7660444431189746828, 0.000000000000000000 ) ) ;
#386 = CARTESIAN_POINT ( 'NONE',  ( -0.5660034471011483603, -13.89837079804543762, -9.773607649378401874 ) ) ;
#387 = CARTESIAN_POINT ( 'NONE',  ( 9.937268422188244799, -10.88569332758859787, -8.470677486663831246 ) ) ;
#388 = CARTESIAN_POINT ( 'NONE',  ( 10.92779422359440566, -10.34400052954316784, 7.913201522164488466 ) ) ;
#389 = EDGE_CURVE ( 'NONE', #775, #3236, #2402, .T. ) ;
#390 = ORIENTED_EDGE ( 'NONE', *, *, #1499, .F. ) ;
#391 = CARTESIAN_POINT ( 'NONE',  ( 1.841357561836314494, -10.17870286368843402, 13.93798574006713764 ) ) ;
#392 = APPLICATION_PROTOCOL_DEFINITION ( 'international standard', 'config_control_design', 1994, #321 ) ;
#393 = VERTEX_POINT ( 'NONE', #2794 ) ;
#394 = DIRECTION ( 'NONE',  ( 0.000000000000000000, 0.000000000000000000, 1.000000000000000000 ) ) ;
#395 = CARTESIAN_POINT ( 'NONE',  ( -15.88810458249000490, -8.828950693492355839, 0.2618674519824454316 ) ) ;
#396 = ORIENTED_EDGE ( 'NONE', *, *, #5319, .F. ) ;
#397 = DIRECTION ( 'NONE',  ( -0.3213938048432665728, 0.7660444431189745718, -0.5566703992264259160 ) ) ;
#398 = CARTESIAN_POINT ( 'NONE',  ( 8.782705219363858617, -13.93101943288850464, 4.218917374910572171 ) ) ;
#399 = CARTESIAN_POINT ( 'NONE',  ( 4.231767045019604545, -18.05289402934406695, -5.363091229687070083 ) ) ;
#400 = CARTESIAN_POINT ( 'NONE',  ( -4.975548258972493976, -11.22388872408064486, 8.617902380051139843 ) ) ;
#401 = FACE_OUTER_BOUND ( 'NONE', #571, .T. ) ;
#402 = LINE ( 'NONE', #3772, #3260 ) ;
#403 = AXIS2_PLACEMENT_3D ( 'NONE', #5371, #4874, #2777 ) ;
#404 = FACE_OUTER_BOUND ( 'NONE', #4153, .T. ) ;
#405 = EDGE_CURVE ( 'NONE', #206, #275, #5337, .T. ) ;
#406 = CIRCLE ( 'NONE', #3672, 5.000000000000001776 ) ;
#407 = VERTEX_POINT ( 'NONE', #4578 ) ;
#408 = EDGE_CURVE ( 'NONE', #3813, #1608, #2382, .T. ) ;
#409 = CARTESIAN_POINT ( 'NONE',  ( -8.449022159666066401, -14.70993503651598644, -4.012816660469400887 ) ) ;
#410 = DIRECTION ( 'NONE',  ( 0.3830222215594847879, -0.6427876096865349220, -0.6634139481689452778 ) ) ;
#411 = CARTESIAN_POINT ( 'NONE',  ( -0.7124449963995413970, -14.55235736181136375, -9.468297560427057391 ) ) ;
#412 = DIRECTION ( 'NONE',  ( 0.000000000000000000, -0.5878588831525580760, 0.8089634933040099618 ) ) ;
#413 = CARTESIAN_POINT ( 'NONE',  ( 11.65040429010522693, -11.65040429010517720, 0.000000000000000000 ) ) ;
#414 = AXIS2_PLACEMENT_3D ( 'NONE', #3521, #4012, #1412 ) ;
#415 = EDGE_LOOP ( 'NONE', ( #4883, #4726, #1232, #1539 ) ) ;
#416 = DIRECTION ( 'NONE',  ( 0.3213938048432666283, -0.7660444431189746828, -0.5566703992264260270 ) ) ;
#417 = CIRCLE ( 'NONE', #3684, 0.4999999999999995559 ) ;
#418 = AXIS2_PLACEMENT_3D ( 'NONE', #3622, #3234, #4532 ) ;
#419 = ORIENTED_EDGE ( 'NONE', *, *, #2522, .F. ) ;
#420 = CARTESIAN_POINT ( 'NONE',  ( 7.679487290841247038, -11.26253261837830699, 13.99711620935099710 ) ) ;
#421 = LINE ( 'NONE', #2101, #5384 ) ;
#422 = DIRECTION ( 'NONE',  ( 0.3830222215594903390, 0.6427876096865435818, -0.6634139481689336204 ) ) ;
#423 = ORIENTED_EDGE ( 'NONE', *, *, #897, .F. ) ;
#424 = CARTESIAN_POINT ( 'NONE',  ( 0.000000000000000000, -6.906250000000000000, 0.000000000000000000 ) ) ;
#425 = CARTESIAN_POINT ( 'NONE',  ( 8.747194234534134694, -13.89837079804545539, 4.396630460870090573 ) ) ;
#426 = AXIS2_PLACEMENT_3D ( 'NONE', #976, #2238, #3464 ) ;
#427 = ADVANCED_FACE ( 'NONE', ( #786 ), #269, .T. ) ;
#428 = CARTESIAN_POINT ( 'NONE',  ( 4.209051932880327307, -17.95028941966060998, -5.281918326423309828 ) ) ;
#429 = CIRCLE ( 'NONE', #1572, 16.82050807568877460 ) ;
#430 = DIRECTION ( 'NONE',  ( 0.3830222215594812352, 0.6427876096865434707, 0.6634139481689390605 ) ) ;
#431 = CARTESIAN_POINT ( 'NONE',  ( 3.158302789783973274, -17.17348446176948684, -5.022322560223550170 ) ) ;
#432 = ORIENTED_EDGE ( 'NONE', *, *, #3152, .F. ) ;
#433 = ORIENTED_EDGE ( 'NONE', *, *, #225, .F. ) ;
#434 = CARTESIAN_POINT ( 'NONE',  ( -12.23877232443892105, -10.80741444993153344, -4.734157253192920578 ) ) ;
#435 = AXIS2_PLACEMENT_3D ( 'NONE', #1268, #2355, #2959 ) ;
#436 = DIRECTION ( 'NONE',  ( -1.927470528863123289E-15, 0.6546536707079798623, -0.7559289460184521747 ) ) ;
#437 = TOROIDAL_SURFACE ( 'NONE', #3614, 17.32050807568877460, 0.5000000000000000000 ) ;
#438 = CARTESIAN_POINT ( 'NONE',  ( -15.71476649434132966, -11.04821709025358167, 0.7994110250549271157 ) ) ;
#439 = CARTESIAN_POINT ( 'NONE',  ( -1.860393647574654752, 1.561055623524464586, 4.872144204551048522E-33 ) ) ;
#440 = CARTESIAN_POINT ( 'NONE',  ( -0.6735849880039800341, -14.54647336079784736, -9.503918869122177426 ) ) ;
#441 = CARTESIAN_POINT ( 'NONE',  ( 10.58749262101280131, -10.58749262101275335, 0.000000000000000000 ) ) ;
#442 = CARTESIAN_POINT ( 'NONE',  ( 11.19784045619888602, -9.899169239489530980, 8.724902230393867697 ) ) ;
#443 = AXIS2_PLACEMENT_3D ( 'NONE', #4702, #873, #3418 ) ;
#444 = EDGE_CURVE ( 'NONE', #2721, #4146, #1435, .T. ) ;
#445 = ORIENTED_EDGE ( 'NONE', *, *, #1822, .T. ) ;
#446 = B_SPLINE_CURVE_WITH_KNOTS ( 'NONE', 3,
 ( #234, #3601, #5301, #1496, #3194, #2764, #4884, #4454, #4042, #2045 ),
 .UNSPECIFIED., .F., .F.,
 ( 4, 2, 2, 2, 4 ),
 ( 0.000000000000000000, 0.0005511528013485321930, 0.001102305602697064386, 0.001653458404045598205, 0.002204611205394131808 ),
 .UNSPECIFIED. ) ;
#447 = EDGE_CURVE ( 'NONE', #1598, #3291, #3595, .T. ) ;
#448 = VECTOR ( 'NONE', #4569, 1000.000000000000114 ) ;
#449 = CARTESIAN_POINT ( 'NONE',  ( -15.27712048090208974, -13.53939173702823417, -3.938993453682045949E-16 ) ) ;
#450 = PLANE ( 'NONE',  #339 ) ;
#451 = ORIENTED_EDGE ( 'NONE', *, *, #1587, .T. ) ;
#452 = FACE_OUTER_BOUND ( 'NONE', #2673, .T. ) ;
#453 = PLANE ( 'NONE',  #4671 ) ;
#454 = DIRECTION ( 'NONE',  ( 0.000000000000000000, -0.5878588831525614067, 0.8089634933040077414 ) ) ;
#455 = ORIENTED_EDGE ( 'NONE', *, *, #1149, .F. ) ;
#456 = DIRECTION ( 'NONE',  ( -0.000000000000000000, -1.000000000000000000, -0.000000000000000000 ) ) ;
#457 = CARTESIAN_POINT ( 'NONE',  ( 2.734304464431564163, -18.30422687202079146, -6.443162529239438996 ) ) ;
#458 = CARTESIAN_POINT ( 'NONE',  ( 8.790428514180472774, -13.95294776818649929, 4.129437889357943980 ) ) ;
#459 = CARTESIAN_POINT ( 'NONE',  ( 4.045105642277540881, -17.65403016522686741, -5.079737063240076012 ) ) ;
#460 = EDGE_CURVE ( 'NONE', #953, #4112, #482, .T. ) ;
#461 = FACE_OUTER_BOUND ( 'NONE', #2871, .T. ) ;
#462 = ORIENTED_EDGE ( 'NONE', *, *, #5080, .F. ) ;
#463 = EDGE_LOOP ( 'NONE', ( #699, #4667, #4371, #5219 ) ) ;
#464 = CARTESIAN_POINT ( 'NONE',  ( -6.991233923531532390, -18.36831132685340151, -0.7993507110134230320 ) ) ;
#465 = DIRECTION ( 'NONE',  ( -0.7660444431189746828, 0.6427876096865433597, 0.000000000000000000 ) ) ;
#466 = EDGE_LOOP ( 'NONE', ( #3907, #1155, #2096, #1459 ) ) ;
#467 = CARTESIAN_POINT ( 'NONE',  ( 8.721260676963314751, -8.721260676963277447, 0.000000000000000000 ) ) ;
#468 = DIRECTION ( 'NONE',  ( 1.000000000000000000, 0.000000000000000000, 0.000000000000000000 ) ) ;
#469 = CARTESIAN_POINT ( 'NONE',  ( -0.7376629865418471432, -13.93101943288851352, -9.715504521374548119 ) ) ;
#470 = CARTESIAN_POINT ( 'NONE',  ( 7.638560240450922301, -13.53939173702823417, 13.23037443313682182 ) ) ;
#471 = CARTESIAN_POINT ( 'NONE',  ( 11.08540326626525641, -9.751207303912284630, 8.435259450364123168 ) ) ;
#472 = EDGE_LOOP ( 'NONE', ( #2983, #5433, #433, #4283 ) ) ;
#473 = CARTESIAN_POINT ( 'NONE',  ( 1.951252467763185283, -10.53561653714260515, 13.78818916263091587 ) ) ;
#474 = ORIENTED_EDGE ( 'NONE', *, *, #1149, .T. ) ;
#475 = CARTESIAN_POINT ( 'NONE',  ( -6.066515141558376456, -17.29775166689103827, 0.6144233895186561600 ) ) ;
#476 = DIRECTION ( 'NONE',  ( -0.3535533905932761178, 0.7071067811865484609, 0.6123724356957920278 ) ) ;
#477 = CARTESIAN_POINT ( 'NONE',  ( 1.149066664678446426, 1.928362829059635075, 1.990241844506821955 ) ) ;
#478 = EDGE_CURVE ( 'NONE', #4250, #1678, #4327, .T. ) ;
#479 = VERTEX_POINT ( 'NONE', #1116 ) ;
#480 = DIRECTION ( 'NONE',  ( 0.8162847207936065885, 0.5220932199171716137, -0.2471799431900250643 ) ) ;
#481 = CARTESIAN_POINT ( 'NONE',  ( -8.450545287130362127, -13.84915414197855199, 5.091979831573576476 ) ) ;
#482 = LINE ( 'NONE', #921, #1808 ) ;
#483 = CARTESIAN_POINT ( 'NONE',  ( -12.57756173324435345, -10.20811086252484756, -5.175613094059979602 ) ) ;
#484 = ORIENTED_EDGE ( 'NONE', *, *, #1752, .F. ) ;
#485 = EDGE_LOOP ( 'NONE', ( #1988, #1813 ) ) ;
#486 = CARTESIAN_POINT ( 'NONE',  ( -12.64025274130131216, -9.830502781409041546, -5.709085078894300835 ) ) ;
#487 = EDGE_CURVE ( 'NONE', #3582, #137, #3766, .T. ) ;
#488 = DIRECTION ( 'NONE',  ( 0.000000000000000000, -0.7181832268395639263, 0.6958540455341993836 ) ) ;
#489 = CARTESIAN_POINT ( 'NONE',  ( 0.000000000000000000, -16.81517172080023670, 0.000000000000000000 ) ) ;
#490 = DIRECTION ( 'NONE',  ( 0.3535533905932771170, 0.7071067811865464625, -0.6123724356957938042 ) ) ;
#491 = CARTESIAN_POINT ( 'NONE',  ( -0.8090355053331028667, -14.58352955862863531, -9.349118661950777565 ) ) ;
#492 = DIRECTION ( 'NONE',  ( -0.7660444431189746828, 0.6427876096865434707, 2.006177025403370566E-33 ) ) ;
#493 = EDGE_CURVE ( 'NONE', #5332, #134, #3233, .T. ) ;
#494 = CARTESIAN_POINT ( 'NONE',  ( 11.19688256879152100, -9.974987689571694460, 8.658878274738709635 ) ) ;
#495 = AXIS2_PLACEMENT_3D ( 'NONE', #4266, #835, #2212 ) ;
#496 = ORIENTED_EDGE ( 'NONE', *, *, #593, .T. ) ;
#497 = CARTESIAN_POINT ( 'NONE',  ( -5.825202145052655212, -12.63238479616715715, 8.955652660562616774 ) ) ;
#498 = CARTESIAN_POINT ( 'NONE',  ( 5.154840035044593094, -12.28659826202548011, -8.928444845587270251 ) ) ;
#499 = ORIENTED_EDGE ( 'NONE', *, *, #5421, .T. ) ;
#500 = DIRECTION ( 'NONE',  ( -0.6427876096865433597, -0.7660444431189746828, 0.000000000000000000 ) ) ;
#501 = DIRECTION ( 'NONE',  ( -0.3535533905932770615, -0.7071067811865465735, 0.6123724356957936932 ) ) ;
#502 = CIRCLE ( 'NONE', #3760, 15.53395348703928747 ) ;
#503 = CARTESIAN_POINT ( 'NONE',  ( 0.000000000000000000, -24.00000000000000000, 0.9000000000000000222 ) ) ;
#504 = CIRCLE ( 'NONE', #942, 6.500000000000001776 ) ;
#505 = EDGE_LOOP ( 'NONE', ( #2501, #1077 ) ) ;
#506 = AXIS2_PLACEMENT_3D ( 'NONE', #609, #966, #2649 ) ;
#507 = VERTEX_POINT ( 'NONE', #3145 ) ;
#508 = DIRECTION ( 'NONE',  ( -0.3213938048432741779, 0.7660444431189746828, 0.5566703992264213641 ) ) ;
#509 = CARTESIAN_POINT ( 'NONE',  ( 1.844188758090620217, -10.25256981478053753, -13.90666534415978894 ) ) ;
#510 = EDGE_CURVE ( 'NONE', #1256, #2128, #4312, .T. ) ;
#511 = VECTOR ( 'NONE', #1204, 1000.000000000000000 ) ;
#512 = EDGE_CURVE ( 'NONE', #2106, #1430, #1145, .T. ) ;
#513 = VECTOR ( 'NONE', #5058, 1000.000000000000000 ) ;
#514 = EDGE_LOOP ( 'NONE', ( #3920, #3111, #4738, #666, #1336, #4010, #2896, #2504, #1825, #618, #655, #760, #917, #1520, #3542, #390 ) ) ;
#515 = EDGE_CURVE ( 'NONE', #4863, #3496, #2881, .T. ) ;
#516 = VERTEX_POINT ( 'NONE', #579 ) ;
#517 = CARTESIAN_POINT ( 'NONE',  ( -6.702251818318865517, -17.97926178273822373, -0.9999508405518352516 ) ) ;
#518 = FACE_OUTER_BOUND ( 'NONE', #3117, .T. ) ;
#519 = AXIS2_PLACEMENT_3D ( 'NONE', #3811, #549, #115 ) ;
#520 = DIRECTION ( 'NONE',  ( 1.224646799147353207E-16, 0.000000000000000000, -1.000000000000000000 ) ) ;
#521 = AXIS2_PLACEMENT_3D ( 'NONE', #1150, #4554, #1978 ) ;
#522 = CARTESIAN_POINT ( 'NONE',  ( 8.255093677412311592, -8.860183951349007714, 13.60238762498483744 ) ) ;
#523 = CARTESIAN_POINT ( 'NONE',  ( 4.820907072649114333, -11.49066664678461613, 8.350055988396320572 ) ) ;
#524 = FACE_OUTER_BOUND ( 'NONE', #5139, .T. ) ;
#525 = AXIS2_PLACEMENT_3D ( 'NONE', #4451, #3238, #5323 ) ;
#526 = CARTESIAN_POINT ( 'NONE',  ( -8.484463544502640175, -13.88957636574213161, -4.912015887075128262 ) ) ;
#527 = VERTEX_POINT ( 'NONE', #2617 ) ;
#528 = EDGE_CURVE ( 'NONE', #1354, #4467, #2085, .T. ) ;
#529 = DIRECTION ( 'NONE',  ( -0.3535533905932771170, -0.7071067811865465735, 0.6123724356957938042 ) ) ;
#530 = CARTESIAN_POINT ( 'NONE',  ( -7.065027007717545438, -16.19839045252442489, -0.1306772736013710190 ) ) ;
#531 = ORIENTED_EDGE ( 'NONE', *, *, #4792, .F. ) ;
#532 = CARTESIAN_POINT ( 'NONE',  ( 6.839136992716245089, -10.73036074569458620, -13.83440378212164568 ) ) ;
#533 = CARTESIAN_POINT ( 'NONE',  ( -17.00887200762688423, -10.20260279807702375, -0.6155972746247120320 ) ) ;
#534 = TOROIDAL_SURFACE ( 'NONE', #2820, 17.32050807568877460, 0.5000000000000000000 ) ;
#535 = DIRECTION ( 'NONE',  ( -0.000000000000000000, 1.000000000000000000, -0.000000000000000000 ) ) ;
#536 = SECURITY_CLASSIFICATION ( '', '', #3696 ) ;
#537 = ORIENTED_EDGE ( 'NONE', *, *, #2748, .T. ) ;
#538 = ORIENTED_EDGE ( 'NONE', *, *, #2697, .F. ) ;
#539 = CARTESIAN_POINT ( 'NONE',  ( -0.8696454552382484327, -14.72383461542029615, 9.052757093832498825 ) ) ;
#540 = CARTESIAN_POINT ( 'NONE',  ( 1.592367127957727613, -9.482596944291548979, -14.02066602200979872 ) ) ;
#541 = ORIENTED_EDGE ( 'NONE', *, *, #1960, .T. ) ;
#542 = ORIENTED_EDGE ( 'NONE', *, *, #292, .T. ) ;
#543 = EDGE_CURVE ( 'NONE', #5309, #3591, #5197, .T. ) ;
#544 = CARTESIAN_POINT ( 'NONE',  ( -12.59174779173652681, -10.38394696123163108, 4.788359574448119993 ) ) ;
#545 = CARTESIAN_POINT ( 'NONE',  ( -5.507004093518713894, -12.28680039317306694, 9.538410887464099375 ) ) ;
#546 = EDGE_CURVE ( 'NONE', #3968, #2068, #4194, .T. ) ;
#547 = VERTEX_POINT ( 'NONE', #2227 ) ;
#548 = CARTESIAN_POINT ( 'NONE',  ( -7.734392106693185553, -14.04013782782838504, 5.662351574020737743 ) ) ;
#549 = DIRECTION ( 'NONE',  ( -0.6427876096865435818, -0.7660444431189745718, -2.775557561562891351E-17 ) ) ;
#550 = DIRECTION ( 'NONE',  ( 0.000000000000000000, 0.7181832268395595964, 0.6958540455342037134 ) ) ;
#551 = CARTESIAN_POINT ( 'NONE',  ( 4.320516806668798893, -17.72536860923895574, -7.144762816754442802 ) ) ;
#552 = ORIENTED_EDGE ( 'NONE', *, *, #1926, .F. ) ;
#553 = CARTESIAN_POINT ( 'NONE',  ( -0.9575555538987269300, -1.606969024216359898, 1.658534870422335938 ) ) ;
#554 = CARTESIAN_POINT ( 'NONE',  ( 1.948158429519086354, -9.904866960717274793, -14.05736787518985764 ) ) ;
#555 = ORIENTED_EDGE ( 'NONE', *, *, #5287, .T. ) ;
#556 = CYLINDRICAL_SURFACE ( 'NONE', #4381, 1.000000000000001776 ) ;
#557 = CARTESIAN_POINT ( 'NONE',  ( 8.132039569033636894, -10.26598558034113573, -15.02564133192269580 ) ) ;
#558 = CARTESIAN_POINT ( 'NONE',  ( 8.804713630710649497, -9.197895730460853514, -13.54169176347841663 ) ) ;
#559 = EDGE_CURVE ( 'NONE', #2932, #1034, #4743, .T. ) ;
#560 = ORIENTED_EDGE ( 'NONE', *, *, #5188, .T. ) ;
#561 = ORIENTED_EDGE ( 'NONE', *, *, #4021, .T. ) ;
#562 = DIRECTION ( 'NONE',  ( 0.3830222215594812352, 0.6427876096865434707, 0.6634139481689390605 ) ) ;
#563 = CARTESIAN_POINT ( 'NONE',  ( 11.97393001482805985, -11.97393001482803321, 0.000000000000000000 ) ) ;
#564 = DIRECTION ( 'NONE',  ( -0.3830222215594903945, -0.6427876096865436928, -0.6634139481689336204 ) ) ;
#565 = CLOSED_SHELL ( 'NONE', ( #2500, #4928, #2056, #1823, #2290, #4722, #879, #5137, #1464, #3627, #681, #996, #3799, #4953, #978, #2156, #1994, #4444, #2224, #1989, #4054, #3517, #1775, #4334, #3985, #3453, #347, #2683, #1718, #4967, #747, #4432, #2474, #959, #3220, #3564, #2664, #159, #619, #840, #1866, #927, #1567, #2051, #4759, #4843, #4619, #4776, #2125, #615, #3166, #3653, #2632, #1703, #4347, #4996, #280, #2958, #2630, #2818, #244, #1531, #4611, #3887, #3884, #2883, #5020, #5179, #2218, #3419, #4225, #3380, #4060, #4003, #3915, #781, #1518, #3994, #860, #4539, #3449, #2561, #1079, #2328, #3038, #5051, #5186, #5034, #1646, #4709, #2545, #3216, #3929, #3261, #1886, #1106, #5247, #2390, #427, #2026, #4781, #5120, #3700, #2990, #3317, #1922, #286, #2904, #3820, #2336, #3060, #181, #4607, #1414, #2059, #3604, #1111, #680, #131, #2251, #3116, #4121, #1893, #4429, #2791, #5152, #2695, #5400, #2005, #5201, #1479, #2445, #2735, #4074, #5121, #2973, #117 ) ) ;
#566 = ORIENTED_EDGE ( 'NONE', *, *, #1379, .T. ) ;
#567 = EDGE_LOOP ( 'NONE', ( #3902, #979 ) ) ;
#568 = CARTESIAN_POINT ( 'NONE',  ( -13.09724983859676506, -9.974987689571861438, 5.367345610395383382 ) ) ;
#569 = CARTESIAN_POINT ( 'NONE',  ( 8.567269567436328614, -14.54591684973041765, -4.143467915214019470 ) ) ;
#570 = DIRECTION ( 'NONE',  ( 0.9214677052481138331, -0.2155386439426787148, -0.3231723397076652349 ) ) ;
#571 = EDGE_LOOP ( 'NONE', ( #3977, #4260, #1276, #1862 ) ) ;
#572 = CARTESIAN_POINT ( 'NONE',  ( -8.041865975712937598, -14.54196731759058636, 5.265824322722575168 ) ) ;
#573 = DIRECTION ( 'NONE',  ( 0.000000000000000000, 1.000000000000000000, 0.000000000000000000 ) ) ;
#574 = EDGE_CURVE ( 'NONE', #5098, #2730, #3039, .T. ) ;
#575 = CARTESIAN_POINT ( 'NONE',  ( 3.387991761556209624, -16.20213508871279373, -6.207330141011456526 ) ) ;
#576 = EDGE_CURVE ( 'NONE', #2044, #5161, #4000, .T. ) ;
#577 = CARTESIAN_POINT ( 'NONE',  ( -12.30445610180991700, -10.88569332758857477, -4.370588154508100232 ) ) ;
#578 = ORIENTED_EDGE ( 'NONE', *, *, #4951, .F. ) ;
#579 = CARTESIAN_POINT ( 'NONE',  ( 7.731259622020156819, -14.83797325031954806, -5.390934471844586184 ) ) ;
#580 = DIRECTION ( 'NONE',  ( 0.7660444431189746828, -0.6427876096865434707, -2.006177025403370566E-33 ) ) ;
#581 = ORIENTED_EDGE ( 'NONE', *, *, #4392, .T. ) ;
#582 = CARTESIAN_POINT ( 'NONE',  ( -12.88886761084876653, -10.79550088975704014, -4.050017274042231996 ) ) ;
#583 = FACE_OUTER_BOUND ( 'NONE', #5102, .T. ) ;
#584 = CARTESIAN_POINT ( 'NONE',  ( 8.724186479263027039, -10.33464551418028421, -14.77291012234793222 ) ) ;
#585 = CIRCLE ( 'NONE', #324, 5.000000000000004441 ) ;
#586 =( BOUNDED_SURFACE ( )  B_SPLINE_SURFACE ( 3, 2, ( 
 ( #196, #1785, #1809 ),
 ( #2304, #2723, #5231 ),
 ( #1366, #4385, #602 ),
 ( #2221, #4359, #960 ),
 ( #2276, #3474, #2610 ),
 ( #138, #4418, #572 ),
 ( #2246, #3063, #3969 ),
 ( #2642, #3995, #635 ),
 ( #548, #1867, #5204 ),
 ( #3939, #5257, #1447 ),
 ( #930, #220, #3891 ),
 ( #3911, #3148, #4336 ),
 ( #114, #4838, #166 ),
 ( #3502, #1395, #1039 ) ),
 .UNSPECIFIED., .F., .F., .T. ) 
 B_SPLINE_SURFACE_WITH_KNOTS ( ( 4, 2, 2, 2, 2, 2, 4 ),
 ( 3, 3 ),
 ( 0.0003413480183935273683, 0.0009094683632856996732, 0.001193528535731785880, 0.001477588708177871978, 0.001761648880623958293, 0.002045709053070044608, 0.002613829397962216805 ),
 ( 0.000000000000000000, 1.000000000000000000 ),
 .UNSPECIFIED. ) 
 GEOMETRIC_REPRESENTATION_ITEM ( )  RATIONAL_B_SPLINE_SURFACE ( (
 ( 1.000000000000000000, 0.6546536707079775308, 1.000000000000000000),
 ( 1.000000000000000000, 0.6740283108242891563, 1.000000000000000000),
 ( 1.000000000000000000, 0.6960620086632747228, 1.000000000000000000),
 ( 1.000000000000000000, 0.7278407012477328131, 1.000000000000000000),
 ( 1.000000000000000000, 0.7384497941609922123, 1.000000000000000000),
 ( 1.000000000000000000, 0.7585176942047633375, 1.000000000000000000),
 ( 1.000000000000000000, 0.7680873389371515314, 1.000000000000000000),
 ( 1.000000000000000000, 0.7860884730439278156, 1.000000000000000000),
 ( 1.000000000000000000, 0.7942161018751532353, 1.000000000000000000),
 ( 1.000000000000000000, 0.8088502102450292330, 1.000000000000000000),
 ( 1.000000000000000000, 0.8152746277757157989, 1.000000000000000000),
 ( 1.000000000000000000, 0.8308741023686455618, 1.000000000000000000),
 ( 1.000000000000000000, 0.8367537141086242025, 1.000000000000000000),
 ( 1.000000000000000000, 0.8366600265340756737, 1.000000000000000000) ) ) 
 REPRESENTATION_ITEM ( '' )  SURFACE ( )  );
#587 = VERTEX_POINT ( 'NONE', #935 ) ;
#588 = CIRCLE ( 'NONE', #1114, 5.000000000000002665 ) ;
#589 = ORIENTED_EDGE ( 'NONE', *, *, #18, .T. ) ;
#590 = DIRECTION ( 'NONE',  ( 0.000000000000000000, -0.5878588831525582981, 0.8089634933040098508 ) ) ;
#591 = DIRECTION ( 'NONE',  ( -0.3213938048432665728, 0.7660444431189745718, -0.5566703992264259160 ) ) ;
#592 = CIRCLE ( 'NONE', #69, 0.5000000000000002220 ) ;
#593 = EDGE_CURVE ( 'NONE', #3047, #2157, #3896, .T. ) ;
#594 = VERTEX_POINT ( 'NONE', #4764 ) ;
#595 = CARTESIAN_POINT ( 'NONE',  ( 10.93434915183423861, -10.57932544575042755, -8.601366777252597018 ) ) ;
#596 = AXIS2_PLACEMENT_3D ( 'NONE', #177, #744, #3726 ) ;
#597 = ORIENTED_EDGE ( 'NONE', *, *, #5054, .F. ) ;
#598 = CARTESIAN_POINT ( 'NONE',  ( -5.611944362040389933, -9.951096517944858277, 9.720172764303560697 ) ) ;
#599 = FACE_OUTER_BOUND ( 'NONE', #3101, .T. ) ;
#600 = CIRCLE ( 'NONE', #4394, 17.00000000000000000 ) ;
#601 = EDGE_LOOP ( 'NONE', ( #946, #2670, #5419, #4340 ) ) ;
#602 = CARTESIAN_POINT ( 'NONE',  ( -8.290692371060442767, -14.58726729576264347, 5.054332649114778420 ) ) ;
#603 = CARTESIAN_POINT ( 'NONE',  ( -0.1841430799440986477, -14.60225460224676652, 9.709157579662569759 ) ) ;
#604 = VECTOR ( 'NONE', #1547, 1000.000000000000000 ) ;
#605 = CARTESIAN_POINT ( 'NONE',  ( 3.624811487861244519, -17.57261599434343324, -7.446935466787906854 ) ) ;
#606 = CARTESIAN_POINT ( 'NONE',  ( -8.029370942228592156, -14.23620314725358860, -4.710950599990995080 ) ) ;
#607 = AXIS2_PLACEMENT_3D ( 'NONE', #695, #5015, #2893 ) ;
#608 = ORIENTED_EDGE ( 'NONE', *, *, #4536, .F. ) ;
#609 = CARTESIAN_POINT ( 'NONE',  ( 4.820907072648997094, -11.49066664678461613, -8.350055988396386297 ) ) ;
#610 = CARTESIAN_POINT ( 'NONE',  ( 1.929738907879438914, -9.598615005324045768, 13.90143304066627294 ) ) ;
#611 = VERTEX_POINT ( 'NONE', #3481 ) ;
#612 = CARTESIAN_POINT ( 'NONE',  ( 6.723070052183271805, -10.42616427465648599, -13.61048150436627147 ) ) ;
#613 = DIRECTION ( 'NONE',  ( -0.7660444431189746828, 0.6427876096865434707, 2.006177025403370566E-33 ) ) ;
#614 = FACE_OUTER_BOUND ( 'NONE', #973, .T. ) ;
#615 = ADVANCED_FACE ( 'NONE', ( #5180 ), #3506, .F. ) ;
#616 = CIRCLE ( 'NONE', #1312, 15.00000000000000000 ) ;
#617 = EDGE_CURVE ( 'NONE', #2571, #4773, #3019, .T. ) ;
#618 = ORIENTED_EDGE ( 'NONE', *, *, #546, .F. ) ;
#619 = ADVANCED_FACE ( 'NONE', ( #3155 ), #5460, .F. ) ;
#620 = VECTOR ( 'NONE', #8, 1000.000000000000114 ) ;
#621 = ORIENTED_EDGE ( 'NONE', *, *, #4104, .F. ) ;
#622 = CARTESIAN_POINT ( 'NONE',  ( 12.05055710526437096, -13.21799793218496255, -11.12538282101892406 ) ) ;
#623 = LINE ( 'NONE', #1522, #604 ) ;
#624 = CIRCLE ( 'NONE', #3881, 5.000000000000001776 ) ;
#625 = ORIENTED_EDGE ( 'NONE', *, *, #3093, .F. ) ;
#626 = CARTESIAN_POINT ( 'NONE',  ( 9.931361692320511025, -10.84401044073883291, 8.541369001599596444 ) ) ;
#627 = CARTESIAN_POINT ( 'NONE',  ( 11.14562705401919196, -10.05493365950259665, -7.980089191733867438 ) ) ;
#628 = AXIS2_PLACEMENT_3D ( 'NONE', #1213, #4197, #1626 ) ;
#629 = ORIENTED_EDGE ( 'NONE', *, *, #348, .F. ) ;
#630 = CARTESIAN_POINT ( 'NONE',  ( 2.046512437635186643, -10.75773122283675320, 13.01009214817938542 ) ) ;
#631 = CARTESIAN_POINT ( 'NONE',  ( 8.793259451887667666, -13.92581727987379381, -4.217112773891726896 ) ) ;
#632 = EDGE_CURVE ( 'NONE', #3878, #2926, #4742, .T. ) ;
#633 = EDGE_LOOP ( 'NONE', ( #2316, #336, #1713, #1282, #2326 ) ) ;
#634 = B_SPLINE_CURVE_WITH_KNOTS ( 'NONE', 3,
 ( #2057, #1561, #3257, #4528, #5444, #1593, #3286, #4981, #4956, #1172, #1640, #5037, #4106, #1227, #1953, #738, #2916, #2414 ),
 .UNSPECIFIED., .F., .F.,
 ( 4, 2, 2, 2, 2, 2, 2, 2, 4 ),
 ( 1.847224029945976859E-18, 0.0003917964489861720540, 0.0007835928979723424817, 0.001175389346958512909, 0.001567185795944686698, 0.001958982244930860053, 0.002350778693917034059, 0.002742575142903207197, 0.003134371591889381636 ),
 .UNSPECIFIED. ) ;
#635 = CARTESIAN_POINT ( 'NONE',  ( -7.893842682164105895, -14.54647336079799835, 5.335301145780441345 ) ) ;
#636 = DIRECTION ( 'NONE',  ( 0.3830222215594811241, 0.6427876096865433597, 0.6634139481689389495 ) ) ;
#637 = CARTESIAN_POINT ( 'NONE',  ( 8.386365436372418714, -10.36750379036589642, -12.59939747979089120 ) ) ;
#638 = CARTESIAN_POINT ( 'NONE',  ( 7.113323326970253824, -9.803198106018745861, 12.91706786976099863 ) ) ;
#639 = DIRECTION ( 'NONE',  ( 0.3535533905932774501, 0.7071067811865459074, -0.6123724356957943593 ) ) ;
#640 = ORIENTED_EDGE ( 'NONE', *, *, #1617, .T. ) ;
#641 = CARTESIAN_POINT ( 'NONE',  ( 6.729792646928842714, -10.22744113837644520, -13.44022277797646048 ) ) ;
#642 = CARTESIAN_POINT ( 'NONE',  ( 0.1590920678692830104, -13.92952569698045906, 9.743870051016800815 ) ) ;
#643 = DIRECTION ( 'NONE',  ( 0.6427876096865434707, 0.7660444431189746828, -0.000000000000000000 ) ) ;
#644 = B_SPLINE_CURVE_WITH_KNOTS ( 'NONE', 3,
 ( #4801, #5270, #668, #2740, #5220, #1026, #2317, #2657, #4854, #999, #3574, #4350, #2262, #262, #1882, #1462 ),
 .UNSPECIFIED., .F., .F.,
 ( 4, 2, 2, 2, 2, 2, 2, 4 ),
 ( 0.003134763798752054562, 0.003526529485011935163, 0.003918295171271815765, 0.004701826543791578703, 0.005093592230051459738, 0.005485357916311340773, 0.005877123602571223543, 0.006268889288831104578 ),
 .UNSPECIFIED. ) ;
#645 = VERTEX_POINT ( 'NONE', #4926 ) ;
#646 = ORIENTED_EDGE ( 'NONE', *, *, #1941, .F. ) ;
#647 = DIRECTION ( 'NONE',  ( 0.000000000000000000, -0.5878588831525574099, 0.8089634933040104059 ) ) ;
#648 = CARTESIAN_POINT ( 'NONE',  ( 12.28680039317311845, -11.01400818703728568, 1.102182119232614830E-16 ) ) ;
#649 = EDGE_CURVE ( 'NONE', #4159, #784, #2335, .T. ) ;
#650 = ORIENTED_EDGE ( 'NONE', *, *, #2306, .F. ) ;
#651 = DIRECTION ( 'NONE',  ( 0.000000000000000000, -0.5878588831525559666, 0.8089634933040116271 ) ) ;
#652 = ORIENTED_EDGE ( 'NONE', *, *, #4245, .F. ) ;
#653 = CARTESIAN_POINT ( 'NONE',  ( -5.930657695151126063, -33.38488466757014095, 10.27220045030097495 ) ) ;
#654 = CARTESIAN_POINT ( 'NONE',  ( 7.575148602646698315, -29.78836369688409746, -6.018531076210124357E-33 ) ) ;
#655 = ORIENTED_EDGE ( 'NONE', *, *, #144, .T. ) ;
#656 = CARTESIAN_POINT ( 'NONE',  ( -5.930657695150938657, -32.66670144073049187, -10.96805449583517955 ) ) ;
#657 = DIRECTION ( 'NONE',  ( 0.000000000000000000, -0.5878588831525579650, 0.8089634933040100728 ) ) ;
#658 = CARTESIAN_POINT ( 'NONE',  ( 8.544785551976074700, -10.67355352303813731, -12.79156780122901260 ) ) ;
#659 = DIRECTION ( 'NONE',  ( -0.1940782502882480720, 0.5220932199171733901, 0.8305132765233618208 ) ) ;
#660 = CARTESIAN_POINT ( 'NONE',  ( 1.592495003193472147, -9.482515100212255632, 14.02070478104112539 ) ) ;
#661 = EDGE_CURVE ( 'NONE', #2189, #1256, #944, .T. ) ;
#662 = ORIENTED_EDGE ( 'NONE', *, *, #1822, .F. ) ;
#663 = CARTESIAN_POINT ( 'NONE',  ( 0.5123517930841910983, -14.04012839937352553, -9.574726326380892161 ) ) ;
#664 = LINE ( 'NONE', #285, #2720 ) ;
#665 = CARTESIAN_POINT ( 'NONE',  ( 10.81334902999824976, -10.49045412207543748, -7.884166806785256831 ) ) ;
#666 = ORIENTED_EDGE ( 'NONE', *, *, #510, .T. ) ;
#667 = VERTEX_POINT ( 'NONE', #1899 ) ;
#668 = CARTESIAN_POINT ( 'NONE',  ( 3.611275062563064964, -16.19571011224793722, 6.069156429408389286 ) ) ;
#669 = CARTESIAN_POINT ( 'NONE',  ( 3.282943155585106521, -17.20444328938761558, 4.990370298295888851 ) ) ;
#670 = CIRCLE ( 'NONE', #2072, 0.4999999999999996114 ) ;
#671 = CIRCLE ( 'NONE', #2514, 16.82050807568877460 ) ;
#672 = EDGE_CURVE ( 'NONE', #1381, #4730, #2349, .T. ) ;
#673 = ORIENTED_EDGE ( 'NONE', *, *, #2042, .T. ) ;
#674 = FACE_OUTER_BOUND ( 'NONE', #1525, .T. ) ;
#675 = CARTESIAN_POINT ( 'NONE',  ( 11.08510133392250374, -9.752028722494115343, -8.434701329008875703 ) ) ;
#676 = ORIENTED_EDGE ( 'NONE', *, *, #5116, .T. ) ;
#677 = CARTESIAN_POINT ( 'NONE',  ( 11.14657642475338761, -10.18252879968662583, -8.566548578472309217 ) ) ;
#678 = AXIS2_PLACEMENT_3D ( 'NONE', #67, #39, #3376 ) ;
#679 = CARTESIAN_POINT ( 'NONE',  ( 8.358892961420259837, -13.92952569698045906, -5.009712797823834940 ) ) ;
#680 = ADVANCED_FACE ( 'NONE', ( #1537 ), #4464, .F. ) ;
#681 = ADVANCED_FACE ( 'NONE', ( #4086 ), #3320, .F. ) ;
#682 = AXIS2_PLACEMENT_3D ( 'NONE', #3584, #1534, #1977 ) ;
#683 = ORIENTED_EDGE ( 'NONE', *, *, #447, .T. ) ;
#684 = AXIS2_PLACEMENT_3D ( 'NONE', #4446, #659, #1153 ) ;
#685 = CARTESIAN_POINT ( 'NONE',  ( 2.034939724921153381, -9.849361908630667628, 14.08364620078029184 ) ) ;
#686 = DIRECTION ( 'NONE',  ( 0.7071067811865463515, 0.7071067811865486830, 0.000000000000000000 ) ) ;
#687 = COORDINATED_UNIVERSAL_TIME_OFFSET ( 8, 0, .AHEAD. ) ;
#688 = DIRECTION ( 'NONE',  ( 0.000000000000000000, 0.000000000000000000, -1.000000000000000000 ) ) ;
#689 = AXIS2_PLACEMENT_3D ( 'NONE', #3208, #5293, #2253 ) ;
#690 = CARTESIAN_POINT ( 'NONE',  ( -10.29783160062874714, -17.71751119999077062, 4.873397172404478894 ) ) ;
#691 = AXIS2_PLACEMENT_3D ( 'NONE', #3734, #3298, #808 ) ;
#692 = CARTESIAN_POINT ( 'NONE',  ( -5.825202145052513991, -11.65040429010518963, -10.08954607959037908 ) ) ;
#693 = ORIENTED_EDGE ( 'NONE', *, *, #5421, .F. ) ;
#694 = CARTESIAN_POINT ( 'NONE',  ( 1.467183631915775166, -10.47660066377792809, -13.30874436664309179 ) ) ;
#695 = CARTESIAN_POINT ( 'NONE',  ( 7.638560240451107042, -13.53939173702823417, -13.23037443313671524 ) ) ;
#696 = CARTESIAN_POINT ( 'NONE',  ( 11.22993472461013020, -9.905828355158293519, -8.048083239428621027 ) ) ;
#697 = AXIS2_PLACEMENT_3D ( 'NONE', #1157, #4512, #412 ) ;
#698 = EDGE_CURVE ( 'NONE', #2468, #349, #711, .T. ) ;
#699 = ORIENTED_EDGE ( 'NONE', *, *, #3683, .F. ) ;
#700 = ORIENTED_EDGE ( 'NONE', *, *, #3620, .F. ) ;
#701 = CYLINDRICAL_SURFACE ( 'NONE', #4029, 0.8999999999999974687 ) ;
#702 = CARTESIAN_POINT ( 'NONE',  ( -0.9575555538987050586, -1.606969024216361897, -1.658534870422351037 ) ) ;
#703 = AXIS2_PLACEMENT_3D ( 'NONE', #2719, #3528, #3555 ) ;
#704 = ORIENTED_EDGE ( 'NONE', *, *, #3078, .F. ) ;
#705 = CARTESIAN_POINT ( 'NONE',  ( 6.421652895690711738, -7.749161009365012731, -11.12262908390835392 ) ) ;
#706 = CARTESIAN_POINT ( 'NONE',  ( 11.10266185558869267, -13.53939173702823417, 11.23037443313685380 ) ) ;
#707 = ORIENTED_EDGE ( 'NONE', *, *, #4156, .F. ) ;
#708 = DIRECTION ( 'NONE',  ( 0.000000000000000000, 0.000000000000000000, 1.000000000000000000 ) ) ;
#709 = CIRCLE ( 'NONE', #2027, 16.82563641638337870 ) ;
#710 = CARTESIAN_POINT ( 'NONE',  ( -0.9301968237873350365, -1.561055623524464364, 1.611148159838840854 ) ) ;
#711 = B_SPLINE_CURVE_WITH_KNOTS ( 'NONE', 3,
 ( #1596, #1176, #3589, #251, #5317, #281, #4559, #3289 ),
 .UNSPECIFIED., .F., .F.,
 ( 4, 2, 2, 4 ),
 ( 0.000000000000000000, 0.0006271155795099758430, 0.0009406733692649646861, 0.001254231159019953638 ),
 .UNSPECIFIED. ) ;
#712 = B_SPLINE_CURVE_WITH_KNOTS ( 'NONE', 3,
 ( #5052, #95, #1242, #1710, #1772, #5158, #2674, #3187, #641, #612, #5183, #532, #3102, #1020, #3921, #229, #3073, #1454 ),
 .UNSPECIFIED., .F., .F.,
 ( 4, 2, 2, 2, 2, 2, 2, 2, 4 ),
 ( 8.673617379884035472E-19, 0.0003918454748440075249, 0.0007836909496880141825, 0.001175536424532020894, 0.001567381899376027498, 0.001959227374220034318, 0.002351072849064040921, 0.002742918323908047525, 0.003134763798752054128 ),
 .UNSPECIFIED. ) ;
#713 = CARTESIAN_POINT ( 'NONE',  ( -15.88357233170460958, -13.03051821269305144, -5.279513603438182656 ) ) ;
#714 = DIRECTION ( 'NONE',  ( 0.6427876096865435818, 0.7660444431189745718, 2.775557561562891351E-17 ) ) ;
#715 = DIRECTION ( 'NONE',  ( -0.6427876096865434707, -0.7660444431189746828, 0.000000000000000000 ) ) ;
#716 = EDGE_CURVE ( 'NONE', #2315, #2842, #670, .T. ) ;
#717 = CARTESIAN_POINT ( 'NONE',  ( 10.51985386220054153, -11.12527958081186696, 8.474127032722302388 ) ) ;
#718 = CARTESIAN_POINT ( 'NONE',  ( 0.000000000000000000, -5.500000000000000000, 14.62019151721344556 ) ) ;
#719 = VERTEX_POINT ( 'NONE', #1511 ) ;
#720 = CARTESIAN_POINT ( 'NONE',  ( 12.51397906605519417, -13.03051821269305321, 11.11582034038484323 ) ) ;
#721 = CARTESIAN_POINT ( 'NONE',  ( 2.483928312877779376, -17.31418619905322487, 5.591316056502375176 ) ) ;
#722 = DIRECTION ( 'NONE',  ( -0.3213938048432665728, 0.7660444431189746828, -0.5566703992264259160 ) ) ;
#723 = ORIENTED_EDGE ( 'NONE', *, *, #1653, .F. ) ;
#724 = CARTESIAN_POINT ( 'NONE',  ( -10.68085382218823121, -17.39611739514749900, 4.873397172404478894 ) ) ;
#725 = ORIENTED_EDGE ( 'NONE', *, *, #2905, .T. ) ;
#726 = CARTESIAN_POINT ( 'NONE',  ( -7.221834072145180805, -16.32775713036987497, 0.6140923334727803606 ) ) ;
#727 = DIRECTION ( 'NONE',  ( -0.8660254037844363761, -2.126200446592103470E-17, -0.5000000000000039968 ) ) ;
#728 = EDGE_CURVE ( 'NONE', #4039, #516, #2366, .T. ) ;
#729 = ORIENTED_EDGE ( 'NONE', *, *, #4822, .F. ) ;
#730 = DIRECTION ( 'NONE',  ( -0.3213938048432744554, 0.7660444431189745718, 0.5566703992264216971 ) ) ;
#731 = CARTESIAN_POINT ( 'NONE',  ( 0.000000000000000000, -14.97297565616133674, 0.000000000000000000 ) ) ;
#732 = CARTESIAN_POINT ( 'NONE',  ( 10.89482896612265961, -10.08414384690715160, -8.292807667186224307 ) ) ;
#733 = EDGE_CURVE ( 'NONE', #100, #160, #4301, .T. ) ;
#734 = CARTESIAN_POINT ( 'NONE',  ( -12.47538487718646572, -10.77563031276916128, 4.254922753112379219 ) ) ;
#735 = DIRECTION ( 'NONE',  ( 0.3830222215594811241, 0.6427876096865433597, 0.6634139481689389495 ) ) ;
#736 = ORIENTED_EDGE ( 'NONE', *, *, #814, .T. ) ;
#737 = AXIS2_PLACEMENT_3D ( 'NONE', #2850, #295, #1971 ) ;
#738 = CARTESIAN_POINT ( 'NONE',  ( -14.73813683475112235, -9.794019745890700790, -0.2621795187205915867 ) ) ;
#739 = CARTESIAN_POINT ( 'NONE',  ( -8.583668806660606165, -14.00780457463750395, 4.370588154508100232 ) ) ;
#740 = DIRECTION ( 'NONE',  ( 0.3830222215594904500, 0.6427876096865433597, -0.6634139481689337314 ) ) ;
#741 = CARTESIAN_POINT ( 'NONE',  ( 9.054183456289155885, -10.18657800652721690, 14.39284026046680687 ) ) ;
#742 = EDGE_CURVE ( 'NONE', #2571, #3854, #1118, .T. ) ;
#743 = EDGE_LOOP ( 'NONE', ( #1833, #806, #228, #4431, #122 ) ) ;
#744 = DIRECTION ( 'NONE',  ( 0.3830222215594904500, 0.6427876096865433597, -0.6634139481689337314 ) ) ;
#745 = DIRECTION ( 'NONE',  ( 0.000000000000000000, -0.5878588831525612957, 0.8089634933040077414 ) ) ;
#746 = CARTESIAN_POINT ( 'NONE',  ( -15.87453810358575446, -8.806332941129175751, -3.017037975063020700E-23 ) ) ;
#747 = ADVANCED_FACE ( 'NONE', ( #767, #3184, #1124 ), #2391, .F. ) ;
#748 = EDGE_LOOP ( 'NONE', ( #370, #3080, #4710, #3931 ) ) ;
#749 = DIRECTION ( 'NONE',  ( -0.6427876096865433597, -0.7660444431189746828, 0.000000000000000000 ) ) ;
#750 = ORIENTED_EDGE ( 'NONE', *, *, #1359, .T. ) ;
#751 = CARTESIAN_POINT ( 'NONE',  ( 4.561130746712988682, -10.87148790737402315, 7.900110193271383530 ) ) ;
#752 = CARTESIAN_POINT ( 'NONE',  ( -12.23877232443891927, -10.80741444993153166, 4.734157253192920578 ) ) ;
#753 = EDGE_LOOP ( 'NONE', ( #3495, #2577, #3706, #2201 ) ) ;
#754 = DIRECTION ( 'NONE',  ( -0.7660444431189739056, 0.6427876096865442479, 0.000000000000000000 ) ) ;
#755 = DIRECTION ( 'NONE',  ( -0.3535533905932771170, -0.7071067811865465735, 0.6123724356957938042 ) ) ;
#756 = CARTESIAN_POINT ( 'NONE',  ( -1.294979775571127423, -14.48527678248614059, -8.803396158053423903 ) ) ;
#757 = AXIS2_PLACEMENT_3D ( 'NONE', #2827, #810, #318 ) ;
#758 = EDGE_CURVE ( 'NONE', #2779, #3133, #929, .T. ) ;
#759 = ORIENTED_EDGE ( 'NONE', *, *, #5254, .T. ) ;
#760 = ORIENTED_EDGE ( 'NONE', *, *, #794, .F. ) ;
#761 = CIRCLE ( 'NONE', #678, 16.82050807568877460 ) ;
#762 = FACE_OUTER_BOUND ( 'NONE', #5145, .T. ) ;
#763 = PERSON_AND_ORGANIZATION_ROLE ( 'design_supplier' ) ;
#764 = DIRECTION ( 'NONE',  ( 0.000000000000000000, 0.000000000000000000, 1.000000000000000000 ) ) ;
#765 = AXIS2_PLACEMENT_3D ( 'NONE', #2534, #2126, #92 ) ;
#766 = B_SPLINE_CURVE_WITH_KNOTS ( 'NONE', 3,
 ( #2725, #279, #2668, #1869, #1925, #4420, #4445, #4471, #658, #987, #637, #4841, #3536, #1449, #2333, #4027 ),
 .UNSPECIFIED., .F., .F.,
 ( 4, 2, 2, 2, 2, 2, 2, 4 ),
 ( 0.003134763798752054128, 0.003526529485011938199, 0.003918295171271822704, 0.004701826543791585641, 0.005093592230051470146, 0.005485357916311352916, 0.005877123602571236553, 0.006268889288831120191 ),
 .UNSPECIFIED. ) ;
#767 = FACE_BOUND ( 'NONE', #4894, .T. ) ;
#768 = CARTESIAN_POINT ( 'NONE',  ( -15.27712048090208974, -13.53939173702823417, -3.938993453682045949E-16 ) ) ;
#769 = ORIENTED_EDGE ( 'NONE', *, *, #2835, .T. ) ;
#770 = CARTESIAN_POINT ( 'NONE',  ( 1.698263940114986603, -10.68927916467648309, -13.11067032702776203 ) ) ;
#771 = DIRECTION ( 'NONE',  ( -0.7660444431189744607, 0.6427876096865434707, 0.000000000000000000 ) ) ;
#772 = VECTOR ( 'NONE', #1349, 1000.000000000000000 ) ;
#773 = CARTESIAN_POINT ( 'NONE',  ( -8.517985029289608434, -13.92952569698046084, -4.734157253192921466 ) ) ;
#774 = AXIS2_PLACEMENT_3D ( 'NONE', #2765, #3165, #5246 ) ;
#775 = VERTEX_POINT ( 'NONE', #2755 ) ;
#776 = EDGE_LOOP ( 'NONE', ( #2226, #2533, #3882, #4401 ) ) ;
#777 = EDGE_CURVE ( 'NONE', #5411, #911, #3752, .T. ) ;
#778 = CARTESIAN_POINT ( 'NONE',  ( 7.913225345137626654, -9.928377700077927415, 12.53753054756745478 ) ) ;
#779 = DIRECTION ( 'NONE',  ( 0.3830222215594811797, 0.6427876096865435818, 0.6634139481689389495 ) ) ;
#780 = AXIS2_PLACEMENT_3D ( 'NONE', #2305, #3561, #657 ) ;
#781 = ADVANCED_FACE ( 'NONE', ( #2836 ), #2418, .T. ) ;
#782 = EDGE_CURVE ( 'NONE', #3169, #803, #4140, .T. ) ;
#783 = AXIS2_PLACEMENT_3D ( 'NONE', #2242, #3173, #135 ) ;
#784 = VERTEX_POINT ( 'NONE', #2921 ) ;
#785 = CARTESIAN_POINT ( 'NONE',  ( 1.743663182134171930, -9.385828412306219448, -14.06648014686030201 ) ) ;
#786 = FACE_OUTER_BOUND ( 'NONE', #2822, .T. ) ;
#787 = CARTESIAN_POINT ( 'NONE',  ( 8.094488366679998492, -14.23620314725359037, 4.598163912383132157 ) ) ;
#788 = CARTESIAN_POINT ( 'NONE',  ( -7.181665260686620478, -14.91131433491220193, -5.685630034471890859 ) ) ;
#789 = CIRCLE ( 'NONE', #2279, 0.5000000000000003331 ) ;
#790 = DIRECTION ( 'NONE',  ( -0.3213938048432666283, 0.7660444431189745718, -0.5566703992264259160 ) ) ;
#791 = VERTEX_POINT ( 'NONE', #2889 ) ;
#792 = DIRECTION ( 'NONE',  ( 0.000000000000000000, 0.000000000000000000, 1.000000000000000000 ) ) ;
#793 = CARTESIAN_POINT ( 'NONE',  ( -9.122261493425902756, -10.87148790737402138, 0.000000000000000000 ) ) ;
#794 = EDGE_CURVE ( 'NONE', #2686, #4714, #1762, .T. ) ;
#795 = COORDINATED_UNIVERSAL_TIME_OFFSET ( 8, 0, .AHEAD. ) ;
#796 = CARTESIAN_POINT ( 'NONE',  ( 3.369593265649159619, -13.03051821269305321, 16.39533394382294418 ) ) ;
#797 = DIRECTION ( 'NONE',  ( 0.3830222215594903390, 0.6427876096865433597, -0.6634139481689337314 ) ) ;
#798 = DIRECTION ( 'NONE',  ( 0.000000000000000000, 0.000000000000000000, 1.000000000000000000 ) ) ;
#799 = CARTESIAN_POINT ( 'NONE',  ( -0.8881447310113390614, -14.67406939797365872, -9.131920480851778876 ) ) ;
#800 = DIRECTION ( 'NONE',  ( -0.6427876096865433597, -0.7660444431189746828, 0.000000000000000000 ) ) ;
#801 = CIRCLE ( 'NONE', #3276, 0.4999999999999997224 ) ;
#802 = CARTESIAN_POINT ( 'NONE',  ( 10.35719003648805447, -10.76728057987165421, 8.113504476802786414 ) ) ;
#803 = VERTEX_POINT ( 'NONE', #5065 ) ;
#804 = DIRECTION ( 'NONE',  ( 0.6427876096865433597, 0.7660444431189745718, 0.000000000000000000 ) ) ;
#805 = DIRECTION ( 'NONE',  ( -0.7660444431189746828, 0.6427876096865434707, 2.006177025403370566E-33 ) ) ;
#806 = ORIENTED_EDGE ( 'NONE', *, *, #3986, .T. ) ;
#807 = DIRECTION ( 'NONE',  ( 0.3213938048432665728, -0.7660444431189745718, 0.5566703992264259160 ) ) ;
#808 = DIRECTION ( 'NONE',  ( -0.7660444431189743497, 0.6427876096865436928, 0.000000000000000000 ) ) ;
#809 = ORIENTED_EDGE ( 'NONE', *, *, #661, .F. ) ;
#810 = DIRECTION ( 'NONE',  ( -0.3213938048432665728, 0.7660444431189746828, -0.5566703992264259160 ) ) ;
#811 = DIRECTION ( 'NONE',  ( 0.3213938048432742334, -0.7660444431189746828, -0.5566703992264213641 ) ) ;
#812 = FACE_OUTER_BOUND ( 'NONE', #4651, .T. ) ;
#813 = CARTESIAN_POINT ( 'NONE',  ( 2.933407239574102210, -10.80638156338504707, -13.18868537262561524 ) ) ;
#814 = EDGE_CURVE ( 'NONE', #5223, #5306, #1228, .T. ) ;
#815 = CARTESIAN_POINT ( 'NONE',  ( 2.501692773153417981, -18.00859520710478989, -6.321860503547633847 ) ) ;
#816 = ORIENTED_EDGE ( 'NONE', *, *, #1964, .T. ) ;
#817 = LINE ( 'NONE', #4864, #1754 ) ;
#818 = CARTESIAN_POINT ( 'NONE',  ( 3.418074486417371105, -13.53939173702823417, 15.66707301933901952 ) ) ;
#819 = B_SPLINE_CURVE_WITH_KNOTS ( 'NONE', 3,
 ( #272, #734, #4102, #2131, #2507, #41, #5333, #3819 ),
 .UNSPECIFIED., .F., .F.,
 ( 4, 2, 2, 4 ),
 ( 8.156158518024220845E-05, 0.0005357731976264111344, 0.0007628790038494961869, 0.0009899848100725812394 ),
 .UNSPECIFIED. ) ;
#820 = ORIENTED_EDGE ( 'NONE', *, *, #5002, .F. ) ;
#821 = DIRECTION ( 'NONE',  ( 0.000000000000000000, 0.7181832268395611507, 0.6958540455342021591 ) ) ;
#822 = DIRECTION ( 'NONE',  ( 0.000000000000000000, 0.5878588831525579650, 0.8089634933040102949 ) ) ;
#823 = CARTESIAN_POINT ( 'NONE',  ( -0.6038384108616626778, -14.16572351395457297, -9.388552332208575990 ) ) ;
#824 = CARTESIAN_POINT ( 'NONE',  ( 3.282943155586540929, -18.64080974307235294, -6.382078389370526850 ) ) ;
#825 = PLANE ( 'NONE',  #2457 ) ;
#826 = EDGE_LOOP ( 'NONE', ( #1519, #1871, #560, #1860 ) ) ;
#827 = EDGE_CURVE ( 'NONE', #1169, #2491, #4919, .T. ) ;
#828 = FACE_OUTER_BOUND ( 'NONE', #2047, .T. ) ;
#829 = APPROVAL_STATUS ( 'not_yet_approved' ) ;
#830 = ORIENTED_EDGE ( 'NONE', *, *, #3329, .F. ) ;
#831 = CARTESIAN_POINT ( 'NONE',  ( 8.412919856235514970, -11.20815869550270172, 13.49781371315842193 ) ) ;
#832 = CARTESIAN_POINT ( 'NONE',  ( 3.061616997868383141E-16, -16.00000000000000000, 2.500000000000000000 ) ) ;
#833 = CARTESIAN_POINT ( 'NONE',  ( -8.517985029289608434, -13.92952569698046084, 4.734157253192921466 ) ) ;
#834 = ORIENTED_EDGE ( 'NONE', *, *, #2802, .T. ) ;
#835 = DIRECTION ( 'NONE',  ( 0.1940782502882384686, -0.5220932199171703925, 0.8305132765233659287 ) ) ;
#836 = CARTESIAN_POINT ( 'NONE',  ( 8.413231643623392486, -14.66061143408786549, 4.825350317793130728 ) ) ;
#837 = CARTESIAN_POINT ( 'NONE',  ( 3.762044859433002486, -17.40590678444748463, -4.963926816400591413 ) ) ;
#838 = EDGE_CURVE ( 'NONE', #4247, #4735, #4465, .T. ) ;
#839 = CARTESIAN_POINT ( 'NONE',  ( -12.23877232443892282, -10.80741444993153344, -4.734157253192921466 ) ) ;
#840 = ADVANCED_FACE ( 'NONE', ( #2556 ), #4251, .F. ) ;
#841 = CARTESIAN_POINT ( 'NONE',  ( -16.80920936714003133, -12.25381651765514945, 0.000000000000000000 ) ) ;
#842 = DIRECTION ( 'NONE',  ( 8.673617379884032514E-16, 0.5878588831525582981, 0.8089634933040099618 ) ) ;
#843 = EDGE_CURVE ( 'NONE', #3981, #3693, #4540, .T. ) ;
#844 = AXIS2_PLACEMENT_3D ( 'NONE', #918, #129, #1249 ) ;
#845 = EDGE_LOOP ( 'NONE', ( #3269, #1374, #4364, #260, #2715 ) ) ;
#846 = CARTESIAN_POINT ( 'NONE',  ( 8.076874774613571617, -14.00780457463753059, -5.248381166986145985 ) ) ;
#847 = CYLINDRICAL_SURFACE ( 'NONE', #1916, 5.000000000000001776 ) ;
#848 = CARTESIAN_POINT ( 'NONE',  ( -0.4355621225126034557, -14.15437579354254360, -9.416771951770172677 ) ) ;
#849 = CARTESIAN_POINT ( 'NONE',  ( 1.915111107797440537, -1.606969024216361897, -5.015442563508437192E-33 ) ) ;
#850 = CARTESIAN_POINT ( 'NONE',  ( 2.905795964851590973, -14.70460469521733415, -5.032986247551690440 ) ) ;
#851 = CIRCLE ( 'NONE', #3937, 17.32050807568877460 ) ;
#852 = ORIENTED_EDGE ( 'NONE', *, *, #617, .F. ) ;
#853 = CARTESIAN_POINT ( 'NONE',  ( 8.274740345167781896, -14.72383461542029615, 3.773243490394396549 ) ) ;
#854 = AXIS2_PLACEMENT_3D ( 'NONE', #2066, #4652, #4683 ) ;
#855 = CARTESIAN_POINT ( 'NONE',  ( 1.915111107797440537, -1.606969024216361897, -5.015442563508437192E-33 ) ) ;
#856 = VERTEX_POINT ( 'NONE', #56 ) ;
#857 = CARTESIAN_POINT ( 'NONE',  ( -6.200383994514421460, -17.42590657871961213, 0.7988817372342772449 ) ) ;
#858 = CARTESIAN_POINT ( 'NONE',  ( 7.329259888425681879, -9.551682186582418410, -14.70330369605791532 ) ) ;
#859 = CARTESIAN_POINT ( 'NONE',  ( 10.95732715880010488, -10.56075472866742793, -8.576338223877744582 ) ) ;
#860 = ADVANCED_FACE ( 'NONE', ( #1726, #3422 ), #3724, .T. ) ;
#861 = CIRCLE ( 'NONE', #3945, 0.4999999999999992228 ) ;
#862 = ORIENTED_EDGE ( 'NONE', *, *, #2404, .F. ) ;
#863 = CARTESIAN_POINT ( 'NONE',  ( 9.924075112381160579, -10.75289849619291793, 8.836301859653076463 ) ) ;
#864 = CARTESIAN_POINT ( 'NONE',  ( -12.97898715154516047, -15.46775456608786747, -3.938993453682045949E-16 ) ) ;
#865 = VECTOR ( 'NONE', #2568, 1000.000000000000000 ) ;
#866 = CARTESIAN_POINT ( 'NONE',  ( 3.849505468731381441, -18.66289914967888208, -6.071009470720007073 ) ) ;
#867 = AXIS2_PLACEMENT_3D ( 'NONE', #4850, #3159, #1050 ) ;
#868 = CARTESIAN_POINT ( 'NONE',  ( -12.55834007027669053, -10.30278828525081281, -5.036391708431957603 ) ) ;
#869 = VERTEX_POINT ( 'NONE', #5425 ) ;
#870 = VERTEX_POINT ( 'NONE', #3222 ) ;
#871 = DIRECTION ( 'NONE',  ( 0.3830222215594903945, 0.6427876096865434707, -0.6634139481689337314 ) ) ;
#872 = AXIS2_PLACEMENT_3D ( 'NONE', #5422, #2362, #3642 ) ;
#873 = DIRECTION ( 'NONE',  ( -0.7406093086113536561, -0.2155386439426822398, -0.6364282716579791055 ) ) ;
#874 = AXIS2_PLACEMENT_3D ( 'NONE', #258, #3628, #2342 ) ;
#875 = CARTESIAN_POINT ( 'NONE',  ( 8.055919759219444032, -14.02339008891928707, -5.239032035996146419 ) ) ;
#876 = DIRECTION ( 'NONE',  ( -0.6427876096865431377, -0.7660444431189750158, 0.000000000000000000 ) ) ;
#877 = CARTESIAN_POINT ( 'NONE',  ( -0.1266117133587057186, -14.20381532016651960, -9.356419160885218744 ) ) ;
#878 = CARTESIAN_POINT ( 'NONE',  ( 1.876325295956413175, -17.39611739514750255, -11.24989074412312107 ) ) ;
#879 = ADVANCED_FACE ( 'NONE', ( #2767 ), #4649, .F. ) ;
#880 = CARTESIAN_POINT ( 'NONE',  ( 8.016250584519987399, -14.05794848917658157, -5.224299260749840634 ) ) ;
#881 = AXIS2_PLACEMENT_3D ( 'NONE', #2058, #2860, #330 ) ;
#882 = ORIENTED_EDGE ( 'NONE', *, *, #1926, .T. ) ;
#883 = CIRCLE ( 'NONE', #3972, 5.000000000000001776 ) ;
#884 = DIRECTION ( 'NONE',  ( 0.2500000000000041078, -0.8660254037844361541, 0.4330127018922219073 ) ) ;
#885 = CARTESIAN_POINT ( 'NONE',  ( 1.697441907001961514, -10.68844278357945576, 13.11143369873626519 ) ) ;
#886 = EDGE_LOOP ( 'NONE', ( #3400, #3277, #4272, #4576 ) ) ;
#887 = CARTESIAN_POINT ( 'NONE',  ( -6.011018557360702452, -17.24727169336038912, 0.5030621261235936892 ) ) ;
#888 = CARTESIAN_POINT ( 'NONE',  ( 4.820907072648998870, -8.551372231021808545, -12.39487345491642500 ) ) ;
#889 = CARTESIAN_POINT ( 'NONE',  ( 0.1590920678692820944, -13.92952569698046084, 9.743870051016799039 ) ) ;
#890 = EDGE_CURVE ( 'NONE', #134, #2932, #2282, .T. ) ;
#891 = ORIENTED_EDGE ( 'NONE', *, *, #2437, .F. ) ;
#892 = DIRECTION ( 'NONE',  ( -0.000000000000000000, -1.000000000000000000, -0.000000000000000000 ) ) ;
#893 = LINE ( 'NONE', #4326, #2801 ) ;
#894 = CARTESIAN_POINT ( 'NONE',  ( 11.97393001482805985, -11.97393001482803321, 0.000000000000000000 ) ) ;
#895 = DIRECTION ( 'NONE',  ( -0.7660444431189746828, 0.6427876096865434707, 2.006177025403370566E-33 ) ) ;
#896 = CARTESIAN_POINT ( 'NONE',  ( -12.91654832090522831, -10.53561653714247548, -5.204260375035371311 ) ) ;
#897 = EDGE_CURVE ( 'NONE', #393, #2478, #238, .T. ) ;
#898 = ORIENTED_EDGE ( 'NONE', *, *, #58, .T. ) ;
#899 = ORIENTED_EDGE ( 'NONE', *, *, #331, .F. ) ;
#900 = CARTESIAN_POINT ( 'NONE',  ( 6.489493575772475431, -15.46775456608786747, 11.24013258862999898 ) ) ;
#901 = CARTESIAN_POINT ( 'NONE',  ( 0.6892644554479714358, -14.56767580721973765, -9.293875604771844934 ) ) ;
#902 = ORIENTED_EDGE ( 'NONE', *, *, #3045, .T. ) ;
#903 = CARTESIAN_POINT ( 'NONE',  ( -15.46355892432849011, -10.79869576278076870, 0.9738687843312339165 ) ) ;
#904 = CARTESIAN_POINT ( 'NONE',  ( -1.201255901539483251, -14.15540223379321993, -9.337558670655235815 ) ) ;
#905 = DIRECTION ( 'NONE',  ( 0.3830222215594902835, 0.6427876096865435818, -0.6634139481689335094 ) ) ;
#906 = CARTESIAN_POINT ( 'NONE',  ( -15.28896895036243997, -8.108478799062950770, 0.000000000000000000 ) ) ;
#907 = VERTEX_POINT ( 'NONE', #1914 ) ;
#908 = EDGE_CURVE ( 'NONE', #4467, #2517, #1202, .T. ) ;
#909 = CARTESIAN_POINT ( 'NONE',  ( -17.95827603181849597, -11.28963510312533458, 0.000000000000000000 ) ) ;
#910 = CARTESIAN_POINT ( 'NONE',  ( 8.084864573895425011, -9.357656780031168964, 0.000000000000000000 ) ) ;
#911 = VERTEX_POINT ( 'NONE', #1085 ) ;
#912 = DIRECTION ( 'NONE',  ( 0.3830222215594810686, 0.6427876096865434707, 0.6634139481689389495 ) ) ;
#913 = CARTESIAN_POINT ( 'NONE',  ( -16.79595027138332597, -9.995915780454280863, -0.8738343867567173184 ) ) ;
#914 = DIRECTION ( 'NONE',  ( 0.000000000000000000, -0.7181832268395638152, 0.6958540455341992725 ) ) ;
#915 = EDGE_CURVE ( 'NONE', #803, #381, #5024, .T. ) ;
#916 = AXIS2_PLACEMENT_3D ( 'NONE', #5177, #4873, #1812 ) ;
#917 = ORIENTED_EDGE ( 'NONE', *, *, #4179, .T. ) ;
#918 = CARTESIAN_POINT ( 'NONE',  ( -1.915111107797439205, 1.606969024216360786, 5.015442563508433771E-33 ) ) ;
#919 = FACE_BOUND ( 'NONE', #4744, .T. ) ;
#920 = AXIS2_PLACEMENT_3D ( 'NONE', #2940, #5005, #3802 ) ;
#921 = CARTESIAN_POINT ( 'NONE',  ( -4.678828390015640437, -8.084864573895384154, 8.103968491402694596 ) ) ;
#922 = CARTESIAN_POINT ( 'NONE',  ( 1.119941157060639014, -17.39611739514749900, -11.68658933032536495 ) ) ;
#923 = VERTEX_POINT ( 'NONE', #3860 ) ;
#924 = ORIENTED_EDGE ( 'NONE', *, *, #1064, .F. ) ;
#925 = FACE_OUTER_BOUND ( 'NONE', #3004, .T. ) ;
#926 = CARTESIAN_POINT ( 'NONE',  ( 6.489493575772475431, -15.46775456608786747, 11.24013258862999898 ) ) ;
#927 = ADVANCED_FACE ( 'NONE', ( #674 ), #5307, .F. ) ;
#928 = CARTESIAN_POINT ( 'NONE',  ( 0.5067940320469905835, -14.00780457463753059, 9.618969321494141411 ) ) ;
#929 = CIRCLE ( 'NONE', #5445, 0.4999999999999998890 ) ;
#930 = CARTESIAN_POINT ( 'NONE',  ( -7.485935067345357297, -14.15540223379318618, 5.709097462506857568 ) ) ;
#931 = DIRECTION ( 'NONE',  ( -0.7071067811865491270, 0.7071067811865459074, -0.000000000000000000 ) ) ;
#932 = DIRECTION ( 'NONE',  ( 0.6839503439647043326, 0.000000000000000000, 0.7295285648900684539 ) ) ;
#933 = CIRCLE ( 'NONE', #4109, 0.5000000000000006661 ) ;
#934 = VERTEX_POINT ( 'NONE', #4458 ) ;
#935 = CARTESIAN_POINT ( 'NONE',  ( -13.47203636089302314, -8.276728598351896338, 6.123233995736767268E-16 ) ) ;
#936 = CARTESIAN_POINT ( 'NONE',  ( 1.525712238968880641, -10.53050819814546557, 13.25854638348848269 ) ) ;
#937 = ORIENTED_EDGE ( 'NONE', *, *, #3633, .F. ) ;
#938 = CARTESIAN_POINT ( 'NONE',  ( -13.05376074007754283, -9.385828412306223001, 5.523183462058408821 ) ) ;
#939 = CARTESIAN_POINT ( 'NONE',  ( -1.915111107797439205, 1.606969024216360786, 5.015442563508433771E-33 ) ) ;
#940 = AXIS2_PLACEMENT_3D ( 'NONE', #149, #1794, #4877 ) ;
#941 = CARTESIAN_POINT ( 'NONE',  ( 5.340426911094160012, -17.39611739514749900, -9.249890744123105080 ) ) ;
#942 = AXIS2_PLACEMENT_3D ( 'NONE', #3641, #4469, #4868 ) ;
#943 = ORIENTED_EDGE ( 'NONE', *, *, #3202, .F. ) ;
#944 = CIRCLE ( 'NONE', #152, 17.32050807568877460 ) ;
#945 = EDGE_CURVE ( 'NONE', #2431, #1608, #406, .T. ) ;
#946 = ORIENTED_EDGE ( 'NONE', *, *, #1299, .F. ) ;
#947 = CARTESIAN_POINT ( 'NONE',  ( 7.679487290841431779, -9.826166164699179362, -12.60540811828248486 ) ) ;
#948 = CARTESIAN_POINT ( 'NONE',  ( -7.486198501363459989, -14.15526779320863326, 5.709085078894299947 ) ) ;
#949 = EDGE_CURVE ( 'NONE', #3841, #1354, #1440, .T. ) ;
#950 = AXIS2_PLACEMENT_3D ( 'NONE', #1700, #4378, #1674 ) ;
#951 = VECTOR ( 'NONE', #2506, 1000.000000000000114 ) ;
#952 = EDGE_LOOP ( 'NONE', ( #4441, #307, #2864, #5172 ) ) ;
#953 = VERTEX_POINT ( 'NONE', #3635 ) ;
#954 = DIRECTION ( 'NONE',  ( -0.3535533905932760068, 0.7071067811865485719, 0.6123724356957919168 ) ) ;
#955 = CARTESIAN_POINT ( 'NONE',  ( 0.5379739090165032156, -14.15723864081437178, -9.441318279833405214 ) ) ;
#956 = VECTOR ( 'NONE', #1924, 1000.000000000000114 ) ;
#957 = ORIENTED_EDGE ( 'NONE', *, *, #4672, .T. ) ;
#958 = AXIS2_PLACEMENT_3D ( 'NONE', #4503, #715, #301 ) ;
#959 = ADVANCED_FACE ( 'NONE', ( #4888, #1888 ), #4731, .F. ) ;
#960 = CARTESIAN_POINT ( 'NONE',  ( -8.175731172102040034, -14.55703155013403460, 5.168740750710806964 ) ) ;
#961 = CARTESIAN_POINT ( 'NONE',  ( -0.02773986444371358620, -14.66061143408786549, 9.698747490197529686 ) ) ;
#962 = CARTESIAN_POINT ( 'NONE',  ( 13.95528573695286134, -5.500000000000000000, 0.000000000000000000 ) ) ;
#963 = VECTOR ( 'NONE', #140, 1000.000000000000000 ) ;
#964 = CARTESIAN_POINT ( 'NONE',  ( 4.808355925035809442, -17.27299419487503229, -6.543735053605712615 ) ) ;
#965 = EDGE_LOOP ( 'NONE', ( #2250, #989, #1108, #1528, #608 ) ) ;
#966 = DIRECTION ( 'NONE',  ( 0.3213938048432666283, -0.7660444431189745718, -0.5566703992264260270 ) ) ;
#967 = CARTESIAN_POINT ( 'NONE',  ( 1.777287036886634475, -10.16972054396928371, 13.51278258690392420 ) ) ;
#968 = ORIENTED_EDGE ( 'NONE', *, *, #4179, .F. ) ;
#969 = FACE_OUTER_BOUND ( 'NONE', #5243, .T. ) ;
#970 = CARTESIAN_POINT ( 'NONE',  ( -17.16011332295884273, -10.33842182736712800, -1.279300782008091148E-16 ) ) ;
#971 = CIRCLE ( 'NONE', #5046, 4.857478350479742524 ) ;
#972 = CARTESIAN_POINT ( 'NONE',  ( 1.977124167871192828, -10.10487629927385989, 13.17127385643442850 ) ) ;
#973 = EDGE_LOOP ( 'NONE', ( #4435, #5213, #937, #5217, #4384 ) ) ;
#974 = EDGE_LOOP ( 'NONE', ( #2679, #3028, #2087, #1165, #499, #3930, #2386, #3719 ) ) ;
#975 = CARTESIAN_POINT ( 'NONE',  ( -0.5842434270707184130, -14.53100399915851604, 9.589375348482455763 ) ) ;
#976 = CARTESIAN_POINT ( 'NONE',  ( 0.000000000000000000, 0.000000000000000000, 0.000000000000000000 ) ) ;
#978 = ADVANCED_FACE ( 'NONE', ( #4830 ), #2249, .F. ) ;
#977 = CARTESIAN_POINT ( 'NONE',  ( 0.5067940320469905835, -14.00780457463753059, 9.618969321494141411 ) ) ;
#979 = ORIENTED_EDGE ( 'NONE', *, *, #405, .T. ) ;
#980 = ORIENTED_EDGE ( 'NONE', *, *, #1028, .T. ) ;
#981 = FACE_OUTER_BOUND ( 'NONE', #4324, .T. ) ;
#982 = DIRECTION ( 'NONE',  ( -0.7660444431189746828, 0.6427876096865434707, 2.006177025403370566E-33 ) ) ;
#983 = EDGE_CURVE ( 'NONE', #3215, #4348, #3239, .T. ) ;
#984 = ORIENTED_EDGE ( 'NONE', *, *, #1523, .T. ) ;
#985 = CARTESIAN_POINT ( 'NONE',  ( 7.793515372897407367, -8.811148704654996777, 13.83412509083719399 ) ) ;
#986 = DIRECTION ( 'NONE',  ( 0.3830222215594811241, 0.6427876096865433597, 0.6634139481689389495 ) ) ;
#987 = CARTESIAN_POINT ( 'NONE',  ( 8.452868197855810450, -10.47167042169382611, -12.65205780150023429 ) ) ;
#988 = DIRECTION ( 'NONE',  ( 0.9214677052481140551, -0.2155386439426777989, -0.3231723397076654569 ) ) ;
#989 = ORIENTED_EDGE ( 'NONE', *, *, #3901, .T. ) ;
#990 = CARTESIAN_POINT ( 'NONE',  ( 6.729680907963054182, -10.22799949954633725, 13.44073096074964191 ) ) ;
#991 = CARTESIAN_POINT ( 'NONE',  ( 1.850400047826326722, -10.25139269906201989, 13.90727538895271742 ) ) ;
#992 = EDGE_LOOP ( 'NONE', ( #1996, #2655, #5189, #3993 ) ) ;
#993 = CARTESIAN_POINT ( 'NONE',  ( 0.1637712463361654103, -14.33921762924459209, -10.03045446428199838 ) ) ;
#994 = CARTESIAN_POINT ( 'NONE',  ( -0.1982061303779598660, -13.87412472174324485, 9.823638851534893135 ) ) ;
#995 = CARTESIAN_POINT ( 'NONE',  ( 9.054108520121191717, -10.18680749536814467, -14.39314995785291451 ) ) ;
#996 = ADVANCED_FACE ( 'NONE', ( #4278 ), #2692, .F. ) ;
#997 = ORIENTED_EDGE ( 'NONE', *, *, #2460, .F. ) ;
#998 = EDGE_LOOP ( 'NONE', ( #4832, #5320, #1732, #4438 ) ) ;
#999 = CARTESIAN_POINT ( 'NONE',  ( 3.085168635143146876, -17.02932327272755231, 7.332408212855069607 ) ) ;
#1000 = CARTESIAN_POINT ( 'NONE',  ( 1.762447338395490393, -9.751207303912618585, -13.81787056496302313 ) ) ;
#1001 = CIRCLE ( 'NONE', #4812, 16.82563641638337515 ) ;
#1002 = ORIENTED_EDGE ( 'NONE', *, *, #4910, .T. ) ;
#1003 = CARTESIAN_POINT ( 'NONE',  ( 10.64081319804991210, -10.30278828525073109, -8.357645676007541269 ) ) ;
#1004 = EDGE_LOOP ( 'NONE', ( #4231, #4182, #646, #4493 ) ) ;
#1005 = CARTESIAN_POINT ( 'NONE',  ( -12.25901749253102935, -10.47732524777606855, 5.382996240025117451 ) ) ;
#1006 = CARTESIAN_POINT ( 'NONE',  ( 8.536891003161564129, -14.57862378099385303, -4.674516995039999401 ) ) ;
#1007 = CARTESIAN_POINT ( 'NONE',  ( 0.1637712463360256332, -14.33921762924459387, 10.03045446428200016 ) ) ;
#1008 = VERTEX_POINT ( 'NONE', #626 ) ;
#1009 = EDGE_CURVE ( 'NONE', #4631, #293, #5149, .T. ) ;
#1010 = CARTESIAN_POINT ( 'NONE',  ( -0.9575555538987269300, -1.606969024216359898, 1.658534870422335938 ) ) ;
#1011 = DIRECTION ( 'NONE',  ( 0.6427876096865433597, 0.7660444431189745718, 0.000000000000000000 ) ) ;
#1012 = DIRECTION ( 'NONE',  ( -5.497219502545722996E-14, -0.7181832268395480501, 0.6958540455342157038 ) ) ;
#1013 = EDGE_CURVE ( 'NONE', #1008, #2779, #3759, .T. ) ;
#1014 = EDGE_CURVE ( 'NONE', #3443, #3878, #933, .T. ) ;
#1015 = CARTESIAN_POINT ( 'NONE',  ( -8.517985029289608434, -13.92952569698046084, -4.734157253192920578 ) ) ;
#1016 = ORIENTED_EDGE ( 'NONE', *, *, #4881, .T. ) ;
#1017 = CARTESIAN_POINT ( 'NONE',  ( 8.076874774613727936, -14.00780457463747197, 5.248381166986069601 ) ) ;
#1018 = DIRECTION ( 'NONE',  ( -0.7660444431189745718, 0.6427876096865433597, 0.000000000000000000 ) ) ;
#1019 = ORIENTED_EDGE ( 'NONE', *, *, #2358, .T. ) ;
#1020 = CARTESIAN_POINT ( 'NONE',  ( 7.089915018511712574, -10.99539045918624680, -13.98683479474089353 ) ) ;
#1021 = CARTESIAN_POINT ( 'NONE',  ( -0.5431894848617593308, -14.53865983165174036, 9.601154759765668345 ) ) ;
#1022 = DIRECTION ( 'NONE',  ( -1.040834085586085519E-14, 0.9756905822570610676, -0.2191526584253026266 ) ) ;
#1023 = VECTOR ( 'NONE', #4491, 999.9999999999998863 ) ;
#1024 = ORIENTED_EDGE ( 'NONE', *, *, #2273, .F. ) ;
#1025 = EDGE_LOOP ( 'NONE', ( #4046, #1652 ) ) ;
#1026 = CARTESIAN_POINT ( 'NONE',  ( 3.044005813035035590, -16.32790433279463116, 6.582330306771763340 ) ) ;
#1027 = FACE_OUTER_BOUND ( 'NONE', #4980, .T. ) ;
#1028 = EDGE_CURVE ( 'NONE', #5235, #2468, #1166, .T. ) ;
#1029 = B_SPLINE_CURVE_WITH_KNOTS ( 'NONE', 3,
 ( #1042, #5233, #3150, #3618, #5316, #2307, #4897, #3180 ),
 .UNSPECIFIED., .F., .F.,
 ( 4, 2, 2, 4 ),
 ( 8.156158518023483588E-05, 0.0005357731976263869567, 0.0007628790038494602998, 0.0009899848100725335345 ),
 .UNSPECIFIED. ) ;
#1030 = ORIENTED_EDGE ( 'NONE', *, *, #4329, .F. ) ;
#1031 = CARTESIAN_POINT ( 'NONE',  ( 4.174458625313150151, -13.53939173702823417, 15.23037443313678807 ) ) ;
#1032 = DIRECTION ( 'NONE',  ( -1.000000000000000000, 0.000000000000000000, -1.224646799147352961E-16 ) ) ;
#1033 = AXIS2_PLACEMENT_3D ( 'NONE', #2010, #3314, #1959 ) ;
#1034 = VERTEX_POINT ( 'NONE', #4609 ) ;
#1035 = CYLINDRICAL_SURFACE ( 'NONE', #4952, 0.5000000000000006661 ) ;
#1036 = FACE_OUTER_BOUND ( 'NONE', #4499, .T. ) ;
#1037 = AXIS2_PLACEMENT_3D ( 'NONE', #4410, #4492, #651 ) ;
#1038 = ORIENTED_EDGE ( 'NONE', *, *, #3581, .T. ) ;
#1039 = CARTESIAN_POINT ( 'NONE',  ( -7.405094889929668689, -14.72383461542031391, 5.279513603438187097 ) ) ;
#1040 = CARTESIAN_POINT ( 'NONE',  ( 12.05055710526437096, -13.51192737376124064, -10.72090107436691753 ) ) ;
#1041 = TOROIDAL_SURFACE ( 'NONE', #3344, 17.32050807568877460, 0.5000000000000000000 ) ;
#1042 = CARTESIAN_POINT ( 'NONE',  ( 8.016250584519987399, -14.05794848917658157, -5.224299260749840634 ) ) ;
#1043 = CARTESIAN_POINT ( 'NONE',  ( 4.779596706943909368, -17.36817910529616782, -6.633363030058243126 ) ) ;
#1044 = AXIS2_PLACEMENT_3D ( 'NONE', #849, #492, #2529 ) ;
#1045 = EDGE_CURVE ( 'NONE', #3472, #4349, #585, .T. ) ;
#1046 = CARTESIAN_POINT ( 'NONE',  ( -9.641814145298148730, -11.49066664678461613, 0.000000000000000000 ) ) ;
#1047 = DIRECTION ( 'NONE',  ( 0.000000000000000000, -0.5878588831525615177, 0.8089634933040076303 ) ) ;
#1048 = ORIENTED_EDGE ( 'NONE', *, *, #1428, .F. ) ;
#1049 = CARTESIAN_POINT ( 'NONE',  ( 5.154840035044468749, -12.28659826202548189, 8.928444845587343082 ) ) ;
#1050 = DIRECTION ( 'NONE',  ( 0.000000000000000000, -0.9756905822570606235, -0.2191526584253042642 ) ) ;
#1051 = EDGE_LOOP ( 'NONE', ( #5157, #3742, #3324, #2236 ) ) ;
#1052 = CONICAL_SURFACE ( 'NONE', #3177, 5.000000000000001776, 0.1745329251994333364 ) ;
#1053 = ORIENTED_EDGE ( 'NONE', *, *, #2273, .T. ) ;
#1054 = CARTESIAN_POINT ( 'NONE',  ( 7.679487290840598668, -9.826166164689142946, 12.60540811827622498 ) ) ;
#1055 = CARTESIAN_POINT ( 'NONE',  ( 5.340426911094028561, -17.39611739514749900, 9.249890744123176134 ) ) ;
#1056 = VECTOR ( 'NONE', #1200, 1000.000000000000114 ) ;
#1057 = VERTEX_POINT ( 'NONE', #705 ) ;
#1058 = DIRECTION ( 'NONE',  ( -0.7406093086113536561, -0.2155386439426822398, -0.6364282716579791055 ) ) ;
#1059 = CARTESIAN_POINT ( 'NONE',  ( -12.89955370220976327, -10.55696063236394444, 5.214998650045292727 ) ) ;
#1060 = LOCAL_TIME ( 11, 49, 24.00000000000000000, #4969 ) ;
#1061 = ORIENTED_EDGE ( 'NONE', *, *, #444, .F. ) ;
#1062 = LINE ( 'NONE', #2662, #4321 ) ;
#1063 = CARTESIAN_POINT ( 'NONE',  ( 8.266594808685379547, -14.41101144236107601, -3.620419760123399833 ) ) ;
#1064 = EDGE_CURVE ( 'NONE', #5161, #3947, #1905, .T. ) ;
#1065 = ORIENTED_EDGE ( 'NONE', *, *, #3553, .T. ) ;
#1066 = DIRECTION ( 'NONE',  ( 0.000000000000000000, 0.5878588831525614067, 0.8089634933040077414 ) ) ;
#1067 = DIRECTION ( 'NONE',  ( 0.000000000000000000, 0.6546536707079765316, 0.7559289460184548393 ) ) ;
#1068 = CARTESIAN_POINT ( 'NONE',  ( 10.44271492979563654, -10.38394696123242866, 8.510593678466918277 ) ) ;
#1069 = CARTESIAN_POINT ( 'NONE',  ( -7.566862738012763323, -14.11113125515845823, -5.714253212042607721 ) ) ;
#1070 = DIRECTION ( 'NONE',  ( 0.000000000000000000, 0.9756905822570606235, -0.2191526584253042642 ) ) ;
#1071 = DIRECTION ( 'NONE',  ( 0.000000000000000000, 0.7181832268395611507, 0.6958540455342020481 ) ) ;
#1072 = VERTEX_POINT ( 'NONE', #785 ) ;
#1073 = CYLINDRICAL_SURFACE ( 'NONE', #2257, 1.000000000000001332 ) ;
#1074 = CARTESIAN_POINT ( 'NONE',  ( -0.2303143607347595823, -14.58759373699505169, 9.707465814639283153 ) ) ;
#1075 = CARTESIAN_POINT ( 'NONE',  ( 0.000000000000000000, -14.97297565616133674, 0.000000000000000000 ) ) ;
#1076 = EDGE_CURVE ( 'NONE', #4714, #1625, #4974, .T. ) ;
#1077 = ORIENTED_EDGE ( 'NONE', *, *, #4014, .T. ) ;
#1078 = EDGE_LOOP ( 'NONE', ( #693, #1183, #2634, #3240 ) ) ;
#1079 = ADVANCED_FACE ( 'NONE', ( #2024, #2462 ), #2048, .T. ) ;
#1080 = CARTESIAN_POINT ( 'NONE',  ( 11.10266185558885077, -13.53939173702823417, -11.23037443313669925 ) ) ;
#1081 = CARTESIAN_POINT ( 'NONE',  ( 2.019485715444095497, -10.80741444993152989, -12.96616637069447897 ) ) ;
#1082 = EDGE_CURVE ( 'NONE', #4094, #547, #2429, .T. ) ;
#1083 = B_SPLINE_CURVE_WITH_KNOTS ( 'NONE', 3,
 ( #3143, #3991, #1805, #5277 ),
 .UNSPECIFIED., .F., .F.,
 ( 4, 4 ),
 ( 0.0009119136454572959911, 0.0009937464495813224698 ),
 .UNSPECIFIED. ) ;
#1084 = ORIENTED_EDGE ( 'NONE', *, *, #185, .T. ) ;
#1085 = CARTESIAN_POINT ( 'NONE',  ( -1.294979775571249325, -14.48527678248614059, 8.803396158053404363 ) ) ;
#1086 = CARTESIAN_POINT ( 'NONE',  ( -13.14811690501720776, -9.904866960717280122, 5.341529247034666028 ) ) ;
#1087 = ORIENTED_EDGE ( 'NONE', *, *, #1384, .F. ) ;
#1088 = CARTESIAN_POINT ( 'NONE',  ( 10.21928660899492769, -10.80741444993152811, -8.232009117501521089 ) ) ;
#1089 = DIRECTION ( 'NONE',  ( 5.575293782951362918E-17, -0.5878588831525580760, 0.8089634933040100728 ) ) ;
#1090 = ORIENTED_EDGE ( 'NONE', *, *, #827, .T. ) ;
#1091 = CARTESIAN_POINT ( 'NONE',  ( 7.328984900118524770, -9.550704274760763113, 14.70254768793204825 ) ) ;
#1092 = FACE_OUTER_BOUND ( 'NONE', #3339, .T. ) ;
#1093 = EDGE_CURVE ( 'NONE', #4867, #4174, #3643, .T. ) ;
#1094 = CARTESIAN_POINT ( 'NONE',  ( 3.741273451659903770, -17.63456104395264390, -7.420616488523809728 ) ) ;
#1095 = DIRECTION ( 'NONE',  ( -0.3213938048432742334, 0.7660444431189746828, 0.5566703992264213641 ) ) ;
#1096 = DIRECTION ( 'NONE',  ( -0.6427876096865434707, -0.7660444431189746828, 0.000000000000000000 ) ) ;
#1097 = VERTEX_POINT ( 'NONE', #294 ) ;
#1098 = FACE_BOUND ( 'NONE', #4070, .T. ) ;
#1099 = CARTESIAN_POINT ( 'NONE',  ( 7.511461869931019386, -8.931848780745951899, -14.08340256713208305 ) ) ;
#1100 = CYLINDRICAL_SURFACE ( 'NONE', #2191, 2.500000000000000000 ) ;
#1101 = ORIENTED_EDGE ( 'NONE', *, *, #1592, .T. ) ;
#1102 = EDGE_LOOP ( 'NONE', ( #4516, #1350, #5239, #5195 ) ) ;
#1103 = CARTESIAN_POINT ( 'NONE',  ( -7.164656249729367765, -16.27981054997097843, 0.5039552269131553075 ) ) ;
#1104 = CARTESIAN_POINT ( 'NONE',  ( 2.173840819419684323, -10.76275346921046427, -13.69512242126533685 ) ) ;
#1105 = VECTOR ( 'NONE', #1233, 1000.000000000000000 ) ;
#1106 = ADVANCED_FACE ( 'NONE', ( #3736 ), #1997, .T. ) ;
#1107 = AXIS2_PLACEMENT_3D ( 'NONE', #374, #5438, #3331 ) ;
#1108 = ORIENTED_EDGE ( 'NONE', *, *, #758, .F. ) ;
#1109 = LINE ( 'NONE', #2793, #1023 ) ;
#1110 = CARTESIAN_POINT ( 'NONE',  ( 11.09617658666372186, -10.12845336496056881, -7.956000236181332674 ) ) ;
#1111 = ADVANCED_FACE ( 'NONE', ( #4577 ), #3661, .T. ) ;
#1112 = VERTEX_POINT ( 'NONE', #1139 ) ;
#1113 = CARTESIAN_POINT ( 'NONE',  ( -12.36272338464241827, -10.84401044073886133, 4.330127018921346327 ) ) ;
#1114 = AXIS2_PLACEMENT_3D ( 'NONE', #3733, #2901, #3631 ) ;
#1115 = CARTESIAN_POINT ( 'NONE',  ( 2.690424329776603063, -10.75289849619292148, -13.01265208621354930 ) ) ;
#1116 = CARTESIAN_POINT ( 'NONE',  ( -6.976474824667002750, -14.48527678248614059, 5.523183462058409710 ) ) ;
#1117 = EDGE_LOOP ( 'NONE', ( #432, #898, #3943, #3686, #3954, #192, #2303, #4691, #1759, #4372, #5047, #1346, #35 ) ) ;
#1118 = CIRCLE ( 'NONE', #403, 6.500000000000003553 ) ;
#1119 = CARTESIAN_POINT ( 'NONE',  ( 8.130480234380062399, -10.26559826462324487, 15.02604107617040619 ) ) ;
#1120 = CARTESIAN_POINT ( 'NONE',  ( 11.17932552532718660, -9.849361908630667628, 8.804132597342189115 ) ) ;
#1121 = CARTESIAN_POINT ( 'NONE',  ( -11.56463417484009426, -21.56081345920532044, 6.123233995736767268E-16 ) ) ;
#1122 = CIRCLE ( 'NONE', #1830, 0.8999999999999982458 ) ;
#1123 = EDGE_CURVE ( 'NONE', #870, #2044, #3711, .T. ) ;
#1124 = FACE_OUTER_BOUND ( 'NONE', #2967, .T. ) ;
#1125 = AXIS2_PLACEMENT_3D ( 'NONE', #1502, #4889, #2075 ) ;
#1126 = DIRECTION ( 'NONE',  ( 0.3213938048432665728, -0.7660444431189745718, 0.5566703992264259160 ) ) ;
#1127 = EDGE_LOOP ( 'NONE', ( #3157, #1694, #1709, #2281, #957, #683, #211, #2542, #10, #5393, #2188, #2209, #4567, #1148, #3826, #2745 ) ) ;
#1128 = CARTESIAN_POINT ( 'NONE',  ( 0.000000000000000000, -6.500000000000000000, 0.000000000000000000 ) ) ;
#1129 = CARTESIAN_POINT ( 'NONE',  ( 2.379095532854065720, -17.52916845839910920, 5.905301096329515609 ) ) ;
#1130 = CARTESIAN_POINT ( 'NONE',  ( -1.149066664678470850, -1.928362829059629302, 1.990241844506800639 ) ) ;
#1131 = CIRCLE ( 'NONE', #4045, 5.000000000000001776 ) ;
#1132 = EDGE_LOOP ( 'NONE', ( #2562, #2684 ) ) ;
#1133 = VERTEX_POINT ( 'NONE', #4154 ) ;
#1134 = DIRECTION ( 'NONE',  ( -0.8162847207936020366, -0.5220932199171728350, -0.2471799431900371657 ) ) ;
#1135 = CARTESIAN_POINT ( 'NONE',  ( -5.825202145052655212, -10.66842378404322211, 11.22343949861798151 ) ) ;
#1136 = AXIS2_PLACEMENT_3D ( 'NONE', #653, #3497, #1891 ) ;
#1137 = AXIS2_PLACEMENT_3D ( 'NONE', #3036, #5096, #932 ) ;
#1138 = ORIENTED_EDGE ( 'NONE', *, *, #1906, .T. ) ;
#1139 = CARTESIAN_POINT ( 'NONE',  ( 11.85904599448447350, -13.53939173702823417, 10.79367584693462234 ) ) ;
#1140 = CARTESIAN_POINT ( 'NONE',  ( -5.825202145052513991, -11.65040429010518963, -10.08954607959037908 ) ) ;
#1141 = PLANE ( 'NONE',  #1920 ) ;
#1142 = CARTESIAN_POINT ( 'NONE',  ( -1.331163908112734662, -14.38793722877295878, 8.958237838821613508 ) ) ;
#1143 = CIRCLE ( 'NONE', #2640, 15.00000000000000000 ) ;
#1144 = CARTESIAN_POINT ( 'NONE',  ( 4.820907072648997094, -11.49066664678461613, -8.350055988396386297 ) ) ;
#1145 = B_SPLINE_CURVE_WITH_KNOTS ( 'NONE', 3,
 ( #4061, #4028, #1956, #1845, #3997, #1402, #4423, #1372, #120, #990, #1872, #3944, #5155, #638, #3069, #174, #2671, #4365 ),
 .UNSPECIFIED., .F., .F.,
 ( 4, 2, 2, 2, 2, 2, 2, 2, 4 ),
 ( 1.734723475976807094E-18, 0.0003917675419851546236, 0.0007835350839703075125, 0.001175302625955460456, 0.001567070167940613290, 0.001958837709925766342, 0.002350605251910919177, 0.002742372793896072011, 0.003134140335881224846 ),
 .UNSPECIFIED. ) ;
#1146 = EDGE_CURVE ( 'NONE', #4353, #5268, #3407, .T. ) ;
#1147 = CIRCLE ( 'NONE', #2554, 6.800000000000001599 ) ;
#1148 = ORIENTED_EDGE ( 'NONE', *, *, #2677, .F. ) ;
#1149 = EDGE_CURVE ( 'NONE', #2691, #870, #1220, .T. ) ;
#1150 = CARTESIAN_POINT ( 'NONE',  ( 0.9284300462807372201, -17.71751119999077062, 11.35488235624091047 ) ) ;
#1151 = CARTESIAN_POINT ( 'NONE',  ( -8.548132129471607499, -14.04012839937355395, 4.343653494704923013 ) ) ;
#1152 = CARTESIAN_POINT ( 'NONE',  ( 6.736018180446402326, -8.276728598351896338, -11.66712572924108038 ) ) ;
#1153 = DIRECTION ( 'NONE',  ( 0.000000000000000000, 0.8466106887629425426, -0.5322126846217932750 ) ) ;
#1154 = LINE ( 'NONE', #2062, #75 ) ;
#1155 = ORIENTED_EDGE ( 'NONE', *, *, #4951, .T. ) ;
#1156 = CARTESIAN_POINT ( 'NONE',  ( 1.389136431662875371, -10.34400052954316607, -13.42034816604386016 ) ) ;
#1157 = CARTESIAN_POINT ( 'NONE',  ( 6.489493575772632639, -15.46775456608786925, -11.24013258862990838 ) ) ;
#1158 = DIRECTION ( 'NONE',  ( -0.3213938048432742334, 0.7660444431189746828, 0.5566703992264213641 ) ) ;
#1159 = ORIENTED_EDGE ( 'NONE', *, *, #144, .F. ) ;
#1160 = DATE_AND_TIME ( #2821, #1060 ) ;
#1161 = ORIENTED_EDGE ( 'NONE', *, *, #1814, .F. ) ;
#1162 = CARTESIAN_POINT ( 'NONE',  ( -12.97898715154516047, -15.46775456608786747, -3.938993453682045949E-16 ) ) ;
#1163 = CARTESIAN_POINT ( 'NONE',  ( -15.87453810358575090, -8.806332941129175751, 0.1306304079833663090 ) ) ;
#1164 = EDGE_CURVE ( 'NONE', #2992, #527, #5365, .T. ) ;
#1165 = ORIENTED_EDGE ( 'NONE', *, *, #1082, .F. ) ;
#1166 = LINE ( 'NONE', #2074, #2960 ) ;
#1167 = DIRECTION ( 'NONE',  ( -0.3213938048432741779, 0.7660444431189745718, -0.5566703992264214751 ) ) ;
#1168 = DIRECTION ( 'NONE',  ( 0.3830222215594904500, 0.6427876096865433597, -0.6634139481689337314 ) ) ;
#1169 = VERTEX_POINT ( 'NONE', #3359 ) ;
#1170 = CARTESIAN_POINT ( 'NONE',  ( 2.483853376709704186, -17.31441568789414376, -5.591625753888560091 ) ) ;
#1171 = ORIENTED_EDGE ( 'NONE', *, *, #141, .F. ) ;
#1172 = CARTESIAN_POINT ( 'NONE',  ( -15.20702972423255162, -10.50158947488995409, -1.000051270013373905 ) ) ;
#1173 = CARTESIAN_POINT ( 'NONE',  ( 1.149066664678475291, 1.928362829059636852, -1.990241844506807967 ) ) ;
#1174 = AXIS2_PLACEMENT_3D ( 'NONE', #1846, #988, #3588 ) ;
#1175 = EDGE_CURVE ( 'NONE', #38, #2219, #1109, .T. ) ;
#1176 = CARTESIAN_POINT ( 'NONE',  ( -12.91293344466943793, -10.72186334303334831, -5.055983402304151220 ) ) ;
#1177 = DIRECTION ( 'NONE',  ( -0.3213938048432665173, 0.7660444431189744607, -0.5566703992264259160 ) ) ;
#1178 = AXIS2_PLACEMENT_3D ( 'NONE', #2440, #4639, #792 ) ;
#1179 = EDGE_LOOP ( 'NONE', ( #4099, #5073, #2848, #2997 ) ) ;
#1180 = CARTESIAN_POINT ( 'NONE',  ( 12.05055710526437096, -13.51192737376124242, -10.72090107436691930 ) ) ;
#1181 = EDGE_CURVE ( 'NONE', #1947, #2757, #1457, .T. ) ;
#1182 = CARTESIAN_POINT ( 'NONE',  ( -8.407803228009809615, -13.87408374968681457, -5.084595449043306736 ) ) ;
#1183 = ORIENTED_EDGE ( 'NONE', *, *, #28, .F. ) ;
#1184 = DIRECTION ( 'NONE',  ( 1.000000000000000000, 0.000000000000000000, 0.000000000000000000 ) ) ;
#1185 = ORIENTED_EDGE ( 'NONE', *, *, #4589, .T. ) ;
#1186 = DIRECTION ( 'NONE',  ( 0.3535533905932762289, -0.7071067811865485719, -0.6123724356957918058 ) ) ;
#1187 = DIRECTION ( 'NONE',  ( 0.3309512457171245314, 0.000000000000000000, -0.9436478543176387568 ) ) ;
#1188 = EDGE_CURVE ( 'NONE', #3925, #667, #5010, .T. ) ;
#1189 = ORIENTED_EDGE ( 'NONE', *, *, #3428, .F. ) ;
#1190 = CARTESIAN_POINT ( 'NONE',  ( 7.816380583824325434, -14.28994036102237430, 5.185569023904903929 ) ) ;
#1191 = DIRECTION ( 'NONE',  ( -0.3535533905932674581, 0.7071067811865487940, -0.6123724356957966908 ) ) ;
#1192 = CARTESIAN_POINT ( 'NONE',  ( 8.247143450588458435, -14.17484025894450639, 4.509569656461883902 ) ) ;
#1193 = DIRECTION ( 'NONE',  ( -0.7660444431189746828, 0.6427876096865433597, 0.000000000000000000 ) ) ;
#1194 = CIRCLE ( 'NONE', #4745, 0.4999999999999992228 ) ;
#1195 = ORIENTED_EDGE ( 'NONE', *, *, #1837, .T. ) ;
#1196 = ORIENTED_EDGE ( 'NONE', *, *, #376, .T. ) ;
#1197 = CIRCLE ( 'NONE', #1377, 4.857478350479742524 ) ;
#1198 = DIRECTION ( 'NONE',  ( -0.7660444431189745718, 0.6427876096865435818, 0.000000000000000000 ) ) ;
#1199 = DATE_AND_TIME ( #4555, #2467 ) ;
#1200 = DIRECTION ( 'NONE',  ( -0.6427876096865433597, -0.7660444431189745718, -1.710569414459005593E-49 ) ) ;
#1201 = CIRCLE ( 'NONE', #4932, 0.5000000000000004441 ) ;
#1202 = CIRCLE ( 'NONE', #1912, 17.00000000000000000 ) ;
#1203 = CARTESIAN_POINT ( 'NONE',  ( 1.338147870292424324, -10.05512921238469204, 13.64229635908538008 ) ) ;
#1204 = DIRECTION ( 'NONE',  ( -1.784094010544421848E-17, -2.126200446592104087E-17, 1.000000000000000000 ) ) ;
#1205 = CARTESIAN_POINT ( 'NONE',  ( -15.67199117192192759, -7.787084994219677370, 0.000000000000000000 ) ) ;
#1206 = DIRECTION ( 'NONE',  ( 0.3830222215594902280, 0.6427876096865435818, -0.6634139481689336204 ) ) ;
#1207 = AXIS2_PLACEMENT_3D ( 'NONE', #4164, #385, #1645 ) ;
#1208 = DIRECTION ( 'NONE',  ( -0.6427876096865433597, -0.7660444431189745718, -0.000000000000000000 ) ) ;
#1209 = EDGE_CURVE ( 'NONE', #907, #611, #2783, .T. ) ;
#1210 = CIRCLE ( 'NONE', #3076, 5.000000000000001776 ) ;
#1211 = EDGE_LOOP ( 'NONE', ( #5070, #4377, #1935, #3203 ) ) ;
#1212 = DIRECTION ( 'NONE',  ( 0.000000000000000000, 0.5878588831525611846, 0.8089634933040077414 ) ) ;
#1213 = CARTESIAN_POINT ( 'NONE',  ( -5.293746310506442398, -10.58749262101274979, 9.169037572177350270 ) ) ;
#1214 = ORIENTED_EDGE ( 'NONE', *, *, #3829, .F. ) ;
#1215 = CARTESIAN_POINT ( 'NONE',  ( 8.476163504807582072, -11.15677974023234853, 13.39121429377273209 ) ) ;
#1216 = CARTESIAN_POINT ( 'NONE',  ( -16.08535560750988935, -9.133457496014750987, 0.8003093477345373241 ) ) ;
#1217 = TOROIDAL_SURFACE ( 'NONE', #1044, 17.32050807568877460, 0.5000000000000000000 ) ;
#1218 = AXIS2_PLACEMENT_3D ( 'NONE', #3095, #986, #2886 ) ;
#1219 = ORIENTED_EDGE ( 'NONE', *, *, #1009, .T. ) ;
#1220 = LINE ( 'NONE', #2485, #1550 ) ;
#1221 = CARTESIAN_POINT ( 'NONE',  ( 8.413231643623390710, -14.66061143408786371, 4.825350317793128063 ) ) ;
#1222 = CARTESIAN_POINT ( 'NONE',  ( -5.930657695150938657, -33.38488466757005568, -10.27220045030097850 ) ) ;
#1223 = AXIS2_PLACEMENT_3D ( 'NONE', #2569, #3436, #1796 ) ;
#1224 = CARTESIAN_POINT ( 'NONE',  ( -13.00501697715541383, -10.15507364439846505, -5.371245063712397183 ) ) ;
#1225 = DIRECTION ( 'NONE',  ( 0.000000000000000000, 0.7181832268395639263, -0.6958540455341992725 ) ) ;
#1226 = VERTEX_POINT ( 'NONE', #2543 ) ;
#1227 = CARTESIAN_POINT ( 'NONE',  ( -14.82564348524776321, -9.947403456293095303, -0.6140923334727799165 ) ) ;
#1228 = B_SPLINE_CURVE_WITH_KNOTS ( 'NONE', 3,
 ( #2945, #3808, #4644, #4163, #3747, #409, #2118, #3313 ),
 .UNSPECIFIED., .F., .F.,
 ( 4, 2, 2, 4 ),
 ( 8.156158518023609626E-05, 0.0005357731976264104839, 0.0007628790038494977048, 0.0009899848100725849257 ),
 .UNSPECIFIED. ) ;
#1229 = DIRECTION ( 'NONE',  ( -0.7660444431189744607, 0.6427876096865434707, 0.000000000000000000 ) ) ;
#1230 = EDGE_CURVE ( 'NONE', #1360, #1493, #1714, .T. ) ;
#1231 = CIRCLE ( 'NONE', #5406, 2.500000000000000000 ) ;
#1232 = ORIENTED_EDGE ( 'NONE', *, *, #2489, .F. ) ;
#1233 = DIRECTION ( 'NONE',  ( -0.000000000000000000, -1.000000000000000000, -0.000000000000000000 ) ) ;
#1234 = CARTESIAN_POINT ( 'NONE',  ( 15.53395348703928747, -6.906250000000000888, 0.000000000000000000 ) ) ;
#1235 = CARTESIAN_POINT ( 'NONE',  ( -0.9979091180427041019, -14.41104599486894067, -8.969236020575573676 ) ) ;
#1236 = CARTESIAN_POINT ( 'NONE',  ( 3.163385732743229983, -18.60130965828128424, 6.422845987888895714 ) ) ;
#1237 = DIRECTION ( 'NONE',  ( -0.3213938048432665728, 0.7660444431189745718, -0.5566703992264259160 ) ) ;
#1238 = ORIENTED_EDGE ( 'NONE', *, *, #444, .T. ) ;
#1239 = CARTESIAN_POINT ( 'NONE',  ( 1.890019946634725834, -9.992626814029447857, 14.01843834604569317 ) ) ;
#1240 = DIRECTION ( 'NONE',  ( 0.000000000000000000, 0.000000000000000000, 1.000000000000000000 ) ) ;
#1241 = ORIENTED_EDGE ( 'NONE', *, *, #2488, .F. ) ;
#1242 = CARTESIAN_POINT ( 'NONE',  ( 7.442115255250253192, -9.766665464424185927, -12.70436950901079420 ) ) ;
#1243 = CARTESIAN_POINT ( 'NONE',  ( -15.87453810358575446, -8.806332941129175751, -3.017037975063020700E-23 ) ) ;
#1244 = DIRECTION ( 'NONE',  ( 0.3830222215594811797, 0.6427876096865435818, 0.6634139481689389495 ) ) ;
#1245 = EDGE_CURVE ( 'NONE', #3443, #2566, #671, .T. ) ;
#1246 = B_SPLINE_CURVE_WITH_KNOTS ( 'NONE', 3,
 ( #669, #291, #2348, #3136, #2788, #4855, #263, #3632, #2824, #2741, #5328, #4013, #1968, #3218, #4434, #4909, #3658, #4972 ),
 .UNSPECIFIED., .F., .F.,
 ( 4, 2, 2, 2, 2, 2, 2, 2, 4 ),
 ( 0.003130972181561678114, 0.003522243288762282737, 0.003913514395962887360, 0.004304785503163491983, 0.004696056610364095739, 0.005087327717564700362, 0.005478598824765304985, 0.005869869931965908741, 0.006261141039166512497 ),
 .UNSPECIFIED. ) ;
#1247 = EDGE_CURVE ( 'NONE', #4806, #4552, #5097, .T. ) ;
#1248 = ORIENTED_EDGE ( 'NONE', *, *, #3535, .T. ) ;
#1249 = DIRECTION ( 'NONE',  ( -0.6427876096865434707, -0.7660444431189745718, 0.000000000000000000 ) ) ;
#1250 = CARTESIAN_POINT ( 'NONE',  ( 8.564126381742426020, -14.55703155013411454, 4.496020514197406115 ) ) ;
#1251 = EDGE_CURVE ( 'NONE', #4718, #3525, #62, .T. ) ;
#1252 = CARTESIAN_POINT ( 'NONE',  ( 3.744521460101442933, -18.68984498976637099, -6.150340923518163194 ) ) ;
#1253 = CARTESIAN_POINT ( 'NONE',  ( -12.84721629121706776, -9.752028722493943036, -5.382628694197165942 ) ) ;
#1254 = LINE ( 'NONE', #1278, #2895 ) ;
#1255 = DIRECTION ( 'NONE',  ( 0.3830222215594811241, 0.6427876096865435818, 0.6634139481689389495 ) ) ;
#1256 = VERTEX_POINT ( 'NONE', #2962 ) ;
#1257 = CARTESIAN_POINT ( 'NONE',  ( -15.91111131751011776, -11.22092482028796390, 0.5044784999345678367 ) ) ;
#1258 = CARTESIAN_POINT ( 'NONE',  ( 10.39262169603701125, -10.37947748913432200, -8.578647601396626854 ) ) ;
#1259 = EDGE_CURVE ( 'NONE', #3693, #2115, #3845, .T. ) ;
#1260 = DIRECTION ( 'NONE',  ( 7.433725043934972653E-17, 0.5878588831525611846, 0.8089634933040077414 ) ) ;
#1261 = LINE ( 'NONE', #850, #3705 ) ;
#1262 = ORIENTED_EDGE ( 'NONE', *, *, #4264, .F. ) ;
#1263 = DIRECTION ( 'NONE',  ( -0.3830222215594903945, -0.6427876096865436928, -0.6634139481689336204 ) ) ;
#1264 = CARTESIAN_POINT ( 'NONE',  ( -8.337656220310035948, -17.70646876122802382, -0.2639719205671401392 ) ) ;
#1265 = VERTEX_POINT ( 'NONE', #44 ) ;
#1266 = DIRECTION ( 'NONE',  ( 0.000000000000000000, 0.7181832268395595964, 0.6958540455342037134 ) ) ;
#1267 = DIRECTION ( 'NONE',  ( 0.000000000000000000, 0.000000000000000000, 1.000000000000000000 ) ) ;
#1268 = CARTESIAN_POINT ( 'NONE',  ( 6.489493575772632639, -15.46775456608786925, -11.24013258862990838 ) ) ;
#1269 = EDGE_LOOP ( 'NONE', ( #862, #5373, #4685, #156 ) ) ;
#1270 = DIRECTION ( 'NONE',  ( -0.7071067811865491270, 0.7071067811865459074, -0.000000000000000000 ) ) ;
#1271 = CARTESIAN_POINT ( 'NONE',  ( 8.538379180183348183, -14.56147424127980727, 4.040245666300754657 ) ) ;
#1272 = CARTESIAN_POINT ( 'NONE',  ( 3.282943155586540929, -18.64080974307235294, -6.382078389370526850 ) ) ;
#1273 = EDGE_CURVE ( 'NONE', #1608, #1410, #2077, .T. ) ;
#1274 = CARTESIAN_POINT ( 'NONE',  ( -12.92599030629670587, -10.69779050790880071, -5.054332649114787301 ) ) ;
#1275 = DIRECTION ( 'NONE',  ( 0.000000000000000000, 0.000000000000000000, 1.000000000000000000 ) ) ;
#1276 = ORIENTED_EDGE ( 'NONE', *, *, #2905, .F. ) ;
#1277 = ORIENTED_EDGE ( 'NONE', *, *, #3319, .F. ) ;
#1278 = CARTESIAN_POINT ( 'NONE',  ( -5.930657695151126063, -34.10306789440969766, 9.576346404766773901 ) ) ;
#1279 = VECTOR ( 'NONE', #2909, 1000.000000000000000 ) ;
#1280 = CARTESIAN_POINT ( 'NONE',  ( 3.858549542157520662, -16.23846107604306965, 5.987349805004397396 ) ) ;
#1281 = CC_DESIGN_PERSON_AND_ORGANIZATION_ASSIGNMENT ( #4625, #1574, ( #4040 ) ) ;
#1282 = ORIENTED_EDGE ( 'NONE', *, *, #5287, .F. ) ;
#1283 = DIRECTION ( 'NONE',  ( 0.000000000000000000, 0.000000000000000000, 1.000000000000000000 ) ) ;
#1284 = CARTESIAN_POINT ( 'NONE',  ( -10.68085382218823121, -17.39611739514749900, -4.873397172404478894 ) ) ;
#1285 = DIRECTION ( 'NONE',  ( 0.000000000000000000, 0.6546536707079803064, -0.7559289460184516196 ) ) ;
#1286 = FACE_OUTER_BOUND ( 'NONE', #1179, .T. ) ;
#1287 = FACE_OUTER_BOUND ( 'NONE', #965, .T. ) ;
#1288 = AXIS2_PLACEMENT_3D ( 'NONE', #2558, #4190, #1285 ) ;
#1289 = EDGE_CURVE ( 'NONE', #4174, #2315, #5272, .T. ) ;
#1290 = EDGE_LOOP ( 'NONE', ( #5336, #1797 ) ) ;
#1291 = CARTESIAN_POINT ( 'NONE',  ( 1.948131671389636832, -9.904884075135210963, 14.05735977253562830 ) ) ;
#1292 = CIRCLE ( 'NONE', #5106, 5.000000000000004441 ) ;
#1293 = CARTESIAN_POINT ( 'NONE',  ( 2.149576450933030181, -10.38391802187169333, 13.29889270902578247 ) ) ;
#1294 = ORIENTED_EDGE ( 'NONE', *, *, #1993, .T. ) ;
#1295 = CYLINDRICAL_SURFACE ( 'NONE', #327, 0.9999999999999981126 ) ;
#1296 = PLANE ( 'NONE',  #2357 ) ;
#1297 = CARTESIAN_POINT ( 'NONE',  ( 9.036409712236055825, -9.492668095100606607, -13.66284336285724699 ) ) ;
#1298 = AXIS2_PLACEMENT_3D ( 'NONE', #363, #5402, #3290 ) ;
#1299 = EDGE_CURVE ( 'NONE', #1008, #356, #2120, .T. ) ;
#1300 = ORIENTED_EDGE ( 'NONE', *, *, #3384, .F. ) ;
#1301 = CARTESIAN_POINT ( 'NONE',  ( 10.00451691660668985, -10.92195538458601334, 9.328331604745075722 ) ) ;
#1302 = CARTESIAN_POINT ( 'NONE',  ( 3.047659106403050711, -18.54202845686896950, -6.446707945098339998 ) ) ;
#1303 = CARTESIAN_POINT ( 'NONE',  ( -7.734606280700420555, -14.04004933083977136, 5.662278129849290131 ) ) ;
#1304 = VECTOR ( 'NONE', #1583, 999.9999999999998863 ) ;
#1305 = CARTESIAN_POINT ( 'NONE',  ( 0.000000000000000000, -16.00000000000000000, 0.000000000000000000 ) ) ;
#1306 = AXIS2_PLACEMENT_3D ( 'NONE', #523, #2122, #33 ) ;
#1307 = CARTESIAN_POINT ( 'NONE',  ( -15.88357233170460958, -13.03051821269305144, 5.279513603438184433 ) ) ;
#1308 = CARTESIAN_POINT ( 'NONE',  ( -12.94744420318108702, -10.76299166347275538, -4.964429594864466999 ) ) ;
#1309 = ORIENTED_EDGE ( 'NONE', *, *, #4375, .F. ) ;
#1310 = VERTEX_POINT ( 'NONE', #4294 ) ;
#1311 = CARTESIAN_POINT ( 'NONE',  ( -12.43807896783317801, -10.12863313450566594, -5.631484872092940464 ) ) ;
#1312 = AXIS2_PLACEMENT_3D ( 'NONE', #2654, #2207, #125 ) ;
#1313 = CARTESIAN_POINT ( 'NONE',  ( 0.000000000000000000, 0.000000000000000000, 0.000000000000000000 ) ) ;
#1314 = EDGE_CURVE ( 'NONE', #5098, #3878, #4632, .T. ) ;
#1315 = AXIS2_PLACEMENT_3D ( 'NONE', #3476, #4255, #550 ) ;
#1316 = EDGE_CURVE ( 'NONE', #1169, #2757, #3583, .T. ) ;
#1317 = DIRECTION ( 'NONE',  ( -0.7071067811865465735, -0.7071067811865485719, 0.000000000000000000 ) ) ;
#1318 = DIRECTION ( 'NONE',  ( 0.3213938048432666283, -0.7660444431189745718, -0.5566703992264260270 ) ) ;
#1319 = CARTESIAN_POINT ( 'NONE',  ( -12.97898715154515870, -15.46775456608786747, 0.000000000000000000 ) ) ;
#1320 = CARTESIAN_POINT ( 'NONE',  ( -5.930657695151126063, -33.38488466757014095, 10.27220045030097495 ) ) ;
#1321 = LINE ( 'NONE', #4680, #963 ) ;
#1322 = AXIS2_PLACEMENT_3D ( 'NONE', #1755, #3002, #3886 ) ;
#1323 = ORIENTED_EDGE ( 'NONE', *, *, #5465, .T. ) ;
#1324 = AXIS2_PLACEMENT_3D ( 'NONE', #5380, #2503, #4095 ) ;
#1325 = CARTESIAN_POINT ( 'NONE',  ( -8.768514000739301650, -14.33921762924459209, 4.873397172404478894 ) ) ;
#1326 = CARTESIAN_POINT ( 'NONE',  ( -7.222190430529118466, -16.32808476835389300, -0.6144837773952744886 ) ) ;
#1327 = ORIENTED_EDGE ( 'NONE', *, *, #5356, .F. ) ;
#1328 = CARTESIAN_POINT ( 'NONE',  ( 7.928154478613941514, -11.30537171115499717, 13.91463243367878455 ) ) ;
#1329 = CARTESIAN_POINT ( 'NONE',  ( -15.88822521112071406, -8.829143476793051448, -0.2623456000375328778 ) ) ;
#1330 = CARTESIAN_POINT ( 'NONE',  ( 0.5067940320468474757, -14.00780457463747197, -9.618969321494237334 ) ) ;
#1331 = ORIENTED_EDGE ( 'NONE', *, *, #389, .T. ) ;
#1332 = CARTESIAN_POINT ( 'NONE',  ( -5.930657695151126063, -32.66670144073058424, 10.96805449583517778 ) ) ;
#1333 = CARTESIAN_POINT ( 'NONE',  ( -13.13058267247861188, -10.98124759220028146, 3.999999999999998224 ) ) ;
#1334 = EDGE_CURVE ( 'NONE', #1072, #3701, #1635, .T. ) ;
#1335 = CARTESIAN_POINT ( 'NONE',  ( -12.48377349151671645, -10.05493365950267837, -5.662351574020733302 ) ) ;
#1336 = ORIENTED_EDGE ( 'NONE', *, *, #4893, .T. ) ;
#1337 = ORIENTED_EDGE ( 'NONE', *, *, #5448, .T. ) ;
#1338 = CARTESIAN_POINT ( 'NONE',  ( -12.93759017311356097, -9.483307092199355637, -5.632096125739460390 ) ) ;
#1339 = DIRECTION ( 'NONE',  ( 0.3535533905932685683, 0.7071067811865465735, 0.6123724356957986892 ) ) ;
#1340 = ORIENTED_EDGE ( 'NONE', *, *, #376, .F. ) ;
#1341 = DIRECTION ( 'NONE',  ( -0.7660444431189746828, 0.6427876096865434707, 0.000000000000000000 ) ) ;
#1342 = CARTESIAN_POINT ( 'NONE',  ( 7.688531364267468859, -8.838094544742487457, 13.91345654363535722 ) ) ;
#1343 = CARTESIAN_POINT ( 'NONE',  ( 6.489493575772633527, -19.28883730657949869, -5.981869882153843854 ) ) ;
#1344 = CARTESIAN_POINT ( 'NONE',  ( -1.915111107797439205, 1.606969024216360786, 5.015442563508433771E-33 ) ) ;
#1345 = EDGE_CURVE ( 'NONE', #1737, #4730, #1194, .T. ) ;
#1346 = ORIENTED_EDGE ( 'NONE', *, *, #559, .T. ) ;
#1347 = EDGE_CURVE ( 'NONE', #3895, #261, #5190, .T. ) ;
#1348 = CARTESIAN_POINT ( 'NONE',  ( -12.97898715154515870, -15.46775456608786747, 0.000000000000000000 ) ) ;
#1349 = DIRECTION ( 'NONE',  ( -0.7071067811865491270, 0.7071067811865459074, -0.000000000000000000 ) ) ;
#1350 = ORIENTED_EDGE ( 'NONE', *, *, #460, .T. ) ;
#1351 = DIRECTION ( 'NONE',  ( -0.3213938048432665728, 0.7660444431189745718, -0.5566703992264259160 ) ) ;
#1352 = CARTESIAN_POINT ( 'NONE',  ( 7.638560240451107042, -13.53939173702823417, -13.23037443313671524 ) ) ;
#1353 = DIRECTION ( 'NONE',  ( -0.3213938048432666283, 0.7660444431189745718, -0.5566703992264259160 ) ) ;
#1354 = VERTEX_POINT ( 'NONE', #73 ) ;
#1355 = EDGE_LOOP ( 'NONE', ( #1189, #1913, #4448, #63 ) ) ;
#1356 = DIRECTION ( 'NONE',  ( -0.3830222215594903945, -0.6427876096865436928, -0.6634139481689336204 ) ) ;
#1357 = CARTESIAN_POINT ( 'NONE',  ( 5.154840035044593094, -12.28659826202548011, -8.928444845587270251 ) ) ;
#1358 = CARTESIAN_POINT ( 'NONE',  ( 2.149032861941646555, -10.38394696123242333, -13.29895325291464125 ) ) ;
#1359 = EDGE_CURVE ( 'NONE', #5430, #2571, #3440, .T. ) ;
#1360 = VERTEX_POINT ( 'NONE', #947 ) ;
#1361 = ORIENTED_EDGE ( 'NONE', *, *, #1045, .F. ) ;
#1362 = CARTESIAN_POINT ( 'NONE',  ( -5.935878686582969799, -17.17985977214100757, -0.2618674519824447100 ) ) ;
#1363 = CARTESIAN_POINT ( 'NONE',  ( 4.628115537225458098, -16.67575532247620274, 6.089230201588478053 ) ) ;
#1364 = ORIENTED_EDGE ( 'NONE', *, *, #2952, .F. ) ;
#1365 = AXIS2_PLACEMENT_3D ( 'NONE', #690, #1484, #2009 ) ;
#1366 = CARTESIAN_POINT ( 'NONE',  ( -8.406936127009707604, -13.87418479705048391, 5.085689036455869783 ) ) ;
#1367 = CARTESIAN_POINT ( 'NONE',  ( -10.68085382218823121, -17.39611739514749900, -3.938993453682045949E-16 ) ) ;
#1368 = CARTESIAN_POINT ( 'NONE',  ( 10.50403458679583224, -10.68989145344874458, 8.026579649070498590 ) ) ;
#1369 = AXIS2_PLACEMENT_3D ( 'NONE', #3170, #3140, #5173 ) ;
#1370 = CARTESIAN_POINT ( 'NONE',  ( 4.449117793649524977, -16.50651798595106001, -5.998114088711091973 ) ) ;
#1371 = ORIENTED_EDGE ( 'NONE', *, *, #4186, .T. ) ;
#1372 = CARTESIAN_POINT ( 'NONE',  ( 6.745742110539402425, -10.53139104208483623, 13.69249017404886182 ) ) ;
#1373 = CARTESIAN_POINT ( 'NONE',  ( 1.806568447006661415, -10.20811086252460065, 13.48029452568662911 ) ) ;
#1374 = ORIENTED_EDGE ( 'NONE', *, *, #2648, .T. ) ;
#1375 = DIRECTION ( 'NONE',  ( -0.3535533905932674581, 0.7071067811865487940, -0.6123724356957966908 ) ) ;
#1376 = FACE_OUTER_BOUND ( 'NONE', #567, .T. ) ;
#1377 = AXIS2_PLACEMENT_3D ( 'NONE', #751, #2019, #2400 ) ;
#1378 = DIRECTION ( 'NONE',  ( -0.8660254037844363761, -2.126200446592103470E-17, -0.5000000000000039968 ) ) ;
#1379 = EDGE_CURVE ( 'NONE', #3841, #3169, #2696, .T. ) ;
#1380 = AXIS2_PLACEMENT_3D ( 'NONE', #4501, #1923, #2387 ) ;
#1381 = VERTEX_POINT ( 'NONE', #4325 ) ;
#1382 = AXIS2_PLACEMENT_3D ( 'NONE', #226, #5401, #2811 ) ;
#1383 = EDGE_LOOP ( 'NONE', ( #4018, #4780, #2229, #4973 ) ) ;
#1384 = EDGE_CURVE ( 'NONE', #5411, #934, #2411, .T. ) ;
#1385 = LINE ( 'NONE', #1080, #2430 ) ;
#1386 = CARTESIAN_POINT ( 'NONE',  ( 1.875418788192577235, -10.28200636414817204, -13.41573943726742613 ) ) ;
#1387 = CIRCLE ( 'NONE', #3070, 0.8999999999999975797 ) ;
#1388 = CIRCLE ( 'NONE', #4488, 0.9000000000000000222 ) ;
#1389 = ORIENTED_EDGE ( 'NONE', *, *, #2900, .F. ) ;
#1390 = ORIENTED_EDGE ( 'NONE', *, *, #1299, .T. ) ;
#1391 = DIRECTION ( 'NONE',  ( -0.3535533905932771170, -0.7071067811865464625, 0.6123724356957938042 ) ) ;
#1392 = AXIS2_PLACEMENT_3D ( 'NONE', #3703, #4114, #800 ) ;
#1393 = ORIENTED_EDGE ( 'NONE', *, *, #512, .T. ) ;
#1394 = AXIS2_PLACEMENT_3D ( 'NONE', #108, #2492, #1695 ) ;
#1395 = CARTESIAN_POINT ( 'NONE',  ( -7.194693255846217994, -14.47308771211367073, 5.279513603438189762 ) ) ;
#1396 = CARTESIAN_POINT ( 'NONE',  ( 1.790457074447673163E-15, -6.500000000000000000, -14.62019151721344556 ) ) ;
#1397 = EDGE_CURVE ( 'NONE', #293, #1265, #644, .T. ) ;
#1398 = CARTESIAN_POINT ( 'NONE',  ( 11.02535875600196746, -10.44566594247203817, 8.554494991386672353 ) ) ;
#1399 = AXIS2_PLACEMENT_3D ( 'NONE', #413, #1601, #2451 ) ;
#1400 = FACE_OUTER_BOUND ( 'NONE', #5325, .T. ) ;
#1401 = EDGE_LOOP ( 'NONE', ( #2928, #531 ) ) ;
#1402 = CARTESIAN_POINT ( 'NONE',  ( 6.910654479027399155, -10.82590465632838672, 13.89558490938615698 ) ) ;
#1403 = DIRECTION ( 'NONE',  ( 0.000000000000000000, 0.6546536707079776418, 0.7559289460184539511 ) ) ;
#1404 = EDGE_LOOP ( 'NONE', ( #3674, #3139 ) ) ;
#1405 = LINE ( 'NONE', #1851, #4834 ) ;
#1406 = CARTESIAN_POINT ( 'NONE',  ( 7.493720507412759524, -9.847927665839941724, -14.90529983783822665 ) ) ;
#1407 = CIRCLE ( 'NONE', #2288, 17.32050807568877104 ) ;
#1408 = CARTESIAN_POINT ( 'NONE',  ( 8.969329336576945977, -9.389386402933736164, -13.60901133324771273 ) ) ;
#1409 = TOROIDAL_SURFACE ( 'NONE', #5225, 17.32050807568877460, 0.5000000000000000000 ) ;
#1410 = VERTEX_POINT ( 'NONE', #1828 ) ;
#1411 = VERTEX_POINT ( 'NONE', #2681 ) ;
#1412 = DIRECTION ( 'NONE',  ( -3.728499977318076986E-17, -0.7181832268395640373, 0.6958540455341993836 ) ) ;
#1413 = CARTESIAN_POINT ( 'NONE',  ( 1.702595389488509303, -9.942378614991099539, -13.68925625592807904 ) ) ;
#1414 = ADVANCED_FACE ( 'NONE', ( #4774 ), #3490, .T. ) ;
#1415 = B_SPLINE_CURVE_WITH_KNOTS ( 'NONE', 3,
 ( #4069, #5266, #665, #4036, #5297, #696, #2289, #3980, #3571, #1491 ),
 .UNSPECIFIED., .F., .F.,
 ( 4, 2, 2, 2, 4 ),
 ( 0.000000000000000000, 0.001102259932261467207, 0.001377824915326832274, 0.001653389898392196907, 0.002204519864522929209 ),
 .UNSPECIFIED. ) ;
#1416 = ORIENTED_EDGE ( 'NONE', *, *, #4137, .T. ) ;
#1417 = CARTESIAN_POINT ( 'NONE',  ( -5.825202145052661429, -11.65040429010517542, 10.08954607959031158 ) ) ;
#1418 = EDGE_CURVE ( 'NONE', #5050, #4353, #3500, .T. ) ;
#1419 = VERTEX_POINT ( 'NONE', #1909 ) ;
#1420 = FACE_OUTER_BOUND ( 'NONE', #2975, .T. ) ;
#1421 = ORIENTED_EDGE ( 'NONE', *, *, #2239, .T. ) ;
#1422 = CARTESIAN_POINT ( 'NONE',  ( -4.360630338481692903, -8.721260676963277447, 7.552833299276483281 ) ) ;
#1423 = CARTESIAN_POINT ( 'NONE',  ( -5.825202145052661429, -11.65040429010517542, 10.08954607959031158 ) ) ;
#1424 = DIRECTION ( 'NONE',  ( 0.3213938048432666283, -0.7660444431189745718, -0.5566703992264260270 ) ) ;
#1425 = CARTESIAN_POINT ( 'NONE',  ( -8.408417737844315454, -13.87412472174314182, -5.083470969860377942 ) ) ;
#1426 = ORIENTED_EDGE ( 'NONE', *, *, #3729, .F. ) ;
#1427 = B_SPLINE_CURVE_WITH_KNOTS ( 'NONE', 3,
 ( #3787, #530, #2535, #3014, #1326, #5072, #3432, #4713, #121, #3870, #4342, #4653, #2619, #13, #1680, #1264, #1770, #1708 ),
 .UNSPECIFIED., .F., .F.,
 ( 4, 2, 2, 2, 2, 2, 2, 2, 4 ),
 ( 0.003134371591889376432, 0.003526066821693063427, 0.003917762051496750421, 0.004309457281300437849, 0.004701152511104124410, 0.005092847740907813572, 0.005484542970711502735, 0.005876238200515191031, 0.006267933430318880193 ),
 .UNSPECIFIED. ) ;
#1428 = EDGE_CURVE ( 'NONE', #2730, #2926, #1385, .T. ) ;
#1429 = DIRECTION ( 'NONE',  ( -0.8660254037844363761, -2.126200446592103470E-17, -0.5000000000000039968 ) ) ;
#1430 = VERTEX_POINT ( 'NONE', #1054 ) ;
#1431 = DIRECTION ( 'NONE',  ( -0.6427876096865431377, -0.7660444431189750158, 0.000000000000000000 ) ) ;
#1432 = CARTESIAN_POINT ( 'NONE',  ( -0.5488844424652191689, -14.15417440657008008, 9.410411460183366827 ) ) ;
#1433 = CARTESIAN_POINT ( 'NONE',  ( 11.33765793835165603, -9.614080174923818944, 8.249912213192791555 ) ) ;
#1434 = ORIENTED_EDGE ( 'NONE', *, *, #2952, .T. ) ;
#1435 = CIRCLE ( 'NONE', #4537, 16.82563641638337870 ) ;
#1436 = ORIENTED_EDGE ( 'NONE', *, *, #3581, .F. ) ;
#1437 = DIRECTION ( 'NONE',  ( -0.000000000000000000, -1.000000000000000000, -0.000000000000000000 ) ) ;
#1438 = DIRECTION ( 'NONE',  ( 0.3830222215594811797, 0.6427876096865434707, 0.6634139481689390605 ) ) ;
#1439 = EDGE_LOOP ( 'NONE', ( #1393, #2951, #4959, #1364 ) ) ;
#1440 = LINE ( 'NONE', #4913, #155 ) ;
#1441 = CARTESIAN_POINT ( 'NONE',  ( 10.99694218875904284, -9.943221502640165355, -8.326773519883079899 ) ) ;
#1442 = EDGE_LOOP ( 'NONE', ( #2699, #3488, #3107, #1865, #1638, #4763, #3321, #1856, #105, #4411, #3660, #3568, #4402, #1238, #2426, #676 ) ) ;
#1443 = CARTESIAN_POINT ( 'NONE',  ( -12.92612729557437135, -10.69889350324373822, 5.053190994572315020 ) ) ;
#1444 = DIRECTION ( 'NONE',  ( -0.6427876096865433597, -0.7660444431189745718, 0.000000000000000000 ) ) ;
#1445 = EDGE_CURVE ( 'NONE', #2757, #14, #502, .T. ) ;
#1446 = ORIENTED_EDGE ( 'NONE', *, *, #2424, .T. ) ;
#1447 = CARTESIAN_POINT ( 'NONE',  ( -7.742497758803231989, -14.57085157958121080, 5.371245063712386525 ) ) ;
#1448 = LINE ( 'NONE', #197, #1659 ) ;
#1449 = CARTESIAN_POINT ( 'NONE',  ( 7.914286092514478455, -9.928998459329438475, -12.53733791779259121 ) ) ;
#1450 = CARTESIAN_POINT ( 'NONE',  ( 4.341641182688210421, -16.43257912826718226, -5.968122042290545437 ) ) ;
#1451 = CARTESIAN_POINT ( 'NONE',  ( -7.871983258059276345, -14.54591684973042121, -5.347739128862133207 ) ) ;
#1452 = CARTESIAN_POINT ( 'NONE',  ( 1.850873813450842231, -10.15507364439855031, 13.94829761072059071 ) ) ;
#1453 = VERTEX_POINT ( 'NONE', #4403 ) ;
#1454 = CARTESIAN_POINT ( 'NONE',  ( 7.679487290841438885, -11.26253261837828568, -13.99711620935090473 ) ) ;
#1455 = CARTESIAN_POINT ( 'NONE',  ( -1.042894896767780022, -14.03464918250366900, 9.538072730206502925 ) ) ;
#1456 = CARTESIAN_POINT ( 'NONE',  ( -12.32299825445047325, -10.87013461414664306, -4.357138312514283740 ) ) ;
#1457 = CIRCLE ( 'NONE', #5363, 17.00000000000000000 ) ;
#1458 = EDGE_CURVE ( 'NONE', #2044, #1827, #3587, .T. ) ;
#1459 = ORIENTED_EDGE ( 'NONE', *, *, #4935, .F. ) ;
#1460 = AXIS2_PLACEMENT_3D ( 'NONE', #1049, #4426, #2312 ) ;
#1461 = ORIENTED_EDGE ( 'NONE', *, *, #4637, .T. ) ;
#1462 = CARTESIAN_POINT ( 'NONE',  ( 3.858549542157529544, -17.67482752972218307, 7.379057896072811928 ) ) ;
#1463 = DIRECTION ( 'NONE',  ( -0.7660444431189753489, 0.6427876096865425826, 0.000000000000000000 ) ) ;
#1464 = ADVANCED_FACE ( 'NONE', ( #3926 ), #3680, .F. ) ;
#1465 = AXIS2_PLACEMENT_3D ( 'NONE', #2839, #1984, #1569 ) ;
#1466 = CARTESIAN_POINT ( 'NONE',  ( -13.15495737536899945, -9.899127115878574301, -5.335116139719096928 ) ) ;
#1467 = ORIENTED_EDGE ( 'NONE', *, *, #3556, .T. ) ;
#1468 = CARTESIAN_POINT ( 'NONE',  ( 10.51985386220066232, -11.12527958081186519, -8.474127032722154951 ) ) ;
#1469 = CARTESIAN_POINT ( 'NONE',  ( 10.93197342172730835, -10.03851191656752384, -8.298802518754877511 ) ) ;
#1470 = CIRCLE ( 'NONE', #2796, 6.500000000000001776 ) ;
#1471 = VERTEX_POINT ( 'NONE', #4433 ) ;
#1472 = CARTESIAN_POINT ( 'NONE',  ( 2.700608597735108418, -13.99381480538303357, 4.677591302634496628 ) ) ;
#1473 = CARTESIAN_POINT ( 'NONE',  ( 8.274740345167838740, -14.72383461542029259, -3.773243490394279753 ) ) ;
#1474 = AXIS2_PLACEMENT_3D ( 'NONE', #4173, #4995, #1187 ) ;
#1475 = ORIENTED_EDGE ( 'NONE', *, *, #198, .F. ) ;
#1476 = CARTESIAN_POINT ( 'NONE',  ( 0.9284300462807371090, -17.71751119999077062, 11.35488235624091047 ) ) ;
#1477 = DIRECTION ( 'NONE',  ( 0.3535533905932770615, 0.7071067811865465735, -0.6123724356957936932 ) ) ;
#1478 = CIRCLE ( 'NONE', #3258, 0.5000000000000002220 ) ;
#1479 = ADVANCED_FACE ( 'NONE', ( #3135 ), #4825, .T. ) ;
#1480 = CARTESIAN_POINT ( 'NONE',  ( 2.979905608313648369, -16.47395729213381088, -6.805933399101366632 ) ) ;
#1481 = CARTESIAN_POINT ( 'NONE',  ( -8.434896100042964306, -14.71948921096620744, 4.000000000000000000 ) ) ;
#1482 = EDGE_CURVE ( 'NONE', #5006, #160, #446, .T. ) ;
#1483 = DIRECTION ( 'NONE',  ( -0.6222064705053617084, 0.5220932199171712806, -0.5833333333333360349 ) ) ;
#1484 = DIRECTION ( 'NONE',  ( -0.6427876096865435818, -0.7660444431189745718, -2.775557561562891351E-17 ) ) ;
#1485 = CYLINDRICAL_SURFACE ( 'NONE', #4212, 5.000000000000000888 ) ;
#1486 = ORIENTED_EDGE ( 'NONE', *, *, #1859, .F. ) ;
#1487 = CARTESIAN_POINT ( 'NONE',  ( 8.328702979284653196, -13.97166927126947833, 4.960308093398067442 ) ) ;
#1488 = CARTESIAN_POINT ( 'NONE',  ( 8.135566929815320592, -8.820694001226213388, -13.64314476362456752 ) ) ;
#1489 = EDGE_CURVE ( 'NONE', #2254, #4408, #4122, .T. ) ;
#1490 = B_SPLINE_CURVE_WITH_KNOTS ( 'NONE', 3,
 ( #4092, #5377, #1571, #2423, #340, #4989, #2014, #1182, #2867, #773 ),
 .UNSPECIFIED., .F., .F.,
 ( 4, 2, 2, 2, 4 ),
 ( 0.000000000000000000, 0.0005511528013485331688, 0.001102305602697066338, 0.001653458404045599506, 0.002204611205394132675 ),
 .UNSPECIFIED. ) ;
#1491 = CARTESIAN_POINT ( 'NONE',  ( 11.31009755794347882, -9.385828412306221225, -8.543296684801852336 ) ) ;
#1492 = AXIS2_PLACEMENT_3D ( 'NONE', #3160, #2371, #1022 ) ;
#1493 = VERTEX_POINT ( 'NONE', #4172 ) ;
#1494 = AXIS2_PLACEMENT_3D ( 'NONE', #4977, #1168, #3281 ) ;
#1495 = ORIENTED_EDGE ( 'NONE', *, *, #1076, .T. ) ;
#1496 = CARTESIAN_POINT ( 'NONE',  ( 8.731920407474468959, -14.11136526519911349, -3.695539610392764907 ) ) ;
#1497 = DIRECTION ( 'NONE',  ( 0.000000000000000000, -1.000000000000000000, 0.000000000000000000 ) ) ;
#1498 = AXIS2_PLACEMENT_3D ( 'NONE', #894, #1664, #22 ) ;
#1499 = EDGE_CURVE ( 'NONE', #5461, #3479, #2678, .T. ) ;
#1500 = ORIENTED_EDGE ( 'NONE', *, *, #1334, .F. ) ;
#1501 = DIRECTION ( 'NONE',  ( -0.3213938048432665728, 0.7660444431189745718, -0.5566703992264259160 ) ) ;
#1502 = CARTESIAN_POINT ( 'NONE',  ( -12.97898715154515870, -15.46775456608786747, 0.000000000000000000 ) ) ;
#1503 = ORIENTED_EDGE ( 'NONE', *, *, #5238, .F. ) ;
#1504 = CARTESIAN_POINT ( 'NONE',  ( -12.91282530658557448, -10.53941718371063807, 5.207358418214554696 ) ) ;
#1505 = CARTESIAN_POINT ( 'NONE',  ( 8.361521640570106939, -14.66832956333368365, -3.799521815984687745 ) ) ;
#1506 = ORIENTED_EDGE ( 'NONE', *, *, #515, .F. ) ;
#1507 = LINE ( 'NONE', #5315, #2435 ) ;
#1508 = DIRECTION ( 'NONE',  ( 1.927470528863122894E-15, -0.6546536707079776418, -0.7559289460184539511 ) ) ;
#1509 = CARTESIAN_POINT ( 'NONE',  ( 4.561130746712877659, -10.87148790737402138, -7.900110193271443926 ) ) ;
#1510 = CARTESIAN_POINT ( 'NONE',  ( -15.27712048090208974, -13.53939173702823417, -3.938993453682045949E-16 ) ) ;
#1511 = CARTESIAN_POINT ( 'NONE',  ( 4.820907072648997094, -14.42996106254742372, -4.305238521876346702 ) ) ;
#1512 = CARTESIAN_POINT ( 'NONE',  ( 1.832737627351566534, -9.660656714761444164, 13.87206000187893906 ) ) ;
#1513 = ORIENTED_EDGE ( 'NONE', *, *, #3553, .F. ) ;
#1514 = DIRECTION ( 'NONE',  ( 0.000000000000000000, 0.000000000000000000, 1.000000000000000000 ) ) ;
#1515 = CARTESIAN_POINT ( 'NONE',  ( -0.4298919522109351798, -14.15077714819108579, 9.422824107654609094 ) ) ;
#1516 = CARTESIAN_POINT ( 'NONE',  ( -7.181665260686621366, -14.91131433491220371, 5.685630034471892635 ) ) ;
#1517 = EDGE_CURVE ( 'NONE', #4049, #5133, #1197, .T. ) ;
#1518 = ADVANCED_FACE ( 'NONE', ( #4971 ), #5412, .T. ) ;
#1519 = ORIENTED_EDGE ( 'NONE', *, *, #576, .F. ) ;
#1520 = ORIENTED_EDGE ( 'NONE', *, *, #2525, .F. ) ;
#1521 = CARTESIAN_POINT ( 'NONE',  ( 9.609393885895787690, -17.90499091948268529, 6.084931233437052001 ) ) ;
#1522 = CARTESIAN_POINT ( 'NONE',  ( -10.68085382218823121, -17.39611739514749900, -3.938993453682045949E-16 ) ) ;
#1523 = EDGE_CURVE ( 'NONE', #3813, #2792, #588, .T. ) ;
#1524 = AXIS2_PLACEMENT_3D ( 'NONE', #1357, #811, #3249 ) ;
#1525 = EDGE_LOOP ( 'NONE', ( #1475, #1890, #2551, #830 ) ) ;
#1526 = DIRECTION ( 'NONE',  ( -1.000000000000000000, 0.000000000000000000, -1.224646799147353207E-16 ) ) ;
#1527 = CARTESIAN_POINT ( 'NONE',  ( 11.19782479682175058, -9.899127115878821215, -8.724969202911600163 ) ) ;
#1528 = ORIENTED_EDGE ( 'NONE', *, *, #5465, .F. ) ;
#1529 = CARTESIAN_POINT ( 'NONE',  ( -19.22507860602983953, -15.13293736233988263, 0.000000000000000000 ) ) ;
#1530 = DIRECTION ( 'NONE',  ( 0.6517473912071917175, -3.469446951953608509E-14, 0.7584361133639536678 ) ) ;
#1531 = ADVANCED_FACE ( 'NONE', ( #2845 ), #4519, .F. ) ;
#1532 = VECTOR ( 'NONE', #5035, 1000.000000000000000 ) ;
#1533 = CARTESIAN_POINT ( 'NONE',  ( 1.902360641600652711E-15, -6.906250000000000000, -15.53395348703928747 ) ) ;
#1534 = DIRECTION ( 'NONE',  ( 0.3213938048432743444, -0.7660444431189745718, 0.5566703992264215861 ) ) ;
#1535 = DIRECTION ( 'NONE',  ( -0.6427876096865435818, -0.7660444431189745718, -0.000000000000000000 ) ) ;
#1536 = CARTESIAN_POINT ( 'NONE',  ( 3.412926704048109716, -17.42047456214033474, -7.461288769292529821 ) ) ;
#1537 = FACE_OUTER_BOUND ( 'NONE', #1051, .T. ) ;
#1538 = CARTESIAN_POINT ( 'NONE',  ( 8.989499931703818447, -10.24017733347850978, 14.49775104491261146 ) ) ;
#1539 = ORIENTED_EDGE ( 'NONE', *, *, #4023, .F. ) ;
#1540 = CARTESIAN_POINT ( 'NONE',  ( 0.5162505845214461209, -14.05794848917652473, -9.554426279671181632 ) ) ;
#1541 = CARTESIAN_POINT ( 'NONE',  ( 2.409865264914377025, -17.80762447086479483, 6.182458824058282509 ) ) ;
#1542 = CARTESIAN_POINT ( 'NONE',  ( 5.154840035044468749, -8.171586079957553039, 14.59118929871540082 ) ) ;
#1543 = ORIENTED_EDGE ( 'NONE', *, *, #2938, .F. ) ;
#1544 = CARTESIAN_POINT ( 'NONE',  ( -8.350602227090632823, -17.73047933876237536, 3.452953415359038609E-16 ) ) ;
#1545 = ORIENTED_EDGE ( 'NONE', *, *, #4257, .F. ) ;
#1546 = CARTESIAN_POINT ( 'NONE',  ( -8.532501169041616151, -14.05794848917655493, -4.330127018921348991 ) ) ;
#1547 = DIRECTION ( 'NONE',  ( -1.784094010544421848E-17, -2.126200446592104087E-17, 1.000000000000000000 ) ) ;
#1548 = AXIS2_PLACEMENT_3D ( 'NONE', #4341, #3540, #4793 ) ;
#1549 = EDGE_CURVE ( 'NONE', #3291, #5223, #254, .T. ) ;
#1550 = VECTOR ( 'NONE', #397, 1000.000000000000114 ) ;
#1551 = EDGE_CURVE ( 'NONE', #2254, #4206, #2608, .T. ) ;
#1552 = VERTEX_POINT ( 'NONE', #1628 ) ;
#1553 = DIRECTION ( 'NONE',  ( -0.7660444431189745718, 0.6427876096865435818, 0.000000000000000000 ) ) ;
#1554 = CARTESIAN_POINT ( 'NONE',  ( 1.860393647574655640, -1.561055623524465252, -4.872144204551051259E-33 ) ) ;
#1555 = CARTESIAN_POINT ( 'NONE',  ( -15.53395348703928747, -6.906250000000000888, -1.902360641600653105E-15 ) ) ;
#1556 = CARTESIAN_POINT ( 'NONE',  ( -1.043338620495166458, -14.03489709128897900, 9.537656947002792762 ) ) ;
#1557 = VECTOR ( 'NONE', #807, 1000.000000000000114 ) ;
#1558 = CARTESIAN_POINT ( 'NONE',  ( 0.5162505845214461209, -14.05794848917652473, -9.554426279671181632 ) ) ;
#1559 = AXIS2_PLACEMENT_3D ( 'NONE', #4624, #2502, #2175 ) ;
#1560 = DIRECTION ( 'NONE',  ( -0.3309512457171109867, 0.000000000000000000, -0.9436478543176434197 ) ) ;
#1561 = CARTESIAN_POINT ( 'NONE',  ( -16.01104665828038520, -11.30260324189694465, -0.1325044218160370268 ) ) ;
#1562 = CARTESIAN_POINT ( 'NONE',  ( 3.858549542157621914, -16.23846107604305899, -5.987349805004356540 ) ) ;
#1563 = AXIS2_PLACEMENT_3D ( 'NONE', #2036, #5042, #798 ) ;
#1564 = DIRECTION ( 'NONE',  ( 0.000000000000000000, 0.000000000000000000, -1.000000000000000000 ) ) ;
#1565 = CIRCLE ( 'NONE', #2266, 16.82050807568877460 ) ;
#1566 = DIRECTION ( 'NONE',  ( 0.3830222215594810686, 0.6427876096865434707, 0.6634139481689389495 ) ) ;
#1567 = ADVANCED_FACE ( 'NONE', ( #4994 ), #701, .F. ) ;
#1568 = EDGE_LOOP ( 'NONE', ( #1340, #3381, #1421, #2441, #1248 ) ) ;
#1569 = DIRECTION ( 'NONE',  ( 3.469446951953612611E-15, 0.5878588831525614067, 0.8089634933040077414 ) ) ;
#1570 = CYLINDRICAL_SURFACE ( 'NONE', #697, 6.500000000000000888 ) ;
#1571 = CARTESIAN_POINT ( 'NONE',  ( -7.242986277312422949, -14.28826473966598876, -5.693743687434563050 ) ) ;
#1572 = AXIS2_PLACEMENT_3D ( 'NONE', #4006, #613, #2781 ) ;
#1573 = EDGE_LOOP ( 'NONE', ( #4810, #43 ) ) ;
#1574 = PERSON_AND_ORGANIZATION_ROLE ( 'design_owner' ) ;
#1575 = EDGE_LOOP ( 'NONE', ( #5087, #3193, #1002, #419 ) ) ;
#1576 = CARTESIAN_POINT ( 'NONE',  ( 8.544628923941292697, -10.67292923166538365, 12.79100927531176524 ) ) ;
#1577 = CARTESIAN_POINT ( 'NONE',  ( -16.14842872603100332, -9.224199983756772525, 0.8736997935535889548 ) ) ;
#1578 = CIRCLE ( 'NONE', #5392, 5.000000000000002665 ) ;
#1579 = CIRCLE ( 'NONE', #3791, 6.800000000000001599 ) ;
#1580 = B_SPLINE_CURVE_WITH_KNOTS ( 'NONE', 3,
 ( #522, #5150, #2196, #985, #1342, #3033, #4732, #3204, #2360, #5366, #1091, #2805, #4025, #4057, #276, #2773, #1119, #4442 ),
 .UNSPECIFIED., .F., .F.,
 ( 4, 2, 2, 2, 2, 2, 2, 2, 4 ),
 ( 0.003131333708274607400, 0.003522665874381569230, 0.003913998040488531061, 0.004305330206595492024, 0.004696662372702453854, 0.005087994538809415684, 0.005479326704916376647, 0.005870658871023338478, 0.006261991037130300308 ),
 .UNSPECIFIED. ) ;
#1581 = ORIENTED_EDGE ( 'NONE', *, *, #1551, .T. ) ;
#1582 = CARTESIAN_POINT ( 'NONE',  ( 5.154840035044468749, -12.28659826202548189, 8.928444845587343082 ) ) ;
#1583 = DIRECTION ( 'NONE',  ( -0.7660444431189817882, -0.6427876096865348110, 2.126576849575775921E-17 ) ) ;
#1584 = DIRECTION ( 'NONE',  ( -0.3213938048432666283, 0.7660444431189745718, -0.5566703992264260270 ) ) ;
#1585 = CIRCLE ( 'NONE', #4506, 0.5000000000000005551 ) ;
#1586 = DIRECTION ( 'NONE',  ( 0.6427876096865434707, 0.7660444431189746828, -0.000000000000000000 ) ) ;
#1587 = EDGE_CURVE ( 'NONE', #1430, #2106, #2875, .T. ) ;
#1588 = EDGE_CURVE ( 'NONE', #3525, #4718, #5456, .T. ) ;
#1589 = VECTOR ( 'NONE', #4950, 1000.000000000000000 ) ;
#1590 = LINE ( 'NONE', #713, #5431 ) ;
#1591 = ORIENTED_EDGE ( 'NONE', *, *, #1123, .F. ) ;
#1592 = EDGE_CURVE ( 'NONE', #3527, #2373, #4472, .T. ) ;
#1593 = CARTESIAN_POINT ( 'NONE',  ( -15.71492867711100594, -11.04836921350318946, -0.7992628029375529186 ) ) ;
#1594 = APPROVAL_ROLE ( '' ) ;
#1595 = CARTESIAN_POINT ( 'NONE',  ( -1.201113460007376288, -14.15526779320863149, -9.337780619400904314 ) ) ;
#1596 = CARTESIAN_POINT ( 'NONE',  ( -12.98175843789366901, -10.80388577596859534, -4.873397172404478006 ) ) ;
#1597 = CARTESIAN_POINT ( 'NONE',  ( 1.119941157060638126, -17.39611739514749900, -11.68658933032536495 ) ) ;
#1598 = VERTEX_POINT ( 'NONE', #4628 ) ;
#1599 = DIRECTION ( 'NONE',  ( 0.3535533905932774501, 0.7071067811865459074, -0.6123724356957942483 ) ) ;
#1600 = CARTESIAN_POINT ( 'NONE',  ( 2.568707496422018011, -18.11160729148763693, 6.375454681107571631 ) ) ;
#1601 = DIRECTION ( 'NONE',  ( -0.7071067811865485719, 0.7071067811865465735, -0.000000000000000000 ) ) ;
#1602 = EDGE_CURVE ( 'NONE', #3448, #2519, #592, .T. ) ;
#1603 = ORIENTED_EDGE ( 'NONE', *, *, #1733, .T. ) ;
#1604 = CARTESIAN_POINT ( 'NONE',  ( -0.6951581578474572698, -14.54583789816762440, -9.491435914586874745 ) ) ;
#1605 = VERTEX_POINT ( 'NONE', #938 ) ;
#1606 = CARTESIAN_POINT ( 'NONE',  ( -7.085975975347595934, -16.21494510072548323, 0.2621795187205916422 ) ) ;
#1607 = CARTESIAN_POINT ( 'NONE',  ( -16.29319151458177473, -9.419148226897444687, 0.9740899459215931477 ) ) ;
#1608 = VERTEX_POINT ( 'NONE', #4686 ) ;
#1609 = CARTESIAN_POINT ( 'NONE',  ( -15.66014270246157380, -13.21799793218496077, -4.873397172404478006 ) ) ;
#1610 = CARTESIAN_POINT ( 'NONE',  ( 8.271454600238145716, -14.48527678248616013, 3.280212695995095462 ) ) ;
#1611 = FACE_OUTER_BOUND ( 'NONE', #5326, .T. ) ;
#1612 = ORIENTED_EDGE ( 'NONE', *, *, #11, .F. ) ;
#1613 = ORIENTED_EDGE ( 'NONE', *, *, #408, .T. ) ;
#1614 = CARTESIAN_POINT ( 'NONE',  ( 11.17932552532718660, -9.849361908630667628, 8.804132597342189115 ) ) ;
#1615 = APPROVAL_STATUS ( 'not_yet_approved' ) ;
#1616 = CARTESIAN_POINT ( 'NONE',  ( -0.5927819323988343658, -13.87034099175264856, -9.818374688423514129 ) ) ;
#1617 = EDGE_CURVE ( 'NONE', #2244, #5244, #1885, .T. ) ;
#1618 = APPROVAL ( #1615, 'æœª' ) ;
#1619 = CARTESIAN_POINT ( 'NONE',  ( -14.82590426469064404, -9.947811294531309301, 0.6144837773952752658 ) ) ;
#1620 = FACE_OUTER_BOUND ( 'NONE', #2620, .T. ) ;
#1621 = CIRCLE ( 'NONE', #1178, 0.9000000000000000222 ) ;
#1622 = CARTESIAN_POINT ( 'NONE',  ( 5.154840035044593094, -16.40161044409338587, -3.265700392459199630 ) ) ;
#1623 = CARTESIAN_POINT ( 'NONE',  ( 9.932944138777042298, -10.85630950563722230, -8.517056927695659141 ) ) ;
#1624 = CARTESIAN_POINT ( 'NONE',  ( -12.29032652471744669, -10.75773122283675676, -4.732714313936693173 ) ) ;
#1625 = VERTEX_POINT ( 'NONE', #3353 ) ;
#1626 = DIRECTION ( 'NONE',  ( 0.000000000000000000, 0.6546536707079776418, 0.7559289460184539511 ) ) ;
#1627 = ORIENTED_EDGE ( 'NONE', *, *, #5230, .F. ) ;
#1628 = CARTESIAN_POINT ( 'NONE',  ( 8.255093677413865905, -10.29655040503374508, -14.99409571605940528 ) ) ;
#1629 = CARTESIAN_POINT ( 'NONE',  ( -12.93775597723833748, -9.483167966019410144, 5.631940680437340419 ) ) ;
#1630 = ORIENTED_EDGE ( 'NONE', *, *, #4358, .T. ) ;
#1631 = CARTESIAN_POINT ( 'NONE',  ( 5.222031227117673424, -12.44674895111303492, 9.044823404078961460 ) ) ;
#1632 = CARTESIAN_POINT ( 'NONE',  ( 8.432644029882860437, -14.16572351395440599, 4.171336762517294794 ) ) ;
#1633 = EDGE_CURVE ( 'NONE', #5107, #5223, #761, .T. ) ;
#1634 = CARTESIAN_POINT ( 'NONE',  ( 2.431361692321866386, -10.84401044073883114, -12.87149602052098807 ) ) ;
#1635 = CIRCLE ( 'NONE', #4292, 0.5000000000000005551 ) ;
#1636 = LINE ( 'NONE', #922, #4900 ) ;
#1637 = DIRECTION ( 'NONE',  ( 0.7071067811865485719, -0.7071067811865465735, -0.000000000000000000 ) ) ;
#1638 = ORIENTED_EDGE ( 'NONE', *, *, #5335, .T. ) ;
#1639 = CIRCLE ( 'NONE', #1460, 6.500000000000000888 ) ;
#1640 = CARTESIAN_POINT ( 'NONE',  ( -15.12689968373334537, -10.39753453268477479, -0.9740534754363331382 ) ) ;
#1641 = CARTESIAN_POINT ( 'NONE',  ( -1.152525319122797542, -14.11374937090567805, -9.406501859547734767 ) ) ;
#1642 = CIRCLE ( 'NONE', #1465, 0.5000000000000002220 ) ;
#1643 = AXIS2_PLACEMENT_3D ( 'NONE', #5123, #3005, #4704 ) ;
#1644 = CARTESIAN_POINT ( 'NONE',  ( -14.98488445155661708, -10.19871931940886434, 0.8729306671543649587 ) ) ;
#1645 = DIRECTION ( 'NONE',  ( -0.7660444431189744607, 0.6427876096865434707, 0.000000000000000000 ) ) ;
#1646 = ADVANCED_FACE ( 'NONE', ( #452 ), #1295, .F. ) ;
#1647 = CARTESIAN_POINT ( 'NONE',  ( -0.3788767062947568931, -14.15661107679413355, -9.416549711757040697 ) ) ;
#1648 = DIRECTION ( 'NONE',  ( 0.3830222215594811797, 0.6427876096865435818, 0.6634139481689389495 ) ) ;
#1649 = AXIS2_PLACEMENT_3D ( 'NONE', #498, #3456, #4230 ) ;
#1650 = DIRECTION ( 'NONE',  ( -0.7660444431189744607, 0.6427876096865434707, 0.000000000000000000 ) ) ;
#1651 = EDGE_CURVE ( 'NONE', #275, #161, #4655, .T. ) ;
#1652 = ORIENTED_EDGE ( 'NONE', *, *, #1587, .F. ) ;
#1653 = EDGE_CURVE ( 'NONE', #4408, #2373, #3241, .T. ) ;
#1654 = CARTESIAN_POINT ( 'NONE',  ( -5.915960343039083469, -17.16257186705424331, 1.224647100853736452E-16 ) ) ;
#1655 = CARTESIAN_POINT ( 'NONE',  ( -0.02773986444357921105, -14.66061143408786194, -9.698747490197531462 ) ) ;
#1656 = EDGE_LOOP ( 'NONE', ( #1894, #3433, #2298, #4968 ) ) ;
#1657 = CARTESIAN_POINT ( 'NONE',  ( -6.279164695443038013, -17.50409740216178989, 0.8730810558355543982 ) ) ;
#1658 = CARTESIAN_POINT ( 'NONE',  ( 11.31009755794335980, -9.385828412306223001, 8.543296684802005103 ) ) ;
#1659 = VECTOR ( 'NONE', #3616, 1000.000000000000114 ) ;
#1660 = VECTOR ( 'NONE', #5361, 1000.000000000000114 ) ;
#1661 = ORIENTED_EDGE ( 'NONE', *, *, #4711, .F. ) ;
#1662 = DIRECTION ( 'NONE',  ( -0.6427876096865435818, -0.7660444431189745718, -0.000000000000000000 ) ) ;
#1663 = CARTESIAN_POINT ( 'NONE',  ( 8.580195431621815416, -14.54121624803770096, 4.276744866259839739 ) ) ;
#1664 = DIRECTION ( 'NONE',  ( -0.7071067811865485719, 0.7071067811865465735, 0.000000000000000000 ) ) ;
#1665 = CIRCLE ( 'NONE', #525, 5.000000000000004441 ) ;
#1666 = EDGE_CURVE ( 'NONE', #5306, #4773, #851, .T. ) ;
#1667 = FACE_OUTER_BOUND ( 'NONE', #4962, .T. ) ;
#1668 = ORIENTED_EDGE ( 'NONE', *, *, #2187, .T. ) ;
#1669 = CIRCLE ( 'NONE', #3091, 5.000000000000004441 ) ;
#1670 = CARTESIAN_POINT ( 'NONE',  ( -12.23456325734921535, -10.49045412207543748, -5.422551556573614207 ) ) ;
#1671 = DIRECTION ( 'NONE',  ( 0.000000000000000000, 0.000000000000000000, -1.000000000000000000 ) ) ;
#1672 = APPROVAL_PERSON_ORGANIZATION ( #4992, #4574, #4939 ) ;
#1673 = CARTESIAN_POINT ( 'NONE',  ( -14.73822657976805672, -9.794177421620320345, 0.2625670866312954099 ) ) ;
#1674 = DIRECTION ( 'NONE',  ( 5.575293782951362918E-17, -0.5878588831525580760, 0.8089634933040100728 ) ) ;
#1675 = FACE_OUTER_BOUND ( 'NONE', #2651, .T. ) ;
#1676 = FACE_OUTER_BOUND ( 'NONE', #514, .T. ) ;
#1677 = CARTESIAN_POINT ( 'NONE',  ( 9.951851650510677771, -10.79550088975705968, -9.137078139988386027 ) ) ;
#1678 = VERTEX_POINT ( 'NONE', #3757 ) ;
#1679 = DIRECTION ( 'NONE',  ( 0.3213938048432744554, -0.7660444431189745718, 0.5566703992264216971 ) ) ;
#1680 = CARTESIAN_POINT ( 'NONE',  ( -8.287518274045588385, -17.61787893130480853, -0.5044784999345690579 ) ) ;
#1681 = B_SPLINE_CURVE_WITH_KNOTS ( 'NONE', 3,
 ( #4387, #1094, #605, #1536, #2364, #223, #3586, #4059, #5286, #2278, #1480, #3645, #5341, #4361, #575, #2248, #5447, #1562 ),
 .UNSPECIFIED., .F., .F.,
 ( 4, 2, 2, 2, 2, 2, 2, 2, 4 ),
 ( 0.003134140335881229183, 0.003525798661179512742, 0.003917456986477795867, 0.004309115311776079427, 0.004700773637074362986, 0.005092431962372646545, 0.005484090287670930104, 0.005875748612969213663, 0.006267406938267497223 ),
 .UNSPECIFIED. ) ;
#1682 = ORIENTED_EDGE ( 'NONE', *, *, #4827, .F. ) ;
#1683 = CARTESIAN_POINT ( 'NONE',  ( 0.9284300462808948717, -17.71751119999077417, -11.35488235624089981 ) ) ;
#1684 = LINE ( 'NONE', #5075, #3426 ) ;
#1685 = DIRECTION ( 'NONE',  ( 1.000000000000000000, 0.000000000000000000, 0.000000000000000000 ) ) ;
#1686 = EDGE_CURVE ( 'NONE', #5061, #667, #4739, .T. ) ;
#1687 = ORIENTED_EDGE ( 'NONE', *, *, #2424, .F. ) ;
#1688 = CARTESIAN_POINT ( 'NONE',  ( 3.609585597197335627, -13.21799793218496077, -15.99877999342343848 ) ) ;
#1689 = LINE ( 'NONE', #2544, #3167 ) ;
#1690 = CARTESIAN_POINT ( 'NONE',  ( 10.81015705638056268, -10.72594253006662157, -8.696377159199762730 ) ) ;
#1691 = CARTESIAN_POINT ( 'NONE',  ( -12.32236902188938821, -10.34191610175732023, -5.496587146464067430 ) ) ;
#1692 = ORIENTED_EDGE ( 'NONE', *, *, #2208, .F. ) ;
#1693 = CARTESIAN_POINT ( 'NONE',  ( -7.268672888972880664, -14.41101144236201748, -5.348871227052886645 ) ) ;
#1694 = ORIENTED_EDGE ( 'NONE', *, *, #528, .T. ) ;
#1695 = DIRECTION ( 'NONE',  ( 0.3830222215594903945, 0.6427876096865434707, -0.6634139481689337314 ) ) ;
#1696 = EDGE_CURVE ( 'NONE', #1360, #3098, #712, .T. ) ;
#1697 = CARTESIAN_POINT ( 'NONE',  ( 4.448121814487249637, -16.50560323523510675, 5.997631219614413922 ) ) ;
#1698 = ORIENTED_EDGE ( 'NONE', *, *, #3951, .F. ) ;
#1699 = CARTESIAN_POINT ( 'NONE',  ( 8.016250584519987399, -14.05794848917658157, -5.224299260749840634 ) ) ;
#1700 = CARTESIAN_POINT ( 'NONE',  ( 5.154840035044593094, -12.28659826202548011, -8.928444845587270251 ) ) ;
#1701 = CARTESIAN_POINT ( 'NONE',  ( 0.1590920678694190959, -13.92952569698046084, -9.743870051016800815 ) ) ;
#1702 = LINE ( 'NONE', #4733, #4405 ) ;
#1703 = ADVANCED_FACE ( 'NONE', ( #969, #1876 ), #4767, .F. ) ;
#1704 = DIRECTION ( 'NONE',  ( 0.3535533905932689014, 0.7071067811865460184, 0.6123724356957992443 ) ) ;
#1705 = ORIENTED_EDGE ( 'NONE', *, *, #4473, .T. ) ;
#1706 = CIRCLE ( 'NONE', #132, 6.500000000000001776 ) ;
#1707 = CARTESIAN_POINT ( 'NONE',  ( 3.858549542157621914, -16.23846107604305899, -5.987349805004356540 ) ) ;
#1708 = CARTESIAN_POINT ( 'NONE',  ( -8.350602227090632823, -17.73047933876237536, 3.452953415359038609E-16 ) ) ;
#1709 = ORIENTED_EDGE ( 'NONE', *, *, #908, .T. ) ;
#1710 = CARTESIAN_POINT ( 'NONE',  ( 7.217263169625385721, -9.775680540115223138, -12.83988656621806790 ) ) ;
#1711 = CARTESIAN_POINT ( 'NONE',  ( -16.54257813822137635, -9.722880264961416330, -1.000084755878984710 ) ) ;
#1712 = CYLINDRICAL_SURFACE ( 'NONE', #1758, 1.000000000000001776 ) ;
#1713 = ORIENTED_EDGE ( 'NONE', *, *, #4672, .F. ) ;
#1714 = LINE ( 'NONE', #1332, #1992 ) ;
#1715 = CARTESIAN_POINT ( 'NONE',  ( 1.799321115121290671, -10.21341757197224887, -13.47762279253863049 ) ) ;
#1716 = EDGE_CURVE ( 'NONE', #5107, #1598, #4659, .T. ) ;
#1717 = CARTESIAN_POINT ( 'NONE',  ( 4.115814760181572218, -17.75056610580252325, -5.139946230267705474 ) ) ;
#1718 = ADVANCED_FACE ( 'NONE', ( #3543 ), #1073, .F. ) ;
#1719 = DIRECTION ( 'NONE',  ( -0.3213938048432741779, 0.7660444431189746828, 0.5566703992264213641 ) ) ;
#1720 = ORIENTED_EDGE ( 'NONE', *, *, #3868, .T. ) ;
#1721 = ORIENTED_EDGE ( 'NONE', *, *, #5409, .F. ) ;
#1722 = CARTESIAN_POINT ( 'NONE',  ( -5.915960343039083469, -17.16257186705424687, -0.1306304079833652543 ) ) ;
#1723 = AXIS2_PLACEMENT_3D ( 'NONE', #2993, #4661, #3023 ) ;
#1724 = DIRECTION ( 'NONE',  ( 0.6517473912071850561, 0.000000000000000000, 0.7584361133639592190 ) ) ;
#1725 = AXIS2_PLACEMENT_3D ( 'NONE', #993, #4849, #3592 ) ;
#1726 = FACE_OUTER_BOUND ( 'NONE', #5036, .T. ) ;
#1727 = CARTESIAN_POINT ( 'NONE',  ( -8.583668806660606165, -14.00780457463750395, 4.370588154508100232 ) ) ;
#1728 = CARTESIAN_POINT ( 'NONE',  ( -0.9697278007426961555, -14.00801007672460052, -9.583523561278045833 ) ) ;
#1729 = DIRECTION ( 'NONE',  ( 0.3830222215594811241, 0.6427876096865433597, 0.6634139481689389495 ) ) ;
#1730 = CARTESIAN_POINT ( 'NONE',  ( 11.15108218651797323, -10.05828785184645646, 7.969821228063002749 ) ) ;
#1731 = AXIS2_PLACEMENT_3D ( 'NONE', #5284, #3229, #4922 ) ;
#1732 = ORIENTED_EDGE ( 'NONE', *, *, #3299, .T. ) ;
#1733 = EDGE_CURVE ( 'NONE', #1943, #507, #77, .T. ) ;
#1734 = LINE ( 'NONE', #449, #5280 ) ;
#1735 = CIRCLE ( 'NONE', #2618, 16.82563641638337870 ) ;
#1736 = CARTESIAN_POINT ( 'NONE',  ( 1.981827560451058678, -10.57932544575036360, 13.77010752796344839 ) ) ;
#1737 = VERTEX_POINT ( 'NONE', #2205 ) ;
#1738 = CARTESIAN_POINT ( 'NONE',  ( 0.9284300462807372201, -17.71751119999077062, 11.35488235624091047 ) ) ;
#1739 = DIRECTION ( 'NONE',  ( -0.8660254037844363761, -2.126200446592103470E-17, -0.5000000000000039968 ) ) ;
#1740 = CARTESIAN_POINT ( 'NONE',  ( -0.01248767518891458206, -13.88939182692059227, 9.804045602145450289 ) ) ;
#1741 = VECTOR ( 'NONE', #591, 1000.000000000000114 ) ;
#1742 = VERTEX_POINT ( 'NONE', #3128 ) ;
#1743 = DIRECTION ( 'NONE',  ( 0.000000000000000000, 0.000000000000000000, 1.000000000000000000 ) ) ;
#1744 = CARTESIAN_POINT ( 'NONE',  ( 3.164995844835565730, -18.60184161658763102, -6.422296959632929791 ) ) ;
#1745 = CARTESIAN_POINT ( 'NONE',  ( 2.051332086023710755, -10.36900817142933384, -13.32494260179139189 ) ) ;
#1746 = AXIS2_PLACEMENT_3D ( 'NONE', #4443, #573, #2247 ) ;
#1747 = B_SPLINE_CURVE_WITH_KNOTS ( 'NONE', 3,
 ( #1272, #2964, #5082, #1252, #866, #2574, #5111, #2546, #4268, #399, #428, #1717, #459, #2136, #837, #4635, #5059, #3824 ),
 .UNSPECIFIED., .F., .F.,
 ( 4, 2, 2, 2, 2, 2, 2, 2, 4 ),
 ( 0.003131333708274604364, 0.003522665874381565761, 0.003913998040488526724, 0.004305330206595489421, 0.004696662372702452987, 0.005087994538809415684, 0.005479326704916378382, 0.005870658871023341947, 0.006261991037130304645 ),
 .UNSPECIFIED. ) ;
#1748 = CIRCLE ( 'NONE', #521, 0.4999999999999995004 ) ;
#1749 = CARTESIAN_POINT ( 'NONE',  ( -12.43818661037992968, -10.12845336496053683, -5.631570690838190174 ) ) ;
#1750 = ORIENTED_EDGE ( 'NONE', *, *, #1082, .T. ) ;
#1751 = ORIENTED_EDGE ( 'NONE', *, *, #4840, .F. ) ;
#1752 = EDGE_CURVE ( 'NONE', #275, #206, #5370, .T. ) ;
#1753 = DIRECTION ( 'NONE',  ( 0.6427876096865433597, 0.7660444431189745718, 0.000000000000000000 ) ) ;
#1754 = VECTOR ( 'NONE', #4412, 1000.000000000000000 ) ;
#1755 = CARTESIAN_POINT ( 'NONE',  ( 7.575148602646698315, -29.78836369688409746, -6.018531076210124357E-33 ) ) ;
#1756 = EDGE_CURVE ( 'NONE', #527, #4700, #1405, .T. ) ;
#1757 = B_SPLINE_CURVE_WITH_KNOTS ( 'NONE', 3,
 ( #4281, #2611, #3008, #5095 ),
 .UNSPECIFIED., .F., .F.,
 ( 4, 4 ),
 ( 0.000000000000000000, 8.156158518023783098E-05 ),
 .UNSPECIFIED. ) ;
#1758 = AXIS2_PLACEMENT_3D ( 'NONE', #3460, #98, #4263 ) ;
#1759 = ORIENTED_EDGE ( 'NONE', *, *, #4104, .T. ) ;
#1760 = DIRECTION ( 'NONE',  ( 0.6427876096865434707, 0.7660444431189746828, -0.000000000000000000 ) ) ;
#1761 = CARTESIAN_POINT ( 'NONE',  ( -14.72547143890729160, -9.770514355658988848, 1.391045765830523377E-22 ) ) ;
#1762 = B_SPLINE_CURVE_WITH_KNOTS ( 'NONE', 3,
 ( #3395, #384, #1673, #2976, #1619, #30, #1644, #4220, #5011, #4617, #903, #2526, #438, #4593, #1257, #2088, #5092, #2061 ),
 .UNSPECIFIED., .F., .F.,
 ( 4, 2, 2, 2, 2, 2, 2, 2, 4 ),
 ( 0.003134371591889381636, 0.003526066821693071666, 0.003917762051496761697, 0.004309457281300450859, 0.004701152511104140889, 0.005092847740907830920, 0.005484542970711516613, 0.005876238200515203174, 0.006267933430318889734 ),
 .UNSPECIFIED. ) ;
#1763 = CARTESIAN_POINT ( 'NONE',  ( -0.8733632863922428102, -14.63011237418230515, -9.222173692966805447 ) ) ;
#1764 = DIRECTION ( 'NONE',  ( 0.8660254037844432595, -2.126200446592104087E-17, -0.4999999999999919509 ) ) ;
#1765 = CARTESIAN_POINT ( 'NONE',  ( 10.96611733007737044, -10.53941718371063985, 8.579155541026528553 ) ) ;
#1766 = AXIS2_PLACEMENT_3D ( 'NONE', #3392, #5090, #465 ) ;
#1767 = VERTEX_POINT ( 'NONE', #3158 ) ;
#1768 = PRODUCT_DEFINITION_FORMATION_WITH_SPECIFIED_SOURCE ( 'ä»', '', #4040, .NOT_KNOWN. ) ;
#1769 = CARTESIAN_POINT ( 'NONE',  ( 0.5827010917443530280, -14.29007807950647369, 9.361968349647819210 ) ) ;
#1770 = CARTESIAN_POINT ( 'NONE',  ( -8.350602227090638152, -17.73047933876237536, -0.1324701897823200858 ) ) ;
#1771 = ORIENTED_EDGE ( 'NONE', *, *, #47, .T. ) ;
#1772 = CARTESIAN_POINT ( 'NONE',  ( 7.112123482655889006, -9.803831651072993481, -12.91817665547989691 ) ) ;
#1773 = CARTESIAN_POINT ( 'NONE',  ( -8.583668806660606165, -14.00780457463750395, -4.370588154508100232 ) ) ;
#1774 = LINE ( 'NONE', #503, #4591 ) ;
#1775 = ADVANCED_FACE ( 'NONE', ( #4344 ), #556, .F. ) ;
#1776 = ORIENTED_EDGE ( 'NONE', *, *, #3026, .T. ) ;
#1777 = EDGE_LOOP ( 'NONE', ( #5122, #3072, #1793, #1061 ) ) ;
#1778 = CARTESIAN_POINT ( 'NONE',  ( -10.07440197138570959, -17.90499091948268173, -5.279513603438185321 ) ) ;
#1779 = CARTESIAN_POINT ( 'NONE',  ( 1.848694887027460654, -10.76746510325195594, -13.02606524617411132 ) ) ;
#1780 = ORIENTED_EDGE ( 'NONE', *, *, #2460, .T. ) ;
#1781 = ORIENTED_EDGE ( 'NONE', *, *, #2187, .F. ) ;
#1782 = CARTESIAN_POINT ( 'NONE',  ( -6.446767185734565864, -17.68127924964823094, -0.9740899459215919265 ) ) ;
#1783 = PLANE ( 'NONE',  #2999 ) ;
#1784 = DIRECTION ( 'NONE',  ( 0.000000000000000000, 0.7181832268395610397, 0.6958540455342021591 ) ) ;
#1785 = CARTESIAN_POINT ( 'NONE',  ( -8.029370942228593933, -14.23620314725358682, 4.710950599990996857 ) ) ;
#1786 = DIRECTION ( 'NONE',  ( -0.7660444431189745718, 0.6427876096865435818, -0.000000000000000000 ) ) ;
#1787 = DIRECTION ( 'NONE',  ( -0.6427876096865433597, -0.7660444431189745718, 0.000000000000000000 ) ) ;
#1788 = EDGE_CURVE ( 'NONE', #1381, #3753, #5278, .T. ) ;
#1789 = CARTESIAN_POINT ( 'NONE',  ( -7.695380906303953772, -14.19900545693883664, -5.322393786236307101 ) ) ;
#1790 = ORIENTED_EDGE ( 'NONE', *, *, #794, .T. ) ;
#1791 = DIRECTION ( 'NONE',  ( 0.3830222215594904500, 0.6427876096865433597, -0.6634139481689337314 ) ) ;
#1792 = CARTESIAN_POINT ( 'NONE',  ( 2.049981327957253185, -10.36843063750110971, 13.32557363185586752 ) ) ;
#1793 = ORIENTED_EDGE ( 'NONE', *, *, #2306, .T. ) ;
#1794 = DIRECTION ( 'NONE',  ( -0.3213938048432665728, 0.7660444431189744607, 0.5566703992264259160 ) ) ;
#1795 = CARTESIAN_POINT ( 'NONE',  ( -17.06454123930255662, -10.25325553429456704, -0.5042401978403608931 ) ) ;
#1796 = DIRECTION ( 'NONE',  ( -0.3830222215594810686, -0.6427876096865436928, 0.6634139481689388385 ) ) ;
#1797 = ORIENTED_EDGE ( 'NONE', *, *, #2378, .T. ) ;
#1798 = ORIENTED_EDGE ( 'NONE', *, *, #3285, .T. ) ;
#1799 = DIRECTION ( 'NONE',  ( -0.8162847207936032579, -0.5220932199171706145, -0.2471799431900376931 ) ) ;
#1800 = CARTESIAN_POINT ( 'NONE',  ( 10.02939295137710296, -10.98124759220028146, -9.371418160858198121 ) ) ;
#1801 = CARTESIAN_POINT ( 'NONE',  ( -13.00386361616511977, -9.598615005324042215, -5.279513603438185321 ) ) ;
#1802 = EDGE_CURVE ( 'NONE', #3215, #3591, #4116, .T. ) ;
#1803 = VERTEX_POINT ( 'NONE', #2255 ) ;
#1804 = ORIENTED_EDGE ( 'NONE', *, *, #4392, .F. ) ;
#1805 = CARTESIAN_POINT ( 'NONE',  ( 2.388106660785430435, -10.87013461414666793, 12.85059869540251754 ) ) ;
#1806 = FACE_OUTER_BOUND ( 'NONE', #2596, .T. ) ;
#1807 = EDGE_LOOP ( 'NONE', ( #561, #4783, #2398, #2032 ) ) ;
#1808 = VECTOR ( 'NONE', #2631, 1000.000000000000114 ) ;
#1809 = CARTESIAN_POINT ( 'NONE',  ( -8.385491779179815808, -14.66061143408786371, 4.873397172404479782 ) ) ;
#1810 = FACE_OUTER_BOUND ( 'NONE', #3501, .T. ) ;
#1811 = CARTESIAN_POINT ( 'NONE',  ( -4.360630338481587209, -8.721260676963277447, -7.552833299276541901 ) ) ;
#1812 = DIRECTION ( 'NONE',  ( 0.000000000000000000, -0.7181832268395611507, -0.6958540455342020481 ) ) ;
#1813 = ORIENTED_EDGE ( 'NONE', *, *, #3312, .F. ) ;
#1814 = EDGE_CURVE ( 'NONE', #5411, #2254, #1639, .T. ) ;
#1815 = CARTESIAN_POINT ( 'NONE',  ( 0.7493099111371372967, -14.70993503651597756, 9.323476157643117546 ) ) ;
#1816 = DIRECTION ( 'NONE',  ( 0.3309512457171300270, 2.428612866367530879E-14, -0.9436478543176367584 ) ) ;
#1817 = VERTEX_POINT ( 'NONE', #4005 ) ;
#1818 = DIRECTION ( 'NONE',  ( 0.3830222215594811241, 0.6427876096865435818, 0.6634139481689389495 ) ) ;
#1819 = CARTESIAN_POINT ( 'NONE',  ( 7.777162627244851301, -10.09584543062334916, -15.02076406900806482 ) ) ;
#1820 = AXIS2_PLACEMENT_3D ( 'NONE', #2129, #15, #394 ) ;
#1821 = LINE ( 'NONE', #941, #2022 ) ;
#1822 = EDGE_CURVE ( 'NONE', #3142, #1310, #4565, .T. ) ;
#1823 = ADVANCED_FACE ( 'NONE', ( #1902 ), #2876, .F. ) ;
#1824 = CIRCLE ( 'NONE', #2523, 6.799999999999999822 ) ;
#1825 = ORIENTED_EDGE ( 'NONE', *, *, #3718, .F. ) ;
#1826 = VECTOR ( 'NONE', #790, 1000.000000000000000 ) ;
#1827 = VERTEX_POINT ( 'NONE', #1487 ) ;
#1828 = CARTESIAN_POINT ( 'NONE',  ( 2.905795964851662028, -14.70460469521733415, 5.032986247551650472 ) ) ;
#1829 = CARTESIAN_POINT ( 'NONE',  ( -8.517985029289608434, -13.92952569698046084, 4.734157253192921466 ) ) ;
#1830 = AXIS2_PLACEMENT_3D ( 'NONE', #3541, #639, #1403 ) ;
#1831 = AXIS2_PLACEMENT_3D ( 'NONE', #2070, #2873, #779 ) ;
#1832 = ORIENTED_EDGE ( 'NONE', *, *, #4307, .F. ) ;
#1833 = ORIENTED_EDGE ( 'NONE', *, *, #4014, .F. ) ;
#1834 = CARTESIAN_POINT ( 'NONE',  ( -12.96561984901655684, -10.25256981478065299, 5.356218358199862806 ) ) ;
#1835 = CARTESIAN_POINT ( 'NONE',  ( 8.352613329558561617, -14.67402730464607075, -3.796824287979348789 ) ) ;
#1836 = AXIS2_PLACEMENT_3D ( 'NONE', #3316, #3727, #1206 ) ;
#1837 = EDGE_CURVE ( 'NONE', #5167, #5050, #417, .T. ) ;
#1838 = DIRECTION ( 'NONE',  ( -0.3309512457171109867, 0.000000000000000000, -0.9436478543176434197 ) ) ;
#1839 = ORIENTED_EDGE ( 'NONE', *, *, #1345, .T. ) ;
#1840 = CIRCLE ( 'NONE', #3959, 0.9000000000000000222 ) ;
#1841 = DIRECTION ( 'NONE',  ( 0.3535533905932774501, 0.7071067811865459074, -0.6123724356957943593 ) ) ;
#1842 = CARTESIAN_POINT ( 'NONE',  ( 8.358892961420187007, -13.92952569698046261, 5.009712797823952179 ) ) ;
#1843 = CARTESIAN_POINT ( 'NONE',  ( 10.77340351504433791, -10.76275346921100073, 8.730162584033923423 ) ) ;
#1844 = AXIS2_PLACEMENT_3D ( 'NONE', #3486, #2155, #4320 ) ;
#1845 = CARTESIAN_POINT ( 'NONE',  ( 7.196395650310658532, -11.06841456615418728, 14.01634397206480287 ) ) ;
#1846 = CARTESIAN_POINT ( 'NONE',  ( 2.078882354133440025, -11.12527958081186874, 13.34752420512670135 ) ) ;
#1847 = ORIENTED_EDGE ( 'NONE', *, *, #728, .F. ) ;
#1848 = CARTESIAN_POINT ( 'NONE',  ( 0.6912642384730784961, -14.56914429392643484, 9.305179776883406362 ) ) ;
#1849 = DIRECTION ( 'NONE',  ( 0.6427876096865434707, 0.7660444431189746828, 0.000000000000000000 ) ) ;
#1850 = VERTEX_POINT ( 'NONE', #256 ) ;
#1851 = CARTESIAN_POINT ( 'NONE',  ( -5.811591929703276094, -14.70460469521733415, 0.000000000000000000 ) ) ;
#1852 = CARTESIAN_POINT ( 'NONE',  ( -0.1270123256205825391, -14.20360431608447982, 9.356727347734610234 ) ) ;
#1853 = AXIS2_PLACEMENT_3D ( 'NONE', #5424, #4085, #764 ) ;
#1854 = CARTESIAN_POINT ( 'NONE',  ( 11.34628169048484558, -9.483167966019410144, 8.388455004033799511 ) ) ;
#1855 = ORIENTED_EDGE ( 'NONE', *, *, #1964, .F. ) ;
#1856 = ORIENTED_EDGE ( 'NONE', *, *, #1316, .T. ) ;
#1857 = DIRECTION ( 'NONE',  ( 0.3213938048432742334, -0.7660444431189746828, -0.5566703992264213641 ) ) ;
#1858 = DIRECTION ( 'NONE',  ( -0.6427876096865435818, -0.7660444431189745718, 0.000000000000000000 ) ) ;
#1859 = EDGE_CURVE ( 'NONE', #1034, #3582, #5459, .T. ) ;
#1860 = ORIENTED_EDGE ( 'NONE', *, *, #112, .F. ) ;
#1861 = DIRECTION ( 'NONE',  ( -2.891205793294687300E-15, -0.6546536707079765316, -0.7559289460184548393 ) ) ;
#1862 = ORIENTED_EDGE ( 'NONE', *, *, #478, .F. ) ;
#1863 = DIRECTION ( 'NONE',  ( -0.3213938048432742334, 0.7660444431189746828, 0.5566703992264213641 ) ) ;
#1864 = CARTESIAN_POINT ( 'NONE',  ( 8.496162314251119341, -13.88957636574216714, -4.891753023484612051 ) ) ;
#1865 = ORIENTED_EDGE ( 'NONE', *, *, #2294, .T. ) ;
#1866 = ADVANCED_FACE ( 'NONE', ( #3702, #1098, #4032 ), #5346, .T. ) ;
#1867 = CARTESIAN_POINT ( 'NONE',  ( -7.688840828950693762, -14.20390291265349347, 5.317965437334483347 ) ) ;
#1868 = CARTESIAN_POINT ( 'NONE',  ( 6.489493575772626421, -12.52846015032505989, 15.28495005514994887 ) ) ;
#1869 = CARTESIAN_POINT ( 'NONE',  ( 8.148868158081924662, -11.29902067568809976, -13.77804887322147387 ) ) ;
#1870 = CARTESIAN_POINT ( 'NONE',  ( -7.845353982791321457, -14.54898301465992638, -5.356218358199764218 ) ) ;
#1871 = ORIENTED_EDGE ( 'NONE', *, *, #1458, .T. ) ;
#1872 = CARTESIAN_POINT ( 'NONE',  ( 6.758440126054956920, -10.13281458912520883, 13.35110298429711051 ) ) ;
#1873 = CARTESIAN_POINT ( 'NONE',  ( 1.890903905621282410, -9.990345923561186225, -14.01943238555857540 ) ) ;
#1874 = EDGE_CURVE ( 'NONE', #5114, #51, #337, .T. ) ;
#1875 = EDGE_LOOP ( 'NONE', ( #4425, #5443, #4984, #184 ) ) ;
#1876 = FACE_BOUND ( 'NONE', #1401, .T. ) ;
#1877 = CARTESIAN_POINT ( 'NONE',  ( -1.309403625856861764, -14.28812789341432676, 9.119703406010717828 ) ) ;
#1878 = DIRECTION ( 'NONE',  ( -0.9469456279049861536, -0.2599958550922754630, 0.1889342031673149347 ) ) ;
#1879 = B_SPLINE_CURVE_WITH_KNOTS ( 'NONE', 3,
 ( #1120, #277, #2832, #2442, #3668, #3743, #5367, #382 ),
 .UNSPECIFIED., .F., .F.,
 ( 4, 2, 2, 4 ),
 ( 0.000000000000000000, 0.0003126155836174245983, 0.0006252311672348491965, 0.001250462334469698610 ),
 .UNSPECIFIED. ) ;
#1880 = ORIENTED_EDGE ( 'NONE', *, *, #4460, .F. ) ;
#1881 = ORIENTED_EDGE ( 'NONE', *, *, #3778, .T. ) ;
#1882 = CARTESIAN_POINT ( 'NONE',  ( 3.739766828974567137, -17.63404374839229760, 7.421150383522144622 ) ) ;
#1883 = CARTESIAN_POINT ( 'NONE',  ( 2.937015960338006160, -10.79550088975706501, 13.18709541403055141 ) ) ;
#1884 = CIRCLE ( 'NONE', #1174, 0.4999999999999998890 ) ;
#1885 = B_SPLINE_CURVE_WITH_KNOTS ( 'NONE', 3,
 ( #4199, #3458, #2537, #887, #475, #857, #1657, #2179, #5462, #2621, #3016, #2100, #3872, #5074, #4261, #2069, #2153, #3842 ),
 .UNSPECIFIED., .F., .F.,
 ( 4, 2, 2, 2, 2, 2, 2, 2, 4 ),
 ( 0.003131106510279252266, 0.003522398470975971266, 0.003913690431672689832, 0.004304982392369409265, 0.004696274353066127831, 0.005087566313762847264, 0.005478858274459565830, 0.005870150235156284396, 0.006261442195853003830 ),
 .UNSPECIFIED. ) ;
#1886 = ADVANCED_FACE ( 'NONE', ( #3292 ), #2789, .T. ) ;
#1887 = ORIENTED_EDGE ( 'NONE', *, *, #4407, .F. ) ;
#1888 = FACE_OUTER_BOUND ( 'NONE', #1117, .T. ) ;
#1889 = DIRECTION ( 'NONE',  ( 0.3213938048432742334, -0.7660444431189746828, -0.5566703992264213641 ) ) ;
#1890 = ORIENTED_EDGE ( 'NONE', *, *, #3270, .T. ) ;
#1891 = DIRECTION ( 'NONE',  ( 0.000000000000000000, 0.7181832268395595964, 0.6958540455342037134 ) ) ;
#1892 = CARTESIAN_POINT ( 'NONE',  ( 8.475270185687328706, -14.61947912733003463, -4.749678895020049474 ) ) ;
#1893 = ADVANCED_FACE ( 'NONE', ( #2369 ), #2974, .F. ) ;
#1894 = ORIENTED_EDGE ( 'NONE', *, *, #1837, .F. ) ;
#1895 = CARTESIAN_POINT ( 'NONE',  ( -15.27712048090208974, -13.53939173702823417, 3.999999999999998224 ) ) ;
#1896 = CARTESIAN_POINT ( 'NONE',  ( -15.27712048090208974, -13.53939173702823417, 3.999999999999998224 ) ) ;
#1897 = CARTESIAN_POINT ( 'NONE',  ( 0.000000000000000000, 0.000000000000000000, 0.000000000000000000 ) ) ;
#1898 = CARTESIAN_POINT ( 'NONE',  ( -5.825202145052513991, -12.63238479616716070, -8.955652660562702039 ) ) ;
#1899 = CARTESIAN_POINT ( 'NONE',  ( 5.154840035044468749, -8.465515521533834686, 14.18670755206339429 ) ) ;
#1900 = CARTESIAN_POINT ( 'NONE',  ( -0.9301968237873350365, -1.561055623524464364, 1.611148159838840854 ) ) ;
#1901 = ORIENTED_EDGE ( 'NONE', *, *, #3685, .T. ) ;
#1902 = FACE_OUTER_BOUND ( 'NONE', #5329, .T. ) ;
#1903 = DIRECTION ( 'NONE',  ( 0.3213938048432666283, -0.7660444431189745718, 0.5566703992264260270 ) ) ;
#1904 = DIRECTION ( 'NONE',  ( 0.000000000000000000, 0.7181832268395611507, 0.6958540455342021591 ) ) ;
#1905 = CIRCLE ( 'NONE', #5449, 5.000000000000001776 ) ;
#1906 = EDGE_CURVE ( 'NONE', #1072, #3142, #3106, .T. ) ;
#1907 = ORIENTED_EDGE ( 'NONE', *, *, #4502, .F. ) ;
#1908 = ORIENTED_EDGE ( 'NONE', *, *, #4237, .F. ) ;
#1909 = CARTESIAN_POINT ( 'NONE',  ( -8.460104309122565169, -13.97166927126947833, 4.732714313936694062 ) ) ;
#1910 = CARTESIAN_POINT ( 'NONE',  ( -5.986965007413933115, -12.95591052089000428, -9.235834156950458507 ) ) ;
#1911 = AXIS2_PLACEMENT_3D ( 'NONE', #3650, #2758, #2814 ) ;
#1912 = AXIS2_PLACEMENT_3D ( 'NONE', #4861, #520, #1526 ) ;
#1913 = ORIENTED_EDGE ( 'NONE', *, *, #1788, .F. ) ;
#1914 = CARTESIAN_POINT ( 'NONE',  ( 11.31009755794347882, -9.385828412306221225, -8.543296684801852336 ) ) ;
#1915 = CARTESIAN_POINT ( 'NONE',  ( -15.27712048090208974, -13.53939173702823417, -3.999999999999998224 ) ) ;
#1916 = AXIS2_PLACEMENT_3D ( 'NONE', #4222, #2496, #822 ) ;
#1917 = EDGE_LOOP ( 'NONE', ( #4461, #3876, #4916, #1038 ) ) ;
#1918 = CARTESIAN_POINT ( 'NONE',  ( -12.70654137129297290, -9.942378614991255859, 5.370137268300752886 ) ) ;
#1919 = CARTESIAN_POINT ( 'NONE',  ( 5.007558891186176808, -15.93299300283358022, -3.172394666960366649 ) ) ;
#1920 = AXIS2_PLACEMENT_3D ( 'NONE', #3250, #3989, #213 ) ;
#1921 = ORIENTED_EDGE ( 'NONE', *, *, #3493, .T. ) ;
#1922 = ADVANCED_FACE ( 'NONE', ( #2037 ), #4388, .F. ) ;
#1923 = DIRECTION ( 'NONE',  ( -0.3213938048432666283, 0.7660444431189745718, -0.5566703992264260270 ) ) ;
#1924 = DIRECTION ( 'NONE',  ( -0.3213938048432666283, 0.7660444431189745718, 0.5566703992264260270 ) ) ;
#1925 = CARTESIAN_POINT ( 'NONE',  ( 8.249493929558965988, -11.27928821070116605, -13.69121365026989068 ) ) ;
#1926 = EDGE_CURVE ( 'NONE', #1112, #4134, #1642, .T. ) ;
#1927 = CIRCLE ( 'NONE', #703, 16.82050807568877104 ) ;
#1928 = CARTESIAN_POINT ( 'NONE',  ( 2.298133329356928378, -1.928362829059633965, -6.018531076210122988E-33 ) ) ;
#1929 = CARTESIAN_POINT ( 'NONE',  ( 2.077938295902995058, -10.72189812287458643, -13.71090666461034679 ) ) ;
#1930 = ORIENTED_EDGE ( 'NONE', *, *, #4037, .T. ) ;
#1931 = DIRECTION ( 'NONE',  ( 1.000000000000000000, 0.000000000000000000, 0.000000000000000000 ) ) ;
#1932 = CARTESIAN_POINT ( 'NONE',  ( -0.02773986444371340232, -14.66061143408786194, 9.698747490197531462 ) ) ;
#1933 = DIRECTION ( 'NONE',  ( 0.000000000000000000, 0.000000000000000000, 1.000000000000000000 ) ) ;
#1934 = VECTOR ( 'NONE', #1158, 1000.000000000000000 ) ;
#1935 = ORIENTED_EDGE ( 'NONE', *, *, #2748, .F. ) ;
#1936 = APPLICATION_CONTEXT ( 'configuration controlled 3d designs of mechanical parts and assemblies' ) ;
#1937 = TOROIDAL_SURFACE ( 'NONE', #881, 7.000000000000000888, 0.5000000000000000000 ) ;
#1938 = VERTEX_POINT ( 'NONE', #4067 ) ;
#1939 = CARTESIAN_POINT ( 'NONE',  ( -8.350602227090639929, -17.73047933876237536, 0.1325044218160366938 ) ) ;
#1940 = DIRECTION ( 'NONE',  ( 0.000000000000000000, -0.7181832268395638152, 0.6958540455341993836 ) ) ;
#1941 = EDGE_CURVE ( 'NONE', #161, #3012, #4383, .T. ) ;
#1942 = LOCAL_TIME ( 11, 49, 24.00000000000000000, #795 ) ;
#1943 = VERTEX_POINT ( 'NONE', #3675 ) ;
#1944 = CARTESIAN_POINT ( 'NONE',  ( -1.149066664678470850, -1.928362829059629302, 1.990241844506800639 ) ) ;
#1945 = CARTESIAN_POINT ( 'NONE',  ( 2.367187679621518548, -10.88569332758853747, -12.84126564117192260 ) ) ;
#1946 = CARTESIAN_POINT ( 'NONE',  ( 10.81376947763151009, -10.16972054396952707, -8.295567017212585270 ) ) ;
#1947 = VERTEX_POINT ( 'NONE', #4449 ) ;
#1948 = CYLINDRICAL_SURFACE ( 'NONE', #435, 6.500000000000000888 ) ;
#1949 = CARTESIAN_POINT ( 'NONE',  ( 3.101189721101615060, -10.98124759220028146, -13.37141816085822832 ) ) ;
#1950 = DIRECTION ( 'NONE',  ( 0.6427876096865434707, 0.7660444431189746828, -0.000000000000000000 ) ) ;
#1951 = B_SPLINE_CURVE_WITH_KNOTS ( 'NONE', 3,
 ( #109, #2943, #4642, #2192, #2521, #2607, #4249, #5148, #27, #84, #3366, #4304, #1363, #1697, #3059, #4755, #2639, #1280 ),
 .UNSPECIFIED., .F., .F.,
 ( 4, 2, 2, 2, 2, 2, 2, 2, 4 ),
 ( 8.673617379884035472E-19, 0.0003918454748440075791, 0.0007836909496880142909, 0.001175536424532021111, 0.001567381899376027714, 0.001959227374220034318, 0.002351072849064041355, 0.002742918323908047958, 0.003134763798752054562 ),
 .UNSPECIFIED. ) ;
#1952 = DIRECTION ( 'NONE',  ( -0.7660444431189746828, 0.6427876096865432487, 0.000000000000000000 ) ) ;
#1953 = CARTESIAN_POINT ( 'NONE',  ( -14.78835414580597529, -9.882768457166017484, -0.5039552269131555295 ) ) ;
#1954 = PERSON_AND_ORGANIZATION_ROLE ( 'creator' ) ;
#1955 = CARTESIAN_POINT ( 'NONE',  ( -12.23877232443892105, -10.80741444993153344, -4.734157253192920578 ) ) ;
#1956 = CARTESIAN_POINT ( 'NONE',  ( 7.429753767865602043, -11.18775752619225194, 14.03693518254640260 ) ) ;
#1957 = DIRECTION ( 'NONE',  ( -0.6427876096865433597, -0.7660444431189745718, 0.000000000000000000 ) ) ;
#1958 = DIRECTION ( 'NONE',  ( 0.7660444431189746828, -0.6427876096865434707, -2.006177025403370566E-33 ) ) ;
#1959 = DIRECTION ( 'NONE',  ( 0.7660444431189743497, -0.6427876096865436928, 0.000000000000000000 ) ) ;
#1960 = EDGE_CURVE ( 'NONE', #5309, #4314, #3031, .T. ) ;
#1961 = ORIENTED_EDGE ( 'NONE', *, *, #3617, .F. ) ;
#1962 = LINE ( 'NONE', #720, #3334 ) ;
#1963 = FACE_OUTER_BOUND ( 'NONE', #776, .T. ) ;
#1964 = EDGE_CURVE ( 'NONE', #4134, #3925, #1962, .T. ) ;
#1965 = ORIENTED_EDGE ( 'NONE', *, *, #4291, .T. ) ;
#1966 = ORIENTED_EDGE ( 'NONE', *, *, #1093, .F. ) ;
#1967 = CARTESIAN_POINT ( 'NONE',  ( -7.950002491670016269, -17.10460225339638995, 0.9735302608445910444 ) ) ;
#1968 = CARTESIAN_POINT ( 'NONE',  ( 4.026574963067962365, -18.56914491367540165, 5.901063447223213743 ) ) ;
#1969 = VERTEX_POINT ( 'NONE', #4090 ) ;
#1970 = CARTESIAN_POINT ( 'NONE',  ( 3.609585597197109585, -13.21799793218496255, 15.99877999342348645 ) ) ;
#1971 = DIRECTION ( 'NONE',  ( 0.000000000000000000, 0.5878588831525614067, 0.8089634933040077414 ) ) ;
#1972 = CARTESIAN_POINT ( 'NONE',  ( -13.08663654534262299, -9.990345923561195107, 5.372145374396110284 ) ) ;
#1973 = CARTESIAN_POINT ( 'NONE',  ( 10.85879389370000681, -10.67135119601355875, -8.656706641388991486 ) ) ;
#1974 = DIRECTION ( 'NONE',  ( 0.3830222215594811241, 0.6427876096865435818, 0.6634139481689389495 ) ) ;
#1975 = AXIS2_PLACEMENT_3D ( 'NONE', #4053, #1950, #299 ) ;
#1976 = CARTESIAN_POINT ( 'NONE',  ( 3.282943155586542705, -17.20444328939323242, -4.990370298302121199 ) ) ;
#1977 = DIRECTION ( 'NONE',  ( -0.3830222215594903945, -0.6427876096865436928, -0.6634139481689336204 ) ) ;
#1978 = DIRECTION ( 'NONE',  ( 2.602085213965213166E-14, 0.5878588831525691782, 0.8089634933040019682 ) ) ;
#1979 = FACE_OUTER_BOUND ( 'NONE', #4766, .T. ) ;
#1980 = DIRECTION ( 'NONE',  ( 0.000000000000000000, -0.6546536707079807504, 0.7559289460184512865 ) ) ;
#1981 = DIRECTION ( 'NONE',  ( -0.6427876096865433597, -0.7660444431189746828, 4.174438572590587961E-14 ) ) ;
#1982 = CYLINDRICAL_SURFACE ( 'NONE', #5464, 1.500000000000000000 ) ;
#1983 = ORIENTED_EDGE ( 'NONE', *, *, #210, .T. ) ;
#1984 = DIRECTION ( 'NONE',  ( 0.3213938048432666283, -0.7660444431189745718, 0.5566703992264260270 ) ) ;
#1985 = CARTESIAN_POINT ( 'NONE',  ( -12.97898715154515870, -15.46775456608786747, 0.000000000000000000 ) ) ;
#1986 = LINE ( 'NONE', #2094, #5395 ) ;
#1987 = VERTEX_POINT ( 'NONE', #5374 ) ;
#1988 = ORIENTED_EDGE ( 'NONE', *, *, #4362, .F. ) ;
#1989 = ADVANCED_FACE ( 'NONE', ( #3265 ), #4165, .F. ) ;
#1990 = CARTESIAN_POINT ( 'NONE',  ( 8.125110128950758792, -10.08051913228101348, 12.52317724506282737 ) ) ;
#1991 = CARTESIAN_POINT ( 'NONE',  ( 7.679487290841438885, -11.26253261837828568, -13.99711620935090473 ) ) ;
#1992 = VECTOR ( 'NONE', #5140, 999.9999999999998863 ) ;
#1993 = EDGE_CURVE ( 'NONE', #3352, #594, #1292, .T. ) ;
#1994 = ADVANCED_FACE ( 'NONE', ( #2923 ), #2705, .F. ) ;
#1995 = VECTOR ( 'NONE', #1351, 1000.000000000000114 ) ;
#1996 = ORIENTED_EDGE ( 'NONE', *, *, #1633, .F. ) ;
#1997 = CYLINDRICAL_SURFACE ( 'NONE', #3058, 0.4999999999999988343 ) ;
#1998 = CARTESIAN_POINT ( 'NONE',  ( 0.000000000000000000, 0.000000000000000000, 0.000000000000000000 ) ) ;
#1999 = CARTESIAN_POINT ( 'NONE',  ( -12.98175843789367256, -10.80388577596859889, 4.873397172404478006 ) ) ;
#2000 = AXIS2_PLACEMENT_3D ( 'NONE', #3210, #365, #4930 ) ;
#2001 = CARTESIAN_POINT ( 'NONE',  ( 0.1590920678692820944, -13.92952569698046084, 9.743870051016799039 ) ) ;
#2002 = TOROIDAL_SURFACE ( 'NONE', #950, 7.000000000000000888, 0.5000000000000000000 ) ;
#2003 = ORIENTED_EDGE ( 'NONE', *, *, #3285, .F. ) ;
#2004 = CARTESIAN_POINT ( 'NONE',  ( 10.71136497298040702, -10.80388577596859534, -8.805834006806621872 ) ) ;
#2005 = ADVANCED_FACE ( 'NONE', ( #5452 ), #2804, .F. ) ;
#2006 = CALENDAR_DATE ( 2026, 18, 2 ) ;
#2007 = CARTESIAN_POINT ( 'NONE',  ( -12.30445610180991700, -10.88569332758857477, 4.370588154508100232 ) ) ;
#2008 = AXIS2_PLACEMENT_3D ( 'NONE', #2367, #2392, #4087 ) ;
#2009 = DIRECTION ( 'NONE',  ( -0.7660444431189753489, 0.6427876096865425826, 3.469446951953611033E-15 ) ) ;
#2010 = CARTESIAN_POINT ( 'NONE',  ( -9.641814145298148730, -11.49066664678461613, 0.000000000000000000 ) ) ;
#2011 = ORIENTED_EDGE ( 'NONE', *, *, #3152, .T. ) ;
#2012 = DIRECTION ( 'NONE',  ( 0.000000000000000000, 0.000000000000000000, -1.000000000000000000 ) ) ;
#2013 = CARTESIAN_POINT ( 'NONE',  ( 11.65040429010521628, -11.65040429010518963, 0.000000000000000000 ) ) ;
#2014 = CARTESIAN_POINT ( 'NONE',  ( -8.188632015109167384, -13.89229879141994672, -5.383753886065827388 ) ) ;
#2015 = AXIS2_PLACEMENT_3D ( 'NONE', #1985, #2450, #771 ) ;
#2016 = ORIENTED_EDGE ( 'NONE', *, *, #4530, .F. ) ;
#2017 = LINE ( 'NONE', #724, #448 ) ;
#2018 = ORIENTED_EDGE ( 'NONE', *, *, #1273, .T. ) ;
#2019 = DIRECTION ( 'NONE',  ( 0.3213938048432742889, -0.7660444431189744607, 0.5566703992264214751 ) ) ;
#2020 = CARTESIAN_POINT ( 'NONE',  ( -16.54228258256085837, -9.722495597689592373, 0.9999508405518345855 ) ) ;
#2021 = AXIS2_PLACEMENT_3D ( 'NONE', #1423, #4470, #1508 ) ;
#2022 = VECTOR ( 'NONE', #1378, 999.9999999999998863 ) ;
#2023 = ORIENTED_EDGE ( 'NONE', *, *, #4674, .T. ) ;
#2024 = FACE_BOUND ( 'NONE', #2869, .T. ) ;
#2025 = CARTESIAN_POINT ( 'NONE',  ( 1.119941157060476700, -17.39611739514749900, 11.68658933032537739 ) ) ;
#2026 = ADVANCED_FACE ( 'NONE', ( #1675 ), #332, .F. ) ;
#2027 = AXIS2_PLACEMENT_3D ( 'NONE', #4217, #3830, #3030 ) ;
#2028 = CARTESIAN_POINT ( 'NONE',  ( -7.201535562412170854, -18.69466075329219379, 1.123929138272790882E-15 ) ) ;
#2029 = AXIS2_PLACEMENT_3D ( 'NONE', #2843, #3242, #2067 ) ;
#2030 = EDGE_LOOP ( 'NONE', ( #5345, #4993, #4322, #4824 ) ) ;
#2031 = CARTESIAN_POINT ( 'NONE',  ( 2.712915185892635694, -17.18714879062004286, -5.297426111462291587 ) ) ;
#2032 = ORIENTED_EDGE ( 'NONE', *, *, #3520, .F. ) ;
#2033 = DIRECTION ( 'NONE',  ( -0.7660444431189746828, 0.6427876096865434707, 2.006177025403370908E-33 ) ) ;
#2034 = DIRECTION ( 'NONE',  ( 0.7071067811865485719, -0.7071067811865465735, 0.000000000000000000 ) ) ;
#2035 = CARTESIAN_POINT ( 'NONE',  ( 1.342030523656217778, -10.12863313450566594, 13.58743479646694219 ) ) ;
#2036 = CARTESIAN_POINT ( 'NONE',  ( 0.000000000000000000, -16.81517172080023670, 0.000000000000000000 ) ) ;
#2037 = FACE_OUTER_BOUND ( 'NONE', #4331, .T. ) ;
#2038 = FACE_OUTER_BOUND ( 'NONE', #4228, .T. ) ;
#2039 = B_SPLINE_CURVE_WITH_KNOTS ( 'NONE', 3,
 ( #4545, #1629, #3326, #5383, #2046, #5027, #4200, #2483, #2957, #752 ),
 .UNSPECIFIED., .F., .F.,
 ( 4, 2, 2, 2, 4 ),
 ( 0.000000000000000000, 0.0005511528013485321930, 0.001102305602697064386, 0.001653458404045596471, 0.002204611205394128772 ),
 .UNSPECIFIED. ) ;
#2040 = CARTESIAN_POINT ( 'NONE',  ( 10.21928660899481223, -10.80741444993152811, 8.232009117501664974 ) ) ;
#2041 = ORIENTED_EDGE ( 'NONE', *, *, #2208, .T. ) ;
#2042 = EDGE_CURVE ( 'NONE', #1947, #4746, #1201, .T. ) ;
#2043 = DIRECTION ( 'NONE',  ( 0.000000000000000000, -0.7181832268395611507, -0.6958540455342020481 ) ) ;
#2044 = VERTEX_POINT ( 'NONE', #2666 ) ;
#2045 = CARTESIAN_POINT ( 'NONE',  ( 8.358892961420259837, -13.92952569698046084, -5.009712797823836716 ) ) ;
#2046 = CARTESIAN_POINT ( 'NONE',  ( -12.47795393581463408, -10.05775780106109529, 5.672386223599547250 ) ) ;
#2047 = EDGE_LOOP ( 'NONE', ( #3199, #3408, #4876, #2452 ) ) ;
#2048 = CYLINDRICAL_SURFACE ( 'NONE', #757, 6.500000000000000000 ) ;
#2049 = CARTESIAN_POINT ( 'NONE',  ( 8.434683368158237826, -14.24320236533359996, 3.888811060461203173 ) ) ;
#2050 = DIRECTION ( 'NONE',  ( -0.6222064705053633737, 0.5220932199171731680, -0.5833333333333323711 ) ) ;
#2051 = ADVANCED_FACE ( 'NONE', ( #3560 ), #3533, .F. ) ;
#2052 = LINE ( 'NONE', #1307, #3305 ) ;
#2053 = CARTESIAN_POINT ( 'NONE',  ( -12.20355561664201360, -10.68844278357939714, -5.085689036456102485 ) ) ;
#2054 = CYLINDRICAL_SURFACE ( 'NONE', #3121, 1.499999999999999556 ) ;
#2055 = ORIENTED_EDGE ( 'NONE', *, *, #3480, .T. ) ;
#2056 = ADVANCED_FACE ( 'NONE', ( #3094 ), #2614, .F. ) ;
#2057 = CARTESIAN_POINT ( 'NONE',  ( -16.01104665828037810, -11.30260324189694110, -1.252029310535766007E-15 ) ) ;
#2058 = CARTESIAN_POINT ( 'NONE',  ( 5.154840035044593094, -12.28659826202548011, -8.928444845587270251 ) ) ;
#2059 = ADVANCED_FACE ( 'NONE', ( #2693 ), #586, .F. ) ;
#2060 = B_SPLINE_CURVE_WITH_KNOTS ( 'NONE', 3,
 ( #3478, #5260, #3507, #1450, #1370, #4790, #3894, #3154, #4844, #964, #1043, #3942, #2727, #3916, #551, #2646, #4422, #4339 ),
 .UNSPECIFIED., .F., .F.,
 ( 4, 2, 2, 2, 2, 2, 2, 2, 4 ),
 ( 1.734723475976807094E-18, 0.0003917675419851551657, 0.0007835350839703085967, 0.001175302625955461974, 0.001567070167940615459, 0.001958837709925768944, 0.002350605251910922212, 0.002742372793896075914, 0.003134140335881229183 ),
 .UNSPECIFIED. ) ;
#2061 = CARTESIAN_POINT ( 'NONE',  ( -16.01104665828037810, -11.30260324189694110, -1.252029310535766007E-15 ) ) ;
#2062 = CARTESIAN_POINT ( 'NONE',  ( 3.369593265649161395, -13.03051821269305499, 16.39533394382294418 ) ) ;
#2063 = CARTESIAN_POINT ( 'NONE',  ( -1.036544254914111063, -14.04013782782839037, -9.529355834236504563 ) ) ;
#2064 = LINE ( 'NONE', #1180, #5298 ) ;
#2065 = VERTEX_POINT ( 'NONE', #4787 ) ;
#2066 = CARTESIAN_POINT ( 'NONE',  ( -5.825202145052655212, -11.65040429010518963, 10.08954607959029914 ) ) ;
#2067 = DIRECTION ( 'NONE',  ( 0.6517473912071933828, -3.469446951953617344E-14, 0.7584361133639522246 ) ) ;
#2068 = VERTEX_POINT ( 'NONE', #1895 ) ;
#2069 = CARTESIAN_POINT ( 'NONE',  ( -7.187642091119427867, -18.67151103820560465, 0.2637698141846295252 ) ) ;
#2070 = CARTESIAN_POINT ( 'NONE',  ( 6.489493575772475431, -15.46775456608786747, 11.24013258862999898 ) ) ;
#2071 = EDGE_CURVE ( 'NONE', #3838, #645, #1580, .T. ) ;
#2072 = AXIS2_PLACEMENT_3D ( 'NONE', #3207, #305, #1070 ) ;
#2073 = ORIENTED_EDGE ( 'NONE', *, *, #2563, .T. ) ;
#2074 = CARTESIAN_POINT ( 'NONE',  ( -12.39521984380968789, -10.10487629927386166, -4.873397172404478006 ) ) ;
#2075 = DIRECTION ( 'NONE',  ( -0.7660444431189744607, 0.6427876096865434707, 0.000000000000000000 ) ) ;
#2076 = CYLINDRICAL_SURFACE ( 'NONE', #3003, 0.4999999999999996114 ) ;
#2077 = CIRCLE ( 'NONE', #4558, 5.000000000000001776 ) ;
#2078 = CARTESIAN_POINT ( 'NONE',  ( -12.62919659154292162, -10.08414384690739674, -5.288794820955568632 ) ) ;
#2079 = DIRECTION ( 'NONE',  ( 0.6427876096865435818, 0.7660444431189745718, 2.775557561562891351E-17 ) ) ;
#2080 = ORIENTED_EDGE ( 'NONE', *, *, #1686, .F. ) ;
#2081 = AXIS2_PLACEMENT_3D ( 'NONE', #102, #1270, #3049 ) ;
#2082 = DIRECTION ( 'NONE',  ( -0.000000000000000000, 1.000000000000000000, -0.000000000000000000 ) ) ;
#2083 = CYLINDRICAL_SURFACE ( 'NONE', #3793, 2.500000000000000000 ) ;
#2084 = AXIS2_PLACEMENT_3D ( 'NONE', #3786, #1679, #1263 ) ;
#2085 = CIRCLE ( 'NONE', #3053, 2.500000000000000000 ) ;
#2086 = EDGE_CURVE ( 'NONE', #594, #2065, #245, .T. ) ;
#2087 = ORIENTED_EDGE ( 'NONE', *, *, #3397, .F. ) ;
#2088 = CARTESIAN_POINT ( 'NONE',  ( -15.98964890585576093, -11.28568452101529296, 0.2639719205671389179 ) ) ;
#2089 = CARTESIAN_POINT ( 'NONE',  ( 0.000000000000000000, 0.000000000000000000, 0.000000000000000000 ) ) ;
#2090 = CARTESIAN_POINT ( 'NONE',  ( 5.154840035044468749, -12.28659826202548189, 8.928444845587344858 ) ) ;
#2091 = CARTESIAN_POINT ( 'NONE',  ( 2.501627120762918821, -18.00832559932076649, 6.321622651498037371 ) ) ;
#2092 = EDGE_CURVE ( 'NONE', #1430, #3838, #3178, .T. ) ;
#2093 = AXIS2_PLACEMENT_3D ( 'NONE', #5131, #3373, #3814 ) ;
#2094 = CARTESIAN_POINT ( 'NONE',  ( -10.07440197138570959, -17.90499091948268173, 5.279513603438185321 ) ) ;
#2095 = AXIS2_PLACEMENT_3D ( 'NONE', #4826, #3195, #209 ) ;
#2096 = ORIENTED_EDGE ( 'NONE', *, *, #3151, .T. ) ;
#2097 = DIRECTION ( 'NONE',  ( 0.000000000000000000, -0.5878588831525612957, 0.8089634933040077414 ) ) ;
#2098 = CARTESIAN_POINT ( 'NONE',  ( 1.882829271167633323, -10.39747830986499721, 13.84574551982016821 ) ) ;
#2099 = EDGE_LOOP ( 'NONE', ( #3906, #313, #173, #4848 ) ) ;
#2100 = CARTESIAN_POINT ( 'NONE',  ( -6.927469202238546231, -18.27655460585372893, 0.8738343867567168743 ) ) ;
#2101 = CARTESIAN_POINT ( 'NONE',  ( 9.609393885895878284, -17.90499091948268173, -6.084931233436916997 ) ) ;
#2102 = CARTESIAN_POINT ( 'NONE',  ( 0.000000000000000000, -16.00000000000000000, 0.000000000000000000 ) ) ;
#2103 = AXIS2_PLACEMENT_3D ( 'NONE', #441, #931, #4337 ) ;
#2104 = CIRCLE ( 'NONE', #2991, 0.5000000000000007772 ) ;
#2105 = EDGE_CURVE ( 'NONE', #3448, #3572, #504, .T. ) ;
#2106 = VERTEX_POINT ( 'NONE', #2331 ) ;
#2107 = DIRECTION ( 'NONE',  ( 0.000000000000000000, -0.5878588831525590752, 0.8089634933040092957 ) ) ;
#2108 = CARTESIAN_POINT ( 'NONE',  ( 8.687190968884817011, -14.15540223379321816, 3.628461208148482164 ) ) ;
#2109 = FACE_OUTER_BOUND ( 'NONE', #2030, .T. ) ;
#2110 = AXIS2_PLACEMENT_3D ( 'NONE', #1130, #2314, #2760 ) ;
#2111 = CARTESIAN_POINT ( 'NONE',  ( -12.59196715368652342, -10.38391802187100943, -4.787858540627730086 ) ) ;
#2112 = CARTESIAN_POINT ( 'NONE',  ( 3.036983067742114351, -17.15972319042086625, -5.074010174225725756 ) ) ;
#2113 = ORIENTED_EDGE ( 'NONE', *, *, #4637, .F. ) ;
#2114 = AXIS2_PLACEMENT_3D ( 'NONE', #54, #1255, #488 ) ;
#2115 = VERTEX_POINT ( 'NONE', #685 ) ;
#2116 = CARTESIAN_POINT ( 'NONE',  ( -12.17133258227967474, -10.72704289492962637, -5.091979831573574700 ) ) ;
#2117 = CARTESIAN_POINT ( 'NONE',  ( 5.222031227117673424, -12.44674895111303492, 9.044823404078961460 ) ) ;
#2118 = CARTESIAN_POINT ( 'NONE',  ( -8.484563944223930676, -14.77868104270527638, -3.999999999999996447 ) ) ;
#2119 = DIRECTION ( 'NONE',  ( 0.7660444431189746828, -0.6427876096865434707, -2.006177025403370566E-33 ) ) ;
#2120 = B_SPLINE_CURVE_WITH_KNOTS ( 'NONE', 3,
 ( #5108, #2933, #863, #4239, #4207, #2572, #1301, #4747 ),
 .UNSPECIFIED., .F., .F.,
 ( 4, 2, 2, 4 ),
 ( 8.156158518023783098E-05, 0.0005357731976264273974, 0.0007628790038495252435, 0.0009899848100726228728 ),
 .UNSPECIFIED. ) ;
#2121 = CARTESIAN_POINT ( 'NONE',  ( -0.9750042900901304543, -14.34546022443202773, -9.076500420360742893 ) ) ;
#2122 = DIRECTION ( 'NONE',  ( 0.3213938048432744554, -0.7660444431189745718, 0.5566703992264216971 ) ) ;
#2123 = CARTESIAN_POINT ( 'NONE',  ( 10.83925541926137726, -10.69889350324374000, 8.667759113232776258 ) ) ;
#2124 = ORIENTED_EDGE ( 'NONE', *, *, #1666, .T. ) ;
#2125 = ADVANCED_FACE ( 'NONE', ( #248 ), #4568, .F. ) ;
#2126 = DIRECTION ( 'NONE',  ( 0.7071067811865485719, -0.7071067811865465735, -0.000000000000000000 ) ) ;
#2127 = CARTESIAN_POINT ( 'NONE',  ( 2.174399957138475781, -10.76299166347254577, 13.69503039146845147 ) ) ;
#2128 = VERTEX_POINT ( 'NONE', #5338 ) ;
#2129 = CARTESIAN_POINT ( 'NONE',  ( 0.000000000000000000, -5.500000000000000000, 0.000000000000000000 ) ) ;
#2130 = CARTESIAN_POINT ( 'NONE',  ( -15.39485639043496690, -18.34687541077260065, 0.000000000000000000 ) ) ;
#2131 = CARTESIAN_POINT ( 'NONE',  ( -12.81996180492155979, -10.78477805696002711, 4.081736896585637986 ) ) ;
#2132 = EDGE_CURVE ( 'NONE', #1850, #3788, #4118, .T. ) ;
#2133 = EDGE_LOOP ( 'NONE', ( #2439, #2375 ) ) ;
#2134 = DIRECTION ( 'NONE',  ( 0.000000000000000000, 0.000000000000000000, 1.000000000000000000 ) ) ;
#2135 = FACE_OUTER_BOUND ( 'NONE', #4853, .T. ) ;
#2136 = CARTESIAN_POINT ( 'NONE',  ( 3.868945847772118363, -17.48237332493259899, -4.991986702760948802 ) ) ;
#2137 = DIRECTION ( 'NONE',  ( 0.3830222215594904500, 0.6427876096865433597, -0.6634139481689337314 ) ) ;
#2138 = ORIENTED_EDGE ( 'NONE', *, *, #4822, .T. ) ;
#2139 = ORIENTED_EDGE ( 'NONE', *, *, #949, .T. ) ;
#2140 = CARTESIAN_POINT ( 'NONE',  ( -6.279918438879344755, -17.50486332597500549, -0.8736997935535865123 ) ) ;
#2141 = DIRECTION ( 'NONE',  ( -1.000000000000000000, 0.000000000000000000, -1.224646799147352961E-16 ) ) ;
#2142 = EDGE_CURVE ( 'NONE', #4937, #5061, #4836, .T. ) ;
#2143 = CIRCLE ( 'NONE', #1524, 6.500000000000000888 ) ;
#2144 = CARTESIAN_POINT ( 'NONE',  ( 1.675882401438992808, -10.72704289492962282, 13.08667312995024545 ) ) ;
#2145 = CARTESIAN_POINT ( 'NONE',  ( 10.21928660899492947, -10.80741444993152989, -8.232009117501521089 ) ) ;
#2146 = DIRECTION ( 'NONE',  ( -0.3213938048432665728, 0.7660444431189746828, -0.5566703992264259160 ) ) ;
#2147 = FACE_OUTER_BOUND ( 'NONE', #2099, .T. ) ;
#2148 = CARTESIAN_POINT ( 'NONE',  ( 11.24007821465630030, -9.902277317651236643, 8.039880124747748269 ) ) ;
#2149 = ORIENTED_EDGE ( 'NONE', *, *, #2714, .T. ) ;
#2150 = DIRECTION ( 'NONE',  ( -0.7660444431189746828, 0.6427876096865434707, 2.006177025403370566E-33 ) ) ;
#2151 = CARTESIAN_POINT ( 'NONE',  ( 1.342010023716136979, -10.12845336496044979, 13.58757092701964098 ) ) ;
#2152 = ORIENTED_EDGE ( 'NONE', *, *, #4137, .F. ) ;
#2153 = CARTESIAN_POINT ( 'NONE',  ( -7.201535562412174407, -18.69466075329219024, 0.1323236131984108777 ) ) ;
#2154 = DIRECTION ( 'NONE',  ( 0.3213938048432665728, -0.7660444431189746828, 0.5566703992264259160 ) ) ;
#2155 = DIRECTION ( 'NONE',  ( 0.3535533905932770615, 0.7071067811865465735, -0.6123724356957936932 ) ) ;
#2156 = ADVANCED_FACE ( 'NONE', ( #4082 ), #300, .T. ) ;
#2157 = VERTEX_POINT ( 'NONE', #2750 ) ;
#2158 = DIRECTION ( 'NONE',  ( -0.5388127993989861864, 0.8424255262062209093, 0.000000000000000000 ) ) ;
#2159 = EDGE_CURVE ( 'NONE', #2686, #4583, #1507, .T. ) ;
#2160 = CARTESIAN_POINT ( 'NONE',  ( -12.56527594916576085, -10.36843063750093030, -4.887450908633454105 ) ) ;
#2161 = ORIENTED_EDGE ( 'NONE', *, *, #4880, .T. ) ;
#2162 = ORIENTED_EDGE ( 'NONE', *, *, #4498, .F. ) ;
#2163 = CARTESIAN_POINT ( 'NONE',  ( 0.000000000000000000, -16.00000000000000000, 0.000000000000000000 ) ) ;
#2164 = AXIS2_PLACEMENT_3D ( 'NONE', #1582, #3463, #2598 ) ;
#2165 = CYLINDRICAL_SURFACE ( 'NONE', #1322, 1.000000000000001332 ) ;
#2166 = AXIS2_PLACEMENT_3D ( 'NONE', #123, #5295, #3513 ) ;
#2167 = DIRECTION ( 'NONE',  ( 0.000000000000000000, 1.000000000000000000, 0.000000000000000000 ) ) ;
#2168 = CARTESIAN_POINT ( 'NONE',  ( -7.405094889929655366, -14.72383461542029615, 5.279513603438186209 ) ) ;
#2169 = EDGE_CURVE ( 'NONE', #1410, #1742, #71, .T. ) ;
#2170 = CARTESIAN_POINT ( 'NONE',  ( -0.8696454552381167602, -14.72383461542031391, -9.052757093832523694 ) ) ;
#2171 = DIRECTION ( 'NONE',  ( 0.3535533905932685683, 0.7071067811865465735, 0.6123724356957986892 ) ) ;
#2172 = DIRECTION ( 'NONE',  ( 0.3535533905932675691, -0.7071067811865486830, 0.6123724356957966908 ) ) ;
#2173 = AXIS2_PLACEMENT_3D ( 'NONE', #4064, #2446, #334 ) ;
#2174 = ORIENTED_EDGE ( 'NONE', *, *, #3729, .T. ) ;
#2175 = DIRECTION ( 'NONE',  ( -0.7660444431189739056, 0.6427876096865442479, 0.000000000000000000 ) ) ;
#2176 = CIRCLE ( 'NONE', #2438, 6.500000000000003553 ) ;
#2177 = FACE_OUTER_BOUND ( 'NONE', #3349, .T. ) ;
#2178 = ORIENTED_EDGE ( 'NONE', *, *, #5013, .T. ) ;
#2179 = CARTESIAN_POINT ( 'NONE',  ( -6.445960157663504830, -17.68039519579087582, 0.9737680544514760728 ) ) ;
#2180 = CARTESIAN_POINT ( 'NONE',  ( 5.154840035044468749, -12.28659826202548189, 8.928444845587343082 ) ) ;
#2181 = FACE_BOUND ( 'NONE', #2844, .T. ) ;
#2182 = ORIENTED_EDGE ( 'NONE', *, *, #2800, .T. ) ;
#2183 = ORIENTED_EDGE ( 'NONE', *, *, #1384, .T. ) ;
#2184 = DIRECTION ( 'NONE',  ( 0.3213938048432744554, -0.7660444431189745718, -0.5566703992264216971 ) ) ;
#2185 = CARTESIAN_POINT ( 'NONE',  ( 1.946707976508261773, -10.53941718371063807, -13.78651395924105394 ) ) ;
#2186 = AXIS2_PLACEMENT_3D ( 'NONE', #2332, #636, #2667 ) ;
#2187 = EDGE_CURVE ( 'NONE', #547, #1625, #3839, .T. ) ;
#2188 = ORIENTED_EDGE ( 'NONE', *, *, #1181, .T. ) ;
#2189 = VERTEX_POINT ( 'NONE', #4170 ) ;
#2190 = CARTESIAN_POINT ( 'NONE',  ( -6.534285770187698184, -17.77906386025378538, -1.000049018305742887 ) ) ;
#2191 = AXIS2_PLACEMENT_3D ( 'NONE', #2734, #287, #2706 ) ;
#2192 = CARTESIAN_POINT ( 'NONE',  ( 4.320773663373575602, -17.72531315430613930, 7.144579448137231559 ) ) ;
#2193 = B_SPLINE_CURVE_WITH_KNOTS ( 'NONE', 3,
 ( #5242, #3545, #1456, #4851 ),
 .UNSPECIFIED., .F., .F.,
 ( 4, 4 ),
 ( 0.0009119136454574181807, 0.0009937464495814540919 ),
 .UNSPECIFIED. ) ;
#2194 = AXIS2_PLACEMENT_3D ( 'NONE', #710, #5391, #2466 ) ;
#2195 = CARTESIAN_POINT ( 'NONE',  ( -5.930657695150938657, -32.66670144073049187, -10.96805449583517955 ) ) ;
#2196 = CARTESIAN_POINT ( 'NONE',  ( 8.016707502908866800, -8.802723756384596143, 13.69935952765477438 ) ) ;
#2197 = DIRECTION ( 'NONE',  ( -0.000000000000000000, 1.000000000000000000, -0.000000000000000000 ) ) ;
#2198 = CARTESIAN_POINT ( 'NONE',  ( 11.31009755794335803, -9.385828412306223001, 8.543296684802003327 ) ) ;
#2199 = ORGANIZATION ( 'æœª', 'æœª', '' ) ;
#2200 = CARTESIAN_POINT ( 'NONE',  ( -8.385491779179815808, -14.66061143408786371, -4.873397172404478006 ) ) ;
#2201 = ORIENTED_EDGE ( 'NONE', *, *, #364, .T. ) ;
#2202 = CARTESIAN_POINT ( 'NONE',  ( -7.768018147303399346, -14.56137397260175881, -5.374570864081772648 ) ) ;
#2203 = DIRECTION ( 'NONE',  ( 0.3830222215594811797, 0.6427876096865434707, 0.6634139481689390605 ) ) ;
#2204 = EDGE_LOOP ( 'NONE', ( #2961, #4238, #4887, #3816, #899 ) ) ;
#2205 = CARTESIAN_POINT ( 'NONE',  ( 3.418074486417589597, -13.53939173702823417, -15.66707301933897156 ) ) ;
#2206 = CYLINDRICAL_SURFACE ( 'NONE', #3255, 5.000000000000001776 ) ;
#2207 = DIRECTION ( 'NONE',  ( 0.000000000000000000, 0.000000000000000000, 1.000000000000000000 ) ) ;
#2208 = EDGE_CURVE ( 'NONE', #4206, #911, #1824, .T. ) ;
#2209 = ORIENTED_EDGE ( 'NONE', *, *, #1445, .T. ) ;
#2210 = B_SPLINE_CURVE_WITH_KNOTS ( 'NONE', 3,
 ( #3318, #4144, #1677, #2894, #4538, #5016 ),
 .UNSPECIFIED., .F., .F.,
 ( 4, 2, 4 ),
 ( 0.000000000000000000, 0.0004559568227286489714, 0.0009119136454572979427 ),
 .UNSPECIFIED. ) ;
#2211 = ORIENTED_EDGE ( 'NONE', *, *, #2847, .F. ) ;
#2212 = DIRECTION ( 'NONE',  ( 0.000000000000000000, 0.8466106887629439859, 0.5322126846217907215 ) ) ;
#2213 = CARTESIAN_POINT ( 'NONE',  ( 8.274740345167781896, -14.72383461542029615, 3.773243490394396549 ) ) ;
#2214 = EDGE_LOOP ( 'NONE', ( #148, #1682, #4725, #1965, #4004 ) ) ;
#2215 = ORIENTED_EDGE ( 'NONE', *, *, #1549, .T. ) ;
#2216 = CARTESIAN_POINT ( 'NONE',  ( -13.00386361616510200, -9.598615005324029781, 5.279513603438184433 ) ) ;
#2217 = CARTESIAN_POINT ( 'NONE',  ( -5.825202145052520208, -11.65040429010517542, -10.08954607959038974 ) ) ;
#2218 = ADVANCED_FACE ( 'NONE', ( #828 ), #3401, .F. ) ;
#2219 = VERTEX_POINT ( 'NONE', #1707 ) ;
#2220 = EDGE_CURVE ( 'NONE', #2261, #2115, #5357, .T. ) ;
#2221 = CARTESIAN_POINT ( 'NONE',  ( -8.244187840026896197, -13.88766716932485501, 5.307967633932319629 ) ) ;
#2222 = DIRECTION ( 'NONE',  ( 0.000000000000000000, -0.6546536707079803064, 0.7559289460184516196 ) ) ;
#2223 = CARTESIAN_POINT ( 'NONE',  ( 11.07412470828546169, -9.598615005324022675, 8.621919437228161343 ) ) ;
#2224 = ADVANCED_FACE ( 'NONE', ( #2984 ), #4229, .F. ) ;
#2225 = CARTESIAN_POINT ( 'NONE',  ( -7.243193011656457792, -14.28812789341430012, -5.693828506804750056 ) ) ;
#2226 = ORIENTED_EDGE ( 'NONE', *, *, #4886, .T. ) ;
#2227 = CARTESIAN_POINT ( 'NONE',  ( -17.95827603181849597, -11.28963510312533458, 0.000000000000000000 ) ) ;
#2228 = CARTESIAN_POINT ( 'NONE',  ( 1.957132578547306379, -9.899127115878677330, 14.06008534263065712 ) ) ;
#2229 = ORIENTED_EDGE ( 'NONE', *, *, #1653, .T. ) ;
#2230 = CARTESIAN_POINT ( 'NONE',  ( -5.930657695150938657, -33.38488466757005568, -10.27220045030097850 ) ) ;
#2231 = CARTESIAN_POINT ( 'NONE',  ( 8.006917377435030403, -10.21841328175354846, -15.03711491345974949 ) ) ;
#2232 = CARTESIAN_POINT ( 'NONE',  ( 9.153782023411794810, -9.792829552106438129, -13.88877687479550005 ) ) ;
#2233 = AXIS2_PLACEMENT_3D ( 'NONE', #5364, #3256, #1560 ) ;
#2234 = ORIENTED_EDGE ( 'NONE', *, *, #1334, .T. ) ;
#2235 =( BOUNDED_SURFACE ( )  B_SPLINE_SURFACE ( 3, 2, ( 
 ( #4592, #5168, #2998 ),
 ( #3771, #1693, #2754 ),
 ( #2225, #3999, #5208 ),
 ( #1069, #4390, #2280 ),
 ( #3973, #1789, #1870 ),
 ( #3067, #3538, #4761 ),
 ( #3097, #3563, #5234 ),
 ( #1425, #4363, #2698 ),
 ( #526, #2308, #3123 ),
 ( #1015, #606, #2200 ) ),
 .UNSPECIFIED., .F., .F., .T. ) 
 B_SPLINE_SURFACE_WITH_KNOTS ( ( 4, 2, 2, 2, 4 ),
 ( 3, 3 ),
 ( 0.0003201633710385959428, 0.0008879230564491027598, 0.001455682741859609577, 0.002023442427270116285, 0.002591202112680622994 ),
 ( 0.000000000000000000, 1.000000000000000000 ),
 .UNSPECIFIED. ) 
 GEOMETRIC_REPRESENTATION_ITEM ( )  RATIONAL_B_SPLINE_SURFACE ( (
 ( 1.000000000000000000, 0.8366600265340756737, 1.000000000000000000),
 ( 1.000000000000000000, 0.8367047667727586235, 1.000000000000000000),
 ( 1.000000000000000000, 0.8309577461966143330, 1.000000000000000000),
 ( 1.000000000000000000, 0.8100511198942724755, 1.000000000000000000),
 ( 1.000000000000000000, 0.7948258464886260866, 1.000000000000000000),
 ( 1.000000000000000000, 0.7591891926444654937, 1.000000000000000000),
 ( 1.000000000000000000, 0.7385588926571707846, 1.000000000000000000),
 ( 1.000000000000000000, 0.6957534197718356905, 1.000000000000000000),
 ( 1.000000000000000000, 0.6741697073066306167, 1.000000000000000000),
 ( 1.000000000000000000, 0.6546536707079771977, 1.000000000000000000) ) ) 
 REPRESENTATION_ITEM ( '' )  SURFACE ( )  );
#2236 = ORIENTED_EDGE ( 'NONE', *, *, #4415, .F. ) ;
#2237 = CARTESIAN_POINT ( 'NONE',  ( -0.8155382450942182393, -14.58282091672242942, 9.346238982859087940 ) ) ;
#2238 = DIRECTION ( 'NONE',  ( 0.000000000000000000, 0.000000000000000000, -1.000000000000000000 ) ) ;
#2239 = EDGE_CURVE ( 'NONE', #4049, #1410, #3754, .T. ) ;
#2240 = VERTEX_POINT ( 'NONE', #2564 ) ;
#2241 = ORIENTED_EDGE ( 'NONE', *, *, #4415, .T. ) ;
#2242 = CARTESIAN_POINT ( 'NONE',  ( 7.638560240451107042, -13.53939173702823417, -13.23037443313671524 ) ) ;
#2243 = CARTESIAN_POINT ( 'NONE',  ( 8.457018680976833735, -14.19900545693867322, -4.003198463538545582 ) ) ;
#2244 = VERTEX_POINT ( 'NONE', #1654 ) ;
#2245 = AXIS2_PLACEMENT_3D ( 'NONE', #467, #3775, #1317 ) ;
#2246 = CARTESIAN_POINT ( 'NONE',  ( -7.971412372624161691, -13.95294776818649574, 5.548015458752499462 ) ) ;
#2247 = DIRECTION ( 'NONE',  ( 0.000000000000000000, 0.000000000000000000, 1.000000000000000000 ) ) ;
#2248 = CARTESIAN_POINT ( 'NONE',  ( 3.609882354384930547, -16.19562198326636704, -6.069833580676568197 ) ) ;
#2249 = TOROIDAL_SURFACE ( 'NONE', #4657, 7.000000000000000888, 0.5000000000000000000 ) ;
#2250 = ORIENTED_EDGE ( 'NONE', *, *, #2917, .T. ) ;
#2251 = ADVANCED_FACE ( 'NONE', ( #4258 ), #2927, .T. ) ;
#2252 = CARTESIAN_POINT ( 'NONE',  ( 0.6624971759056510479, -14.49795483494044568, 9.310952561710635678 ) ) ;
#2253 = DIRECTION ( 'NONE',  ( -1.734723475976811236E-15, 0.5878588831525629610, 0.8089634933040065201 ) ) ;
#2254 = VERTEX_POINT ( 'NONE', #853 ) ;
#2255 = CARTESIAN_POINT ( 'NONE',  ( -15.88357233170460958, -13.03051821269305144, 5.279513603438184433 ) ) ;
#2256 = CARTESIAN_POINT ( 'NONE',  ( -0.5671139487002628821, -13.89214390705661550, 9.783722307220889647 ) ) ;
#2257 = AXIS2_PLACEMENT_3D ( 'NONE', #5240, #4819, #1431 ) ;
#2258 = CARTESIAN_POINT ( 'NONE',  ( 8.500667286172864934, -10.34125004246952528, -14.91065205945964145 ) ) ;
#2259 = TOROIDAL_SURFACE ( 'NONE', #5376, 17.32050807568877460, 0.5000000000000000000 ) ;
#2260 = EDGE_LOOP ( 'NONE', ( #2702, #3403, #3421, #4541 ) ) ;
#2261 = VERTEX_POINT ( 'NONE', #4601 ) ;
#2262 = CARTESIAN_POINT ( 'NONE',  ( 3.411851991240046456, -17.41956055194998854, 7.461239575026143989 ) ) ;
#2263 = DIRECTION ( 'NONE',  ( 0.7660444431189743497, -0.6427876096865436928, 0.000000000000000000 ) ) ;
#2264 = CIRCLE ( 'NONE', #1649, 6.500000000000001776 ) ;
#2265 = EDGE_CURVE ( 'NONE', #5235, #2819, #1734, .T. ) ;
#2266 = AXIS2_PLACEMENT_3D ( 'NONE', #939, #5214, #2622 ) ;
#2267 = EDGE_LOOP ( 'NONE', ( #3756, #2602, #4256, #3917 ) ) ;
#2268 = CARTESIAN_POINT ( 'NONE',  ( 10.78988606320303312, -10.47032687795577743, -7.934676492329994169 ) ) ;
#2269 = EDGE_LOOP ( 'NONE', ( #4452, #4518, #4293, #2661, #3990 ) ) ;
#2270 = CARTESIAN_POINT ( 'NONE',  ( -12.58277953874109478, -9.902277317651433819, 5.714253212042643248 ) ) ;
#2271 = B_SPLINE_CURVE_WITH_KNOTS ( 'NONE', 3,
 ( #4664, #4178, #1690, #3798 ),
 .UNSPECIFIED., .F., .F.,
 ( 4, 4 ),
 ( 0.000000000000000000, 0.0002482743214226880955 ),
 .UNSPECIFIED. ) ;
#2272 = CIRCLE ( 'NONE', #2015, 6.500000000000001776 ) ;
#2273 = EDGE_CURVE ( 'NONE', #4314, #4453, #2880, .T. ) ;
#2274 = ORIENTED_EDGE ( 'NONE', *, *, #3397, .T. ) ;
#2275 = CIRCLE ( 'NONE', #958, 6.500000000000003553 ) ;
#2276 = CARTESIAN_POINT ( 'NONE',  ( -8.181190787432969458, -13.89837079804544828, 5.376977188508422323 ) ) ;
#2277 = CARTESIAN_POINT ( 'NONE',  ( -0.02773986444371358620, -14.66061143408786549, 9.698747490197529686 ) ) ;
#2278 = CARTESIAN_POINT ( 'NONE',  ( 2.960733347608440535, -16.55217545439841942, -6.911939595391829450 ) ) ;
#2279 = AXIS2_PLACEMENT_3D ( 'NONE', #1516, #4007, #3212 ) ;
#2280 = CARTESIAN_POINT ( 'NONE',  ( -7.739700690015027362, -14.56788190419418427, -5.377858329062967790 ) ) ;
#2281 = ORIENTED_EDGE ( 'NONE', *, *, #4502, .T. ) ;
#2282 = B_SPLINE_CURVE_WITH_KNOTS ( 'NONE', 3,
 ( #928, #2323, #4436, #5330 ),
 .UNSPECIFIED., .F., .F.,
 ( 4, 4 ),
 ( 0.000000000000000000, 8.156158518023765480E-05 ),
 .UNSPECIFIED. ) ;
#2283 = CARTESIAN_POINT ( 'NONE',  ( 0.5162505845215903388, -14.05794848917658513, 9.554426279671085709 ) ) ;
#2284 = DIRECTION ( 'NONE',  ( -0.3213938048432665728, 0.7660444431189744607, 0.5566703992264259160 ) ) ;
#2285 = ORIENTED_EDGE ( 'NONE', *, *, #4124, .F. ) ;
#2286 = CARTESIAN_POINT ( 'NONE',  ( 12.05055710526437096, -13.21799793218496077, -11.12538282101892229 ) ) ;
#2287 = CARTESIAN_POINT ( 'NONE',  ( 7.687356705570485005, -8.838521315436876691, -13.91443658769107117 ) ) ;
#2288 = AXIS2_PLACEMENT_3D ( 'NONE', #3206, #169, #1012 ) ;
#2289 = CARTESIAN_POINT ( 'NONE',  ( 11.26433908133984296, -9.830502781409043322, -8.092237444775628674 ) ) ;
#2290 = ADVANCED_FACE ( 'NONE', ( #12 ), #2259, .F. ) ;
#2291 = CIRCLE ( 'NONE', #3361, 0.5000000000000000000 ) ;
#2292 = ORIENTED_EDGE ( 'NONE', *, *, #5188, .F. ) ;
#2293 = ORIENTED_EDGE ( 'NONE', *, *, #460, .F. ) ;
#2294 = EDGE_CURVE ( 'NONE', #381, #2749, #4038, .T. ) ;
#2295 = DIRECTION ( 'NONE',  ( -0.3213938048432742334, 0.7660444431189746828, 0.5566703992264213641 ) ) ;
#2296 = PLANE ( 'NONE',  #4758 ) ;
#2297 = CARTESIAN_POINT ( 'NONE',  ( 0.1314013298377722794, -13.97166927126947833, 9.693022407334686008 ) ) ;
#2298 = ORIENTED_EDGE ( 'NONE', *, *, #1146, .F. ) ;
#2299 = FACE_OUTER_BOUND ( 'NONE', #1575, .T. ) ;
#2300 = ORIENTED_EDGE ( 'NONE', *, *, #2714, .F. ) ;
#2301 = CARTESIAN_POINT ( 'NONE',  ( -15.88357233170460958, -13.03051821269305144, -5.279513603438183544 ) ) ;
#2302 = CARTESIAN_POINT ( 'NONE',  ( 8.424097605815831002, -14.15417440657042292, -4.229857859174788182 ) ) ;
#2303 = ORIENTED_EDGE ( 'NONE', *, *, #897, .T. ) ;
#2304 = CARTESIAN_POINT ( 'NONE',  ( -8.484637270744313398, -13.88978344385392383, 4.911094012880458770 ) ) ;
#2305 = CARTESIAN_POINT ( 'NONE',  ( 5.007558891186175920, -11.93555259739618535, -8.673346421427634567 ) ) ;
#2306 = EDGE_CURVE ( 'NONE', #1419, #4146, #2530, .T. ) ;
#2307 = CARTESIAN_POINT ( 'NONE',  ( 7.699712248528873815, -14.70993503651597933, -5.310659497173814358 ) ) ;
#2308 = CARTESIAN_POINT ( 'NONE',  ( -8.039657416611943219, -14.20360431608518148, -4.788359574448699973 ) ) ;
#2309 = DIRECTION ( 'NONE',  ( 0.000000000000000000, 1.000000000000000000, 0.000000000000000000 ) ) ;
#2310 = CARTESIAN_POINT ( 'NONE',  ( 2.034939724921353665, -9.849361908630664075, -14.08364620078026164 ) ) ;
#2311 = VERTEX_POINT ( 'NONE', #497 ) ;
#2312 = DIRECTION ( 'NONE',  ( 0.000000000000000000, 0.5878588831525612957, 0.8089634933040077414 ) ) ;
#2313 = CARTESIAN_POINT ( 'NONE',  ( 4.820907072648997094, -11.49066664678461613, -8.350055988396386297 ) ) ;
#2314 = DIRECTION ( 'NONE',  ( -0.3830222215594904500, -0.6427876096865433597, 0.6634139481689337314 ) ) ;
#2315 = VERTEX_POINT ( 'NONE', #4284 ) ;
#2316 = ORIENTED_EDGE ( 'NONE', *, *, #78, .T. ) ;
#2317 = CARTESIAN_POINT ( 'NONE',  ( 2.957514738894865047, -16.46300897664476892, 6.814141924894403957 ) ) ;
#2318 = CARTESIAN_POINT ( 'NONE',  ( 2.690316169507110278, -10.75284684313852246, 13.01256357258394125 ) ) ;
#2319 = AXIS2_PLACEMENT_3D ( 'NONE', #1510, #4063, #1957 ) ;
#2320 = EDGE_CURVE ( 'NONE', #2509, #2240, #3322, .T. ) ;
#2321 = B_SPLINE_CURVE_WITH_KNOTS ( 'NONE', 3,
 ( #1945, #3332, #319, #4077 ),
 .UNSPECIFIED., .F., .F.,
 ( 4, 4 ),
 ( 0.000000000000000000, 8.156158518024195095E-05 ),
 .UNSPECIFIED. ) ;
#2322 = ORIENTED_EDGE ( 'NONE', *, *, #632, .T. ) ;
#2323 = CARTESIAN_POINT ( 'NONE',  ( 0.5091749548034066875, -14.02339008891928884, 9.596147180331131565 ) ) ;
#2324 = LINE ( 'NONE', #2383, #5206 ) ;
#2325 = EDGE_CURVE ( 'NONE', #3479, #5461, #1427, .T. ) ;
#2326 = ORIENTED_EDGE ( 'NONE', *, *, #617, .T. ) ;
#2327 = CARTESIAN_POINT ( 'NONE',  ( -12.93843651701670083, -9.482596944291097785, 5.631302626042907100 ) ) ;
#2328 = ADVANCED_FACE ( 'NONE', ( #3815 ), #450, .T. ) ;
#2329 = CARTESIAN_POINT ( 'NONE',  ( 8.443107191083944585, -14.23997638458722292, -3.883616092105647510 ) ) ;
#2330 = EDGE_LOOP ( 'NONE', ( #81, #496, #203, #1389 ) ) ;
#2331 = CARTESIAN_POINT ( 'NONE',  ( 7.679487290841247038, -11.26253261837830699, 13.99711620935099710 ) ) ;
#2332 = CARTESIAN_POINT ( 'NONE',  ( -0.9575555538987050586, -1.606969024216361897, -1.658534870422351037 ) ) ;
#2333 = CARTESIAN_POINT ( 'NONE',  ( 7.798270004024391966, -9.866949946029064833, -12.56331563083315572 ) ) ;
#2334 = CARTESIAN_POINT ( 'NONE',  ( -8.532501169041614375, -14.05794848917655315, 4.330127018921348103 ) ) ;
#2335 = CIRCLE ( 'NONE', #1365, 0.5000000000000004441 ) ;
#2336 = ADVANCED_FACE ( 'NONE', ( #3040 ), #3689, .F. ) ;
#2337 = DIRECTION ( 'NONE',  ( 0.000000000000000000, 0.7181832268395610397, 0.6958540455342021591 ) ) ;
#2338 = FACE_OUTER_BOUND ( 'NONE', #3330, .T. ) ;
#2339 = ORIENTED_EDGE ( 'NONE', *, *, #3009, .F. ) ;
#2340 = CARTESIAN_POINT ( 'NONE',  ( 0.5091708605700971946, -14.02336328807939658, -9.596186425269751297 ) ) ;
#2341 = CARTESIAN_POINT ( 'NONE',  ( -0.8736918265079243184, -14.63041161873191420, 9.221412587121539772 ) ) ;
#2342 = DIRECTION ( 'NONE',  ( -0.3535533905932760068, 0.7071067811865485719, 0.6123724356957919168 ) ) ;
#2343 = VECTOR ( 'NONE', #3473, 1000.000000000000114 ) ;
#2344 = ORIENTED_EDGE ( 'NONE', *, *, #3350, .F. ) ;
#2345 = AXIS2_PLACEMENT_3D ( 'NONE', #3081, #562, #5245 ) ;
#2346 = ORIENTED_EDGE ( 'NONE', *, *, #2575, .T. ) ;
#2347 = CARTESIAN_POINT ( 'NONE',  ( -0.4240883320103356335, -14.54393023852677125, 9.666774337894645797 ) ) ;
#2348 = CARTESIAN_POINT ( 'NONE',  ( 3.531119455563942910, -17.28258041266781575, 4.947351100895549969 ) ) ;
#2349 = CIRCLE ( 'NONE', #2173, 6.500000000000001776 ) ;
#2350 = ORIENTED_EDGE ( 'NONE', *, *, #1482, .F. ) ;
#2351 = DIRECTION ( 'NONE',  ( 0.000000000000000000, 0.5878588831525579650, 0.8089634933040102949 ) ) ;
#2352 = CARTESIAN_POINT ( 'NONE',  ( 11.19674689146002677, -9.975746623952387537, -8.658451217033986680 ) ) ;
#2353 = AXIS2_PLACEMENT_3D ( 'NONE', #4030, #146, #3976 ) ;
#2354 = ORIENTED_EDGE ( 'NONE', *, *, #5283, .F. ) ;
#2355 = DIRECTION ( 'NONE',  ( -0.3213938048432742334, 0.7660444431189746828, 0.5566703992264213641 ) ) ;
#2356 = CARTESIAN_POINT ( 'NONE',  ( 2.367187679621617580, -10.88569332758859787, 12.84126564117185332 ) ) ;
#2357 = AXIS2_PLACEMENT_3D ( 'NONE', #3435, #3818, #4319 ) ;
#2358 = EDGE_CURVE ( 'NONE', #3701, #611, #2264, .T. ) ;
#2359 = CARTESIAN_POINT ( 'NONE',  ( 2.431361692321963197, -10.84401044073889331, 12.87149602052091879 ) ) ;
#2360 = CARTESIAN_POINT ( 'NONE',  ( 7.311534098513831736, -9.250141615220142555, 14.44671655877873739 ) ) ;
#2361 = EDGE_CURVE ( 'NONE', #3295, #3895, #4684, .T. ) ;
#2362 = DIRECTION ( 'NONE',  ( -0.3213938048432742334, 0.7660444431189746828, 0.5566703992264213641 ) ) ;
#2363 = CIRCLE ( 'NONE', #2021, 0.8999999999999982458 ) ;
#2364 = CARTESIAN_POINT ( 'NONE',  ( 3.315320430862126688, -17.32889594237606090, -7.449404333804945821 ) ) ;
#2365 = CIRCLE ( 'NONE', #353, 1.500000000000000666 ) ;
#2366 = LINE ( 'NONE', #4898, #2776 ) ;
#2367 = CARTESIAN_POINT ( 'NONE',  ( 0.9575555538987299276, 1.606969024216364783, -1.658534870422340823 ) ) ;
#2368 = ORIENTED_EDGE ( 'NONE', *, *, #3836, .F. ) ;
#2369 = FACE_OUTER_BOUND ( 'NONE', #3640, .T. ) ;
#2370 = CARTESIAN_POINT ( 'NONE',  ( -0.06511742445153802239, -14.23620314725358682, 9.309114512374051742 ) ) ;
#2371 = DIRECTION ( 'NONE',  ( 0.1808583966367549034, 0.2155386439426794087, 0.9596006113656522230 ) ) ;
#2372 = AXIS2_PLACEMENT_3D ( 'NONE', #1811, #1704, #2172 ) ;
#2373 = VERTEX_POINT ( 'NONE', #4285 ) ;
#2374 = TOROIDAL_SURFACE ( 'NONE', #273, 17.32050807568877460, 0.5000000000000000000 ) ;
#2375 = ORIENTED_EDGE ( 'NONE', *, *, #4093, .T. ) ;
#2376 = DIRECTION ( 'NONE',  ( 0.3535533905932774501, 0.7071067811865459074, -0.6123724356957943593 ) ) ;
#2377 = CARTESIAN_POINT ( 'NONE',  ( 2.431361692321963197, -10.84401044073889331, 12.87149602052091879 ) ) ;
#2378 = EDGE_CURVE ( 'NONE', #2986, #3295, #1387, .T. ) ;
#2379 = CIRCLE ( 'NONE', #3888, 16.82563641638338225 ) ;
#2380 = ORIENTED_EDGE ( 'NONE', *, *, #1259, .F. ) ;
#2381 = DIRECTION ( 'NONE',  ( 0.6427876096865435818, 0.7660444431189745718, 2.775557561562891351E-17 ) ) ;
#2382 = LINE ( 'NONE', #2910, #5162 ) ;
#2383 = CARTESIAN_POINT ( 'NONE',  ( -11.56463417484009426, -21.56081345920532044, 6.123233995736767268E-16 ) ) ;
#2384 = CARTESIAN_POINT ( 'NONE',  ( 11.19646901161970298, -9.959262574080552710, -8.673703146041709999 ) ) ;
#2385 = DIRECTION ( 'NONE',  ( 0.000000000000000000, -0.7181832268395639263, 0.6958540455341993836 ) ) ;
#2386 = ORIENTED_EDGE ( 'NONE', *, *, #311, .T. ) ;
#2387 = DIRECTION ( 'NONE',  ( 0.3830222215594810686, 0.6427876096865434707, 0.6634139481689389495 ) ) ;
#2388 = DIRECTION ( 'NONE',  ( -0.7660444431189746828, 0.6427876096865434707, 2.006177025403370908E-33 ) ) ;
#2389 = DIRECTION ( 'NONE',  ( 0.7071067811865463515, 0.7071067811865486830, 0.000000000000000000 ) ) ;
#2390 = ADVANCED_FACE ( 'NONE', ( #2177 ), #3378, .F. ) ;
#2391 = SPHERICAL_SURFACE ( 'NONE', #4210, 15.00000000000000000 ) ;
#2392 = DIRECTION ( 'NONE',  ( 0.3830222215594904500, 0.6427876096865433597, -0.6634139481689337314 ) ) ;
#2393 = ORIENTED_EDGE ( 'NONE', *, *, #543, .F. ) ;
#2394 = DIRECTION ( 'NONE',  ( -0.3213938048432665728, 0.7660444431189745718, -0.5566703992264259160 ) ) ;
#2395 = CARTESIAN_POINT ( 'NONE',  ( 2.813850353735945831, -17.16634818024107645, 5.211555892007359247 ) ) ;
#2396 = EDGE_CURVE ( 'NONE', #51, #4112, #1122, .T. ) ;
#2397 = CARTESIAN_POINT ( 'NONE',  ( 11.31009755794335980, -9.385828412306223001, 8.543296684802005103 ) ) ;
#2398 = ORIENTED_EDGE ( 'NONE', *, *, #2325, .T. ) ;
#2399 = VERTEX_POINT ( 'NONE', #3919 ) ;
#2400 = DIRECTION ( 'NONE',  ( 0.000000000000000000, 0.5878588831525581870, 0.8089634933040098508 ) ) ;
#2401 = CARTESIAN_POINT ( 'NONE',  ( -0.02773986444357921105, -14.66061143408786194, -9.698747490197531462 ) ) ;
#2402 = CIRCLE ( 'NONE', #3385, 0.9000000000000000222 ) ;
#2403 = B_SPLINE_CURVE_WITH_KNOTS ( 'NONE', 3,
 ( #2397, #1854, #1433, #231, #368, #388, #3267, #4115, #802, #2040 ),
 .UNSPECIFIED., .F., .F.,
 ( 4, 2, 2, 2, 4 ),
 ( 0.000000000000000000, 0.0005511528013485327351, 0.001102305602697065470, 0.001653458404045598205, 0.002204611205394130941 ),
 .UNSPECIFIED. ) ;
#2404 = EDGE_CURVE ( 'NONE', #4937, #4991, #5202, .T. ) ;
#2405 = ORIENTED_EDGE ( 'NONE', *, *, #1379, .F. ) ;
#2406 = CARTESIAN_POINT ( 'NONE',  ( -12.97898715154515870, -15.46775456608786747, 0.000000000000000000 ) ) ;
#2407 = DIRECTION ( 'NONE',  ( 0.000000000000000000, -1.000000000000000000, 0.000000000000000000 ) ) ;
#2408 = CARTESIAN_POINT ( 'NONE',  ( 11.33728877428741200, -9.615511229297606377, -8.248730043178122529 ) ) ;
#2409 = DIRECTION ( 'NONE',  ( 0.000000000000000000, 0.000000000000000000, -1.000000000000000000 ) ) ;
#2410 = DIRECTION ( 'NONE',  ( 0.3213938048432666283, -0.7660444431189745718, -0.5566703992264260270 ) ) ;
#2411 = B_SPLINE_CURVE_WITH_KNOTS ( 'NONE', 3,
 ( #539, #5078, #208, #2237, #3108, #975, #2347, #3956 ),
 .UNSPECIFIED., .F., .F.,
 ( 4, 2, 2, 4 ),
 ( 0.000000000000000000, 0.0002508336298728259368, 0.0005016672597456518735, 0.001003334519491303096 ),
 .UNSPECIFIED. ) ;
#2412 = TOROIDAL_SURFACE ( 'NONE', #3567, 17.32050807568877460, 0.5000000000000000000 ) ;
#2413 = DIRECTION ( 'NONE',  ( -0.3213938048432665728, 0.7660444431189746828, -0.5566703992264259160 ) ) ;
#2414 = CARTESIAN_POINT ( 'NONE',  ( -14.72547143890729160, -9.770514355658988848, 1.391045765830523377E-22 ) ) ;
#2415 = DATE_TIME_ROLE ( 'creation_date' ) ;
#2416 = LINE ( 'NONE', #4982, #1056 ) ;
#2417 = FACE_OUTER_BOUND ( 'NONE', #633, .T. ) ;
#2418 = PLANE ( 'NONE',  #3492 ) ;
#2419 = CARTESIAN_POINT ( 'NONE',  ( 9.153878074947234822, -9.793344750915636610, 13.88925787934953071 ) ) ;
#2420 = ORIENTED_EDGE ( 'NONE', *, *, #5238, .T. ) ;
#2421 = DIRECTION ( 'NONE',  ( -0.9469456279049834890, -0.2599958550922824019, -0.1889342031673184041 ) ) ;
#2422 = CARTESIAN_POINT ( 'NONE',  ( 9.931361692320404444, -10.84401044073889153, -8.541369001599649735 ) ) ;
#2423 = CARTESIAN_POINT ( 'NONE',  ( -7.566391387029043791, -14.11136526519911882, -5.714295091500238399 ) ) ;
#2424 = EDGE_CURVE ( 'NONE', #160, #4247, #4482, .T. ) ;
#2425 = EDGE_LOOP ( 'NONE', ( #2055, #1219, #3982, #3273 ) ) ;
#2426 = ORIENTED_EDGE ( 'NONE', *, *, #2970, .T. ) ;
#2427 = DIRECTION ( 'NONE',  ( 0.3830222215594903390, 0.6427876096865433597, -0.6634139481689337314 ) ) ;
#2428 = CARTESIAN_POINT ( 'NONE',  ( 2.019485715444095941, -10.80741444993152811, -12.96616637069448075 ) ) ;
#2429 = CIRCLE ( 'NONE', #2605, 6.500000000000001776 ) ;
#2430 = VECTOR ( 'NONE', #4373, 1000.000000000000000 ) ;
#2431 = VERTEX_POINT ( 'NONE', #2701 ) ;
#2432 = DIRECTION ( 'NONE',  ( -0.7660444431189744607, 0.6427876096865434707, 0.000000000000000000 ) ) ;
#2433 = CARTESIAN_POINT ( 'NONE',  ( 6.736018180446567527, -8.276728598351896338, 11.66712572924098978 ) ) ;
#2434 = CARTESIAN_POINT ( 'NONE',  ( 8.522526658840593683, -14.58726729576248893, 4.652783883742804605 ) ) ;
#2435 = VECTOR ( 'NONE', #2479, 1000.000000000000000 ) ;
#2436 = CARTESIAN_POINT ( 'NONE',  ( 8.604742754403131855, -14.33921762924459387, 5.157057291877597649 ) ) ;
#2437 = EDGE_CURVE ( 'NONE', #3591, #407, #4936, .T. ) ;
#2438 = AXIS2_PLACEMENT_3D ( 'NONE', #4794, #1096, #1018 ) ;
#2439 = ORIENTED_EDGE ( 'NONE', *, *, #4460, .T. ) ;
#2440 = CARTESIAN_POINT ( 'NONE',  ( 0.000000000000000000, -14.97297565616133674, 0.000000000000000000 ) ) ;
#2441 = ORIENTED_EDGE ( 'NONE', *, *, #2169, .T. ) ;
#2442 = CARTESIAN_POINT ( 'NONE',  ( 11.15014079641722233, -10.17856055167274221, 8.563468642777833040 ) ) ;
#2443 = COORDINATED_UNIVERSAL_TIME_OFFSET ( 8, 0, .AHEAD. ) ;
#2444 = FACE_OUTER_BOUND ( 'NONE', #5029, .T. ) ;
#2445 = ADVANCED_FACE ( 'NONE', ( #4875 ), #3768, .F. ) ;
#2446 = DIRECTION ( 'NONE',  ( -0.3213938048432744554, 0.7660444431189745718, 0.5566703992264216971 ) ) ;
#2447 = AXIS2_PLACEMENT_3D ( 'NONE', #89, #221, #4360 ) ;
#2448 = DIRECTION ( 'NONE',  ( -0.3535533905932685683, -0.7071067811865465735, -0.6123724356957986892 ) ) ;
#2449 = CARTESIAN_POINT ( 'NONE',  ( 1.847905972385899709, -10.76728057987165421, -13.02634192182313555 ) ) ;
#2450 = DIRECTION ( 'NONE',  ( 0.6427876096865435818, 0.7660444431189745718, 2.775557561562891351E-17 ) ) ;
#2451 = DIRECTION ( 'NONE',  ( 0.7071067811865465735, 0.7071067811865485719, 0.000000000000000000 ) ) ;
#2452 = ORIENTED_EDGE ( 'NONE', *, *, #5335, .F. ) ;
#2453 = PERSON_AND_ORGANIZATION ( #377, #2199 ) ;
#2454 = ORIENTED_EDGE ( 'NONE', *, *, #2086, .F. ) ;
#2455 = CARTESIAN_POINT ( 'NONE',  ( -8.287553271921101583, -17.61793524039264369, 0.5045735535299729069 ) ) ;
#2456 = CYLINDRICAL_SURFACE ( 'NONE', #3774, 0.9000000000000000222 ) ;
#2457 = AXIS2_PLACEMENT_3D ( 'NONE', #3728, #5069, #5045 ) ;
#2458 = EDGE_CURVE ( 'NONE', #207, #4806, #1735, .T. ) ;
#2459 = CIRCLE ( 'NONE', #874, 1.499999999999999778 ) ;
#2460 = EDGE_CURVE ( 'NONE', #4746, #349, #2176, .T. ) ;
#2461 = ORIENTED_EDGE ( 'NONE', *, *, #1445, .F. ) ;
#2462 = FACE_OUTER_BOUND ( 'NONE', #1383, .T. ) ;
#2463 = CARTESIAN_POINT ( 'NONE',  ( 8.522883554528206673, -14.57085157958102961, 4.019577216011470000 ) ) ;
#2464 = EDGE_CURVE ( 'NONE', #3572, #3788, #1470, .T. ) ;
#2465 = TOROIDAL_SURFACE ( 'NONE', #5311, 7.000000000000000888, 0.5000000000000000000 ) ;
#2466 = DIRECTION ( 'NONE',  ( 0.000000000000000000, 0.7181832268395611507, 0.6958540455342020481 ) ) ;
#2467 = LOCAL_TIME ( 11, 49, 24.00000000000000000, #687 ) ;
#2468 = VERTEX_POINT ( 'NONE', #2778 ) ;
#2469 = DIRECTION ( 'NONE',  ( -0.3830222215594812352, -0.6427876096865434707, -0.6634139481689390605 ) ) ;
#2470 = PLANE ( 'NONE',  #4497 ) ;
#2471 = CARTESIAN_POINT ( 'NONE',  ( 0.9575555538987299276, 1.606969024216364783, -1.658534870422340823 ) ) ;
#2472 = DIRECTION ( 'NONE',  ( -1.000000000000000000, 0.000000000000000000, 0.000000000000000000 ) ) ;
#2473 = CARTESIAN_POINT ( 'NONE',  ( -7.405094889929655366, -14.72383461542029792, -5.279513603438186209 ) ) ;
#2474 = ADVANCED_FACE ( 'NONE', ( #202, #2338 ), #1485, .F. ) ;
#2475 = DIRECTION ( 'NONE',  ( -1.000000000000000000, 0.000000000000000000, 0.000000000000000000 ) ) ;
#2476 = DIRECTION ( 'NONE',  ( -0.6427876096865435818, -0.7660444431189745718, -2.775557561562891351E-17 ) ) ;
#2477 = FACE_OUTER_BOUND ( 'NONE', #4335, .T. ) ;
#2478 = VERTEX_POINT ( 'NONE', #4424 ) ;
#2479 = DIRECTION ( 'NONE',  ( -0.7660444431189745718, 0.6427876096865435818, -0.000000000000000000 ) ) ;
#2480 =( NAMED_UNIT ( * ) PLANE_ANGLE_UNIT ( ) SI_UNIT ( $, .RADIAN. ) );
#2481 = ORIENTED_EDGE ( 'NONE', *, *, #3782, .T. ) ;
#2482 = CARTESIAN_POINT ( 'NONE',  ( -7.065027007717545438, -16.19839045252442844, 6.123232604514602279E-16 ) ) ;
#2483 = CARTESIAN_POINT ( 'NONE',  ( -12.20330553390634165, -10.68927916467649020, 5.084595449043307624 ) ) ;
#2484 = ORIENTED_EDGE ( 'NONE', *, *, #3312, .T. ) ;
#2485 = CARTESIAN_POINT ( 'NONE',  ( 8.804528526231804264, -17.39611739514750255, 7.249890744123208997 ) ) ;
#2486 = CARTESIAN_POINT ( 'NONE',  ( 8.166202538461474703, -14.20381532016572557, 4.568560620257888338 ) ) ;
#2487 = CARTESIAN_POINT ( 'NONE',  ( 3.034449215890737239, -10.87501594090087487, -13.28145353584925736 ) ) ;
#2488 = EDGE_CURVE ( 'NONE', #719, #1817, #4842, .T. ) ;
#2489 = EDGE_CURVE ( 'NONE', #3701, #267, #2946, .T. ) ;
#2490 = CARTESIAN_POINT ( 'NONE',  ( -12.56102698433067744, -10.27467755521409387, -5.085593838907270126 ) ) ;
#2491 = VERTEX_POINT ( 'NONE', #718 ) ;
#2492 = DIRECTION ( 'NONE',  ( -0.3213938048432742889, 0.7660444431189745718, 0.5566703992264214751 ) ) ;
#2493 = CIRCLE ( 'NONE', #1975, 6.800000000000001599 ) ;
#2494 = VERTEX_POINT ( 'NONE', #1234 ) ;
#2495 = CARTESIAN_POINT ( 'NONE',  ( 1.421214227350886539, -10.49045412207544281, 13.30671836335893587 ) ) ;
#2496 = DIRECTION ( 'NONE',  ( -0.3213938048432742334, 0.7660444431189745718, -0.5566703992264214751 ) ) ;
#2497 = CARTESIAN_POINT ( 'NONE',  ( -0.9748462722798433289, -14.47308771211367606, -8.870543933718497698 ) ) ;
#2498 = CARTESIAN_POINT ( 'NONE',  ( 0.4650080854899175109, -17.90499091948268529, -11.36444483687514939 ) ) ;
#2499 = DIRECTION ( 'NONE',  ( -0.7071067811865465735, -0.7071067811865485719, 0.000000000000000000 ) ) ;
#2500 = ADVANCED_FACE ( 'NONE', ( #5426 ), #3420, .F. ) ;
#2501 = ORIENTED_EDGE ( 'NONE', *, *, #4125, .T. ) ;
#2502 = DIRECTION ( 'NONE',  ( 0.6427876096865434707, 0.7660444431189746828, 0.000000000000000000 ) ) ;
#2503 = DIRECTION ( 'NONE',  ( -0.6427876096865435818, -0.7660444431189745718, -2.775557561562891351E-17 ) ) ;
#2504 = ORIENTED_EDGE ( 'NONE', *, *, #4237, .T. ) ;
#2505 = DIRECTION ( 'NONE',  ( 0.000000000000000000, 0.5878588831525614067, 0.8089634933040077414 ) ) ;
#2506 = DIRECTION ( 'NONE',  ( 0.6427876096865433597, 0.7660444431189745718, 0.000000000000000000 ) ) ;
#2507 = CARTESIAN_POINT ( 'NONE',  ( -12.88844019500104565, -10.80638156338506484, 4.053937497196375084 ) ) ;
#2508 = AXIS2_PLACEMENT_3D ( 'NONE', #4675, #2472, #1283 ) ;
#2509 = VERTEX_POINT ( 'NONE', #3345 ) ;
#2510 = CARTESIAN_POINT ( 'NONE',  ( 0.000000000000000000, -5.500000000000000000, 0.000000000000000000 ) ) ;
#2511 = CARTESIAN_POINT ( 'NONE',  ( 8.474910916685658435, -14.61971732159214987, 4.750117107590642540 ) ) ;
#2512 = DIRECTION ( 'NONE',  ( -0.3535533905932685683, -0.7071067811865465735, -0.6123724356957986892 ) ) ;
#2513 = DIRECTION ( 'NONE',  ( -0.7660444431189746828, 0.6427876096865434707, 2.006177025403370566E-33 ) ) ;
#2514 = AXIS2_PLACEMENT_3D ( 'NONE', #3822, #3847, #4719 ) ;
#2515 = LINE ( 'NONE', #2548, #1532 ) ;
#2516 = DIRECTION ( 'NONE',  ( -0.7660444431189746828, 0.6427876096865432487, 0.000000000000000000 ) ) ;
#2517 = VERTEX_POINT ( 'NONE', #4475 ) ;
#2518 = AXIS2_PLACEMENT_3D ( 'NONE', #1738, #4715, #2505 ) ;
#2519 = VERTEX_POINT ( 'NONE', #1597 ) ;
#2520 = LINE ( 'NONE', #2552, #3612 ) ;
#2521 = CARTESIAN_POINT ( 'NONE',  ( 4.425913350343074981, -17.69716204334837428, 7.066289358875408766 ) ) ;
#2522 = EDGE_CURVE ( 'NONE', #2068, #4882, #3235, .T. ) ;
#2523 = AXIS2_PLACEMENT_3D ( 'NONE', #3431, #36, #1212 ) ;
#2524 = ORIENTED_EDGE ( 'NONE', *, *, #5254, .F. ) ;
#2525 = EDGE_CURVE ( 'NONE', #4700, #587, #4575, .T. ) ;
#2526 = CARTESIAN_POINT ( 'NONE',  ( -15.63327622754038693, -10.97167182143269493, 0.8737390706765105763 ) ) ;
#2527 = FACE_OUTER_BOUND ( 'NONE', #3551, .T. ) ;
#2528 = CARTESIAN_POINT ( 'NONE',  ( -0.8880837944234509784, -14.26699635934662602, -9.208353559667196819 ) ) ;
#2529 = DIRECTION ( 'NONE',  ( -0.6427876096865433597, -0.7660444431189745718, 0.000000000000000000 ) ) ;
#2530 = CIRCLE ( 'NONE', #2884, 0.4999999999999993894 ) ;
#2531 = CARTESIAN_POINT ( 'NONE',  ( -5.930657695150938657, -34.10306789440962660, -9.576346404766779230 ) ) ;
#2532 = AXIS2_PLACEMENT_3D ( 'NONE', #3927, #4802, #45 ) ;
#2533 = ORIENTED_EDGE ( 'NONE', *, *, #4935, .T. ) ;
#2534 = CARTESIAN_POINT ( 'NONE',  ( 11.65040429010521628, -11.65040429010518963, 0.000000000000000000 ) ) ;
#2535 = CARTESIAN_POINT ( 'NONE',  ( -7.086115671569942265, -16.21506086241706868, -0.2625670866312961316 ) ) ;
#2536 = ORIENTED_EDGE ( 'NONE', *, *, #5356, .T. ) ;
#2537 = CARTESIAN_POINT ( 'NONE',  ( -5.936047594130251959, -17.18001204462061082, 0.2623456000375339325 ) ) ;
#2538 = CARTESIAN_POINT ( 'NONE',  ( -16.62940417765856083, -9.819815622821433720, -0.9740198810376701211 ) ) ;
#2539 = LINE ( 'NONE', #4891, #2633 ) ;
#2540 = AXIS2_PLACEMENT_3D ( 'NONE', #4988, #2476, #4964 ) ;
#2541 = AXIS2_PLACEMENT_3D ( 'NONE', #3857, #5170, #4274 ) ;
#2542 = ORIENTED_EDGE ( 'NONE', *, *, #2458, .T. ) ;
#2543 = CARTESIAN_POINT ( 'NONE',  ( 1.102182119232617788E-16, -16.00000000000000000, -0.9000000000000000222 ) ) ;
#2544 = CARTESIAN_POINT ( 'NONE',  ( -5.825202145052655212, -12.63238479616715537, 8.955652660562616774 ) ) ;
#2545 = ADVANCED_FACE ( 'NONE', ( #306 ), #1982, .F. ) ;
#2546 = CARTESIAN_POINT ( 'NONE',  ( 4.198782034201690827, -18.34321926526372337, -5.628640141252087226 ) ) ;
#2547 = CIRCLE ( 'NONE', #1223, 5.000000000000001776 ) ;
#2548 = CARTESIAN_POINT ( 'NONE',  ( 1.876325295956413175, -17.39611739514750255, -11.24989074412312107 ) ) ;
#2549 = ORIENTED_EDGE ( 'NONE', *, *, #1289, .F. ) ;
#2550 = CIRCLE ( 'NONE', #3271, 16.82050807568877460 ) ;
#2551 = ORIENTED_EDGE ( 'NONE', *, *, #265, .T. ) ;
#2552 = CARTESIAN_POINT ( 'NONE',  ( 1.102182119232617788E-16, -24.00000000000000000, -0.9000000000000000222 ) ) ;
#2553 = CARTESIAN_POINT ( 'NONE',  ( 5.154840035044593094, -16.10768100251710777, -3.670182139111204389 ) ) ;
#2554 = AXIS2_PLACEMENT_3D ( 'NONE', #3227, #1586, #1193 ) ;
#2555 = ORIENTED_EDGE ( 'NONE', *, *, #3412, .F. ) ;
#2556 = FACE_OUTER_BOUND ( 'NONE', #3264, .T. ) ;
#2557 = CARTESIAN_POINT ( 'NONE',  ( -7.568572007832275794, -14.62173951721651477, 5.372413885577743464 ) ) ;
#2558 = CARTESIAN_POINT ( 'NONE',  ( -5.825202145052513991, -11.65040429010518963, -10.08954607959037908 ) ) ;
#2559 = CARTESIAN_POINT ( 'NONE',  ( 0.9284300462807371090, -17.42358175841449253, 11.75936410289291345 ) ) ;
#2560 = FACE_OUTER_BOUND ( 'NONE', #3987, .T. ) ;
#2561 = ADVANCED_FACE ( 'NONE', ( #4961 ), #4065, .F. ) ;
#2562 = ORIENTED_EDGE ( 'NONE', *, *, #2575, .F. ) ;
#2563 = EDGE_CURVE ( 'NONE', #2115, #4937, #1154, .T. ) ;
#2564 = CARTESIAN_POINT ( 'NONE',  ( 1.876325295956256856, -17.39611739514750255, 11.24989074412314771 ) ) ;
#2565 = CARTESIAN_POINT ( 'NONE',  ( 1.876260034341973970, -10.27467755521434611, 13.42096538550587681 ) ) ;
#2566 = VERTEX_POINT ( 'NONE', #2837 ) ;
#2567 = DIRECTION ( 'NONE',  ( 0.3213938048432744554, -0.7660444431189745718, -0.5566703992264216971 ) ) ;
#2568 = DIRECTION ( 'NONE',  ( 0.3213938048432742334, -0.7660444431189746828, -0.5566703992264213641 ) ) ;
#2569 = CARTESIAN_POINT ( 'NONE',  ( 4.820907072648997094, -11.49066664678461613, -8.350055988396386297 ) ) ;
#2570 = CIRCLE ( 'NONE', #127, 15.53395348703928747 ) ;
#2571 = VERTEX_POINT ( 'NONE', #2473 ) ;
#2572 = CARTESIAN_POINT ( 'NONE',  ( 9.984851553282702241, -10.87501594090087309, 9.268636875379822726 ) ) ;
#2573 = CARTESIAN_POINT ( 'NONE',  ( 1.900367269805027792, -9.974987689571690908, -14.02622388513390916 ) ) ;
#2574 = CARTESIAN_POINT ( 'NONE',  ( 4.025890298155442082, -18.56970261378535980, -5.901867927659603552 ) ) ;
#2575 = EDGE_CURVE ( 'NONE', #645, #3838, #2752, .T. ) ;
#2576 = DIRECTION ( 'NONE',  ( 0.000000000000000000, -0.9756905822570606235, -0.2191526584253042642 ) ) ;
#2577 = ORIENTED_EDGE ( 'NONE', *, *, #2464, .T. ) ;
#2578 = ORIENTED_EDGE ( 'NONE', *, *, #185, .F. ) ;
#2579 = CARTESIAN_POINT ( 'NONE',  ( -7.094229991075973629, -18.52242078305568640, -0.6151719623498653755 ) ) ;
#2580 = CARTESIAN_POINT ( 'NONE',  ( 8.271454600238186572, -14.48527678248614059, -3.280212695994967564 ) ) ;
#2581 = ORIENTED_EDGE ( 'NONE', *, *, #1960, .F. ) ;
#2582 = DIRECTION ( 'NONE',  ( -0.3213938048432742334, 0.7660444431189745718, -0.5566703992264214751 ) ) ;
#2583 = DIRECTION ( 'NONE',  ( -0.3830222215594810686, -0.6427876096865436928, 0.6634139481689388385 ) ) ;
#2584 = CARTESIAN_POINT ( 'NONE',  ( -1.330921240112964643, -14.38859008328525313, -8.957199315961467789 ) ) ;
#2585 = LINE ( 'NONE', #470, #2629 ) ;
#2586 = AXIS2_PLACEMENT_3D ( 'NONE', #5290, #1483, #3182 ) ;
#2587 = DIRECTION ( 'NONE',  ( 0.7660444431189743497, -0.6427876096865436928, 0.000000000000000000 ) ) ;
#2588 = ORIENTED_EDGE ( 'NONE', *, *, #576, .T. ) ;
#2589 = AXIS2_PLACEMENT_3D ( 'NONE', #4158, #2469, #1225 ) ;
#2590 = DIRECTION ( 'NONE',  ( -1.784094010544421848E-17, -2.126200446592104087E-17, 1.000000000000000000 ) ) ;
#2591 = EDGE_LOOP ( 'NONE', ( #3883, #3637, #1832, #3489, #3037, #2761, #240, #232 ) ) ;
#2592 = CARTESIAN_POINT ( 'NONE',  ( -5.825202145052513991, -10.66842378404321856, -11.22343949861805612 ) ) ;
#2593 = CARTESIAN_POINT ( 'NONE',  ( -15.98152065211378137, -8.978074199863204541, -0.6144233895186572703 ) ) ;
#2594 = FACE_OUTER_BOUND ( 'NONE', #2425, .T. ) ;
#2595 = EDGE_CURVE ( 'NONE', #3300, #2491, #164, .T. ) ;
#2596 = EDGE_LOOP ( 'NONE', ( #5299, #4031, #5394, #3681 ) ) ;
#2597 = EDGE_CURVE ( 'NONE', #3753, #5098, #861, .T. ) ;
#2598 = DIRECTION ( 'NONE',  ( 8.006416042969879049E-16, 0.5878588831525614067, 0.8089634933040076303 ) ) ;
#2599 = CARTESIAN_POINT ( 'NONE',  ( 10.02939295137697151, -10.98124759220028146, 9.371418160858336677 ) ) ;
#2600 = VECTOR ( 'NONE', #529, 999.9999999999998863 ) ;
#2601 = CARTESIAN_POINT ( 'NONE',  ( 0.9575555538987299276, 1.606969024216364783, -1.658534870422340823 ) ) ;
#2602 = ORIENTED_EDGE ( 'NONE', *, *, #3282, .T. ) ;
#2603 = ORIENTED_EDGE ( 'NONE', *, *, #983, .T. ) ;
#2604 = PLANE ( 'NONE',  #4856 ) ;
#2605 = AXIS2_PLACEMENT_3D ( 'NONE', #2406, #2381, #2432 ) ;
#2606 = ADVANCED_BREP_SHAPE_REPRESENTATION ( '\X2\56fa5b9a4ef6\X0\', ( #147, #367 ), #4965 ) ;
#2607 = CARTESIAN_POINT ( 'NONE',  ( 4.603617546609172884, -17.60082604647995907, 6.900324042455073581 ) ) ;
#2608 = CIRCLE ( 'NONE', #3061, 0.5000000000000003331 ) ;
#2609 = DIRECTION ( 'NONE',  ( 0.3830222215594811241, 0.6427876096865433597, 0.6634139481689389495 ) ) ;
#2610 = CARTESIAN_POINT ( 'NONE',  ( -8.132621770869702615, -14.54980754085660877, 5.204260375035364206 ) ) ;
#2611 = CARTESIAN_POINT ( 'NONE',  ( 9.934887499431940938, -10.87010781330677922, 8.493499627826791354 ) ) ;
#2612 = EDGE_CURVE ( 'NONE', #381, #1354, #3597, .T. ) ;
#2613 = DIRECTION ( 'NONE',  ( -0.7660444431189746828, 0.6427876096865434707, 2.006177025403370566E-33 ) ) ;
#2614 = TOROIDAL_SURFACE ( 'NONE', #4209, 17.32050807568877460, 0.5000000000000000000 ) ;
#2615 = AXIS2_PLACEMENT_3D ( 'NONE', #489, #2167, #268 ) ;
#2616 = ORIENTED_EDGE ( 'NONE', *, *, #3785, .T. ) ;
#2617 = CARTESIAN_POINT ( 'NONE',  ( -5.401217195470171539, -13.99381480538303002, 0.000000000000000000 ) ) ;
#2618 = AXIS2_PLACEMENT_3D ( 'NONE', #3946, #580, #1849 ) ;
#2619 = CARTESIAN_POINT ( 'NONE',  ( -8.151529283240185109, -17.39452664459490094, -0.7994110250549283370 ) ) ;
#2620 = EDGE_LOOP ( 'NONE', ( #1781, #2274, #2920, #2907, #3827, #4795 ) ) ;
#2621 = CARTESIAN_POINT ( 'NONE',  ( -6.702579318928644447, -17.97961964501490684, 1.000084755878984710 ) ) ;
#2622 = DIRECTION ( 'NONE',  ( -0.6427876096865434707, -0.7660444431189745718, 0.000000000000000000 ) ) ;
#2623 = FACE_OUTER_BOUND ( 'NONE', #1573, .T. ) ;
#2624 = TOROIDAL_SURFACE ( 'NONE', #252, 7.000000000000000888, 0.5000000000000000000 ) ;
#2625 = ORIENTED_EDGE ( 'NONE', *, *, #2239, .F. ) ;
#2626 = EDGE_LOOP ( 'NONE', ( #2344, #3308, #809, #1416 ) ) ;
#2627 = CARTESIAN_POINT ( 'NONE',  ( 0.000000000000000000, -16.00000000000000000, 0.000000000000000000 ) ) ;
#2628 = CARTESIAN_POINT ( 'NONE',  ( 8.361548398699303775, -14.66831244891576347, 3.799529918639064974 ) ) ;
#2629 = VECTOR ( 'NONE', #1764, 1000.000000000000000 ) ;
#2630 = ADVANCED_FACE ( 'NONE', ( #1620 ), #2891, .T. ) ;
#2631 = DIRECTION ( 'NONE',  ( 0.3535533905932774501, 0.7071067811865459074, -0.6123724356957942483 ) ) ;
#2632 = ADVANCED_FACE ( 'NONE', ( #2527, #3396 ), #847, .F. ) ;
#2633 = VECTOR ( 'NONE', #422, 999.9999999999998863 ) ;
#2634 = ORIENTED_EDGE ( 'NONE', *, *, #698, .F. ) ;
#2635 = EDGE_CURVE ( 'NONE', #5350, #4867, #4665, .T. ) ;
#2636 = ORIENTED_EDGE ( 'NONE', *, *, #574, .F. ) ;
#2637 = CARTESIAN_POINT ( 'NONE',  ( -12.56540484013259196, -10.36900817142981879, 4.885965602801443097 ) ) ;
#2638 = CIRCLE ( 'NONE', #4772, 6.800000000000002487 ) ;
#2639 = CARTESIAN_POINT ( 'NONE',  ( 3.982213182777426752, -16.26772100255776721, 5.957150960036439180 ) ) ;
#2640 = AXIS2_PLACEMENT_3D ( 'NONE', #1313, #4275, #2141 ) ;
#2641 = VERTEX_POINT ( 'NONE', #1284 ) ;
#2642 = CARTESIAN_POINT ( 'NONE',  ( -7.814710961461992511, -14.00801007672469822, 5.631570690838198168 ) ) ;
#2643 = CARTESIAN_POINT ( 'NONE',  ( 0.1314013298379072547, -13.97166927126947478, -9.693022407334686008 ) ) ;
#2644 = CARTESIAN_POINT ( 'NONE',  ( 11.09720036217987449, -9.660691290474620274, 8.523172394960706555 ) ) ;
#2645 = AXIS2_PLACEMENT_3D ( 'NONE', #5023, #805, #749 ) ;
#2646 = CARTESIAN_POINT ( 'NONE',  ( 4.095527243244638349, -17.73429875261300737, -7.280305523124812161 ) ) ;
#2647 = ORIENTED_EDGE ( 'NONE', *, *, #983, .F. ) ;
#2648 = EDGE_CURVE ( 'NONE', #1057, #271, #3834, .T. ) ;
#2649 = DIRECTION ( 'NONE',  ( -0.3830222215594810686, -0.6427876096865436928, 0.6634139481689388385 ) ) ;
#2650 = CARTESIAN_POINT ( 'NONE',  ( 5.340426911094028561, -17.39611739514749900, 9.249890744123176134 ) ) ;
#2651 = EDGE_LOOP ( 'NONE', ( #2831, #2016, #3172, #2003 ) ) ;
#2652 = DIRECTION ( 'NONE',  ( 0.000000000000000000, -0.9756905822570606235, -0.2191526584253042642 ) ) ;
#2653 = CARTESIAN_POINT ( 'NONE',  ( 1.846408858024163134E-15, -5.500000000000000000, -14.62019151721344556 ) ) ;
#2654 = CARTESIAN_POINT ( 'NONE',  ( 0.000000000000000000, 0.000000000000000000, 0.000000000000000000 ) ) ;
#2655 = ORIENTED_EDGE ( 'NONE', *, *, #78, .F. ) ;
#2656 = ORIENTED_EDGE ( 'NONE', *, *, #1696, .T. ) ;
#2657 = CARTESIAN_POINT ( 'NONE',  ( 2.967431753621142310, -16.72949383674136570, 7.106150360591342086 ) ) ;
#2658 = CARTESIAN_POINT ( 'NONE',  ( 0.4650080854897587490, -17.90499091948268173, 11.36444483687515294 ) ) ;
#2659 = DIRECTION ( 'NONE',  ( 0.3213938048432743444, -0.7660444431189745718, 0.5566703992264215861 ) ) ;
#2660 = ORIENTED_EDGE ( 'NONE', *, *, #3620, .T. ) ;
#2661 = ORIENTED_EDGE ( 'NONE', *, *, #389, .F. ) ;
#2662 = CARTESIAN_POINT ( 'NONE',  ( 7.638560240450922301, -13.53939173702823417, 13.23037443313682182 ) ) ;
#2663 = CARTESIAN_POINT ( 'NONE',  ( 8.166669742233386486, -14.20360431608543195, -4.568367773286115430 ) ) ;
#2664 = ADVANCED_FACE ( 'NONE', ( #3809 ), #5028, .F. ) ;
#2665 = ORIENTED_EDGE ( 'NONE', *, *, #777, .F. ) ;
#2666 = CARTESIAN_POINT ( 'NONE',  ( 8.016250584520140166, -14.05794848917652651, 5.224299260749765139 ) ) ;
#2667 = DIRECTION ( 'NONE',  ( -3.728499977318076986E-17, -0.7181832268395640373, 0.6958540455341993836 ) ) ;
#2668 = CARTESIAN_POINT ( 'NONE',  ( 7.926761770435891030, -11.30528358217342522, -13.91530958494691639 ) ) ;
#2669 = B_SPLINE_CURVE_WITH_KNOTS ( 'NONE', 3,
 ( #136, #5171, #901, #5118, #955, #3858 ),
 .UNSPECIFIED., .F., .F.,
 ( 4, 2, 4 ),
 ( 1.788112030672749005E-18, 0.0004559568227287688299, 0.0009119136454575358167 ),
 .UNSPECIFIED. ) ;
#2670 = ORIENTED_EDGE ( 'NONE', *, *, #1013, .T. ) ;
#2671 = CARTESIAN_POINT ( 'NONE',  ( 7.562178497074458328, -9.785888450334610411, 12.64697829964171660 ) ) ;
#2672 = CARTESIAN_POINT ( 'NONE',  ( 1.743663182133980083, -9.385828412306242541, 14.06648014686034109 ) ) ;
#2673 = EDGE_LOOP ( 'NONE', ( #1698, #2536, #3629, #1084 ) ) ;
#2674 = CARTESIAN_POINT ( 'NONE',  ( 6.860711084574225183, -9.969098150089028110, -13.17312378842821019 ) ) ;
#2675 = CARTESIAN_POINT ( 'NONE',  ( 7.306397594546058194, -9.449193142443728988, -14.62228063856276350 ) ) ;
#2676 = CARTESIAN_POINT ( 'NONE',  ( 8.990541633623763573, -10.23971558460522502, -14.49655776809606600 ) ) ;
#2677 = EDGE_CURVE ( 'NONE', #126, #2494, #600, .T. ) ;
#2678 = B_SPLINE_CURVE_WITH_KNOTS ( 'NONE', 3,
 ( #3709, #1939, #4486, #2455, #5327, #3217, #5026, #1967, #3657, #4941, #5354, #4072, #290, #726, #1103, #1606, #4604, #2482 ),
 .UNSPECIFIED., .F., .F.,
 ( 4, 2, 2, 2, 2, 2, 2, 2, 4 ),
 ( 6.154284710539866537E-19, 0.0003917964489861724877, 0.0007835928979723446501, 0.001175389346958516596, 0.001567185795944689083, 0.001958982244930860921, 0.002350778693917032324, 0.002742575142903204595, 0.003134371591889376432 ),
 .UNSPECIFIED. ) ;
#2679 = ORIENTED_EDGE ( 'NONE', *, *, #2522, .T. ) ;
#2680 = ORIENTED_EDGE ( 'NONE', *, *, #1756, .F. ) ;
#2681 = CARTESIAN_POINT ( 'NONE',  ( 9.937268422188244799, -10.88569332758859787, -8.470677486663831246 ) ) ;
#2682 = FACE_OUTER_BOUND ( 'NONE', #4510, .T. ) ;
#2683 = ADVANCED_FACE ( 'NONE', ( #4705 ), #190, .F. ) ;
#2684 = ORIENTED_EDGE ( 'NONE', *, *, #2071, .F. ) ;
#2685 = CARTESIAN_POINT ( 'NONE',  ( 4.820907072648997094, -11.49066664678461613, -8.350055988396386297 ) ) ;
#2686 = VERTEX_POINT ( 'NONE', #1761 ) ;
#2687 = FACE_OUTER_BOUND ( 'NONE', #415, .T. ) ;
#2688 = CARTESIAN_POINT ( 'NONE',  ( 8.413231643623461764, -14.66061143408786194, -4.825350317793011712 ) ) ;
#2689 = B_SPLINE_CURVE_WITH_KNOTS ( 'NONE', 3,
 ( #1829, #481, #4748, #3051, #1303, #5165, #948, #3522, #130, #3823 ),
 .UNSPECIFIED., .F., .F.,
 ( 4, 2, 2, 2, 4 ),
 ( 0.000000000000000000, 0.001102259932261460268, 0.001377824915326827286, 0.001653389898392194305, 0.002204519864522928342 ),
 .UNSPECIFIED. ) ;
#2690 = CARTESIAN_POINT ( 'NONE',  ( -8.534316013764755127, -14.83797325031955161, 4.000000000000000000 ) ) ;
#2691 = VERTEX_POINT ( 'NONE', #31 ) ;
#2692 = TOROIDAL_SURFACE ( 'NONE', #236, 17.32050807568877460, 0.5000000000000000000 ) ;
#2693 = FACE_OUTER_BOUND ( 'NONE', #3077, .T. ) ;
#2694 = CARTESIAN_POINT ( 'NONE',  ( 8.423861017261753403, -14.38779810259300973, 3.326363026317412874 ) ) ;
#2695 = ADVANCED_FACE ( 'NONE', ( #3526 ), #2002, .F. ) ;
#2696 = CIRCLE ( 'NONE', #4925, 2.500000000000000000 ) ;
#2697 = EDGE_CURVE ( 'NONE', #5114, #953, #4044, .T. ) ;
#2698 = CARTESIAN_POINT ( 'NONE',  ( -8.291754821479493387, -14.58759373699520090, -5.053190994572131167 ) ) ;
#2699 = ORIENTED_EDGE ( 'NONE', *, *, #908, .F. ) ;
#2700 = DIRECTION ( 'NONE',  ( -0.7660444431189746828, 0.6427876096865432487, 0.000000000000000000 ) ) ;
#2701 = CARTESIAN_POINT ( 'NONE',  ( 6.736018180446567527, -8.276728598351896338, 11.66712572924098978 ) ) ;
#2702 = ORIENTED_EDGE ( 'NONE', *, *, #2105, .T. ) ;
#2703 = DIRECTION ( 'NONE',  ( -0.1808583966367543205, -0.2155386439426787148, 0.9596006113656523340 ) ) ;
#2704 = CARTESIAN_POINT ( 'NONE',  ( -1.330951597356757832, -14.38850827274049138, 8.957329463048665730 ) ) ;
#2705 = TOROIDAL_SURFACE ( 'NONE', #5022, 7.000000000000000888, 0.5000000000000000000 ) ;
#2706 = DIRECTION ( 'NONE',  ( 0.000000000000000000, 0.000000000000000000, -1.000000000000000000 ) ) ;
#2707 = AXIS2_PLACEMENT_3D ( 'NONE', #855, #5181, #4259 ) ;
#2708 = ORIENTED_EDGE ( 'NONE', *, *, #2847, .T. ) ;
#2709 = VERTEX_POINT ( 'NONE', #2977 ) ;
#2710 = DIRECTION ( 'NONE',  ( 0.000000000000000000, 0.000000000000000000, 1.000000000000000000 ) ) ;
#2711 = CARTESIAN_POINT ( 'NONE',  ( 0.000000000000000000, -14.97297565616133674, 0.000000000000000000 ) ) ;
#2712 = CIRCLE ( 'NONE', #2532, 0.4999999999999997780 ) ;
#2713 = VECTOR ( 'NONE', #1889, 1000.000000000000000 ) ;
#2714 = EDGE_CURVE ( 'NONE', #2189, #3854, #4008, .T. ) ;
#2715 = ORIENTED_EDGE ( 'NONE', *, *, #4650, .F. ) ;
#2716 = CARTESIAN_POINT ( 'NONE',  ( 8.977038158101562360, -21.39683495154528714, 15.54868619131627305 ) ) ;
#2717 = CARTESIAN_POINT ( 'NONE',  ( 10.91326984304823178, -13.03459018660786306, 0.000000000000000000 ) ) ;
#2718 = EDGE_LOOP ( 'NONE', ( #128, #2603, #4907, #3454 ) ) ;
#2719 = CARTESIAN_POINT ( 'NONE',  ( 0.9575555538987059467, 1.606969024216363673, 1.658534870422352814 ) ) ;
#2720 = VECTOR ( 'NONE', #4450, 1000.000000000000227 ) ;
#2721 = VERTEX_POINT ( 'NONE', #1727 ) ;
#2722 = AXIS2_PLACEMENT_3D ( 'NONE', #4058, #2388, #4083 ) ;
#2723 = CARTESIAN_POINT ( 'NONE',  ( -8.039590825103116956, -14.20381532016806325, 4.787858540628568527 ) ) ;
#2724 = DIRECTION ( 'NONE',  ( 0.3213938048432742889, -0.7660444431189744607, 0.5566703992264214751 ) ) ;
#2725 = CARTESIAN_POINT ( 'NONE',  ( 7.679487290841438885, -11.26253261837828568, -13.99711620935090473 ) ) ;
#2726 = AXIS2_PLACEMENT_3D ( 'NONE', #477, #5185, #914 ) ;
#2727 = CARTESIAN_POINT ( 'NONE',  ( 4.604659892919488406, -17.60027786856286625, -6.899362340329212806 ) ) ;
#2728 = DIRECTION ( 'NONE',  ( -0.6427876096865435818, -0.7660444431189745718, -0.000000000000000000 ) ) ;
#2729 = CARTESIAN_POINT ( 'NONE',  ( 1.858066928814583463, -10.10760022101765010, 13.96867558688551014 ) ) ;
#2730 = VERTEX_POINT ( 'NONE', #3861 ) ;
#2731 = CARTESIAN_POINT ( 'NONE',  ( -12.61436870697126622, -10.75284684313849048, -4.176399639286795029 ) ) ;
#2732 = CARTESIAN_POINT ( 'NONE',  ( -1.294979775571249325, -14.48527678248613881, 8.803396158053404363 ) ) ;
#2733 = VECTOR ( 'NONE', #3723, 1000.000000000000000 ) ;
#2734 = CARTESIAN_POINT ( 'NONE',  ( 0.000000000000000000, -16.00000000000000000, 0.000000000000000000 ) ) ;
#2735 = ADVANCED_FACE ( 'NONE', ( #5066 ), #3621, .F. ) ;
#2736 = EDGE_CURVE ( 'NONE', #2992, #3525, #5292, .T. ) ;
#2737 = CIRCLE ( 'NONE', #628, 0.8999999999999982458 ) ;
#2738 = ORIENTED_EDGE ( 'NONE', *, *, #265, .F. ) ;
#2739 = ORIENTED_EDGE ( 'NONE', *, *, #1164, .T. ) ;
#2740 = CARTESIAN_POINT ( 'NONE',  ( 3.389168674917035773, -16.20197301873326268, 6.206417141133829141 ) ) ;
#2741 = CARTESIAN_POINT ( 'NONE',  ( 4.226677598418277171, -18.25012201657914446, 5.537046941051732674 ) ) ;
#2742 = ORIENTED_EDGE ( 'NONE', *, *, #214, .F. ) ;
#2743 = DIRECTION ( 'NONE',  ( -0.6517473912071953812, 0.000000000000000000, 0.7584361133639504482 ) ) ;
#2744 = DIRECTION ( 'NONE',  ( -0.3309512457171110977, 0.000000000000000000, -0.9436478543176434197 ) ) ;
#2745 = ORIENTED_EDGE ( 'NONE', *, *, #2294, .F. ) ;
#2746 = CARTESIAN_POINT ( 'NONE',  ( -13.05376074007754283, -9.385828412306224777, 5.523183462058407045 ) ) ;
#2747 = FACE_OUTER_BOUND ( 'NONE', #5203, .T. ) ;
#2748 = EDGE_CURVE ( 'NONE', #3221, #2842, #4945, .T. ) ;
#2749 = VERTEX_POINT ( 'NONE', #2717 ) ;
#2750 = CARTESIAN_POINT ( 'NONE',  ( -5.986965007414079665, -10.99194950876606747, 11.50362099500573443 ) ) ;
#2751 = CARTESIAN_POINT ( 'NONE',  ( -0.2633331652669083645, -14.58300558064783381, 9.695169669901179788 ) ) ;
#2752 = B_SPLINE_CURVE_WITH_KNOTS ( 'NONE', 3,
 ( #4560, #3648, #4533, #5343, #3725, #1538, #741, #3699, #3748, #2419, #4111, #282, #4594, #5451, #4927, #2812, #4509, #335 ),
 .UNSPECIFIED., .F., .F.,
 ( 4, 2, 2, 2, 2, 2, 2, 2, 4 ),
 ( 0.000000000000000000, 0.0003914167135343259250, 0.0007828334270686518499, 0.001174250140602977775, 0.001565666854137303700, 0.001957083567671629408, 0.002348500281205955550, 0.002739916994740281692, 0.003131333708274607400 ),
 .UNSPECIFIED. ) ;
#2753 = CARTESIAN_POINT ( 'NONE',  ( 10.71136497298028267, -10.80388577596859712, 8.805834006806769310 ) ) ;
#2754 = CARTESIAN_POINT ( 'NONE',  ( -7.464452951875521158, -14.67402730464649352, -5.335163187396517515 ) ) ;
#2755 = CARTESIAN_POINT ( 'NONE',  ( 0.9000000000000000222, -14.97297565616133674, 0.000000000000000000 ) ) ;
#2756 = CARTESIAN_POINT ( 'NONE',  ( 0.9575555538987299276, 1.606969024216364783, -1.658534870422340823 ) ) ;
#2757 = VERTEX_POINT ( 'NONE', #1555 ) ;
#2758 = DIRECTION ( 'NONE',  ( 0.3535533905932685683, 0.7071067811865465735, 0.6123724356957986892 ) ) ;
#2759 = CARTESIAN_POINT ( 'NONE',  ( -0.4411990909204810962, -14.54680106284057040, 9.650537594701946276 ) ) ;
#2760 = DIRECTION ( 'NONE',  ( 0.000000000000000000, 0.7181832268395610397, 0.6958540455342021591 ) ) ;
#2761 = ORIENTED_EDGE ( 'NONE', *, *, #3213, .F. ) ;
#2762 = B_SPLINE_CURVE_WITH_KNOTS ( 'NONE', 3,
 ( #4404, #3602, #1883, #2318, #4520, #2377 ),
 .UNSPECIFIED., .F., .F.,
 ( 4, 2, 4 ),
 ( 2.602085213965210642E-18, 0.0004559568227286492966, 0.0009119136454572959911 ),
 .UNSPECIFIED. ) ;
#2763 = ORIENTED_EDGE ( 'NONE', *, *, #4375, .T. ) ;
#2764 = CARTESIAN_POINT ( 'NONE',  ( 8.793348573926488498, -13.92602564435196477, -4.216233210944992038 ) ) ;
#2765 = CARTESIAN_POINT ( 'NONE',  ( -0.9575555538987269300, -1.606969024216359898, 1.658534870422335938 ) ) ;
#2766 = ORIENTED_EDGE ( 'NONE', *, *, #3110, .T. ) ;
#2767 = FACE_OUTER_BOUND ( 'NONE', #1777, .T. ) ;
#2768 = CARTESIAN_POINT ( 'NONE',  ( -12.91296262842139697, -10.72189812287458999, 5.055905980556696377 ) ) ;
#2769 = ORIENTED_EDGE ( 'NONE', *, *, #1499, .T. ) ;
#2770 = DIRECTION ( 'NONE',  ( 0.6427876096865435818, 0.7660444431189745718, 0.000000000000000000 ) ) ;
#2771 = FACE_OUTER_BOUND ( 'NONE', #4818, .T. ) ;
#2772 = ORIENTED_EDGE ( 'NONE', *, *, #5454, .F. ) ;
#2773 = CARTESIAN_POINT ( 'NONE',  ( 8.005641254044283173, -10.21786509426633849, 15.03716415602161938 ) ) ;
#2774 = CYLINDRICAL_SURFACE ( 'NONE', #3875, 0.5000000000000006661 ) ;
#2775 = DIRECTION ( 'NONE',  ( 1.000000000000000000, 0.000000000000000000, 0.000000000000000000 ) ) ;
#2776 = VECTOR ( 'NONE', #1095, 1000.000000000000000 ) ;
#2777 = DIRECTION ( 'NONE',  ( -0.7660444431189745718, 0.6427876096865433597, 1.776356839400249479E-15 ) ) ;
#2778 = CARTESIAN_POINT ( 'NONE',  ( -12.98175843789366901, -10.80388577596859534, -4.873397172404478006 ) ) ;
#2779 = VERTEX_POINT ( 'NONE', #5360 ) ;
#2780 = DIRECTION ( 'NONE',  ( 2.461292084264379144E-14, -0.7181832268395709207, 0.6958540455341919451 ) ) ;
#2781 = DIRECTION ( 'NONE',  ( -0.6427876096865433597, -0.7660444431189745718, 0.000000000000000000 ) ) ;
#2782 = FACE_OUTER_BOUND ( 'NONE', #3656, .T. ) ;
#2783 = CIRCLE ( 'NONE', #495, 0.4999999999999997780 ) ;
#2784 = ORIENTED_EDGE ( 'NONE', *, *, #1588, .T. ) ;
#2785 = AXIS2_PLACEMENT_3D ( 'NONE', #3983, #1857, #590 ) ;
#2786 = ORIENTED_EDGE ( 'NONE', *, *, #3764, .T. ) ;
#2787 = CARTESIAN_POINT ( 'NONE',  ( -8.565094714022890798, -14.02339008891925687, -4.357115144335089063 ) ) ;
#2788 = CARTESIAN_POINT ( 'NONE',  ( 3.867813656483815254, -17.48146720682700206, 4.991602376565056787 ) ) ;
#2789 = TOROIDAL_SURFACE ( 'NONE', #3855, 14.62019151721344556, 1.000000000000000000 ) ;
#2790 = VECTOR ( 'NONE', #1429, 999.9999999999998863 ) ;
#2791 = ADVANCED_FACE ( 'NONE', ( #4948 ), #296, .T. ) ;
#2792 = VERTEX_POINT ( 'NONE', #706 ) ;
#2793 = CARTESIAN_POINT ( 'NONE',  ( -5.930657695151126063, -32.66670144073058424, 10.96805449583517778 ) ) ;
#2794 = CARTESIAN_POINT ( 'NONE',  ( 4.174458625313150151, -13.53939173702823417, 15.23037443313678807 ) ) ;
#2795 = CARTESIAN_POINT ( 'NONE',  ( 11.09718755077312835, -9.660656714761651997, -8.523227344697467345 ) ) ;
#2796 = AXIS2_PLACEMENT_3D ( 'NONE', #5237, #3566, #3126 ) ;
#2797 = ORIENTED_EDGE ( 'NONE', *, *, #3785, .F. ) ;
#2798 = CARTESIAN_POINT ( 'NONE',  ( -12.62563760094244891, -10.37947748913432555, 4.710950599990995080 ) ) ;
#2799 = CARTESIAN_POINT ( 'NONE',  ( 5.007558891186054240, -7.938112191958762054, 14.17429817589496110 ) ) ;
#2800 = EDGE_CURVE ( 'NONE', #3981, #4024, #346, .T. ) ;
#2801 = VECTOR ( 'NONE', #5142, 1000.000000000000114 ) ;
#2802 = EDGE_CURVE ( 'NONE', #3479, #4700, #2324, .T. ) ;
#2803 = ORIENTED_EDGE ( 'NONE', *, *, #716, .F. ) ;
#2804 =( BOUNDED_SURFACE ( )  B_SPLINE_SURFACE ( 3, 2, ( 
 ( #1701, #3424, #4678 ),
 ( #3779, #877, #4253 ),
 ( #3007, #5094, #4595 ),
 ( #5126, #1647, #5067 ),
 ( #386, #848, #2948 ),
 ( #469, #88, #3835 ),
 ( #4646, #823, #59 ),
 ( #1728, #4620, #440 ),
 ( #2063, #4706, #411 ),
 ( #3749, #6, #2892 ),
 ( #904, #2528, #491 ),
 ( #5043, #2121, #1763 ),
 ( #2584, #1235, #799 ),
 ( #4280, #2497, #2170 ) ),
 .UNSPECIFIED., .F., .F., .T. ) 
 B_SPLINE_SURFACE_WITH_KNOTS ( ( 4, 2, 2, 2, 2, 2, 4 ),
 ( 3, 3 ),
 ( 0.0003413480183935286693, 0.0009094683632857014080, 0.001193528535731787832, 0.001477588708177874147, 0.001761648880623960679, 0.002045709053070047211, 0.002613829397962219841 ),
 ( 0.000000000000000000, 1.000000000000000000 ),
 .UNSPECIFIED. ) 
 GEOMETRIC_REPRESENTATION_ITEM ( )  RATIONAL_B_SPLINE_SURFACE ( (
 ( 1.000000000000000000, 0.6546536707079773088, 1.000000000000000000),
 ( 1.000000000000000000, 0.6740283108241864607, 1.000000000000000000),
 ( 1.000000000000000000, 0.6960620086634126125, 1.000000000000000000),
 ( 1.000000000000000000, 0.7278407012476658666, 1.000000000000000000),
 ( 1.000000000000000000, 0.7384497941609868832, 1.000000000000000000),
 ( 1.000000000000000000, 0.7585176942047686666, 1.000000000000000000),
 ( 1.000000000000000000, 0.7680873389372047111, 1.000000000000000000),
 ( 1.000000000000000000, 0.7860884730438747470, 1.000000000000000000),
 ( 1.000000000000000000, 0.7942161018751634494, 1.000000000000000000),
 ( 1.000000000000000000, 0.8088502102450185749, 1.000000000000000000),
 ( 1.000000000000000000, 0.8152746277757624283, 1.000000000000000000),
 ( 1.000000000000000000, 0.8308741023685505267, 1.000000000000000000),
 ( 1.000000000000000000, 0.8367537141086954788, 1.000000000000000000),
 ( 1.000000000000000000, 0.8366600265340756737, 1.000000000000000000) ) ) 
 REPRESENTATION_ITEM ( '' )  SURFACE ( )  );
#2805 = CARTESIAN_POINT ( 'NONE',  ( 7.422222072817279859, -9.750427588618858721, 14.84451978408765171 ) ) ;
#2806 = CARTESIAN_POINT ( 'NONE',  ( 8.255093677412311592, -8.860183951349007714, 13.60238762498483744 ) ) ;
#2807 = VECTOR ( 'NONE', #3544, 1000.000000000000114 ) ;
#2808 = CARTESIAN_POINT ( 'NONE',  ( 8.604742754403131855, -14.33921762924459387, 5.157057291877597649 ) ) ;
#2809 = PLANE ( 'NONE',  #2319 ) ;
#2810 = CIRCLE ( 'NONE', #5038, 1.499999999999999778 ) ;
#2811 = DIRECTION ( 'NONE',  ( -3.728499977318076986E-17, -0.7181832268395640373, 0.6958540455341993836 ) ) ;
#2812 = CARTESIAN_POINT ( 'NONE',  ( 8.490377726595804475, -8.958965237552394711, 13.53775806925702696 ) ) ;
#2813 = ORIENTED_EDGE ( 'NONE', *, *, #4407, .T. ) ;
#2814 = DIRECTION ( 'NONE',  ( 0.000000000000000000, -0.6546536707079803064, 0.7559289460184516196 ) ) ;
#2815 = CARTESIAN_POINT ( 'NONE',  ( 2.399263393911319486, -17.44833614717492409, 5.800646846248749711 ) ) ;
#2816 = CARTESIAN_POINT ( 'NONE',  ( 5.007558891186056016, -11.93555259739618180, 8.673346421427705621 ) ) ;
#2817 = VECTOR ( 'NONE', #4338, 1000.000000000000114 ) ;
#2818 = ADVANCED_FACE ( 'NONE', ( #2299 ), #1141, .F. ) ;
#2819 = VERTEX_POINT ( 'NONE', #1915 ) ;
#2820 = AXIS2_PLACEMENT_3D ( 'NONE', #4108, #303, #4588 ) ;
#2821 = CALENDAR_DATE ( 2026, 18, 2 ) ;
#2822 = EDGE_LOOP ( 'NONE', ( #552, #1171, #3708, #1855 ) ) ;
#2823 = CARTESIAN_POINT ( 'NONE',  ( 7.679487290840598668, -9.826166164689142946, 12.60540811827622498 ) ) ;
#2824 = CARTESIAN_POINT ( 'NONE',  ( 4.231639238452920004, -18.05180055197763522, 5.362185375792539510 ) ) ;
#2825 = AXIS2_PLACEMENT_3D ( 'NONE', #4526, #4918, #5417 ) ;
#2826 = ORIENTED_EDGE ( 'NONE', *, *, #2396, .T. ) ;
#2827 = CARTESIAN_POINT ( 'NONE',  ( 6.489493575772475431, -15.46775456608786747, 11.24013258862999898 ) ) ;
#2828 = CARTESIAN_POINT ( 'NONE',  ( 12.51397906605534871, -13.03051821269305321, -11.11582034038467626 ) ) ;
#2829 = CARTESIAN_POINT ( 'NONE',  ( -1.294979775571249325, -14.48527678248614059, 8.803396158053404363 ) ) ;
#2830 = CARTESIAN_POINT ( 'NONE',  ( 5.340426911094028561, -17.39611739514749900, 9.249890744123176134 ) ) ;
#2831 = ORIENTED_EDGE ( 'NONE', *, *, #4473, .F. ) ;
#2832 = CARTESIAN_POINT ( 'NONE',  ( 11.19573263972132260, -9.990345923561195107, 8.647287011162580583 ) ) ;
#2833 = PERSON_AND_ORGANIZATION_ROLE ( 'creator' ) ;
#2834 = CARTESIAN_POINT ( 'NONE',  ( 0.1590920678694178192, -13.92952569698046084, -9.743870051016799039 ) ) ;
#2835 = EDGE_CURVE ( 'NONE', #611, #1381, #5308, .T. ) ;
#2836 = FACE_OUTER_BOUND ( 'NONE', #4699, .T. ) ;
#2837 = CARTESIAN_POINT ( 'NONE',  ( 9.931361692320404444, -10.84401044073889153, -8.541369001599649735 ) ) ;
#2838 = ORIENTED_EDGE ( 'NONE', *, *, #3384, .T. ) ;
#2839 = CARTESIAN_POINT ( 'NONE',  ( 12.05055710526421464, -13.21799793218496255, 11.12538282101908749 ) ) ;
#2840 = DIRECTION ( 'NONE',  ( -0.3213938048432666283, 0.7660444431189745718, -0.5566703992264260270 ) ) ;
#2841 = FACE_BOUND ( 'NONE', #4357, .T. ) ;
#2842 = VERTEX_POINT ( 'NONE', #4017 ) ;
#2843 = CARTESIAN_POINT ( 'NONE',  ( 10.51985386220054153, -11.12527958081186696, 8.474127032722302388 ) ) ;
#2844 = EDGE_LOOP ( 'NONE', ( #3162, #2784 ) ) ;
#2845 = FACE_OUTER_BOUND ( 'NONE', #974, .T. ) ;
#2846 = FACE_OUTER_BOUND ( 'NONE', #4804, .T. ) ;
#2847 = EDGE_CURVE ( 'NONE', #4159, #5430, #2888, .T. ) ;
#2848 = ORIENTED_EDGE ( 'NONE', *, *, #4859, .T. ) ;
#2849 = CARTESIAN_POINT ( 'NONE',  ( 7.907434521041848186, -14.15723864081437000, 5.186558211698246268 ) ) ;
#2850 = CARTESIAN_POINT ( 'NONE',  ( 12.05055710526421464, -13.21799793218496255, 11.12538282101908749 ) ) ;
#2851 = CARTESIAN_POINT ( 'NONE',  ( 8.418710006912409227, -14.26699635934654609, 3.835073653173684871 ) ) ;
#2852 = CARTESIAN_POINT ( 'NONE',  ( -15.27712048090208974, -13.53939173702823417, -4.873397172404478006 ) ) ;
#2853 = B_SPLINE_CURVE_WITH_KNOTS ( 'NONE', 3,
 ( #24, #431, #2112, #5086, #2031, #3338, #1170, #4614, #4181, #2856, #3720, #815, #4240, #457, #3848, #1302, #1744, #5141 ),
 .UNSPECIFIED., .F., .F.,
 ( 4, 2, 2, 2, 2, 2, 2, 2, 4 ),
 ( 8.673617379884035472E-19, 0.0003914167135343263044, 0.0007828334270686517415, 0.001174250140602977124, 0.001565666854137302616, 0.001957083567671628107, 0.002348500281205953381, 0.002739916994740279090, 0.003131333708274604364 ),
 .UNSPECIFIED. ) ;
#2854 = CONICAL_SURFACE ( 'NONE', #4546, 5.000000000000001776, 0.1745329251994333364 ) ;
#2855 = EDGE_LOOP ( 'NONE', ( #1901, #2420, #3547, #1446, #1300, #3784, #2813, #4791, #1138, #200, #1024, #5403, #2161 ) ) ;
#2856 = CARTESIAN_POINT ( 'NONE',  ( 2.384158758051625249, -17.70764894350572405, -6.095208135005838024 ) ) ;
#2857 = EDGE_LOOP ( 'NONE', ( #2578, #5091 ) ) ;
#2858 = FACE_OUTER_BOUND ( 'NONE', #753, .T. ) ;
#2859 = DATE_AND_TIME ( #4084, #4513 ) ;
#2860 = DIRECTION ( 'NONE',  ( -0.3213938048432742334, 0.7660444431189746828, 0.5566703992264213641 ) ) ;
#2861 = DIRECTION ( 'NONE',  ( 0.6517473912071859443, 1.040834085586084414E-14, 0.7584361133639585528 ) ) ;
#2862 = CARTESIAN_POINT ( 'NONE',  ( 12.05055710526437096, -13.21799793218496077, -11.12538282101892229 ) ) ;
#2863 = EDGE_CURVE ( 'NONE', #3582, #2509, #4176, .T. ) ;
#2864 = ORIENTED_EDGE ( 'NONE', *, *, #4694, .T. ) ;
#2865 = CARTESIAN_POINT ( 'NONE',  ( 1.342821207481647239, -9.901853762965105332, -13.75442473983955693 ) ) ;
#2866 = CARTESIAN_POINT ( 'NONE',  ( 6.489493575772475431, -15.46775456608786747, 11.24013258862999898 ) ) ;
#2867 = CARTESIAN_POINT ( 'NONE',  ( -8.484308713724651341, -13.88939182692058871, -4.912837445020452165 ) ) ;
#2868 = EDGE_CURVE ( 'NONE', #2992, #587, #21, .T. ) ;
#2869 = EDGE_LOOP ( 'NONE', ( #4786, #625 ) ) ;
#2870 = APPLICATION_PROTOCOL_DEFINITION ( 'international standard', 'config_control_design', 1994, #1936 ) ;
#2871 = EDGE_LOOP ( 'NONE', ( #578, #4998, #1721, #445 ) ) ;
#2872 = CARTESIAN_POINT ( 'NONE',  ( -8.548106425297849142, -14.04015770343836422, -4.343631251229707502 ) ) ;
#2873 = DIRECTION ( 'NONE',  ( -0.3213938048432666283, 0.7660444431189745718, -0.5566703992264260270 ) ) ;
#2874 = VECTOR ( 'NONE', #508, 1000.000000000000114 ) ;
#2875 = B_SPLINE_CURVE_WITH_KNOTS ( 'NONE', 3,
 ( #2823, #4544, #778, #1990, #4572, #5382, #371, #1576, #3274, #5434, #3325, #1215, #831, #2987, #3817, #1328, #3789, #420 ),
 .UNSPECIFIED., .F., .F.,
 ( 4, 2, 2, 2, 2, 2, 2, 2, 4 ),
 ( 0.003134140335881224846, 0.003525798661179507104, 0.003917456986477789796, 0.004309115311776072488, 0.004700773637074354312, 0.005092431962372637004, 0.005484090287670918828, 0.005875748612969201520, 0.006267406938267484212 ),
 .UNSPECIFIED. ) ;
#2876 = TOROIDAL_SURFACE ( 'NONE', #596, 17.32050807568877460, 0.5000000000000000000 ) ;
#2877 = EDGE_LOOP ( 'NONE', ( #3163, #1881 ) ) ;
#2878 = DIRECTION ( 'NONE',  ( 0.3830222215594902280, 0.6427876096865435818, -0.6634139481689336204 ) ) ;
#2879 = CARTESIAN_POINT ( 'NONE',  ( 8.372944793133946462, -14.15437579354254360, 4.331178112862938967 ) ) ;
#2880 = CIRCLE ( 'NONE', #4663, 5.000000000000000000 ) ;
#2881 = CIRCLE ( 'NONE', #1548, 0.8999999999999966915 ) ;
#2882 = CARTESIAN_POINT ( 'NONE',  ( -8.532501169041616151, -14.05794848917655493, -4.330127018921348991 ) ) ;
#2883 = ADVANCED_FACE ( 'NONE', ( #812 ), #3360, .F. ) ;
#2884 = AXIS2_PLACEMENT_3D ( 'NONE', #1325, #3013, #4712 ) ;
#2885 = ORIENTED_EDGE ( 'NONE', *, *, #2800, .F. ) ;
#2886 = DIRECTION ( 'NONE',  ( -3.728499977318076986E-17, -0.7181832268395640373, 0.6958540455341993836 ) ) ;
#2887 = DIRECTION ( 'NONE',  ( 0.3830222215594904500, 0.6427876096865433597, -0.6634139481689337314 ) ) ;
#2888 = CIRCLE ( 'NONE', #1125, 6.500000000000001776 ) ;
#2889 = CARTESIAN_POINT ( 'NONE',  ( 3.282943155586459660, -18.64080974307235294, 6.382078389370567706 ) ) ;
#2890 = CIRCLE ( 'NONE', #4132, 2.500000000000000000 ) ;
#2891 = CYLINDRICAL_SURFACE ( 'NONE', #1207, 6.500000000000001776 ) ;
#2892 = CARTESIAN_POINT ( 'NONE',  ( -0.7803857957250698307, -14.57085157958111843, -9.390822279723815669 ) ) ;
#2893 = DIRECTION ( 'NONE',  ( 0.000000000000000000, 0.7181832268395611507, 0.6958540455342021591 ) ) ;
#2894 = CARTESIAN_POINT ( 'NONE',  ( 9.924052537464090662, -10.75284684313851891, -8.836163933297219941 ) ) ;
#2895 = VECTOR ( 'NONE', #3391, 999.9999999999998863 ) ;
#2896 = ORIENTED_EDGE ( 'NONE', *, *, #1093, .T. ) ;
#2897 = DIRECTION ( 'NONE',  ( 0.8660254037844432595, -2.126200446592104087E-17, -0.4999999999999919509 ) ) ;
#2898 =( LENGTH_UNIT ( ) NAMED_UNIT ( * ) SI_UNIT ( .MILLI., .METRE. ) );
#2899 = EDGE_LOOP ( 'NONE', ( #2581, #289, #5379, #3761 ) ) ;
#2900 = EDGE_CURVE ( 'NONE', #2311, #1471, #1689, .T. ) ;
#2901 = DIRECTION ( 'NONE',  ( -0.3213938048432666283, 0.7660444431189745718, -0.5566703992264260270 ) ) ;
#2902 = DIRECTION ( 'NONE',  ( -0.7660444431189746828, 0.6427876096865434707, 0.000000000000000000 ) ) ;
#2903 = AXIS2_PLACEMENT_3D ( 'NONE', #3751, #3294, #310 ) ;
#2904 = ADVANCED_FACE ( 'NONE', ( #2135 ), #3934, .F. ) ;
#2905 = EDGE_CURVE ( 'NONE', #1678, #2254, #76, .T. ) ;
#2906 = AXIS2_PLACEMENT_3D ( 'NONE', #2117, #2972, #842 ) ;
#2907 = ORIENTED_EDGE ( 'NONE', *, *, #3836, .T. ) ;
#2908 = CC_DESIGN_PERSON_AND_ORGANIZATION_ASSIGNMENT ( #2453, #1954, ( #4466 ) ) ;
#2909 = DIRECTION ( 'NONE',  ( -0.7660444431189745718, 0.6427876096865435818, -0.000000000000000000 ) ) ;
#2910 = CARTESIAN_POINT ( 'NONE',  ( 8.977038158101562360, -18.45754053578249554, 19.59350365783632597 ) ) ;
#2911 = CARTESIAN_POINT ( 'NONE',  ( 8.594586018414874573, -14.53685674188419341, 4.458590284005912174 ) ) ;
#2912 = LOCAL_TIME ( 11, 49, 24.00000000000000000, #2443 ) ;
#2913 = CARTESIAN_POINT ( 'NONE',  ( 2.552821243257423767, -10.77563031276913286, -12.93146160218793028 ) ) ;
#2914 = CARTESIAN_POINT ( 'NONE',  ( -12.64043088426845607, -9.830266694908177172, -5.709097462506798060 ) ) ;
#2915 = CARTESIAN_POINT ( 'NONE',  ( 9.369401554347842165, -17.71751119999077062, 6.481485183836508845 ) ) ;
#2916 = CARTESIAN_POINT ( 'NONE',  ( -14.72547143890729338, -9.770514355658990624, -0.1307110423220424478 ) ) ;
#2917 = EDGE_CURVE ( 'NONE', #3176, #3925, #2712, .T. ) ;
#2918 = PERSON_AND_ORGANIZATION ( #377, #2199 ) ;
#2919 = LINE ( 'NONE', #1121, #3967 ) ;
#2920 = ORIENTED_EDGE ( 'NONE', *, *, #278, .T. ) ;
#2921 = CARTESIAN_POINT ( 'NONE',  ( -10.68085382218823121, -17.39611739514749900, 4.873397172404478894 ) ) ;
#2922 = CARTESIAN_POINT ( 'NONE',  ( 10.68476694998886778, -10.27467755521424841, -8.335371546598540959 ) ) ;
#2923 = FACE_OUTER_BOUND ( 'NONE', #4534, .T. ) ;
#2924 = CARTESIAN_POINT ( 'NONE',  ( 3.047460727781016399, -18.54193573038140030, 6.446756836558828141 ) ) ;
#2925 = CARTESIAN_POINT ( 'NONE',  ( 8.721260676963314751, -8.721260676963277447, 0.000000000000000000 ) ) ;
#2926 = VERTEX_POINT ( 'NONE', #1800 ) ;
#2927 = CYLINDRICAL_SURFACE ( 'NONE', #1559, 0.4999999999999991118 ) ;
#2928 = ORIENTED_EDGE ( 'NONE', *, *, #1696, .F. ) ;
#2929 = DIRECTION ( 'NONE',  ( 0.7660444431189746828, -0.6427876096865434707, -2.006177025403370566E-33 ) ) ;
#2930 = CARTESIAN_POINT ( 'NONE',  ( -10.30968007008910448, -12.28659826202548189, 0.000000000000000000 ) ) ;
#2931 = CARTESIAN_POINT ( 'NONE',  ( -10.07440197138571136, -17.90499091948268173, 5.279513603438187097 ) ) ;
#2932 = VERTEX_POINT ( 'NONE', #3410 ) ;
#2933 = CARTESIAN_POINT ( 'NONE',  ( 9.922563633929012639, -10.77563031276912930, 8.676538849075507542 ) ) ;
#2934 = CARTESIAN_POINT ( 'NONE',  ( 8.581270623200166980, -14.54196731759057570, 4.331548067435862848 ) ) ;
#2935 = EDGE_CURVE ( 'NONE', #126, #2749, #3603, .T. ) ;
#2936 = AXIS2_PLACEMENT_3D ( 'NONE', #1140, #3737, #1191 ) ;
#2937 = DIRECTION ( 'NONE',  ( 0.000000000000000000, -0.5878588831525581870, 0.8089634933040099618 ) ) ;
#2938 = EDGE_CURVE ( 'NONE', #2373, #5411, #157, .T. ) ;
#2939 = CARTESIAN_POINT ( 'NONE',  ( -13.09681215710962832, -9.975746623952227665, -5.367441639231771866 ) ) ;
#2940 = CARTESIAN_POINT ( 'NONE',  ( 0.000000000000000000, -16.00000000000000000, 0.000000000000000000 ) ) ;
#2941 = ORIENTED_EDGE ( 'NONE', *, *, #3151, .F. ) ;
#2942 = CARTESIAN_POINT ( 'NONE',  ( 2.019485715443913421, -10.80741444993153166, 12.96616637069451095 ) ) ;
#2943 = CARTESIAN_POINT ( 'NONE',  ( 3.977356447108261417, -17.71561961724192003, 7.336956835897245455 ) ) ;
#2944 = ORIENTED_EDGE ( 'NONE', *, *, #1802, .T. ) ;
#2945 = CARTESIAN_POINT ( 'NONE',  ( -8.532501169041616151, -14.05794848917655493, -4.330127018921348991 ) ) ;
#2946 = B_SPLINE_CURVE_WITH_KNOTS ( 'NONE', 3,
 ( #2310, #554, #1873, #253, #4002, #3590, #1929, #4141 ),
 .UNSPECIFIED., .F., .F.,
 ( 4, 2, 2, 4 ),
 ( 0.000000000000000000, 0.0003126155836174245440, 0.0006252311672348490881, 0.001250462334469696225 ),
 .UNSPECIFIED. ) ;
#2947 = CARTESIAN_POINT ( 'NONE',  ( 10.71136497298040702, -10.80388577596859534, -8.805834006806621872 ) ) ;
#2948 = CARTESIAN_POINT ( 'NONE',  ( -0.4407108072544029809, -14.54980754085648442, -9.645187240461194023 ) ) ;
#2949 = CYLINDRICAL_SURFACE ( 'NONE', #3695, 0.9999999999999981126 ) ;
#2950 = DIRECTION ( 'NONE',  ( 0.2499999999999982514, -0.8660254037844361541, -0.4330127018922254045 ) ) ;
#2951 = ORIENTED_EDGE ( 'NONE', *, *, #2092, .T. ) ;
#2952 = EDGE_CURVE ( 'NONE', #2106, #645, #893, .T. ) ;
#2953 = CARTESIAN_POINT ( 'NONE',  ( 2.034939724921153381, -9.849361908630667628, 14.08364620078029184 ) ) ;
#2954 = CARTESIAN_POINT ( 'NONE',  ( 2.270393464913178949, -10.80388577596859889, 13.67923117921117004 ) ) ;
#2955 = VERTEX_POINT ( 'NONE', #1333 ) ;
#2956 = DIRECTION ( 'NONE',  ( -0.3535533905932685683, -0.7071067811865465735, -0.6123724356957986892 ) ) ;
#2957 = CARTESIAN_POINT ( 'NONE',  ( -12.20509600887396395, -10.76728057987165776, 4.912837445020451277 ) ) ;
#2958 = ADVANCED_FACE ( 'NONE', ( #3024, #4295, #919 ), #4267, .F. ) ;
#2959 = DIRECTION ( 'NONE',  ( 0.000000000000000000, -0.5878588831525580760, 0.8089634933040099618 ) ) ;
#2960 = VECTOR ( 'NONE', #3714, 1000.000000000000114 ) ;
#2961 = ORIENTED_EDGE ( 'NONE', *, *, #4911, .F. ) ;
#2962 = CARTESIAN_POINT ( 'NONE',  ( -8.534316013764755127, -14.83797325031955161, 4.000000000000000000 ) ) ;
#2963 = DIRECTION ( 'NONE',  ( -0.7660444431189745718, 0.6427876096865435818, 0.000000000000000000 ) ) ;
#2964 = CARTESIAN_POINT ( 'NONE',  ( 3.400864989291330520, -18.67976945230066121, -6.341868506464927613 ) ) ;
#2965 = AXIS2_PLACEMENT_3D ( 'NONE', #3762, #1662, #1553 ) ;
#2966 = CARTESIAN_POINT ( 'NONE',  ( -12.20542462293837360, -10.76767214893885338, -4.911094012880282911 ) ) ;
#2967 = EDGE_LOOP ( 'NONE', ( #3630, #5226, #1720, #3146, #72, #5025, #3679, #1262, #1331 ) ) ;
#2968 = AXIS2_PLACEMENT_3D ( 'NONE', #3164, #186, #5192 ) ;
#2969 = ORIENTED_EDGE ( 'NONE', *, *, #2358, .F. ) ;
#2970 = EDGE_CURVE ( 'NONE', #4146, #479, #2689, .T. ) ;
#2971 = CARTESIAN_POINT ( 'NONE',  ( -5.507004093518579779, -12.28680039317306694, -9.538410887464173982 ) ) ;
#2972 = DIRECTION ( 'NONE',  ( 0.3213938048432742889, -0.7660444431189747938, 0.5566703992264215861 ) ) ;
#2973 = ADVANCED_FACE ( 'NONE', ( #2682 ), #3021, .F. ) ;
#2974 = TOROIDAL_SURFACE ( 'NONE', #2000, 17.32050807568877460, 0.5000000000000000000 ) ;
#2975 = EDGE_LOOP ( 'NONE', ( #2656, #5198, #2484, #373 ) ) ;
#2976 = CARTESIAN_POINT ( 'NONE',  ( -14.78821615709554216, -9.882525519788872614, 0.5033353425161208872 ) ) ;
#2977 = CARTESIAN_POINT ( 'NONE',  ( -6.976474824667001862, -14.48527678248614059, -5.523183462058408821 ) ) ;
#2978 = DIRECTION ( 'NONE',  ( -0.7660444431189746828, 0.6427876096865432487, 0.000000000000000000 ) ) ;
#2979 = DIRECTION ( 'NONE',  ( 0.000000000000000000, 0.000000000000000000, 1.000000000000000000 ) ) ;
#2980 = VECTOR ( 'NONE', #410, 1000.000000000000000 ) ;
#2981 = CARTESIAN_POINT ( 'NONE',  ( 11.34606938905889884, -9.482596944291488583, 8.389363395967663450 ) ) ;
#2982 = AXIS2_PLACEMENT_3D ( 'NONE', #4459, #3662, #2744 ) ;
#2983 = ORIENTED_EDGE ( 'NONE', *, *, #1245, .F. ) ;
#2984 = FACE_OUTER_BOUND ( 'NONE', #2330, .T. ) ;
#2985 = CARTESIAN_POINT ( 'NONE',  ( 1.476688381567478725, -10.47032687795579164, 13.31165368083847866 ) ) ;
#2986 = VERTEX_POINT ( 'NONE', #648 ) ;
#2987 = CARTESIAN_POINT ( 'NONE',  ( 8.250712873926273616, -11.27891333880677038, 13.68997765984456905 ) ) ;
#2988 = DIRECTION ( 'NONE',  ( 0.6427876096865435818, 0.7660444431189745718, 0.000000000000000000 ) ) ;
#2989 = CARTESIAN_POINT ( 'NONE',  ( 8.255093677413865905, -10.29655040503374508, -14.99409571605940528 ) ) ;
#2990 = ADVANCED_FACE ( 'NONE', ( #4455 ), #4942, .T. ) ;
#2991 = AXIS2_PLACEMENT_3D ( 'NONE', #3923, #151, #4689 ) ;
#2992 = VERTEX_POINT ( 'NONE', #3984 ) ;
#2993 = CARTESIAN_POINT ( 'NONE',  ( -12.59873621633418317, -11.12527958081187229, -4.873397172404478006 ) ) ;
#2994 = CARTESIAN_POINT ( 'NONE',  ( 1.467697253927632284, -10.47732524777608631, -13.30811869398222846 ) ) ;
#2995 = DIRECTION ( 'NONE',  ( 0.000000000000000000, -1.000000000000000000, 0.000000000000000000 ) ) ;
#2996 = DIRECTION ( 'NONE',  ( -0.6427876096865434707, -0.7660444431189745718, 0.000000000000000000 ) ) ;
#2997 = ORIENTED_EDGE ( 'NONE', *, *, #1175, .F. ) ;
#2998 = CARTESIAN_POINT ( 'NONE',  ( -7.405094889929652702, -14.72383461542029259, -5.279513603438184433 ) ) ;
#2999 = AXIS2_PLACEMENT_3D ( 'NONE', #926, #3909, #4728 ) ;
#3000 = ORIENTED_EDGE ( 'NONE', *, *, #2086, .T. ) ;
#3001 = CARTESIAN_POINT ( 'NONE',  ( 6.489493575772633527, -15.46775456608786747, -11.24013258862991016 ) ) ;
#3002 = DIRECTION ( 'NONE',  ( -0.7660444431189745718, 0.6427876096865435818, -0.000000000000000000 ) ) ;
#3003 = AXIS2_PLACEMENT_3D ( 'NONE', #3767, #4211, #5470 ) ;
#3004 = EDGE_LOOP ( 'NONE', ( #3576, #1839, #4195, #3804, #119, #4860, #581, #5019 ) ) ;
#3005 = DIRECTION ( 'NONE',  ( -0.3213938048432665728, 0.7660444431189746828, -0.5566703992264259160 ) ) ;
#3006 = CARTESIAN_POINT ( 'NONE',  ( -7.872245541500462629, -14.54583789816762440, 5.347742581637358050 ) ) ;
#3007 = CARTESIAN_POINT ( 'NONE',  ( -0.2008678378139444332, -13.87418479705051766, -9.823464772211456975 ) ) ;
#3008 = CARTESIAN_POINT ( 'NONE',  ( 9.932941536539120264, -10.85628928056501330, 8.517096907437554876 ) ) ;
#3009 = EDGE_CURVE ( 'NONE', #2478, #3, #2762, .T. ) ;
#3010 = CYLINDRICAL_SURFACE ( 'NONE', #2372, 0.8999999999999973577 ) ;
#3011 = CC_DESIGN_DATE_AND_TIME_ASSIGNMENT ( #2859, #2415, ( #4466 ) ) ;
#3012 = VERTEX_POINT ( 'NONE', #1910 ) ;
#3013 = DIRECTION ( 'NONE',  ( 0.1808583966367558749, 0.2155386439426789369, 0.9596006113656521119 ) ) ;
#3014 = CARTESIAN_POINT ( 'NONE',  ( -7.164440964604962048, -16.27963247198628238, -0.5033353425161217753 ) ) ;
#3015 = ORIENTED_EDGE ( 'NONE', *, *, #49, .T. ) ;
#3016 = CARTESIAN_POINT ( 'NONE',  ( -6.782964827367900185, -18.08195925005987448, 0.9740198810376693439 ) ) ;
#3017 = CARTESIAN_POINT ( 'NONE',  ( -15.94144446352160926, -8.914654978067373392, -0.5030621261235924679 ) ) ;
#3018 = LINE ( 'NONE', #4741, #3089 ) ;
#3019 = B_SPLINE_CURVE_WITH_KNOTS ( 'NONE', 3,
 ( #3918, #145, #3509, #2202, #1451, #3125, #5211, #3975 ),
 .UNSPECIFIED., .F., .F.,
 ( 4, 2, 2, 4 ),
 ( 0.000000000000000000, 0.0003126155836174238935, 0.0006252311672348477871, 0.001250462334469695357 ),
 .UNSPECIFIED. ) ;
#3020 = EDGE_CURVE ( 'NONE', #1767, #869, #1388, .T. ) ;
#3021 =( BOUNDED_SURFACE ( )  B_SPLINE_SURFACE ( 3, 2, ( 
 ( #4720, #4775, #3880 ),
 ( #540, #4351, #5221 ),
 ( #5109, #1000, #2573 ),
 ( #3849, #1413, #3109 ),
 ( #74, #5193, #509 ),
 ( #4374, #1715, #3905 ),
 ( #2994, #1386, #2185 ),
 ( #3082, #1745, #103 ),
 ( #1779, #1358, #1104 ),
 ( #1081, #5302, #5355 ) ),
 .UNSPECIFIED., .F., .F., .T. ) 
 B_SPLINE_SURFACE_WITH_KNOTS ( ( 4, 2, 2, 2, 4 ),
 ( 3, 3 ),
 ( 0.0006399803253718376085, 0.001207935570101851402, 0.001775890814831864980, 0.002343846059561878557, 0.002911801304291892351 ),
 ( 0.000000000000000000, 1.000000000000000000 ),
 .UNSPECIFIED. ) 
 GEOMETRIC_REPRESENTATION_ITEM ( )  RATIONAL_B_SPLINE_SURFACE ( (
 ( 1.000000000000000000, 0.8366600265340765619, 1.000000000000000000),
 ( 1.000000000000000000, 0.8367047667726219551, 1.000000000000000000),
 ( 1.000000000000000000, 0.8309577461967943002, 1.000000000000000000),
 ( 1.000000000000000000, 0.8100511198940936186, 1.000000000000000000),
 ( 1.000000000000000000, 0.7948258464887414387, 1.000000000000000000),
 ( 1.000000000000000000, 0.7591891926443494754, 1.000000000000000000),
 ( 1.000000000000000000, 0.7385588926573475321, 1.000000000000000000),
 ( 1.000000000000000000, 0.6957534197716611635, 1.000000000000000000),
 ( 1.000000000000000000, 0.6741697073067638435, 1.000000000000000000),
 ( 1.000000000000000000, 0.6546536707079765316, 1.000000000000000000) ) ) 
 REPRESENTATION_ITEM ( '' )  SURFACE ( )  );
#3022 = ORIENTED_EDGE ( 'NONE', *, *, #487, .F. ) ;
#3023 = DIRECTION ( 'NONE',  ( 0.000000000000000000, -0.9756905822570606235, -0.2191526584253042642 ) ) ;
#3024 = FACE_OUTER_BOUND ( 'NONE', #5191, .T. ) ;
#3025 = CARTESIAN_POINT ( 'NONE',  ( -12.96925380817225104, -10.25139269906209449, -5.351144245894666973 ) ) ;
#3026 = EDGE_CURVE ( 'NONE', #2641, #2065, #623, .T. ) ;
#3027 = EDGE_LOOP ( 'NONE', ( #3462, #2322, #1048, #2636 ) ) ;
#3028 = ORIENTED_EDGE ( 'NONE', *, *, #3447, .T. ) ;
#3029 = CYLINDRICAL_SURFACE ( 'NONE', #3783, 6.500000000000000000 ) ;
#3030 = DIRECTION ( 'NONE',  ( 0.000000000000000000, 0.7181832268395639263, -0.6958540455341992725 ) ) ;
#3031 = B_SPLINE_CURVE_WITH_KNOTS ( 'NONE', 3,
 ( #1540, #663, #2340, #4511 ),
 .UNSPECIFIED., .F., .F.,
 ( 4, 4 ),
 ( 0.0009119136454575358167, 0.0009937464495815737878 ),
 .UNSPECIFIED. ) ;
#3032 = CARTESIAN_POINT ( 'NONE',  ( 0.9575555538987059467, 1.606969024216363673, 1.658534870422352814 ) ) ;
#3033 = CARTESIAN_POINT ( 'NONE',  ( 7.512146534843409995, -8.931291080636007962, 14.08259808669575541 ) ) ;
#3034 = CARTESIAN_POINT ( 'NONE',  ( 0.000000000000000000, -24.00000000000000000, 0.000000000000000000 ) ) ;
#3035 = CIRCLE ( 'NONE', #4729, 0.8999999999999966915 ) ;
#3036 = CARTESIAN_POINT ( 'NONE',  ( -13.43769487949159114, -9.661882189138756516, -5.685630034471889971 ) ) ;
#3037 = ORIENTED_EDGE ( 'NONE', *, *, #5230, .T. ) ;
#3038 = ADVANCED_FACE ( 'NONE', ( #1027 ), #2296, .T. ) ;
#3039 = LINE ( 'NONE', #3455, #2790 ) ;
#3040 = FACE_OUTER_BOUND ( 'NONE', #992, .T. ) ;
#3041 = ORIENTED_EDGE ( 'NONE', *, *, #1551, .F. ) ;
#3042 = CARTESIAN_POINT ( 'NONE',  ( 6.489493575772475431, -11.64667182559622027, 16.49839529510605018 ) ) ;
#3043 = CARTESIAN_POINT ( 'NONE',  ( -13.21426525024855358, -9.849361908630667628, 5.279513603438185321 ) ) ;
#3044 = CARTESIAN_POINT ( 'NONE',  ( 8.255093677412512321, -8.860183951349013043, -13.60238762498471843 ) ) ;
#3045 = EDGE_CURVE ( 'NONE', #2261, #2478, #4580, .T. ) ;
#3046 = EDGE_CURVE ( 'NONE', #587, #4700, #1210, .T. ) ;
#3047 = VERTEX_POINT ( 'NONE', #1135 ) ;
#3048 = ORIENTED_EDGE ( 'NONE', *, *, #112, .T. ) ;
#3049 = DIRECTION ( 'NONE',  ( -0.7071067811865465735, -0.7071067811865485719, 0.000000000000000000 ) ) ;
#3050 = CARTESIAN_POINT ( 'NONE',  ( -13.21426525024855536, -9.849361908630665852, -5.279513603438183544 ) ) ;
#3051 = CARTESIAN_POINT ( 'NONE',  ( -7.814906691836067232, -14.00793528616390837, 5.631484872092938687 ) ) ;
#3052 = DIRECTION ( 'NONE',  ( -0.6427876096865434707, -0.7660444431189745718, 0.000000000000000000 ) ) ;
#3053 = AXIS2_PLACEMENT_3D ( 'NONE', #201, #2309, #4845 ) ;
#3054 = CARTESIAN_POINT ( 'NONE',  ( -12.92992517812531084, -9.660656714761604036, -5.348832657181620931 ) ) ;
#3055 = EDGE_LOOP ( 'NONE', ( #2454, #3196, #4561, #834, #3732, #968, #195, #1159, #4799, #1461, #1603, #2241, #3649, #2215, #736, #4668 ) ) ;
#3056 = ORIENTED_EDGE ( 'NONE', *, *, #1802, .F. ) ;
#3057 = CARTESIAN_POINT ( 'NONE',  ( -5.915960343039083469, -17.16257186705424331, 1.224647100853736452E-16 ) ) ;
#3058 = AXIS2_PLACEMENT_3D ( 'NONE', #1970, #4127, #3687 ) ;
#3059 = CARTESIAN_POINT ( 'NONE',  ( 4.340921195074973760, -16.43216663173147296, 5.968010431928215453 ) ) ;
#3060 = ADVANCED_FACE ( 'NONE', ( #3575 ), #3957, .T. ) ;
#3061 = AXIS2_PLACEMENT_3D ( 'NONE', #4150, #1134, #344 ) ;
#3062 = ORIENTED_EDGE ( 'NONE', *, *, #1123, .T. ) ;
#3063 = CARTESIAN_POINT ( 'NONE',  ( -7.828805619021317774, -14.16572351395440421, 5.217215569691234123 ) ) ;
#3064 = CARTESIAN_POINT ( 'NONE',  ( 3.159857466699710127, -17.17387062057406766, 5.021924010013329109 ) ) ;
#3065 = VECTOR ( 'NONE', #1599, 1000.000000000000114 ) ;
#3066 = AXIS2_PLACEMENT_3D ( 'NONE', #3647, #5291, #3673 ) ;
#3067 = CARTESIAN_POINT ( 'NONE',  ( -8.048756518757821610, -13.92581727987388795, -5.506629680456413212 ) ) ;
#3068 = ORIENTED_EDGE ( 'NONE', *, *, #18, .F. ) ;
#3069 = CARTESIAN_POINT ( 'NONE',  ( 7.217520026330070948, -9.775625085182412022, 12.83970319760091172 ) ) ;
#3070 = AXIS2_PLACEMENT_3D ( 'NONE', #93, #3374, #5156 ) ;
#3071 = CARTESIAN_POINT ( 'NONE',  ( 1.901955758000712260, -10.44487808595863676, 13.82593265205083455 ) ) ;
#3072 = ORIENTED_EDGE ( 'NONE', *, *, #3350, .T. ) ;
#3073 = CARTESIAN_POINT ( 'NONE',  ( 7.555823650221533683, -11.23327269186359700, -14.02731505431887271 ) ) ;
#3074 = FACE_OUTER_BOUND ( 'NONE', #3055, .T. ) ;
#3075 = DIRECTION ( 'NONE',  ( 0.000000000000000000, -0.000000000000000000, 1.000000000000000000 ) ) ;
#3076 = AXIS2_PLACEMENT_3D ( 'NONE', #4073, #1858, #2263 ) ;
#3077 = EDGE_LOOP ( 'NONE', ( #4548, #4623, #650, #2152, #2149 ) ) ;
#3078 = EDGE_CURVE ( 'NONE', #137, #2932, #168, .T. ) ;
#3079 = B_SPLINE_CURVE_WITH_KNOTS ( 'NONE', 3,
 ( #1655, #5432, #3655, #1604, #3707, #4517, #4119, #3323 ),
 .UNSPECIFIED., .F., .F.,
 ( 4, 2, 2, 4 ),
 ( 0.000000000000000000, 0.0006271155795099774694, 0.0009406733692649647946, 0.001254231159019952120 ),
 .UNSPECIFIED. ) ;
#3080 = ORIENTED_EDGE ( 'NONE', *, *, #4296, .T. ) ;
#3081 = CARTESIAN_POINT ( 'NONE',  ( -0.9575555538987050586, -1.606969024216361897, -1.658534870422351037 ) ) ;
#3082 = CARTESIAN_POINT ( 'NONE',  ( 1.699204588196130183, -10.68989145344861846, -13.11005061893094492 ) ) ;
#3083 = CIRCLE ( 'NONE', #1746, 14.62019151721344556 ) ;
#3084 = EDGE_CURVE ( 'NONE', #100, #4735, #79, .T. ) ;
#3085 = FACE_OUTER_BOUND ( 'NONE', #3186, .T. ) ;
#3086 = ORIENTED_EDGE ( 'NONE', *, *, #3131, .F. ) ;
#3087 = ORIENTED_EDGE ( 'NONE', *, *, #3465, .T. ) ;
#3088 = CARTESIAN_POINT ( 'NONE',  ( -12.92988399595825122, -9.660691290473209847, 5.348871227052738320 ) ) ;
#3089 = VECTOR ( 'NONE', #4717, 1000.000000000000114 ) ;
#3090 = CARTESIAN_POINT ( 'NONE',  ( 8.375351028726651492, -14.15077714819123855, -4.339114702329873730 ) ) ;
#3091 = AXIS2_PLACEMENT_3D ( 'NONE', #4131, #3739, #352 ) ;
#3092 = ORIENTED_EDGE ( 'NONE', *, *, #5436, .F. ) ;
#3093 = EDGE_CURVE ( 'NONE', #4631, #791, #1246, .T. ) ;
#3094 = FACE_OUTER_BOUND ( 'NONE', #2899, .T. ) ;
#3095 = CARTESIAN_POINT ( 'NONE',  ( -0.9575555538987050586, -1.606969024216361897, -1.658534870422351037 ) ) ;
#3096 = CARTESIAN_POINT ( 'NONE',  ( 10.51407275410891451, -10.36900817142931430, 8.438976998990346701 ) ) ;
#3097 = CARTESIAN_POINT ( 'NONE',  ( -8.189395087275466167, -13.89214390705671676, -5.382996240025411439 ) ) ;
#3098 = VERTEX_POINT ( 'NONE', #1991 ) ;
#3099 = DIRECTION ( 'NONE',  ( 0.000000000000000000, 0.7181832268395610397, 0.6958540455342021591 ) ) ;
#3100 = DIRECTION ( 'NONE',  ( 0.3830222215594904500, 0.6427876096865433597, -0.6634139481689337314 ) ) ;
#3101 = EDGE_LOOP ( 'NONE', ( #3519, #1790, #1495, #2766 ) ) ;
#3102 = CARTESIAN_POINT ( 'NONE',  ( 6.909921295773507666, -10.82523837194515259, -13.89523581276683117 ) ) ;
#3103 = CARTESIAN_POINT ( 'NONE',  ( -0.7616377746733341558, -14.19900545693899474, 9.325592249774974363 ) ) ;
#3104 = CARTESIAN_POINT ( 'NONE',  ( 9.158941300144903153, -9.971825236022260341, -14.07916491802577852 ) ) ;
#3105 = EDGE_LOOP ( 'NONE', ( #4912, #484, #3508, #4483 ) ) ;
#3106 = B_SPLINE_CURVE_WITH_KNOTS ( 'NONE', 3,
 ( #4902, #5321, #4477, #2865, #4562, #1156, #694, #770, #2449, #4142 ),
 .UNSPECIFIED., .F., .F.,
 ( 4, 2, 2, 2, 4 ),
 ( 0.000000000000000000, 0.0005511528013485329520, 0.001102305602697065904, 0.001653458404045598856, 0.002204611205394131808 ),
 .UNSPECIFIED. ) ;
#3107 = ORIENTED_EDGE ( 'NONE', *, *, #915, .T. ) ;
#3108 = CARTESIAN_POINT ( 'NONE',  ( -0.7658948934373649431, -14.56322623506525460, 9.414174436260584145 ) ) ;
#3109 = CARTESIAN_POINT ( 'NONE',  ( 1.843927130931930281, -10.15180339065106629, -13.94949213435462099 ) ) ;
#3110 = EDGE_CURVE ( 'NONE', #1625, #4583, #4484, .T. ) ;
#3111 = ORIENTED_EDGE ( 'NONE', *, *, #1993, .F. ) ;
#3112 = CARTESIAN_POINT ( 'NONE',  ( 10.84017562645856714, -10.69779050790872788, -8.667069649766808936 ) ) ;
#3113 = ORIENTED_EDGE ( 'NONE', *, *, #1316, .F. ) ;
#3114 = CARTESIAN_POINT ( 'NONE',  ( -12.92108935708830764, -10.44566594247190849, 5.270993272841635324 ) ) ;
#3115 = CARTESIAN_POINT ( 'NONE',  ( 8.527212275929805685, -14.56788190419417717, -4.013848250709453502 ) ) ;
#3116 = ADVANCED_FACE ( 'NONE', ( #2846 ), #2624, .F. ) ;
#3117 = EDGE_LOOP ( 'NONE', ( #91, #451, #1434, #2346 ) ) ;
#3118 = DIRECTION ( 'NONE',  ( 0.3535533905932762289, -0.7071067811865485719, -0.6123724356957918058 ) ) ;
#3119 = CARTESIAN_POINT ( 'NONE',  ( 12.05055710526437096, -13.21799793218496255, -11.12538282101892406 ) ) ;
#3120 = FACE_BOUND ( 'NONE', #4627, .T. ) ;
#3121 = AXIS2_PLACEMENT_3D ( 'NONE', #3741, #1637, #4214 ) ;
#3122 = CARTESIAN_POINT ( 'NONE',  ( -8.399024799691476417, -14.28994036102239917, 4.176399639286795029 ) ) ;
#3123 = CARTESIAN_POINT ( 'NONE',  ( -8.350977675749998497, -14.61947912733021049, -4.964959837232263418 ) ) ;
#3124 = ORIENTED_EDGE ( 'NONE', *, *, #5166, .F. ) ;
#3125 = CARTESIAN_POINT ( 'NONE',  ( -8.156592685891403960, -14.53677747184494429, -5.214998650045293616 ) ) ;
#3126 = DIRECTION ( 'NONE',  ( 0.3830222215594903390, 0.6427876096865434707, -0.6634139481689336204 ) ) ;
#3127 = ORIENTED_EDGE ( 'NONE', *, *, #1517, .T. ) ;
#3128 = CARTESIAN_POINT ( 'NONE',  ( 4.820907072649115221, -14.42996106254740774, 4.305238521876271207 ) ) ;
#3129 = CARTESIAN_POINT ( 'NONE',  ( -0.9748462722799714486, -14.47308771211365297, 8.870543933718471052 ) ) ;
#3130 = CARTESIAN_POINT ( 'NONE',  ( 0.000000000000000000, -6.500000000000000000, 0.000000000000000000 ) ) ;
#3131 = EDGE_CURVE ( 'NONE', #1605, #5350, #2039, .T. ) ;
#3132 = VECTOR ( 'NONE', #5194, 1000.000000000000000 ) ;
#3133 = VERTEX_POINT ( 'NONE', #372 ) ;
#3134 = ORIENTED_EDGE ( 'NONE', *, *, #733, .T. ) ;
#3135 = FACE_OUTER_BOUND ( 'NONE', #1355, .T. ) ;
#3136 = CARTESIAN_POINT ( 'NONE',  ( 3.760874205754119348, -17.40514826379800084, 4.963701945347231081 ) ) ;
#3137 = B_SPLINE_CURVE_WITH_KNOTS ( 'NONE', 3,
 ( #2751, #603, #4839, #2277 ),
 .UNSPECIFIED., .F., .F.,
 ( 4, 4 ),
 ( 0.001003334519491303096, 0.001250462334469695574 ),
 .UNSPECIFIED. ) ;
#3138 = CARTESIAN_POINT ( 'NONE',  ( -13.05376074007756237, -9.385828412306238988, -5.523183462058407045 ) ) ;
#3139 = ORIENTED_EDGE ( 'NONE', *, *, #1397, .F. ) ;
#3140 = DIRECTION ( 'NONE',  ( 0.3535533905932689014, 0.7071067811865460184, 0.6123724356957992443 ) ) ;
#3141 = CARTESIAN_POINT ( 'NONE',  ( 11.02468145486404083, -9.893656997677235054, -8.348748604099419879 ) ) ;
#3142 = VERTEX_POINT ( 'NONE', #2428 ) ;
#3143 = CARTESIAN_POINT ( 'NONE',  ( 2.431361692321963197, -10.84401044073889331, 12.87149602052091879 ) ) ;
#3144 = CARTESIAN_POINT ( 'NONE',  ( 8.274740345167838740, -14.72383461542029259, -3.773243490394281086 ) ) ;
#3145 = CARTESIAN_POINT ( 'NONE',  ( -12.36272338464241649, -10.84401044073886133, -4.330127018921345439 ) ) ;
#3146 = ORIENTED_EDGE ( 'NONE', *, *, #2736, .T. ) ;
#3147 = EDGE_CURVE ( 'NONE', #207, #3291, #3342, .T. ) ;
#3148 = CARTESIAN_POINT ( 'NONE',  ( -7.372977796447457877, -14.34546022443218050, 5.382628694197243213 ) ) ;
#3149 = CARTESIAN_POINT ( 'NONE',  ( 4.561130746712988682, -10.87148790737402315, 7.900110193271383530 ) ) ;
#3150 = CARTESIAN_POINT ( 'NONE',  ( 7.816351874348689499, -14.29007807950647013, -5.185618123087479603 ) ) ;
#3151 = EDGE_CURVE ( 'NONE', #1310, #267, #3864, .T. ) ;
#3152 = EDGE_CURVE ( 'NONE', #5437, #2240, #341, .T. ) ;
#3153 = AXIS2_PLACEMENT_3D ( 'NONE', #1162, #3244, #3682 ) ;
#3154 = CARTESIAN_POINT ( 'NONE',  ( 4.792294722459465639, -16.96960265233653686, -6.291975840306485601 ) ) ;
#3155 = FACE_OUTER_BOUND ( 'NONE', #5210, .T. ) ;
#3156 = DIRECTION ( 'NONE',  ( -0.9214677052481092812, 0.2155386439426785761, -0.3231723397076785020 ) ) ;
#3157 = ORIENTED_EDGE ( 'NONE', *, *, #2612, .T. ) ;
#3158 = CARTESIAN_POINT ( 'NONE',  ( -0.9000000000000000222, -14.97297565616133674, -9.096239064089324616E-16 ) ) ;
#3159 = DIRECTION ( 'NONE',  ( -0.1808583966367556251, -0.2155386439426783818, 0.9596006113656522230 ) ) ;
#3160 = CARTESIAN_POINT ( 'NONE',  ( -12.59873621633418317, -11.12527958081186874, 4.873397172404478006 ) ) ;
#3161 = AXIS2_PLACEMENT_3D ( 'NONE', #3185, #3156, #1816 ) ;
#3162 = ORIENTED_EDGE ( 'NONE', *, *, #1251, .T. ) ;
#3163 = ORIENTED_EDGE ( 'NONE', *, *, #2697, .T. ) ;
#3164 = CARTESIAN_POINT ( 'NONE',  ( -10.29783160062874536, -17.71751119999077062, 4.873397172404478894 ) ) ;
#3165 = DIRECTION ( 'NONE',  ( 0.3830222215594904500, 0.6427876096865433597, -0.6634139481689337314 ) ) ;
#3166 = ADVANCED_FACE ( 'NONE', ( #3377 ), #2456, .F. ) ;
#3167 = VECTOR ( 'NONE', #755, 999.9999999999998863 ) ;
#3168 = AXIS2_PLACEMENT_3D ( 'NONE', #4679, #2171, #2222 ) ;
#3169 = VERTEX_POINT ( 'NONE', #832 ) ;
#3170 = CARTESIAN_POINT ( 'NONE',  ( -4.360630338481587209, -8.721260676963277447, -7.552833299276541901 ) ) ;
#3171 = CARTESIAN_POINT ( 'NONE',  ( -12.95797614089895866, -10.27826209756932130, 5.347739128862131430 ) ) ;
#3172 = ORIENTED_EDGE ( 'NONE', *, *, #1259, .T. ) ;
#3173 = DIRECTION ( 'NONE',  ( 0.3830222215594903390, 0.6427876096865433597, -0.6634139481689337314 ) ) ;
#3174 = CARTESIAN_POINT ( 'NONE',  ( 8.435464133504583017, -14.62262649459487562, -3.866361715862613124 ) ) ;
#3175 = AXIS2_PLACEMENT_3D ( 'NONE', #793, #1535, #1198 ) ;
#3176 = VERTEX_POINT ( 'NONE', #1658 ) ;
#3177 = AXIS2_PLACEMENT_3D ( 'NONE', #4311, #4708, #2587 ) ;
#3178 = LINE ( 'NONE', #656, #3594 ) ;
#3179 = CARTESIAN_POINT ( 'NONE',  ( 8.413231643623461764, -14.66061143408786194, -4.825350317793011712 ) ) ;
#3180 = CARTESIAN_POINT ( 'NONE',  ( 7.731259622020156819, -14.83797325031954806, -5.390934471844586184 ) ) ;
#3181 = TOROIDAL_SURFACE ( 'NONE', #1494, 17.32050807568877460, 0.5000000000000000000 ) ;
#3182 = DIRECTION ( 'NONE',  ( -0.6839503439647061089, 0.000000000000000000, 0.7295285648900666775 ) ) ;
#3183 = EDGE_CURVE ( 'NONE', #3352, #1256, #3354, .T. ) ;
#3184 = FACE_BOUND ( 'NONE', #3713, .T. ) ;
#3185 = CARTESIAN_POINT ( 'NONE',  ( 0.1637712463361654103, -14.33921762924459209, -10.03045446428199838 ) ) ;
#3186 = EDGE_LOOP ( 'NONE', ( #3634, #1196, #4823, #2018, #2625 ) ) ;
#3187 = CARTESIAN_POINT ( 'NONE',  ( 6.758895830006921734, -10.13199030656635458, -13.35023383104765493 ) ) ;
#3188 = CARTESIAN_POINT ( 'NONE',  ( -0.8881603776832893704, -14.67402730464643490, 9.131987475376201147 ) ) ;
#3189 = CIRCLE ( 'NONE', #4062, 0.5000000000000007772 ) ;
#3190 = CARTESIAN_POINT ( 'NONE',  ( -2.500000000000000000, -16.81517172080023670, -1.104261170693745685E-15 ) ) ;
#3191 = CC_DESIGN_SECURITY_CLASSIFICATION ( #536, ( #1768 ) ) ;
#3192 = ORIENTED_EDGE ( 'NONE', *, *, #1209, .T. ) ;
#3193 = ORIENTED_EDGE ( 'NONE', *, *, #5454, .T. ) ;
#3194 = CARTESIAN_POINT ( 'NONE',  ( 8.781522518933115862, -14.03489709128897189, -3.865270723403209985 ) ) ;
#3195 = DIRECTION ( 'NONE',  ( 0.3830222215594812352, 0.6427876096865434707, 0.6634139481689390605 ) ) ;
#3196 = ORIENTED_EDGE ( 'NONE', *, *, #4983, .T. ) ;
#3197 = DIRECTION ( 'NONE',  ( -0.000000000000000000, -1.000000000000000000, -0.000000000000000000 ) ) ;
#3198 = CARTESIAN_POINT ( 'NONE',  ( 11.09787050316215407, -10.29988606503686022, -8.551473275735942181 ) ) ;
#3199 = ORIENTED_EDGE ( 'NONE', *, *, #5304, .F. ) ;
#3200 = CARTESIAN_POINT ( 'NONE',  ( -1.309433537299490080, -14.28826473966598343, 9.119481959131906734 ) ) ;
#3201 = CARTESIAN_POINT ( 'NONE',  ( 8.756509035975929223, -13.89214390705664393, -4.400726067195404489 ) ) ;
#3202 = EDGE_CURVE ( 'NONE', #3788, #1453, #421, .T. ) ;
#3203 = ORIENTED_EDGE ( 'NONE', *, *, #278, .F. ) ;
#3204 = CARTESIAN_POINT ( 'NONE',  ( 7.339254798797159474, -9.157774429157637286, 14.35582587310327085 ) ) ;
#3205 = CARTESIAN_POINT ( 'NONE',  ( -5.986965007414078777, -11.97393001482803321, 10.36972757597805384 ) ) ;
#3206 = CARTESIAN_POINT ( 'NONE',  ( -1.149066664678445759, -1.928362829059633965, -1.990241844506821067 ) ) ;
#3207 = CARTESIAN_POINT ( 'NONE',  ( -12.59873621633418317, -11.12527958081186874, 4.873397172404478006 ) ) ;
#3208 = CARTESIAN_POINT ( 'NONE',  ( 3.609585597197109585, -13.21799793218496255, 15.99877999342348645 ) ) ;
#3209 = VERTEX_POINT ( 'NONE', #16 ) ;
#3210 = CARTESIAN_POINT ( 'NONE',  ( -1.915111107797439205, 1.606969024216360786, 5.015442563508433771E-33 ) ) ;
#3211 = CARTESIAN_POINT ( 'NONE',  ( -0.7159441750221736678, -14.54898301466005428, 9.472385029878505946 ) ) ;
#3212 = DIRECTION ( 'NONE',  ( -0.6839503439647026672, 0.000000000000000000, -0.7295285648900701192 ) ) ;
#3213 = EDGE_CURVE ( 'NONE', #1850, #4039, #1684, .T. ) ;
#3214 = ORIENTED_EDGE ( 'NONE', *, *, #1458, .F. ) ;
#3215 = VERTEX_POINT ( 'NONE', #2401 ) ;
#3216 = ADVANCED_FACE ( 'NONE', ( #1376, #3405 ), #1296, .T. ) ;
#3217 = CARTESIAN_POINT ( 'NONE',  ( -8.151650932653412340, -17.39471277936896954, 0.7992628029375538068 ) ) ;
#3218 = CARTESIAN_POINT ( 'NONE',  ( 3.850680127428493194, -18.66247237898448930, 6.070029426664217631 ) ) ;
#3219 = AXIS2_PLACEMENT_3D ( 'NONE', #224, #142, #118 ) ;
#3220 = ADVANCED_FACE ( 'NONE', ( #3074 ), #2206, .F. ) ;
#3221 = VERTEX_POINT ( 'NONE', #3043 ) ;
#3222 = CARTESIAN_POINT ( 'NONE',  ( 7.731259622020082212, -14.83797325031954983, 5.390934471844693654 ) ) ;
#3223 = LINE ( 'NONE', #2433, #4626 ) ;
#3224 = CARTESIAN_POINT ( 'NONE',  ( 11.15414316370434555, -10.15507364439846505, -8.577052547008124250 ) ) ;
#3225 = ORIENTED_EDGE ( 'NONE', *, *, #4521, .T. ) ;
#3226 = LINE ( 'NONE', #3379, #1660 ) ;
#3227 = CARTESIAN_POINT ( 'NONE',  ( -10.01511778237227190, -11.93555259739618180, 0.000000000000000000 ) ) ;
#3228 = CARTESIAN_POINT ( 'NONE',  ( -10.68085382218823121, -17.39611739514749900, -4.873397172404478894 ) ) ;
#3229 = DIRECTION ( 'NONE',  ( 0.3213938048432744554, -0.7660444431189745718, -0.5566703992264216971 ) ) ;
#3230 = CARTESIAN_POINT ( 'NONE',  ( -10.68085382218823121, -17.39611739514749900, -3.938993453682045949E-16 ) ) ;
#3231 = EDGE_CURVE ( 'NONE', #4349, #1737, #4740, .T. ) ;
#3232 = CARTESIAN_POINT ( 'NONE',  ( 10.21928660899481045, -10.80741444993153166, 8.232009117501663198 ) ) ;
#3233 = CIRCLE ( 'NONE', #4480, 16.82563641638337515 ) ;
#3234 = DIRECTION ( 'NONE',  ( -0.7660444431189746828, 0.6427876096865434707, 2.006177025403370566E-33 ) ) ;
#3235 = LINE ( 'NONE', #768, #511 ) ;
#3236 = VERTEX_POINT ( 'NONE', #3922 ) ;
#3237 = CARTESIAN_POINT ( 'NONE',  ( 2.384254809587171398, -17.70816414231493852, 6.095689139559789638 ) ) ;
#3238 = DIRECTION ( 'NONE',  ( -0.3213938048432744554, 0.7660444431189745718, 0.5566703992264216971 ) ) ;
#3239 = CIRCLE ( 'NONE', #3327, 17.32050807568877460 ) ;
#3240 = ORIENTED_EDGE ( 'NONE', *, *, #1028, .F. ) ;
#3241 = CIRCLE ( 'NONE', #4297, 6.500000000000001776 ) ;
#3242 = DIRECTION ( 'NONE',  ( 0.7406093086113620938, 0.2155386439426757450, -0.6364282716579715560 ) ) ;
#3243 = VERTEX_POINT ( 'NONE', #888 ) ;
#3244 = DIRECTION ( 'NONE',  ( 0.6427876096865435818, 0.7660444431189745718, 2.775557561562891351E-17 ) ) ;
#3245 = DIRECTION ( 'NONE',  ( 0.000000000000000000, -0.7181832268395639263, 0.6958540455341993836 ) ) ;
#3246 = VECTOR ( 'NONE', #884, 1000.000000000000114 ) ;
#3247 = ORIENTED_EDGE ( 'NONE', *, *, #1588, .F. ) ;
#3248 = DIRECTION ( 'NONE',  ( 0.3213938048432742889, -0.7660444431189747938, 0.5566703992264215861 ) ) ;
#3249 = DIRECTION ( 'NONE',  ( 3.336006684570782510E-15, -0.5878588831525572989, 0.8089634933040106279 ) ) ;
#3250 = CARTESIAN_POINT ( 'NONE',  ( -15.27712048090208974, -13.53939173702823417, -3.938993453682045949E-16 ) ) ;
#3251 = EDGE_CURVE ( 'NONE', #4353, #3448, #3899, .T. ) ;
#3252 = AXIS2_PLACEMENT_3D ( 'NONE', #1900, #3100, #1071 ) ;
#3253 = CARTESIAN_POINT ( 'NONE',  ( -0.7453092180052934834, -13.92602564435197010, 9.723379854824502289 ) ) ;
#3254 = LINE ( 'NONE', #2830, #1589 ) ;
#3255 = AXIS2_PLACEMENT_3D ( 'NONE', #2130, #2988, #4687 ) ;
#3256 = DIRECTION ( 'NONE',  ( 0.9214677052481138331, -0.2155386439426787148, -0.3231723397076652349 ) ) ;
#3257 = CARTESIAN_POINT ( 'NONE',  ( -15.99004722191935812, -11.28600941025521820, -0.2625044930782680086 ) ) ;
#3258 = AXIS2_PLACEMENT_3D ( 'NONE', #230, #1903, #5265 ) ;
#3259 = DIRECTION ( 'NONE',  ( 0.3830222215594904500, 0.6427876096865433597, -0.6634139481689337314 ) ) ;
#3260 = VECTOR ( 'NONE', #1753, 1000.000000000000114 ) ;
#3261 = ADVANCED_FACE ( 'NONE', ( #5135, #4288 ), #453, .T. ) ;
#3262 = DIRECTION ( 'NONE',  ( 1.000000000000000000, 0.000000000000000000, 0.000000000000000000 ) ) ;
#3263 = CARTESIAN_POINT ( 'NONE',  ( 6.489493575772475431, -15.46775456608786747, 11.24013258862999898 ) ) ;
#3264 = EDGE_LOOP ( 'NONE', ( #5146, #2023, #342, #3803 ) ) ;
#3265 = FACE_OUTER_BOUND ( 'NONE', #1004, .T. ) ;
#3266 = CARTESIAN_POINT ( 'NONE',  ( 5.222031227117546415, -12.44674895111303492, -9.044823404079034290 ) ) ;
#3267 = CARTESIAN_POINT ( 'NONE',  ( 10.79211889802803270, -10.47660066377792987, 7.924990480577370988 ) ) ;
#3268 = AXIS2_PLACEMENT_3D ( 'NONE', #1075, #3652, #1933 ) ;
#3269 = ORIENTED_EDGE ( 'NONE', *, *, #4204, .F. ) ;
#3270 = EDGE_CURVE ( 'NONE', #4485, #3496, #5104, .T. ) ;
#3271 = AXIS2_PLACEMENT_3D ( 'NONE', #2471, #3259, #4162 ) ;
#3272 = MECHANICAL_CONTEXT ( 'NONE', #1936, 'mechanical' ) ;
#3273 = ORIENTED_EDGE ( 'NONE', *, *, #4694, .F. ) ;
#3274 = CARTESIAN_POINT ( 'NONE',  ( 8.570472558968329935, -10.77063468691917691, 12.87745917715160537 ) ) ;
#3275 = CARTESIAN_POINT ( 'NONE',  ( -15.98118485468969574, -8.977583879537446521, 0.6139576418680084968 ) ) ;
#3276 = AXIS2_PLACEMENT_3D ( 'NONE', #788, #2050, #5440 ) ;
#3277 = ORIENTED_EDGE ( 'NONE', *, *, #4636, .F. ) ;
#3278 = DIRECTION ( 'NONE',  ( 2.602085213965209853E-15, 0.5878588831525589642, 0.8089634933040091846 ) ) ;
#3279 = CARTESIAN_POINT ( 'NONE',  ( 8.358892961420187007, -13.92952569698046261, 5.009712797823953956 ) ) ;
#3280 = CARTESIAN_POINT ( 'NONE',  ( -0.1994872128334376216, -13.87408374968681457, 9.823668909998955812 ) ) ;
#3281 = DIRECTION ( 'NONE',  ( 0.000000000000000000, 0.7181832268395611507, 0.6958540455342021591 ) ) ;
#3282 = EDGE_CURVE ( 'NONE', #4552, #507, #1565, .T. ) ;
#3283 = LINE ( 'NONE', #3228, #4634 ) ;
#3284 = ORIENTED_EDGE ( 'NONE', *, *, #2142, .F. ) ;
#3285 = EDGE_CURVE ( 'NONE', #667, #2115, #3692, .T. ) ;
#3286 = CARTESIAN_POINT ( 'NONE',  ( -15.63323151506200404, -10.97161050000682714, -0.8737010453372728858 ) ) ;
#3287 = DATE_AND_TIME ( #4161, #2912 ) ;
#3288 = LINE ( 'NONE', #3311, #2733 ) ;
#3289 = CARTESIAN_POINT ( 'NONE',  ( -13.21426525024855536, -9.849361908630665852, -5.279513603438183544 ) ) ;
#3290 = DIRECTION ( 'NONE',  ( 0.000000000000000000, 0.000000000000000000, 1.000000000000000000 ) ) ;
#3291 = VERTEX_POINT ( 'NONE', #1773 ) ;
#3292 = FACE_OUTER_BOUND ( 'NONE', #4901, .T. ) ;
#3293 = CARTESIAN_POINT ( 'NONE',  ( 2.547495199375206187, -17.26127810981613564, 5.487908246259228129 ) ) ;
#3294 = DIRECTION ( 'NONE',  ( 0.6427876096865434707, 0.7660444431189746828, -0.000000000000000000 ) ) ;
#3295 = VERTEX_POINT ( 'NONE', #5184 ) ;
#3296 = ORIENTED_EDGE ( 'NONE', *, *, #1874, .T. ) ;
#3297 = DIRECTION ( 'NONE',  ( 0.000000000000000000, 0.7181832268395611507, 0.6958540455342021591 ) ) ;
#3298 = DIRECTION ( 'NONE',  ( -0.6427876096865435818, -0.7660444431189745718, 0.000000000000000000 ) ) ;
#3299 = EDGE_CURVE ( 'NONE', #4583, #1625, #3471, .T. ) ;
#3300 = VERTEX_POINT ( 'NONE', #2653 ) ;
#3301 = CARTESIAN_POINT ( 'NONE',  ( -12.30445610180991700, -10.88569332758857477, 4.370588154508100232 ) ) ;
#3302 = CARTESIAN_POINT ( 'NONE',  ( 8.169539528126067651, -14.47308771211367251, 3.591030330280381655 ) ) ;
#3303 = AXIS2_PLACEMENT_3D ( 'NONE', #50, #4613, #2576 ) ;
#3304 = DIRECTION ( 'NONE',  ( -0.7406093086113528789, -0.2155386439426794642, -0.6364282716579811039 ) ) ;
#3305 = VECTOR ( 'NONE', #3800, 1000.000000000000114 ) ;
#3306 = ORIENTED_EDGE ( 'NONE', *, *, #378, .T. ) ;
#3307 = DIRECTION ( 'NONE',  ( -0.3213938048432665728, 0.7660444431189746828, -0.5566703992264259160 ) ) ;
#3308 = ORIENTED_EDGE ( 'NONE', *, *, #510, .F. ) ;
#3309 = DIRECTION ( 'NONE',  ( 1.224646799147355426E-16, 0.000000000000000000, -1.000000000000000000 ) ) ;
#3310 = PERSON_AND_ORGANIZATION ( #377, #2199 ) ;
#3311 = CARTESIAN_POINT ( 'NONE',  ( 4.174458625313362425, -13.53939173702823417, -15.23037443313673123 ) ) ;
#3312 = EDGE_CURVE ( 'NONE', #1552, #1493, #4938, .T. ) ;
#3313 = CARTESIAN_POINT ( 'NONE',  ( -8.534316013764755127, -14.83797325031955161, -4.000000000000000000 ) ) ;
#3314 = DIRECTION ( 'NONE',  ( -0.6427876096865435818, -0.7660444431189745718, 0.000000000000000000 ) ) ;
#3315 = CARTESIAN_POINT ( 'NONE',  ( 5.154840035044468749, -12.28659826202548189, 8.928444845587344858 ) ) ;
#3316 = CARTESIAN_POINT ( 'NONE',  ( 6.489493575772632639, -15.46775456608786925, -11.24013258862990838 ) ) ;
#3317 = ADVANCED_FACE ( 'NONE', ( #583 ), #4515, .F. ) ;
#3318 = CARTESIAN_POINT ( 'NONE',  ( 10.02939295137710296, -10.98124759220028146, -9.371418160858198121 ) ) ;
#3319 = EDGE_CURVE ( 'NONE', #3794, #1850, #178, .T. ) ;
#3320 = TOROIDAL_SURFACE ( 'NONE', #1382, 17.32050807568877460, 0.5000000000000000000 ) ;
#3321 = ORIENTED_EDGE ( 'NONE', *, *, #331, .T. ) ;
#3322 = LINE ( 'NONE', #5021, #3510 ) ;
#3323 = CARTESIAN_POINT ( 'NONE',  ( -0.8696454552381233105, -14.72383461542029259, -9.052757093832509483 ) ) ;
#3324 = ORIENTED_EDGE ( 'NONE', *, *, #2458, .F. ) ;
#3325 = CARTESIAN_POINT ( 'NONE',  ( 8.558131224685224581, -11.02703640228754445, 13.17853261525399766 ) ) ;
#3326 = CARTESIAN_POINT ( 'NONE',  ( -12.81346252479223402, -9.614080174923822497, 5.693743687434563050 ) ) ;
#3327 = AXIS2_PLACEMENT_3D ( 'NONE', #1944, #3450, #1784 ) ;
#3328 = VECTOR ( 'NONE', #3795, 1000.000000000000114 ) ;
#3329 = EDGE_CURVE ( 'NONE', #3974, #4863, #664, .T. ) ;
#3330 = EDGE_LOOP ( 'NONE', ( #1361, #2174, #5178, #1241, #1030, #2555, #3518, #4305, #541, #1053, #3306, #5055, #94 ) ) ;
#3331 = DIRECTION ( 'NONE',  ( 0.000000000000000000, -0.8466106887629439859, -0.5322126846217907215 ) ) ;
#3332 = CARTESIAN_POINT ( 'NONE',  ( 2.388142695015648798, -10.87010781330677922, -12.85061477216192216 ) ) ;
#3333 = CARTESIAN_POINT ( 'NONE',  ( 8.567427670168109799, -14.54647336079802677, 4.168617723341871084 ) ) ;
#3334 = VECTOR ( 'NONE', #2394, 1000.000000000000114 ) ;
#3335 = EDGE_CURVE ( 'NONE', #271, #719, #1131, .T. ) ;
#3336 = FACE_OUTER_BOUND ( 'NONE', #952, .T. ) ;
#3337 = CARTESIAN_POINT ( 'NONE',  ( -12.70966849415802358, -9.943221502640165355, -5.360244539472620140 ) ) ;
#3338 = CARTESIAN_POINT ( 'NONE',  ( 2.548536901295042068, -17.26081636094285443, -5.486714969442752832 ) ) ;
#3339 = EDGE_LOOP ( 'NONE', ( #5229, #246, #3532, #4149 ) ) ;
#3340 = PLANE ( 'NONE',  #2722 ) ;
#3341 = CARTESIAN_POINT ( 'NONE',  ( -1.331215625630756128, -14.38779810259300618, -8.958459152056803987 ) ) ;
#3342 = CIRCLE ( 'NONE', #691, 5.000000000000001776 ) ;
#3343 = CARTESIAN_POINT ( 'NONE',  ( 8.035748220885748694, -14.04015770343839442, -5.231061692946126662 ) ) ;
#3344 = AXIS2_PLACEMENT_3D ( 'NONE', #60, #1729, #3425 ) ;
#3345 = CARTESIAN_POINT ( 'NONE',  ( 1.119941157060475811, -17.39611739514749900, 11.68658933032537739 ) ) ;
#3346 = CARTESIAN_POINT ( 'NONE',  ( -7.065027007717545438, -16.19839045252442844, 6.123232604514602279E-16 ) ) ;
#3347 = CARTESIAN_POINT ( 'NONE',  ( 6.489493575772632639, -19.28883730657949869, -5.981869882153842966 ) ) ;
#3348 = TOROIDAL_SURFACE ( 'NONE', #1218, 17.32050807568877460, 0.5000000000000000000 ) ;
#3349 = EDGE_LOOP ( 'NONE', ( #2182, #1983, #312, #2380, #3609 ) ) ;
#3350 = EDGE_CURVE ( 'NONE', #2128, #1419, #429, .T. ) ;
#3351 = CARTESIAN_POINT ( 'NONE',  ( 2.270393464913179837, -10.80388577596859534, 13.67923117921117004 ) ) ;
#3352 = VERTEX_POINT ( 'NONE', #4068 ) ;
#3353 = CARTESIAN_POINT ( 'NONE',  ( -17.16011332295884273, -10.33842182736712800, -1.279300782008091148E-16 ) ) ;
#3354 = LINE ( 'NONE', #5053, #951 ) ;
#3355 = CIRCLE ( 'NONE', #1399, 0.8999999999999975797 ) ;
#3356 = EDGE_CURVE ( 'NONE', #4408, #4250, #1478, .T. ) ;
#3357 = AXIS2_PLACEMENT_3D ( 'NONE', #654, #4463, #5253 ) ;
#3358 = ORIENTED_EDGE ( 'NONE', *, *, #782, .F. ) ;
#3359 = CARTESIAN_POINT ( 'NONE',  ( 0.000000000000000000, -6.906250000000000000, 15.53395348703928747 ) ) ;
#3360 = PLANE ( 'NONE',  #4130 ) ;
#3361 = AXIS2_PLACEMENT_3D ( 'NONE', #4103, #3304, #4495 ) ;
#3362 = CARTESIAN_POINT ( 'NONE',  ( -12.23877232443891927, -10.80741444993153166, 4.734157253192920578 ) ) ;
#3363 = CARTESIAN_POINT ( 'NONE',  ( 13.03459018660789148, -10.91326984304819980, 0.000000000000000000 ) ) ;
#3364 = CYLINDRICAL_SURFACE ( 'NONE', #4009, 0.5000000000000002220 ) ;
#3365 = CARTESIAN_POINT ( 'NONE',  ( -12.48364914807016213, -10.05512921238468849, -5.662278129849291020 ) ) ;
#3366 = CARTESIAN_POINT ( 'NONE',  ( 4.792815558219640337, -16.97087787978964002, 6.292906380471396943 ) ) ;
#3367 = EDGE_CURVE ( 'NONE', #4552, #2468, #3523, .T. ) ;
#3368 = CARTESIAN_POINT ( 'NONE',  ( 3.061616997868383141E-16, -16.00000000000000000, 2.500000000000000000 ) ) ;
#3369 = CARTESIAN_POINT ( 'NONE',  ( -7.768144974638063083, -14.56147424127980372, 5.374330444032625387 ) ) ;
#3370 = CYLINDRICAL_SURFACE ( 'NONE', #2447, 5.000000000000001776 ) ;
#3371 = FACE_OUTER_BOUND ( 'NONE', #748, .T. ) ;
#3372 = ORIENTED_EDGE ( 'NONE', *, *, #47, .F. ) ;
#3373 = DIRECTION ( 'NONE',  ( 0.000000000000000000, 0.000000000000000000, 1.000000000000000000 ) ) ;
#3374 = DIRECTION ( 'NONE',  ( -0.7071067811865485719, 0.7071067811865465735, -0.000000000000000000 ) ) ;
#3375 = ORIENTED_EDGE ( 'NONE', *, *, #28, .T. ) ;
#3376 = DIRECTION ( 'NONE',  ( -0.6427876096865433597, -0.7660444431189745718, 0.000000000000000000 ) ) ;
#3377 = FACE_OUTER_BOUND ( 'NONE', #2269, .T. ) ;
#3378 =( BOUNDED_SURFACE ( )  B_SPLINE_SURFACE ( 3, 2, ( 
 ( #37, #3402, #2954 ),
 ( #5101, #1293, #2127 ),
 ( #885, #1792, #4737 ),
 ( #936, #4316, #1736 ),
 ( #2985, #2565, #473 ),
 ( #3482, #1373, #3071 ),
 ( #4765, #967, #2098 ),
 ( #2151, #3840, #65 ),
 ( #3511, #5212, #991 ),
 ( #3623, #5262, #1452 ),
 ( #4366, #227, #2729 ),
 ( #5318, #175, #4395 ),
 ( #660, #1512, #2228 ),
 ( #2672, #610, #4899 ) ),
 .UNSPECIFIED., .F., .F., .T. ) 
 B_SPLINE_SURFACE_WITH_KNOTS ( ( 4, 2, 2, 2, 2, 2, 4 ),
 ( 3, 3 ),
 ( 0.0003413480183935272056, 0.0009094683632856996732, 0.001193528535731785880, 0.001477588708177872195, 0.001761648880623958510, 0.002045709053070044608, 0.002613829397962217239 ),
 ( 0.000000000000000000, 1.000000000000000000 ),
 .UNSPECIFIED. ) 
 GEOMETRIC_REPRESENTATION_ITEM ( )  RATIONAL_B_SPLINE_SURFACE ( (
 ( 1.000000000000000000, 0.6546536707079763096, 1.000000000000000000),
 ( 1.000000000000000000, 0.6740283108244327082, 1.000000000000000000),
 ( 1.000000000000000000, 0.6960620086630848746, 1.000000000000000000),
 ( 1.000000000000000000, 0.7278407012478267379, 1.000000000000000000),
 ( 1.000000000000000000, 0.7384497941609439176, 1.000000000000000000),
 ( 1.000000000000000000, 0.7585176942048098558, 1.000000000000000000),
 ( 1.000000000000000000, 0.7680873389371347670, 1.000000000000000000),
 ( 1.000000000000000000, 0.7860884730439428036, 1.000000000000000000),
 ( 1.000000000000000000, 0.7942161018751893176, 1.000000000000000000),
 ( 1.000000000000000000, 0.8088502102449915965, 1.000000000000000000),
 ( 1.000000000000000000, 0.8152746277756696136, 1.000000000000000000),
 ( 1.000000000000000000, 0.8308741023687410410, 1.000000000000000000),
 ( 1.000000000000000000, 0.8367537141085512609, 1.000000000000000000),
 ( 1.000000000000000000, 0.8366600265340751186, 1.000000000000000000) ) ) 
 REPRESENTATION_ITEM ( '' )  SURFACE ( )  );
#3379 = CARTESIAN_POINT ( 'NONE',  ( -17.95827603181849597, -11.28963510312533458, 0.000000000000000000 ) ) ;
#3380 = ADVANCED_FACE ( 'NONE', ( #1963 ), #3593, .F. ) ;
#3381 = ORIENTED_EDGE ( 'NONE', *, *, #1517, .F. ) ;
#3382 = DIRECTION ( 'NONE',  ( 0.000000000000000000, 0.000000000000000000, -1.000000000000000000 ) ) ;
#3383 = CARTESIAN_POINT ( 'NONE',  ( 8.423318339417866341, -14.63011237418247568, 3.854732053735045572 ) ) ;
#3384 = EDGE_CURVE ( 'NONE', #1411, #4247, #3958, .T. ) ;
#3385 = AXIS2_PLACEMENT_3D ( 'NONE', #731, #2407, #4914 ) ;
#3386 = DIRECTION ( 'NONE',  ( -0.3213938048432742334, 0.7660444431189746828, 0.5566703992264213641 ) ) ;
#3387 = CARTESIAN_POINT ( 'NONE',  ( -12.93853402094028837, -9.482515100212529191, -5.631211262354779201 ) ) ;
#3388 = CARTESIAN_POINT ( 'NONE',  ( -12.97898715154515870, -15.46775456608786747, 0.000000000000000000 ) ) ;
#3389 = ORIENTED_EDGE ( 'NONE', *, *, #3356, .T. ) ;
#3390 = ORIENTED_EDGE ( 'NONE', *, *, #4566, .F. ) ;
#3391 = DIRECTION ( 'NONE',  ( 0.3830222215594903390, 0.6427876096865435818, -0.6634139481689336204 ) ) ;
#3392 = CARTESIAN_POINT ( 'NONE',  ( -10.01511778237227190, -11.93555259739618180, 0.000000000000000000 ) ) ;
#3393 = VECTOR ( 'NONE', #4270, 1000.000000000000227 ) ;
#3394 = EDGE_LOOP ( 'NONE', ( #2293, #538, #3296, #2826 ) ) ;
#3395 = CARTESIAN_POINT ( 'NONE',  ( -14.72547143890729160, -9.770514355658988848, 1.391045765830523377E-22 ) ) ;
#3396 = FACE_BOUND ( 'NONE', #1025, .T. ) ;
#3397 = EDGE_CURVE ( 'NONE', #547, #1803, #2272, .T. ) ;
#3398 = FACE_OUTER_BOUND ( 'NONE', #743, .T. ) ;
#3399 = LINE ( 'NONE', #4282, #2 ) ;
#3400 = ORIENTED_EDGE ( 'NONE', *, *, #4674, .F. ) ;
#3401 = CYLINDRICAL_SURFACE ( 'NONE', #765, 1.499999999999999556 ) ;
#3402 = CARTESIAN_POINT ( 'NONE',  ( 2.233015904905354176, -10.37947748913432555, 13.28959820138769210 ) ) ;
#3403 = ORIENTED_EDGE ( 'NONE', *, *, #4606, .T. ) ;
#3404 = DIRECTION ( 'NONE',  ( 0.3830222215594902835, 0.6427876096865435818, -0.6634139481689335094 ) ) ;
#3405 = FACE_BOUND ( 'NONE', #3466, .T. ) ;
#3406 = CARTESIAN_POINT ( 'NONE',  ( 8.824028270084852466, -10.31432980974213010, -14.68829268392038578 ) ) ;
#3407 = CIRCLE ( 'NONE', #1107, 0.4999999999999997780 ) ;
#3408 = ORIENTED_EDGE ( 'NONE', *, *, #4881, .F. ) ;
#3409 = CARTESIAN_POINT ( 'NONE',  ( 1.794947393373206079, -9.661882189138758292, 14.48020015117974957 ) ) ;
#3410 = CARTESIAN_POINT ( 'NONE',  ( 0.5162505845215903388, -14.05794848917658513, 9.554426279671085709 ) ) ;
#3411 = CARTESIAN_POINT ( 'NONE',  ( -5.825202145052513991, -12.63238479616716070, -8.955652660562702039 ) ) ;
#3412 = EDGE_CURVE ( 'NONE', #3624, #3209, #4221, .T. ) ;
#3413 = DIRECTION ( 'NONE',  ( 0.000000000000000000, 0.7181832268395611507, 0.6958540455342021591 ) ) ;
#3414 = ORIENTED_EDGE ( 'NONE', *, *, #1906, .F. ) ;
#3415 = AXIS2_PLACEMENT_3D ( 'NONE', #3862, #3810, #3451 ) ;
#3416 = ORIENTED_EDGE ( 'NONE', *, *, #1686, .T. ) ;
#3417 = CARTESIAN_POINT ( 'NONE',  ( 9.937268422188356709, -10.88569332758853747, 8.470677486663781508 ) ) ;
#3418 = DIRECTION ( 'NONE',  ( -0.6517473912071953812, 0.000000000000000000, 0.7584361133639504482 ) ) ;
#3419 = ADVANCED_FACE ( 'NONE', ( #366, #4596 ), #3676, .T. ) ;
#3420 = TOROIDAL_SURFACE ( 'NONE', #2008, 17.32050807568877460, 0.5000000000000000000 ) ;
#3421 = ORIENTED_EDGE ( 'NONE', *, *, #1418, .T. ) ;
#3422 = FACE_BOUND ( 'NONE', #1132, .T. ) ;
#3423 = CARTESIAN_POINT ( 'NONE',  ( 6.736018180446402326, -8.276728598351896338, -11.66712572924108038 ) ) ;
#3424 = CARTESIAN_POINT ( 'NONE',  ( -0.06511742445140802915, -14.23620314725358860, -9.309114512374057071 ) ) ;
#3425 = DIRECTION ( 'NONE',  ( -3.728499977318076986E-17, -0.7181832268395640373, 0.6958540455341993836 ) ) ;
#3426 = VECTOR ( 'NONE', #727, 999.9999999999998863 ) ;
#3427 = CARTESIAN_POINT ( 'NONE',  ( 10.92718165365058702, -10.34467061495290174, 7.913174446744877244 ) ) ;
#3428 = EDGE_CURVE ( 'NONE', #3753, #923, #2064, .T. ) ;
#3429 = AXIS2_PLACEMENT_3D ( 'NONE', #3034, #2197, #2979 ) ;
#3430 = ORIENTED_EDGE ( 'NONE', *, *, #3213, .T. ) ;
#3431 = CARTESIAN_POINT ( 'NONE',  ( 5.007558891186055128, -11.93555259739618180, 8.673346421427703845 ) ) ;
#3432 = CARTESIAN_POINT ( 'NONE',  ( -7.441679978987091992, -16.52821941023682939, -0.8729306671543647367 ) ) ;
#3433 = ORIENTED_EDGE ( 'NONE', *, *, #3685, .F. ) ;
#3434 = CARTESIAN_POINT ( 'NONE',  ( -5.930657695151126063, -33.38488466757014095, 10.27220045030097495 ) ) ;
#3435 = CARTESIAN_POINT ( 'NONE',  ( -5.825202145052513991, -11.65040429010518963, -10.08954607959037908 ) ) ;
#3436 = DIRECTION ( 'NONE',  ( 0.3213938048432666283, -0.7660444431189745718, -0.5566703992264260270 ) ) ;
#3437 = VECTOR ( 'NONE', #5068, 1000.000000000000000 ) ;
#3438 = EDGE_CURVE ( 'NONE', #2468, #1943, #4944, .T. ) ;
#3439 = EDGE_LOOP ( 'NONE', ( #1506, #2738 ) ) ;
#3440 = LINE ( 'NONE', #1778, #3328 ) ;
#3441 = CARTESIAN_POINT ( 'NONE',  ( 8.436932908470689441, -14.62173951721651477, 3.868368686365752041 ) ) ;
#3442 = CARTESIAN_POINT ( 'NONE',  ( -12.95472834815221574, -10.29988606503693305, -5.335301145780385390 ) ) ;
#3443 = VERTEX_POINT ( 'NONE', #4091 ) ;
#3444 = VERTEX_POINT ( 'NONE', #824 ) ;
#3445 = DIRECTION ( 'NONE',  ( -0.000000000000000000, 1.000000000000000000, -0.000000000000000000 ) ) ;
#3446 = CARTESIAN_POINT ( 'NONE',  ( 11.85904599448462449, -13.53939173702823417, -10.79367584693445536 ) ) ;
#3447 = EDGE_CURVE ( 'NONE', #4882, #1803, #4489, .T. ) ;
#3448 = VERTEX_POINT ( 'NONE', #2498 ) ;
#3449 = ADVANCED_FACE ( 'NONE', ( #2038 ), #3780, .F. ) ;
#3450 = DIRECTION ( 'NONE',  ( -0.3830222215594904500, -0.6427876096865433597, 0.6634139481689337314 ) ) ;
#3451 = DIRECTION ( 'NONE',  ( 7.433725043934972653E-17, 0.5878588831525611846, 0.8089634933040077414 ) ) ;
#3452 = CARTESIAN_POINT ( 'NONE',  ( -5.611944362040254930, -9.951096517944861830, -9.720172764303638857 ) ) ;
#3453 = ADVANCED_FACE ( 'NONE', ( #5375, #4166 ), #1570, .T. ) ;
#3454 = ORIENTED_EDGE ( 'NONE', *, *, #4307, .T. ) ;
#3455 = CARTESIAN_POINT ( 'NONE',  ( 7.638560240451107042, -13.53939173702823417, -13.23037443313671524 ) ) ;
#3456 = DIRECTION ( 'NONE',  ( 0.3213938048432742334, -0.7660444431189746828, -0.5566703992264213641 ) ) ;
#3457 = ORIENTED_EDGE ( 'NONE', *, *, #49, .F. ) ;
#3458 = CARTESIAN_POINT ( 'NONE',  ( -5.915960343039083469, -17.16257186705424331, 0.1305982490180183364 ) ) ;
#3459 = CARTESIAN_POINT ( 'NONE',  ( -16.14780532449567119, -9.223324690102515433, -0.8730810558355542872 ) ) ;
#3460 = CARTESIAN_POINT ( 'NONE',  ( -5.930657695150938657, -33.38488466757005568, -10.27220045030097850 ) ) ;
#3461 = ORIENTED_EDGE ( 'NONE', *, *, #4156, .T. ) ;
#3462 = ORIENTED_EDGE ( 'NONE', *, *, #1314, .T. ) ;
#3463 = DIRECTION ( 'NONE',  ( 0.3213938048432665728, -0.7660444431189746828, 0.5566703992264259160 ) ) ;
#3464 = DIRECTION ( 'NONE',  ( 1.000000000000000000, 0.000000000000000000, 0.000000000000000000 ) ) ;
#3465 = EDGE_CURVE ( 'NONE', #393, #3813, #4676, .T. ) ;
#3466 = EDGE_LOOP ( 'NONE', ( #4543, #5314 ) ) ;
#3467 = ORIENTED_EDGE ( 'NONE', *, *, #5418, .F. ) ;
#3468 = B_SPLINE_CURVE_WITH_KNOTS ( 'NONE', 3,
 ( #2834, #4924, #1616, #4556, #4957, #1641, #1595, #4529, #3341, #5009 ),
 .UNSPECIFIED., .F., .F.,
 ( 4, 2, 2, 2, 4 ),
 ( 0.000000000000000000, 0.001102259932261460485, 0.001377824915326826419, 0.001653389898392192787, 0.002204519864522927908 ),
 .UNSPECIFIED. ) ;
#3469 = CARTESIAN_POINT ( 'NONE',  ( -6.201507065514348049, -17.42699116221540123, -0.8003093477345374351 ) ) ;
#3470 = CYLINDRICAL_SURFACE ( 'NONE', #2114, 1.000000000000001776 ) ;
#3471 = B_SPLINE_CURVE_WITH_KNOTS ( 'NONE', 3,
 ( #40, #3514, #1329, #3017, #2593, #3843, #3459, #68, #4716, #1711, #2538, #913, #5159, #533, #1795, #3485, #4768, #970 ),
 .UNSPECIFIED., .F., .F.,
 ( 4, 2, 2, 2, 2, 2, 2, 2, 4 ),
 ( 0.003131106510279250965, 0.003522398470975969097, 0.003913690431672687230, 0.004304982392369404928, 0.004696274353066123494, 0.005087566313762842060, 0.005478858274459559759, 0.005870150235156277457, 0.006261442195852996023 ),
 .UNSPECIFIED. ) ;
#3472 = VERTEX_POINT ( 'NONE', #4535 ) ;
#3473 = DIRECTION ( 'NONE',  ( 0.3830222215594810686, 0.6427876096865434707, 0.6634139481689389495 ) ) ;
#3474 = CARTESIAN_POINT ( 'NONE',  ( -7.937382670621417446, -14.15437579354262532, 5.085593838907311870 ) ) ;
#3475 = DIRECTION ( 'NONE',  ( 0.000000000000000000, 0.7181832268395595964, 0.6958540455342037134 ) ) ;
#3476 = CARTESIAN_POINT ( 'NONE',  ( -5.930657695151126063, -33.38488466757014095, 10.27220045030097495 ) ) ;
#3477 = EDGE_CURVE ( 'NONE', #2566, #1411, #4193, .T. ) ;
#3478 = CARTESIAN_POINT ( 'NONE',  ( 3.858549542157621914, -16.23846107604305899, -5.987349805004356540 ) ) ;
#3479 = VERTEX_POINT ( 'NONE', #3346 ) ;
#3480 = EDGE_CURVE ( 'NONE', #791, #4631, #3670, .T. ) ;
#3481 = CARTESIAN_POINT ( 'NONE',  ( 11.17932552532730739, -9.849361908630664075, -8.804132597342036348 ) ) ;
#3482 = CARTESIAN_POINT ( 'NONE',  ( 1.401000407991664920, -10.34191610175731313, 13.41977818099466369 ) ) ;
#3483 = ORIENTED_EDGE ( 'NONE', *, *, #4880, .F. ) ;
#3484 = CARTESIAN_POINT ( 'NONE',  ( -13.13058267247861188, -10.98124759220028146, -3.999999999999998224 ) ) ;
#3485 = CARTESIAN_POINT ( 'NONE',  ( -17.13972788003299641, -10.32071952328348630, -0.2637698141846291366 ) ) ;
#3486 = CARTESIAN_POINT ( 'NONE',  ( -5.986965007414078777, -11.97393001482803321, 10.36972757597805384 ) ) ;
#3487 = CC_DESIGN_PERSON_AND_ORGANIZATION_ASSIGNMENT ( #3644, #2833, ( #1768 ) ) ;
#3488 = ORIENTED_EDGE ( 'NONE', *, *, #3633, .T. ) ;
#3489 = ORIENTED_EDGE ( 'NONE', *, *, #3412, .T. ) ;
#3490 = CYLINDRICAL_SURFACE ( 'NONE', #2968, 0.5000000000000004441 ) ;
#3491 = DIRECTION ( 'NONE',  ( -0.7071067811865469066, -0.7071067811865481278, 0.000000000000000000 ) ) ;
#3492 = AXIS2_PLACEMENT_3D ( 'NONE', #4110, #797, #821 ) ;
#3493 = EDGE_CURVE ( 'NONE', #2641, #5430, #4582, .T. ) ;
#3494 = LINE ( 'NONE', #4376, #46 ) ;
#3495 = ORIENTED_EDGE ( 'NONE', *, *, #4606, .F. ) ;
#3496 = VERTEX_POINT ( 'NONE', #3452 ) ;
#3497 = DIRECTION ( 'NONE',  ( 0.3830222215594902835, 0.6427876096865435818, -0.6634139481689335094 ) ) ;
#3498 = AXIS2_PLACEMENT_3D ( 'NONE', #2716, #2582, #2351 ) ;
#3499 = CARTESIAN_POINT ( 'NONE',  ( 8.522069182213876104, -14.58759373699495931, -4.654274820067099583 ) ) ;
#3500 = CIRCLE ( 'NONE', #2785, 6.500000000000001776 ) ;
#3501 = EDGE_LOOP ( 'NONE', ( #3214, #1591, #1751, #3867 ) ) ;
#3502 = CARTESIAN_POINT ( 'NONE',  ( -6.976474824667016961, -14.48527678248616013, 5.523183462058411486 ) ) ;
#3503 = DIRECTION ( 'NONE',  ( 0.7071067811865485719, -0.7071067811865465735, 0.000000000000000000 ) ) ;
#3504 = CARTESIAN_POINT ( 'NONE',  ( 11.33764606093511773, -9.614260005406334741, 8.249722002163574430 ) ) ;
#3505 = AXIS2_PLACEMENT_3D ( 'NONE', #3315, #284, #5014 ) ;
#3506 = CONICAL_SURFACE ( 'NONE', #506, 5.000000000000001776, 0.1745329251994333364 ) ;
#3507 = CARTESIAN_POINT ( 'NONE',  ( 4.108283065133269574, -16.31323616822912470, -5.947530831808953700 ) ) ;
#3508 = ORIENTED_EDGE ( 'NONE', *, *, #1651, .T. ) ;
#3509 = CARTESIAN_POINT ( 'NONE',  ( -7.566099532908928005, -14.62262649459487562, -5.372145374396110284 ) ) ;
#3510 = VECTOR ( 'NONE', #2897, 1000.000000000000000 ) ;
#3511 = CARTESIAN_POINT ( 'NONE',  ( 1.338146437497516050, -10.05493365950257356, 13.64244076575469222 ) ) ;
#3512 = ORIENTED_EDGE ( 'NONE', *, *, #3966, .F. ) ;
#3513 = DIRECTION ( 'NONE',  ( 0.3309512457171253641, 0.000000000000000000, -0.9436478543176385347 ) ) ;
#3514 = CARTESIAN_POINT ( 'NONE',  ( -15.87453810358574735, -8.806332941129175751, -0.1305982490180182809 ) ) ;
#3515 = CARTESIAN_POINT ( 'NONE',  ( 0.000000000000000000, -5.500000000000000000, 0.000000000000000000 ) ) ;
#3516 = AXIS2_PLACEMENT_3D ( 'NONE', #3549, #187, #235 ) ;
#3517 = ADVANCED_FACE ( 'NONE', ( #1286 ), #2949, .F. ) ;
#3518 = ORIENTED_EDGE ( 'NONE', *, *, #110, .T. ) ;
#3519 = ORIENTED_EDGE ( 'NONE', *, *, #2159, .F. ) ;
#3520 = EDGE_CURVE ( 'NONE', #5244, #5461, #5175, .T. ) ;
#3521 = CARTESIAN_POINT ( 'NONE',  ( -0.9575555538987050586, -1.606969024216361897, -1.658534870422351037 ) ) ;
#3522 = CARTESIAN_POINT ( 'NONE',  ( -7.244900404247175629, -14.28714289817971839, 5.694091050274027843 ) ) ;
#3523 = CIRCLE ( 'NONE', #867, 0.4999999999999996114 ) ;
#3524 = CIRCLE ( 'NONE', #5216, 0.9000000000000000222 ) ;
#3525 = VERTEX_POINT ( 'NONE', #4224 ) ;
#3526 = FACE_OUTER_BOUND ( 'NONE', #1656, .T. ) ;
#3527 = VERTEX_POINT ( 'NONE', #2559 ) ;
#3528 = DIRECTION ( 'NONE',  ( 0.3830222215594812352, 0.6427876096865434707, 0.6634139481689390605 ) ) ;
#3529 = CARTESIAN_POINT ( 'NONE',  ( 8.578210262648982010, -14.54680106284065921, -4.443179176487182858 ) ) ;
#3530 = DIRECTION ( 'NONE',  ( 0.000000000000000000, -0.7181832268395638152, 0.6958540455341993836 ) ) ;
#3531 = CIRCLE ( 'NONE', #1853, 15.53395348703928747 ) ;
#3532 = ORIENTED_EDGE ( 'NONE', *, *, #5353, .F. ) ;
#3533 = CYLINDRICAL_SURFACE ( 'NONE', #4479, 0.8999999999999974687 ) ;
#3534 = CARTESIAN_POINT ( 'NONE',  ( 8.635056533265862200, -13.84915414197855554, 4.772396978699048553 ) ) ;
#3535 = EDGE_CURVE ( 'NONE', #1742, #2431, #5471, .T. ) ;
#3536 = CARTESIAN_POINT ( 'NONE',  ( 8.126184841758911759, -10.08143314247138100, -12.52322643932915547 ) ) ;
#3537 = CIRCLE ( 'NONE', #1324, 0.4999999999999991118 ) ;
#3538 = CARTESIAN_POINT ( 'NONE',  ( -7.875213163350267997, -14.15417440657025772, -5.180553601008618614 ) ) ;
#3539 = ORIENTED_EDGE ( 'NONE', *, *, #2917, .F. ) ;
#3540 = DIRECTION ( 'NONE',  ( 0.3535533905932689014, 0.7071067811865460184, 0.6123724356957991333 ) ) ;
#3541 = CARTESIAN_POINT ( 'NONE',  ( -5.293746310506442398, -10.58749262101274979, 9.169037572177350270 ) ) ;
#3542 = ORIENTED_EDGE ( 'NONE', *, *, #2802, .F. ) ;
#3543 = FACE_OUTER_BOUND ( 'NONE', #1807, .T. ) ;
#3544 = DIRECTION ( 'NONE',  ( 0.3213938048432741779, -0.7660444431189746828, -0.5566703992264213641 ) ) ;
#3545 = CARTESIAN_POINT ( 'NONE',  ( -12.34245973425119658, -10.85630950563719210, -4.343653494704921236 ) ) ;
#3546 = ORIENTED_EDGE ( 'NONE', *, *, #3535, .F. ) ;
#3547 = ORIENTED_EDGE ( 'NONE', *, *, #1482, .T. ) ;
#3548 = CARTESIAN_POINT ( 'NONE',  ( 0.000000000000000000, -6.906250000000000000, 0.000000000000000000 ) ) ;
#3549 = CARTESIAN_POINT ( 'NONE',  ( 0.9284300462807371090, -17.71751119999077062, 11.35488235624091047 ) ) ;
#3550 = EDGE_CURVE ( 'NONE', #267, #1737, #1702, .T. ) ;
#3551 = EDGE_LOOP ( 'NONE', ( #5474, #707, #474, #3062, #2588, #3846, #2660, #1390, #5269, #369, #1613, #4215, #3546 ) ) ;
#3552 = CARTESIAN_POINT ( 'NONE',  ( 10.92136861389758806, -10.34191610175731491, -7.923191034530590038 ) ) ;
#3553 = EDGE_CURVE ( 'NONE', #4991, #393, #2585, .T. ) ;
#3554 = EDGE_LOOP ( 'NONE', ( #4265, #5294, #3924, #379 ) ) ;
#3555 = DIRECTION ( 'NONE',  ( 0.000000000000000000, -0.7181832268395639263, 0.6958540455341993836 ) ) ;
#3556 = EDGE_CURVE ( 'NONE', #3012, #161, #5124, .T. ) ;
#3557 =( BOUNDED_SURFACE ( )  B_SPLINE_SURFACE ( 3, 2, ( 
 ( #2746, #2216, #4439 ),
 ( #2327, #3088, #5227 ),
 ( #4019, #241, #568 ),
 ( #2270, #1918, #3932 ),
 ( #162, #193, #1834 ),
 ( #3908, #5310, #3114 ),
 ( #1005, #5252, #1504 ),
 ( #4754, #2637, #1443 ),
 ( #4332, #544, #3638 ),
 ( #17, #2798, #1999 ) ),
 .UNSPECIFIED., .F., .F., .T. ) 
 B_SPLINE_SURFACE_WITH_KNOTS ( ( 4, 2, 2, 2, 4 ),
 ( 3, 3 ),
 ( 0.0003201633710385969186, 0.0008879230564491035187, 0.001455682741859610010, 0.002023442427270116285, 0.002591202112680622994 ),
 ( 0.000000000000000000, 1.000000000000000000 ),
 .UNSPECIFIED. ) 
 GEOMETRIC_REPRESENTATION_ITEM ( )  RATIONAL_B_SPLINE_SURFACE ( (
 ( 1.000000000000000000, 0.8366600265340756737, 1.000000000000000000),
 ( 1.000000000000000000, 0.8367047667727021132, 1.000000000000000000),
 ( 1.000000000000000000, 0.8309577461966883849, 1.000000000000000000),
 ( 1.000000000000000000, 0.8100511198941986457, 1.000000000000000000),
 ( 1.000000000000000000, 0.7948258464887308916, 1.000000000000000000),
 ( 1.000000000000000000, 0.7591891926443602445, 1.000000000000000000),
 ( 1.000000000000000000, 0.7385588926570860746, 1.000000000000000000),
 ( 1.000000000000000000, 0.6957534197719207336, 1.000000000000000000),
 ( 1.000000000000000000, 0.6741697073065689993, 1.000000000000000000),
 ( 1.000000000000000000, 0.6546536707079765316, 1.000000000000000000) ) ) 
 REPRESENTATION_ITEM ( '' )  SURFACE ( )  );
#3558 = CYLINDRICAL_SURFACE ( 'NONE', #3357, 1.000000000000001332 ) ;
#3559 = ORIENTED_EDGE ( 'NONE', *, *, #672, .T. ) ;
#3560 = FACE_OUTER_BOUND ( 'NONE', #3394, .T. ) ;
#3561 = DIRECTION ( 'NONE',  ( -0.3213938048432742334, 0.7660444431189746828, 0.5566703992264213641 ) ) ;
#3562 = FACE_BOUND ( 'NONE', #4198, .T. ) ;
#3563 = CARTESIAN_POINT ( 'NONE',  ( -7.945459076515547281, -14.15077714819108756, -5.083709405324348118 ) ) ;
#3564 = ADVANCED_FACE ( 'NONE', ( #3398 ), #4707, .F. ) ;
#3565 = CARTESIAN_POINT ( 'NONE',  ( 0.5379270176600938758, -14.15702431588931987, 9.441562431575917458 ) ) ;
#3566 = DIRECTION ( 'NONE',  ( -0.3213938048432744554, 0.7660444431189745718, 0.5566703992264216971 ) ) ;
#3567 = AXIS2_PLACEMENT_3D ( 'NONE', #2601, #2137, #3413 ) ;
#3568 = ORIENTED_EDGE ( 'NONE', *, *, #2635, .T. ) ;
#3569 = CARTESIAN_POINT ( 'NONE',  ( -12.47562859118557732, -10.77548239004929087, -4.254760068135088780 ) ) ;
#3570 = CARTESIAN_POINT ( 'NONE',  ( -0.2166103409756492404, -14.17506747948201351, 9.396751089587835892 ) ) ;
#3571 = CARTESIAN_POINT ( 'NONE',  ( 11.34633340800310819, -9.483307092199360966, -8.388233690798475806 ) ) ;
#3572 = VERTEX_POINT ( 'NONE', #1343 ) ;
#3573 = ORIENTED_EDGE ( 'NONE', *, *, #42, .T. ) ;
#3574 = CARTESIAN_POINT ( 'NONE',  ( 3.151671396626536392, -17.13348990405546957, 7.385068534564404708 ) ) ;
#3575 = FACE_OUTER_BOUND ( 'NONE', #4987, .T. ) ;
#3576 = ORIENTED_EDGE ( 'NONE', *, *, #3231, .T. ) ;
#3577 = CARTESIAN_POINT ( 'NONE',  ( -12.99125178736561104, -10.17856055167274398, 5.374570864081770871 ) ) ;
#3578 = ORIENTED_EDGE ( 'NONE', *, *, #4088, .T. ) ;
#3579 = CARTESIAN_POINT ( 'NONE',  ( -5.825202145052655212, -11.65040429010518963, 10.08954607959029914 ) ) ;
#3580 = DIRECTION ( 'NONE',  ( 0.3830222215594811241, 0.6427876096865433597, 0.6634139481689389495 ) ) ;
#3581 = EDGE_CURVE ( 'NONE', #3352, #784, #3892, .T. ) ;
#3582 = VERTEX_POINT ( 'NONE', #961 ) ;
#3583 = CIRCLE ( 'NONE', #3933, 15.53395348703928747 ) ;
#3584 = CARTESIAN_POINT ( 'NONE',  ( 4.820907072649114333, -11.49066664678461613, 8.350055988396320572 ) ) ;
#3585 = CARTESIAN_POINT ( 'NONE',  ( 8.722532230675279052, -14.11374937090568160, 3.705134724908799360 ) ) ;
#3586 = CARTESIAN_POINT ( 'NONE',  ( 3.085951980010478657, -17.03076062955832626, -7.333273075853157685 ) ) ;
#3587 = CIRCLE ( 'NONE', #2345, 16.82050807568877104 ) ;
#3588 = DIRECTION ( 'NONE',  ( -0.3309512457171110977, 0.000000000000000000, -0.9436478543176434197 ) ) ;
#3589 = CARTESIAN_POINT ( 'NONE',  ( -12.89929267225491927, -10.55889750476343103, -5.213834684954954390 ) ) ;
#3590 = CARTESIAN_POINT ( 'NONE',  ( 1.933455539464173256, -10.55696063236394444, -13.77884052861790387 ) ) ;
#3591 = VERTEX_POINT ( 'NONE', #2643 ) ;
#3592 = DIRECTION ( 'NONE',  ( 0.3309512457171239763, 0.000000000000000000, -0.9436478543176388678 ) ) ;
#3593 = PLANE ( 'NONE',  #607 ) ;
#3594 = VECTOR ( 'NONE', #4895, 1000.000000000000114 ) ;
#3595 = CIRCLE ( 'NONE', #4022, 16.82563641638337870 ) ;
#3596 = CARTESIAN_POINT ( 'NONE',  ( 2.367187679621518548, -10.88569332758853747, -12.84126564117192260 ) ) ;
#3597 = CIRCLE ( 'NONE', #1563, 2.500000000000000000 ) ;
#3598 = ORIENTED_EDGE ( 'NONE', *, *, #3438, .T. ) ;
#3599 = B_SPLINE_CURVE_WITH_KNOTS ( 'NONE', 3,
 ( #1634, #2913, #1115, #4612, #813, #2487, #274, #1949 ),
 .UNSPECIFIED., .F., .F.,
 ( 4, 2, 2, 4 ),
 ( 8.156158518024195095E-05, 0.0005357731976264347700, 0.0007628790038495300140, 0.0009899848100726252580 ),
 .UNSPECIFIED. ) ;
#3600 = ORIENTED_EDGE ( 'NONE', *, *, #3850, .T. ) ;
#3601 = CARTESIAN_POINT ( 'NONE',  ( 8.423643495618877708, -14.38793722877295522, -3.326297158384243779 ) ) ;
#3602 = CARTESIAN_POINT ( 'NONE',  ( 3.051479764240543791, -10.86276355284696571, 13.28531798993316571 ) ) ;
#3603 = CIRCLE ( 'NONE', #5119, 1.500000000000000888 ) ;
#3604 = ADVANCED_FACE ( 'NONE', ( #3863 ), #1217, .F. ) ;
#3605 = AXIS2_PLACEMENT_3D ( 'NONE', #2013, #4621, #4143 ) ;
#3606 = EDGE_LOOP ( 'NONE', ( #5169, #4396, #2300, #3467 ) ) ;
#3607 = DIRECTION ( 'NONE',  ( 0.3213938048432744554, -0.7660444431189745718, 0.5566703992264216971 ) ) ;
#3608 = CARTESIAN_POINT ( 'NONE',  ( 11.16819445105899078, -10.10760022101756483, -8.593470955727910976 ) ) ;
#3609 = ORIENTED_EDGE ( 'NONE', *, *, #843, .F. ) ;
#3610 = CARTESIAN_POINT ( 'NONE',  ( 3.101189721101615060, -10.98124759220028146, -13.37141816085822832 ) ) ;
#3611 = CARTESIAN_POINT ( 'NONE',  ( 8.094488366680065994, -14.23620314725359037, -4.598163912383019358 ) ) ;
#3612 = VECTOR ( 'NONE', #3445, 1000.000000000000000 ) ;
#3613 = ORIENTED_EDGE ( 'NONE', *, *, #915, .F. ) ;
#3614 = AXIS2_PLACEMENT_3D ( 'NONE', #4481, #179, #1904 ) ;
#3615 = DIRECTION ( 'NONE',  ( -0.3213938048432665728, 0.7660444431189746828, -0.5566703992264259160 ) ) ;
#3616 = DIRECTION ( 'NONE',  ( -0.3213938048432665728, 0.7660444431189745718, -0.5566703992264259160 ) ) ;
#3617 = EDGE_CURVE ( 'NONE', #261, #3895, #259, .T. ) ;
#3618 = CARTESIAN_POINT ( 'NONE',  ( 7.732272863920358397, -14.49795483494044568, -5.229215665125091839 ) ) ;
#3619 = CIRCLE ( 'NONE', #5399, 1.499999999999999556 ) ;
#3620 = EDGE_CURVE ( 'NONE', #3947, #1008, #1757, .T. ) ;
#3621 =( BOUNDED_SURFACE ( )  B_SPLINE_SURFACE ( 3, 2, ( 
 ( #2145, #1258, #2947 ),
 ( #5224, #57, #4645 ),
 ( #4252, #5125, #3112 ),
 ( #4805, #1003, #595 ),
 ( #2268, #2922, #3962 ),
 ( #3552, #270, #5331 ),
 ( #239, #1946, #4524 ),
 ( #1110, #732, #3198 ),
 ( #627, #1469, #3636 ),
 ( #4862, #1441, #3224 ),
 ( #4437, #3141, #3608 ),
 ( #2408, #675, #2352 ),
 ( #5275, #2795, #1527 ),
 ( #320, #4101, #4831 ) ),
 .UNSPECIFIED., .F., .F., .T. ) 
 B_SPLINE_SURFACE_WITH_KNOTS ( ( 4, 2, 2, 2, 2, 2, 4 ),
 ( 3, 3 ),
 ( 0.0003413480183935268262, 0.0009094683632856993480, 0.001193528535731785446, 0.001477588708177871761, 0.001761648880623958077, 0.002045709053070044175, 0.002613829397962216805 ),
 ( 0.000000000000000000, 1.000000000000000000 ),
 .UNSPECIFIED. ) 
 GEOMETRIC_REPRESENTATION_ITEM ( )  RATIONAL_B_SPLINE_SURFACE ( (
 ( 1.000000000000000000, 0.6546536707079765316, 1.000000000000000000),
 ( 1.000000000000000000, 0.6740283108243307897, 1.000000000000000000),
 ( 1.000000000000000000, 0.6960620086632229864, 1.000000000000000000),
 ( 1.000000000000000000, 0.7278407012477599025, 1.000000000000000000),
 ( 1.000000000000000000, 0.7384497941610559391, 1.000000000000000000),
 ( 1.000000000000000000, 0.7585176942047009430, 1.000000000000000000),
 ( 1.000000000000000000, 0.7680873389371357662, 1.000000000000000000),
 ( 1.000000000000000000, 0.7860884730439438028, 1.000000000000000000),
 ( 1.000000000000000000, 0.7942161018751691115, 1.000000000000000000),
 ( 1.000000000000000000, 0.8088502102450135789, 1.000000000000000000),
 ( 1.000000000000000000, 0.8152746277757009219, 1.000000000000000000),
 ( 1.000000000000000000, 0.8308741023686779803, 1.000000000000000000),
 ( 1.000000000000000000, 0.8367537141086001107, 1.000000000000000000),
 ( 1.000000000000000000, 0.8366600265340756737, 1.000000000000000000) ) ) 
 REPRESENTATION_ITEM ( '' )  SURFACE ( )  );
#3622 = CARTESIAN_POINT ( 'NONE',  ( -1.915111107797439205, 1.606969024216360786, 5.015442563508433771E-33 ) ) ;
#3623 = CARTESIAN_POINT ( 'NONE',  ( 1.354926158709938377, -9.905600129589187119, 13.74961010390610383 ) ) ;
#3624 = VERTEX_POINT ( 'NONE', #878 ) ;
#3625 = CARTESIAN_POINT ( 'NONE',  ( 0.000000000000000000, 0.000000000000000000, 0.000000000000000000 ) ) ;
#3626 = CARTESIAN_POINT ( 'NONE',  ( -0.9979219197136924846, -14.41101144236194997, 8.969290987176011143 ) ) ;
#3627 = ADVANCED_FACE ( 'NONE', ( #2147 ), #1041, .F. ) ;
#3628 = DIRECTION ( 'NONE',  ( -0.3535533905932771170, -0.7071067811865464625, 0.6123724356957938042 ) ) ;
#3629 = ORIENTED_EDGE ( 'NONE', *, *, #1175, .T. ) ;
#3630 = ORIENTED_EDGE ( 'NONE', *, *, #4456, .T. ) ;
#3631 = DIRECTION ( 'NONE',  ( 0.3830222215594811797, 0.6427876096865435818, 0.6634139481689389495 ) ) ;
#3632 = CARTESIAN_POINT ( 'NONE',  ( 4.208776944573295431, -17.94931150783893514, 5.281162318297388580 ) ) ;
#3633 = EDGE_CURVE ( 'NONE', #4467, #803, #2890, .T. ) ;
#3634 = ORIENTED_EDGE ( 'NONE', *, *, #3782, .F. ) ;
#3635 = CARTESIAN_POINT ( 'NONE',  ( -6.143400196586608963, -11.01400818703728390, 10.64068127171652201 ) ) ;
#3636 = CARTESIAN_POINT ( 'NONE',  ( 11.11885376034597428, -10.25139269906209094, -8.556131143057983834 ) ) ;
#3637 = ORIENTED_EDGE ( 'NONE', *, *, #1602, .T. ) ;
#3638 = CARTESIAN_POINT ( 'NONE',  ( -12.94724433446340761, -10.76275346921041276, 4.964959837231625706 ) ) ;
#3639 = LINE ( 'NONE', #5334, #4242 ) ;
#3640 = EDGE_LOOP ( 'NONE', ( #2549, #1966, #3963, #2763 ) ) ;
#3641 = CARTESIAN_POINT ( 'NONE',  ( 6.489493575772632639, -15.46775456608786925, -11.24013258862990838 ) ) ;
#3642 = DIRECTION ( 'NONE',  ( 0.000000000000000000, -0.5878588831525580760, 0.8089634933040099618 ) ) ;
#3643 = B_SPLINE_CURVE_WITH_KNOTS ( 'NONE', 3,
 ( #3301, #4076, #5467, #4100 ),
 .UNSPECIFIED., .F., .F.,
 ( 4, 4 ),
 ( 8.673617379884035472E-19, 8.156158518024220845E-05 ),
 .UNSPECIFIED. ) ;
#3644 = PERSON_AND_ORGANIZATION ( #377, #2199 ) ;
#3645 = CARTESIAN_POINT ( 'NONE',  ( 3.061873328191293098, -16.34421395418900502, -6.593251720582632203 ) ) ;
#3646 = CARTESIAN_POINT ( 'NONE',  ( -5.293746310506315389, -10.58749262101275335, -9.169037572177424877 ) ) ;
#3647 = CARTESIAN_POINT ( 'NONE',  ( 8.604742754403206462, -14.33921762924459031, -5.157057291877478633 ) ) ;
#3648 = CARTESIAN_POINT ( 'NONE',  ( 8.379734043214883243, -10.32750923265188092, 14.96214345413181057 ) ) ;
#3649 = ORIENTED_EDGE ( 'NONE', *, *, #3147, .T. ) ;
#3650 = CARTESIAN_POINT ( 'NONE',  ( -5.986965007413933115, -11.97393001482803321, -10.36972757597813555 ) ) ;
#3651 = CARTESIAN_POINT ( 'NONE',  ( 8.015372573121295474, -8.802606044193062473, -13.70004768157886765 ) ) ;
#3652 = DIRECTION ( 'NONE',  ( 0.000000000000000000, -1.000000000000000000, 0.000000000000000000 ) ) ;
#3653 = ADVANCED_FACE ( 'NONE', ( #1676 ), #3370, .F. ) ;
#3654 = ORIENTED_EDGE ( 'NONE', *, *, #3717, .T. ) ;
#3655 = CARTESIAN_POINT ( 'NONE',  ( -0.4360405581918892493, -14.53685674188418631, -9.672424968960784852 ) ) ;
#3656 = EDGE_LOOP ( 'NONE', ( #55, #2524, #19, #729 ) ) ;
#3657 = CARTESIAN_POINT ( 'NONE',  ( -7.869532486261935134, -17.00001905580527861, 0.9999485759216342196 ) ) ;
#3658 = CARTESIAN_POINT ( 'NONE',  ( 3.402469903183661604, -18.68029969319516681, 6.341321250730733716 ) ) ;
#3659 = PRODUCT_RELATED_PRODUCT_CATEGORY ( 'detail', '', ( #4040 ) ) ;
#3660 = ORIENTED_EDGE ( 'NONE', *, *, #3131, .T. ) ;
#3661 = CYLINDRICAL_SURFACE ( 'NONE', #4921, 0.4999999999999991118 ) ;
#3662 = DIRECTION ( 'NONE',  ( 0.9214677052481140551, -0.2155386439426777989, -0.3231723397076654569 ) ) ;
#3663 = CARTESIAN_POINT ( 'NONE',  ( 8.271454600238138610, -14.48527678248614414, 3.280212695995084360 ) ) ;
#3664 = CARTESIAN_POINT ( 'NONE',  ( -8.534316013764755127, -14.83797325031955161, -4.000000000000000000 ) ) ;
#3665 = EDGE_CURVE ( 'NONE', #2491, #3300, #3083, .T. ) ;
#3666 = ORIENTED_EDGE ( 'NONE', *, *, #4264, .T. ) ;
#3667 = CARTESIAN_POINT ( 'NONE',  ( -12.97898715154515870, -15.46775456608786747, 0.000000000000000000 ) ) ;
#3668 = CARTESIAN_POINT ( 'NONE',  ( 11.11026600885607252, -10.27826209756932307, 8.548066955220180674 ) ) ;
#3669 = DIRECTION ( 'NONE',  ( 0.000000000000000000, 0.7181832268395610397, 0.6958540455342021591 ) ) ;
#3670 = B_SPLINE_CURVE_WITH_KNOTS ( 'NONE', 3,
 ( #5428, #1236, #2924, #4191, #5405, #1600, #2091, #1541, #3237, #1129, #2815, #721, #3293, #4563, #2395, #4254, #3064, #4647 ),
 .UNSPECIFIED., .F., .F.,
 ( 4, 2, 2, 2, 2, 2, 2, 2, 4 ),
 ( 8.673617379884035472E-19, 0.0003913715226952105232, 0.0007827430453904201790, 0.001174114568085629726, 0.001565486090780839491, 0.001956857613476049255, 0.002348229136171258585, 0.002739600658866468350, 0.003130972181561678114 ),
 .UNSPECIFIED. ) ;
#3671 = CARTESIAN_POINT ( 'NONE',  ( 2.270393464913373904, -10.80388577596859534, -13.67923117921113985 ) ) ;
#3672 = AXIS2_PLACEMENT_3D ( 'NONE', #86, #3607, #113 ) ;
#3673 = DIRECTION ( 'NONE',  ( -0.6517473912071962694, 0.000000000000000000, 0.7584361133639496710 ) ) ;
#3674 = ORIENTED_EDGE ( 'NONE', *, *, #5099, .F. ) ;
#3675 = CARTESIAN_POINT ( 'NONE',  ( -13.13058267247861188, -10.98124759220028146, -3.999999999999998224 ) ) ;
#3676 = PLANE ( 'NONE',  #3605 ) ;
#3677 = FACE_OUTER_BOUND ( 'NONE', #4302, .T. ) ;
#3678 = AXIS2_PLACEMENT_3D ( 'NONE', #622, #2295, #647 ) ;
#3679 = ORIENTED_EDGE ( 'NONE', *, *, #1347, .F. ) ;
#3680 = TOROIDAL_SURFACE ( 'NONE', #414, 17.32050807568877460, 0.5000000000000000000 ) ;
#3681 = ORIENTED_EDGE ( 'NONE', *, *, #447, .F. ) ;
#3682 = DIRECTION ( 'NONE',  ( -0.7660444431189745718, 0.6427876096865435818, 0.000000000000000000 ) ) ;
#3683 = EDGE_CURVE ( 'NONE', #1097, #189, #5033, .T. ) ;
#3684 = AXIS2_PLACEMENT_3D ( 'NONE', #1622, #2421, #5427 ) ;
#3685 = EDGE_CURVE ( 'NONE', #5268, #5167, #85, .T. ) ;
#3686 = ORIENTED_EDGE ( 'NONE', *, *, #1273, .F. ) ;
#3687 = DIRECTION ( 'NONE',  ( 0.000000000000000000, 0.5878588831525629610, 0.8089634933040065201 ) ) ;
#3688 = DIRECTION ( 'NONE',  ( 1.224646799147353207E-16, 0.000000000000000000, -1.000000000000000000 ) ) ;
#3689 = TOROIDAL_SURFACE ( 'NONE', #2707, 17.32050807568877460, 0.5000000000000000000 ) ;
#3690 = DIRECTION ( 'NONE',  ( 0.1808583966367558749, 0.2155386439426789369, 0.9596006113656521119 ) ) ;
#3691 = CYLINDRICAL_SURFACE ( 'NONE', #97, 1.000000000000001776 ) ;
#3692 = CIRCLE ( 'NONE', #4400, 6.500000000000000888 ) ;
#3693 = VERTEX_POINT ( 'NONE', #3940 ) ;
#3694 = FACE_OUTER_BOUND ( 'NONE', #215, .T. ) ;
#3695 = AXIS2_PLACEMENT_3D ( 'NONE', #1320, #905, #3475 ) ;
#3696 = SECURITY_CLASSIFICATION_LEVEL ( 'unclassified' ) ;
#3697 = FACE_OUTER_BOUND ( 'NONE', #4317, .T. ) ;
#3698 = CIRCLE ( 'NONE', #4681, 0.9999999999999991118 ) ;
#3699 = CARTESIAN_POINT ( 'NONE',  ( 9.138405037736703207, -10.05335164059424358, 14.18485401395358636 ) ) ;
#3700 = ADVANCED_FACE ( 'NONE', ( #4386 ), #3866, .F. ) ;
#3701 = VERTEX_POINT ( 'NONE', #167 ) ;
#3702 = FACE_BOUND ( 'NONE', #2855, .T. ) ;
#3703 = CARTESIAN_POINT ( 'NONE',  ( -2.298133329356926602, 1.928362829059632855, 6.018531076210120252E-33 ) ) ;
#3704 = FACE_OUTER_BOUND ( 'NONE', #886, .T. ) ;
#3705 = VECTOR ( 'NONE', #2950, 999.9999999999998863 ) ;
#3706 = ORIENTED_EDGE ( 'NONE', *, *, #3202, .T. ) ;
#3707 = CARTESIAN_POINT ( 'NONE',  ( -0.7702342055452814362, -14.56147424127980550, -9.414576110333305436 ) ) ;
#3708 = ORIENTED_EDGE ( 'NONE', *, *, #3901, .F. ) ;
#3709 = CARTESIAN_POINT ( 'NONE',  ( -8.350602227090632823, -17.73047933876237536, 3.452953415359038609E-16 ) ) ;
#3710 = CARTESIAN_POINT ( 'NONE',  ( -16.37429311452913439, -9.522317326835068485, 1.000049018305743109 ) ) ;
#3711 = B_SPLINE_CURVE_WITH_KNOTS ( 'NONE', 3,
 ( #5415, #4175, #5359, #1190, #2849, #5030 ),
 .UNSPECIFIED., .F., .F.,
 ( 4, 2, 4 ),
 ( 1.939479807224432123E-18, 0.0004559568227287698057, 0.0009119136454575376598 ),
 .UNSPECIFIED. ) ;
#3712 = CIRCLE ( 'NONE', #2645, 17.32050807568877460 ) ;
#3713 = EDGE_LOOP ( 'NONE', ( #4640, #3092 ) ) ;
#3714 = DIRECTION ( 'NONE',  ( 0.6427876096865433597, 0.7660444431189745718, 1.710569414459005593E-49 ) ) ;
#3715 = CARTESIAN_POINT ( 'NONE',  ( 8.352547487263120018, -14.67406939797443144, 3.796804341133433791 ) ) ;
#3716 = DIRECTION ( 'NONE',  ( 0.7406093086113625379, 0.2155386439426784373, -0.6364282716579700017 ) ) ;
#3717 = EDGE_CURVE ( 'NONE', #934, #3582, #3137, .T. ) ;
#3718 = EDGE_CURVE ( 'NONE', #2068, #2955, #3996, .T. ) ;
#3719 = ORIENTED_EDGE ( 'NONE', *, *, #546, .T. ) ;
#3720 = CARTESIAN_POINT ( 'NONE',  ( 2.409393843411691716, -17.80646681181490720, -6.181604983437583911 ) ) ;
#3721 = EDGE_CURVE ( 'NONE', #2399, #4206, #107, .T. ) ;
#3722 = CARTESIAN_POINT ( 'NONE',  ( 10.21928660899481223, -10.80741444993152811, 8.232009117501664974 ) ) ;
#3723 = DIRECTION ( 'NONE',  ( -0.3213938048432742334, 0.7660444431189746828, 0.5566703992264213641 ) ) ;
#3724 = CYLINDRICAL_SURFACE ( 'NONE', #1643, 6.500000000000000000 ) ;
#3725 = CARTESIAN_POINT ( 'NONE',  ( 8.825121647106223932, -10.31384490380132846, 14.68703990289307093 ) ) ;
#3726 = DIRECTION ( 'NONE',  ( 0.000000000000000000, 0.7181832268395611507, 0.6958540455342021591 ) ) ;
#3727 = DIRECTION ( 'NONE',  ( -0.3213938048432744554, 0.7660444431189745718, 0.5566703992264216971 ) ) ;
#3728 = CARTESIAN_POINT ( 'NONE',  ( 7.638560240450922301, -13.53939173702823417, 13.23037443313682182 ) ) ;
#3729 = EDGE_CURVE ( 'NONE', #3472, #3243, #5258, .T. ) ;
#3730 = ORIENTED_EDGE ( 'NONE', *, *, #5319, .T. ) ;
#3731 = CARTESIAN_POINT ( 'NONE',  ( 6.489493575772638856, -18.40704898185067151, 7.195315122109868788 ) ) ;
#3732 = ORIENTED_EDGE ( 'NONE', *, *, #3046, .F. ) ;
#3733 = CARTESIAN_POINT ( 'NONE',  ( 6.489493575772475431, -15.46775456608786747, 11.24013258862999898 ) ) ;
#3734 = CARTESIAN_POINT ( 'NONE',  ( -10.44406245423526158, -12.44674895111304025, 0.000000000000000000 ) ) ;
#3735 = ORIENTED_EDGE ( 'NONE', *, *, #559, .F. ) ;
#3736 = FACE_OUTER_BOUND ( 'NONE', #1269, .T. ) ;
#3737 = DIRECTION ( 'NONE',  ( -0.3535533905932685683, -0.7071067811865465735, -0.6123724356957986892 ) ) ;
#3738 = CARTESIAN_POINT ( 'NONE',  ( 8.266540805378935985, -14.41104599487025339, 3.620403363395688245 ) ) ;
#3739 = DIRECTION ( 'NONE',  ( -0.3213938048432744554, 0.7660444431189745718, 0.5566703992264216971 ) ) ;
#3740 = CARTESIAN_POINT ( 'NONE',  ( -12.91617671228525488, -10.57932544575039913, -5.168740750710801635 ) ) ;
#3741 = CARTESIAN_POINT ( 'NONE',  ( 11.65040429010521628, -11.65040429010518963, 0.000000000000000000 ) ) ;
#3742 = ORIENTED_EDGE ( 'NONE', *, *, #1247, .F. ) ;
#3743 = CARTESIAN_POINT ( 'NONE',  ( 10.96609816274557758, -10.55696063236394622, 8.563841878572716837 ) ) ;
#3744 = PERSON_AND_ORGANIZATION ( #377, #2199 ) ;
#3745 = CARTESIAN_POINT ( 'NONE',  ( -8.565126654020042807, -14.02336328807942856, 4.357138312514282852 ) ) ;
#3746 = DESIGN_CONTEXT ( 'detailed design', #321, 'design' ) ;
#3747 = CARTESIAN_POINT ( 'NONE',  ( -8.404154192798808154, -14.56914429392644372, -4.053937497196376860 ) ) ;
#3748 = CARTESIAN_POINT ( 'NONE',  ( 9.158873174990707966, -9.972294451139843474, 14.07973135085718219 ) ) ;
#3749 = CARTESIAN_POINT ( 'NONE',  ( -1.152684262278986793, -14.11387008836566892, -9.406301449163835926 ) ) ;
#3750 = DIRECTION ( 'NONE',  ( 0.3830222215594811797, 0.6427876096865434707, 0.6634139481689390605 ) ) ;
#3751 = CARTESIAN_POINT ( 'NONE',  ( -10.30968007008910448, -12.28659826202548189, 0.000000000000000000 ) ) ;
#3752 = CIRCLE ( 'NONE', #684, 0.5000000000000006661 ) ;
#3753 = VERTEX_POINT ( 'NONE', #1040 ) ;
#3754 = LINE ( 'NONE', #5458, #3246 ) ;
#3755 =( NAMED_UNIT ( * ) SI_UNIT ( $, .STERADIAN. ) SOLID_ANGLE_UNIT ( ) );
#3756 = ORIENTED_EDGE ( 'NONE', *, *, #3367, .F. ) ;
#3757 = CARTESIAN_POINT ( 'NONE',  ( 8.413231643623390710, -14.66061143408786371, 4.825350317793128063 ) ) ;
#3758 = CARTESIAN_POINT ( 'NONE',  ( 0.000000000000000000, -24.00000000000000000, 0.000000000000000000 ) ) ;
#3759 = CIRCLE ( 'NONE', #4201, 16.82050807568877104 ) ;
#3760 = AXIS2_PLACEMENT_3D ( 'NONE', #3548, #1437, #2710 ) ;
#3761 = ORIENTED_EDGE ( 'NONE', *, *, #5222, .F. ) ;
#3762 = CARTESIAN_POINT ( 'NONE',  ( -9.122261493425902756, -10.87148790737402138, 0.000000000000000000 ) ) ;
#3763 = CARTESIAN_POINT ( 'NONE',  ( 8.344409619528137867, -14.15661107679413711, 4.380158003325192340 ) ) ;
#3764 = EDGE_CURVE ( 'NONE', #3527, #934, #1448, .T. ) ;
#3765 = AXIS2_PLACEMENT_3D ( 'NONE', #1476, #3615, #1066 ) ;
#3766 = CIRCLE ( 'NONE', #5008, 0.4999999999999998890 ) ;
#3767 = CARTESIAN_POINT ( 'NONE',  ( 0.9284300462808940946, -17.71751119999077062, -11.35488235624089803 ) ) ;
#3768 = TOROIDAL_SURFACE ( 'NONE', #3859, 17.32050807568877460, 0.5000000000000000000 ) ;
#3769 = DIRECTION ( 'NONE',  ( 0.3830222215594810686, 0.6427876096865434707, 0.6634139481689389495 ) ) ;
#3770 = ORIENTED_EDGE ( 'NONE', *, *, #210, .F. ) ;
#3771 = CARTESIAN_POINT ( 'NONE',  ( -7.091799066388669637, -14.38850827274050737, -5.631302626042618442 ) ) ;
#3772 = CARTESIAN_POINT ( 'NONE',  ( -10.68085382218823121, -17.39611739514750255, -4.000000000000000000 ) ) ;
#3773 = CARTESIAN_POINT ( 'NONE',  ( 0.000000000000000000, -16.00000000000000000, 0.000000000000000000 ) ) ;
#3774 = AXIS2_PLACEMENT_3D ( 'NONE', #3758, #5463, #1267 ) ;
#3775 = DIRECTION ( 'NONE',  ( -0.7071067811865491270, 0.7071067811865459074, -0.000000000000000000 ) ) ;
#3776 = VECTOR ( 'NONE', #1786, 1000.000000000000000 ) ;
#3777 = DIRECTION ( 'NONE',  ( -0.7660444431189745718, 0.6427876096865435818, -0.000000000000000000 ) ) ;
#3778 = EDGE_CURVE ( 'NONE', #953, #5114, #2363, .T. ) ;
#3779 = CARTESIAN_POINT ( 'NONE',  ( -0.01081354015594241519, -13.88978344385396113, -9.803458424801018367 ) ) ;
#3780 = PLANE ( 'NONE',  #172 ) ;
#3781 = CARTESIAN_POINT ( 'NONE',  ( -15.27712048090208974, -13.53939173702823417, -3.999999999999998224 ) ) ;
#3782 = EDGE_CURVE ( 'NONE', #5133, #4049, #5129, .T. ) ;
#3783 = AXIS2_PLACEMENT_3D ( 'NONE', #900, #4669, #5089 ) ;
#3784 = ORIENTED_EDGE ( 'NONE', *, *, #225, .T. ) ;
#3785 = EDGE_CURVE ( 'NONE', #2157, #1471, #2365, .T. ) ;
#3786 = CARTESIAN_POINT ( 'NONE',  ( 4.820907072649114333, -11.49066664678461613, 8.350055988396320572 ) ) ;
#3787 = CARTESIAN_POINT ( 'NONE',  ( -7.065027007717545438, -16.19839045252442844, 6.123232604514602279E-16 ) ) ;
#3788 = VERTEX_POINT ( 'NONE', #4896 ) ;
#3789 = CARTESIAN_POINT ( 'NONE',  ( 7.804891293530877405, -11.29220433016807057, 13.96649236537712291 ) ) ;
#3790 = DIRECTION ( 'NONE',  ( -0.3213938048432742334, 0.7660444431189746828, 0.5566703992264213641 ) ) ;
#3791 = AXIS2_PLACEMENT_3D ( 'NONE', #4904, #643, #4934 ) ;
#3792 = CARTESIAN_POINT ( 'NONE',  ( 0.000000000000000000, 0.000000000000000000, 0.000000000000000000 ) ) ;
#3793 = AXIS2_PLACEMENT_3D ( 'NONE', #3773, #5477, #1671 ) ;
#3794 = VERTEX_POINT ( 'NONE', #3179 ) ;
#3795 = DIRECTION ( 'NONE',  ( 0.6427876096865433597, 0.7660444431189745718, 0.000000000000000000 ) ) ;
#3796 = CARTESIAN_POINT ( 'NONE',  ( 8.553464408653731255, -14.28732322622883721, 3.427004802552359397 ) ) ;
#3797 = APPROVAL_PERSON_ORGANIZATION ( #2918, #1618, #1594 ) ;
#3798 = CARTESIAN_POINT ( 'NONE',  ( 10.85879389370000681, -10.67135119601355875, -8.656706641388991486 ) ) ;
#3799 = ADVANCED_FACE ( 'NONE', ( #1092 ), #2774, .T. ) ;
#3800 = DIRECTION ( 'NONE',  ( 0.6427876096865433597, 0.7660444431189745718, 0.000000000000000000 ) ) ;
#3801 = CARTESIAN_POINT ( 'NONE',  ( -12.65296051309552006, -10.03851191656752384, -5.317965437334605028 ) ) ;
#3802 = DIRECTION ( 'NONE',  ( 0.000000000000000000, -0.000000000000000000, -1.000000000000000000 ) ) ;
#3803 = ORIENTED_EDGE ( 'NONE', *, *, #2361, .F. ) ;
#3804 = ORIENTED_EDGE ( 'NONE', *, *, #1788, .T. ) ;
#3805 = CARTESIAN_POINT ( 'NONE',  ( -13.05376074007754461, -9.385828412306221225, -5.523183462058407045 ) ) ;
#3806 = FACE_OUTER_BOUND ( 'NONE', #5386, .T. ) ;
#3807 = EDGE_LOOP ( 'NONE', ( #566, #5077 ) ) ;
#3808 = CARTESIAN_POINT ( 'NONE',  ( -8.445596425991572787, -14.15702431588929500, -4.254922753112380107 ) ) ;
#3809 = FACE_OUTER_BOUND ( 'NONE', #845, .T. ) ;
#3810 = DIRECTION ( 'NONE',  ( -0.3213938048432665728, 0.7660444431189746828, -0.5566703992264259160 ) ) ;
#3811 = CARTESIAN_POINT ( 'NONE',  ( -10.29783160062874714, -17.71751119999077062, -4.873397172404478894 ) ) ;
#3812 = CARTESIAN_POINT ( 'NONE',  ( -8.385491779179812255, -14.66061143408786371, -4.873397172404478894 ) ) ;
#3813 = VERTEX_POINT ( 'NONE', #1868 ) ;
#3814 = DIRECTION ( 'NONE',  ( 1.000000000000000000, 0.000000000000000000, 0.000000000000000000 ) ) ;
#3815 = FACE_OUTER_BOUND ( 'NONE', #1875, .T. ) ;
#3816 = ORIENTED_EDGE ( 'NONE', *, *, #827, .F. ) ;
#3817 = CARTESIAN_POINT ( 'NONE',  ( 8.150045071442661992, -11.29885860570857226, 13.77713587334389977 ) ) ;
#3818 = DIRECTION ( 'NONE',  ( -0.3535533905932686238, -0.7071067811865464625, -0.6123724356957986892 ) ) ;
#3819 = CARTESIAN_POINT ( 'NONE',  ( -13.13058267247861188, -10.98124759220028146, 3.999999999999998224 ) ) ;
#3820 = ADVANCED_FACE ( 'NONE', ( #1810 ), #3348, .F. ) ;
#3821 = ORIENTED_EDGE ( 'NONE', *, *, #5116, .F. ) ;
#3822 = CARTESIAN_POINT ( 'NONE',  ( 0.9575555538987299276, 1.606969024216364783, -1.658534870422340823 ) ) ;
#3823 = CARTESIAN_POINT ( 'NONE',  ( -6.976474824667002750, -14.48527678248614059, 5.523183462058409710 ) ) ;
#3824 = CARTESIAN_POINT ( 'NONE',  ( 3.282943155586542705, -17.20444328939323242, -4.990370298302121199 ) ) ;
#3825 = LINE ( 'NONE', #3853, #3393 ) ;
#3826 = ORIENTED_EDGE ( 'NONE', *, *, #2935, .T. ) ;
#3827 = ORIENTED_EDGE ( 'NONE', *, *, #4183, .F. ) ;
#3828 = CARTESIAN_POINT ( 'NONE',  ( -6.066090580910866947, -17.29733582775331868, -0.6139576418680087189 ) ) ;
#3829 = EDGE_CURVE ( 'NONE', #14, #3300, #3698, .T. ) ;
#3830 = DIRECTION ( 'NONE',  ( -0.3830222215594812352, -0.6427876096865434707, -0.6634139481689390605 ) ) ;
#3831 = CIRCLE ( 'NONE', #3219, 0.8999999999999980238 ) ;
#3832 = ORIENTED_EDGE ( 'NONE', *, *, #5013, .F. ) ;
#3833 = CARTESIAN_POINT ( 'NONE',  ( 1.474785169973380938, -9.615770416239696416, 13.94258494519129599 ) ) ;
#3834 = LINE ( 'NONE', #3423, #2980 ) ;
#3835 = CARTESIAN_POINT ( 'NONE',  ( -0.5394046474872818964, -14.54196731759071248, -9.597372390158469102 ) ) ;
#3836 = EDGE_CURVE ( 'NONE', #3221, #4746, #2275, .T. ) ;
#3837 = CARTESIAN_POINT ( 'NONE',  ( 11.00394598180465699, -9.942378614991429941, 8.319118987627607709 ) ) ;
#3838 = VERTEX_POINT ( 'NONE', #2806 ) ;
#3839 = LINE ( 'NONE', #909, #5196 ) ;
#3840 = CARTESIAN_POINT ( 'NONE',  ( 1.734367625420189185, -10.08414384690740206, 13.58160248814193061 ) ) ;
#3841 = VERTEX_POINT ( 'NONE', #5339 ) ;
#3842 = CARTESIAN_POINT ( 'NONE',  ( -7.201535562412170854, -18.69466075329219379, 1.123929138272790882E-15 ) ) ;
#3843 = CARTESIAN_POINT ( 'NONE',  ( -16.08448252050697036, -9.132163151039268456, -0.7988817372342775780 ) ) ;
#3844 = DIRECTION ( 'NONE',  ( 0.000000000000000000, 1.000000000000000000, 0.000000000000000000 ) ) ;
#3845 = CIRCLE ( 'NONE', #4828, 0.5000000000000006661 ) ;
#3846 = ORIENTED_EDGE ( 'NONE', *, *, #1064, .T. ) ;
#3847 = DIRECTION ( 'NONE',  ( 0.3830222215594904500, 0.6427876096865433597, -0.6634139481689337314 ) ) ;
#3848 = CARTESIAN_POINT ( 'NONE',  ( 2.832214253945622318, -18.39290366748090477, -6.457001586281333694 ) ) ;
#3849 = CARTESIAN_POINT ( 'NONE',  ( 1.342701324084917935, -9.902277317651364541, -13.75413333679018812 ) ) ;
#3850 = EDGE_CURVE ( 'NONE', #2509, #3527, #1748, .T. ) ;
#3851 = AXIS2_PLACEMENT_3D ( 'NONE', #4368, #2703, #2652 ) ;
#3852 = EDGE_CURVE ( 'NONE', #189, #126, #4135, .T. ) ;
#3853 = CARTESIAN_POINT ( 'NONE',  ( 8.977038158101562360, -24.33612936730807874, 11.50386872479622191 ) ) ;
#3854 = VERTEX_POINT ( 'NONE', #5007 ) ;
#3855 = AXIS2_PLACEMENT_3D ( 'NONE', #1128, #4963, #1514 ) ;
#3856 = ORIENTED_EDGE ( 'NONE', *, *, #4245, .T. ) ;
#3857 = CARTESIAN_POINT ( 'NONE',  ( -5.825202145052655212, -11.65040429010518963, 10.08954607959029914 ) ) ;
#3858 = CARTESIAN_POINT ( 'NONE',  ( 0.5162505845214461209, -14.05794848917652473, -9.554426279671181632 ) ) ;
#3859 = AXIS2_PLACEMENT_3D ( 'NONE', #2756, #4447, #4847 ) ;
#3860 = CARTESIAN_POINT ( 'NONE',  ( 10.85879389370000681, -10.67135119601355875, -8.656706641388991486 ) ) ;
#3861 = CARTESIAN_POINT ( 'NONE',  ( 11.10266185558885077, -13.53939173702823417, -11.23037443313669925 ) ) ;
#3862 = CARTESIAN_POINT ( 'NONE',  ( 5.154840035044468749, -12.28659826202548189, 8.928444845587344858 ) ) ;
#3863 = FACE_OUTER_BOUND ( 'NONE', #2626, .T. ) ;
#3864 = CIRCLE ( 'NONE', #1474, 0.5000000000000005551 ) ;
#3865 = CARTESIAN_POINT ( 'NONE',  ( 10.77230316340198435, -10.21341757197223643, 8.297069191530134447 ) ) ;
#3866 = TOROIDAL_SURFACE ( 'NONE', #2186, 17.32050807568877460, 0.5000000000000000000 ) ;
#3867 = ORIENTED_EDGE ( 'NONE', *, *, #5002, .T. ) ;
#3868 = EDGE_CURVE ( 'NONE', #527, #2992, #4587, .T. ) ;
#3869 = CARTESIAN_POINT ( 'NONE',  ( -1.915111107797439205, 1.606969024216360786, 5.015442563508433771E-33 ) ) ;
#3870 = CARTESIAN_POINT ( 'NONE',  ( -7.869766267016149008, -17.00026036116290484, -1.000066045396979630 ) ) ;
#3871 = ORIENTED_EDGE ( 'NONE', *, *, #2320, .F. ) ;
#3872 = CARTESIAN_POINT ( 'NONE',  ( -6.991058902718302548, -18.36805762963545163, 0.7995729557170662138 ) ) ;
#3873 = CARTESIAN_POINT ( 'NONE',  ( 0.4650080854899157345, -17.90499091948268173, -11.36444483687514939 ) ) ;
#3874 = LINE ( 'NONE', #972, #183 ) ;
#3875 = AXIS2_PLACEMENT_3D ( 'NONE', #3119, #4869, #3912 ) ;
#3876 = ORIENTED_EDGE ( 'NONE', *, *, #661, .T. ) ;
#3877 = CIRCLE ( 'NONE', #2110, 17.32050807568877460 ) ;
#3878 = VERTEX_POINT ( 'NONE', #2004 ) ;
#3879 = CARTESIAN_POINT ( 'NONE',  ( 1.794947393373412359, -9.661882189138754740, -14.48020015117972292 ) ) ;
#3880 = CARTESIAN_POINT ( 'NONE',  ( 2.034939724921355442, -9.849361908630665852, -14.08364620078026164 ) ) ;
#3881 = AXIS2_PLACEMENT_3D ( 'NONE', #3941, #250, #199 ) ;
#3882 = ORIENTED_EDGE ( 'NONE', *, *, #3550, .T. ) ;
#3883 = ORIENTED_EDGE ( 'NONE', *, *, #2105, .F. ) ;
#3884 = ADVANCED_FACE ( 'NONE', ( #4586 ), #3340, .T. ) ;
#3885 = CARTESIAN_POINT ( 'NONE',  ( -6.783686364023795434, -18.08291467568545130, -0.9736041386647749096 ) ) ;
#3886 = DIRECTION ( 'NONE',  ( -0.6427876096865431377, -0.7660444431189750158, 0.000000000000000000 ) ) ;
#3887 = ADVANCED_FACE ( 'NONE', ( #762 ), #2470, .T. ) ;
#3888 = AXIS2_PLACEMENT_3D ( 'NONE', #4602, #5410, #2043 ) ;
#3889 = VERTEX_POINT ( 'NONE', #3722 ) ;
#3890 = CARTESIAN_POINT ( 'NONE',  ( 1.915111107797440537, -1.606969024216361897, -5.015442563508437192E-33 ) ) ;
#3891 = CARTESIAN_POINT ( 'NONE',  ( -7.692056511577940903, -14.58352955862847367, 5.375204631157473933 ) ) ;
#3892 = LINE ( 'NONE', #1367, #3437 ) ;
#3893 = CARTESIAN_POINT ( 'NONE',  ( 11.17932552532718482, -9.849361908630665852, 8.804132597342189115 ) ) ;
#3894 = CARTESIAN_POINT ( 'NONE',  ( 4.698999894027237723, -16.77101173960635450, -6.150353396304946152 ) ) ;
#3895 = VERTEX_POINT ( 'NONE', #4160 ) ;
#3896 = LINE ( 'NONE', #4393, #2600 ) ;
#3897 = ORIENTED_EDGE ( 'NONE', *, *, #838, .T. ) ;
#3898 = DIRECTION ( 'NONE',  ( 0.000000000000000000, -0.5878588831525590752, 0.8089634933040092957 ) ) ;
#3899 = LINE ( 'NONE', #3873, #865 ) ;
#3900 = CARTESIAN_POINT ( 'NONE',  ( 8.076874774613571617, -14.00780457463753059, -5.248381166986145985 ) ) ;
#3901 = EDGE_CURVE ( 'NONE', #3925, #3133, #1879, .T. ) ;
#3902 = ORIENTED_EDGE ( 'NONE', *, *, #1752, .T. ) ;
#3903 = ORIENTED_EDGE ( 'NONE', *, *, #2489, .T. ) ;
#3904 = CARTESIAN_POINT ( 'NONE',  ( 4.820907072649114333, -11.49066664678461613, 8.350055988396320572 ) ) ;
#3905 = CARTESIAN_POINT ( 'NONE',  ( 1.895730601086549116, -10.44566594247201685, -13.82548826422824817 ) ) ;
#3906 = ORIENTED_EDGE ( 'NONE', *, *, #42, .F. ) ;
#3907 = ORIENTED_EDGE ( 'NONE', *, *, #5289, .F. ) ;
#3908 = CARTESIAN_POINT ( 'NONE',  ( -12.31660092228406356, -10.34467061495298523, 5.506629680456443410 ) ) ;
#3909 = DIRECTION ( 'NONE',  ( -0.3213938048432665173, 0.7660444431189744607, -0.5566703992264259160 ) ) ;
#3910 = ORIENTED_EDGE ( 'NONE', *, *, #3493, .F. ) ;
#3911 = CARTESIAN_POINT ( 'NONE',  ( -7.244605422228350022, -14.28732322622889583, 5.694015066984011497 ) ) ;
#3912 = DIRECTION ( 'NONE',  ( 0.000000000000000000, -0.5878588831525574099, 0.8089634933040104059 ) ) ;
#3913 = EDGE_CURVE ( 'NONE', #4714, #2686, #634, .T. ) ;
#3914 = CARTESIAN_POINT ( 'NONE',  ( 10.68066176913009535, -10.28200636414817737, 8.332030031943189030 ) ) ;
#3915 = ADVANCED_FACE ( 'NONE', ( #2858 ), #328, .T. ) ;
#3916 = CARTESIAN_POINT ( 'NONE',  ( 4.424713506028612464, -17.69779558840262013, -7.067398144594355891 ) ) ;
#3917 = ORIENTED_EDGE ( 'NONE', *, *, #3438, .F. ) ;
#3918 = CARTESIAN_POINT ( 'NONE',  ( -7.405094889929655366, -14.72383461542029792, -5.279513603438186209 ) ) ;
#3919 = CARTESIAN_POINT ( 'NONE',  ( 8.358892961420187007, -13.92952569698046261, 5.009712797823952179 ) ) ;
#3920 = ORIENTED_EDGE ( 'NONE', *, *, #4983, .F. ) ;
#3921 = CARTESIAN_POINT ( 'NONE',  ( 7.197115637923989340, -11.06882706268987704, -14.01645558242709200 ) ) ;
#3922 = CARTESIAN_POINT ( 'NONE',  ( 0.000000000000000000, -14.97297565616133674, 0.9000000000000000222 ) ) ;
#3923 = CARTESIAN_POINT ( 'NONE',  ( 8.514732676715778936, -14.91131433491220193, -3.376689539994819800 ) ) ;
#3924 = ORIENTED_EDGE ( 'NONE', *, *, #3329, .T. ) ;
#3925 = VERTEX_POINT ( 'NONE', #1614 ) ;
#3926 = FACE_OUTER_BOUND ( 'NONE', #826, .T. ) ;
#3927 = CARTESIAN_POINT ( 'NONE',  ( 11.64274748611816435, -9.661882189138758292, 8.794570116707946639 ) ) ;
#3928 = CARTESIAN_POINT ( 'NONE',  ( 8.358892961420259837, -13.92952569698046084, -5.009712797823836716 ) ) ;
#3929 = ADVANCED_FACE ( 'NONE', ( #3694 ), #4727, .F. ) ;
#3930 = ORIENTED_EDGE ( 'NONE', *, *, #2265, .T. ) ;
#3931 = ORIENTED_EDGE ( 'NONE', *, *, #4037, .F. ) ;
#3932 = CARTESIAN_POINT ( 'NONE',  ( -13.00257812370800181, -10.15180339065089932, 5.377858329062973120 ) ) ;
#3933 = AXIS2_PLACEMENT_3D ( 'NONE', #424, #456, #1743 ) ;
#3934 =( BOUNDED_SURFACE ( )  B_SPLINE_SURFACE ( 3, 2, ( 
 ( #3279, #787, #836 ),
 ( #4662, #2486, #2511 ),
 ( #5001, #1192, #2434 ),
 ( #351, #3763, #1250 ),
 ( #425, #2879, #5468 ),
 ( #398, #4241, #2934 ),
 ( #458, #1632, #1663 ),
 ( #5416, #4633, #3333 ),
 ( #5388, #4208, #4579 ),
 ( #4975, #2049, #2463 ),
 ( #2108, #2851, #4155 ),
 ( #3796, #4550, #3383 ),
 ( #375, #3738, #3715 ),
 ( #1610, #3302, #5031 ) ),
 .UNSPECIFIED., .F., .F., .T. ) 
 B_SPLINE_SURFACE_WITH_KNOTS ( ( 4, 2, 2, 2, 2, 2, 4 ),
 ( 3, 3 ),
 ( 0.0003413480183935289946, 0.0009094683632857012996, 0.001193528535731787398, 0.001477588708177873496, 0.001761648880623959811, 0.002045709053070045910, 0.002613829397962218106 ),
 ( 0.000000000000000000, 1.000000000000000000 ),
 .UNSPECIFIED. ) 
 GEOMETRIC_REPRESENTATION_ITEM ( )  RATIONAL_B_SPLINE_SURFACE ( (
 ( 1.000000000000000000, 0.6546536707079768647, 1.000000000000000000),
 ( 1.000000000000000000, 0.6740283108242584031, 1.000000000000000000),
 ( 1.000000000000000000, 0.6960620086633158010, 1.000000000000000000),
 ( 1.000000000000000000, 0.7278407012477108307, 1.000000000000000000),
 ( 1.000000000000000000, 0.7384497941609444727, 1.000000000000000000),
 ( 1.000000000000000000, 0.7585176942048104110, 1.000000000000000000),
 ( 1.000000000000000000, 0.7680873389371399851, 1.000000000000000000),
 ( 1.000000000000000000, 0.7860884730439375856, 1.000000000000000000),
 ( 1.000000000000000000, 0.7942161018751482393, 1.000000000000000000),
 ( 1.000000000000000000, 0.8088502102450348952, 1.000000000000000000),
 ( 1.000000000000000000, 0.8152746277757003668, 1.000000000000000000),
 ( 1.000000000000000000, 0.8308741023686773142, 1.000000000000000000),
 ( 1.000000000000000000, 0.8367537141086003327, 1.000000000000000000),
 ( 1.000000000000000000, 0.8366600265340747855, 1.000000000000000000) ) ) 
 REPRESENTATION_ITEM ( '' )  SURFACE ( )  );
#3935 = CARTESIAN_POINT ( 'NONE',  ( 8.271454600238188348, -14.48527678248613881, -3.280212695994968453 ) ) ;
#3936 = CARTESIAN_POINT ( 'NONE',  ( -0.9301968237873130541, -1.561055623524465252, -1.611148159838854843 ) ) ;
#3937 = AXIS2_PLACEMENT_3D ( 'NONE', #4287, #2929, #500 ) ;
#3938 = ORIENTED_EDGE ( 'NONE', *, *, #742, .F. ) ;
#3939 = CARTESIAN_POINT ( 'NONE',  ( -7.569753879490742854, -14.11387008836567780, 5.701404578258060241 ) ) ;
#3940 = CARTESIAN_POINT ( 'NONE',  ( 1.743663182133972311, -9.385828412306223001, 14.06648014686032866 ) ) ;
#3941 = CARTESIAN_POINT ( 'NONE',  ( -10.44406245423526158, -12.44674895111304025, 0.000000000000000000 ) ) ;
#3942 = CARTESIAN_POINT ( 'NONE',  ( 4.677171620037231747, -17.53223706247068492, -6.811686556699607209 ) ) ;
#3943 = ORIENTED_EDGE ( 'NONE', *, *, #2169, .F. ) ;
#3944 = CARTESIAN_POINT ( 'NONE',  ( 6.860865212961635429, -9.968756631950693503, 13.17277945765574820 ) ) ;
#3945 = AXIS2_PLACEMENT_3D ( 'NONE', #2862, #4986, #5012 ) ;
#3946 = CARTESIAN_POINT ( 'NONE',  ( -1.860393647574654308, 1.561055623524464364, 4.872144204551047838E-33 ) ) ;
#3947 = VERTEX_POINT ( 'NONE', #3417 ) ;
#3948 = CARTESIAN_POINT ( 'NONE',  ( -13.03116275875682106, -10.86276355284693729, -3.999999999999998224 ) ) ;
#3949 = CARTESIAN_POINT ( 'NONE',  ( -0.9754486090919924912, -14.34594226338974110, 9.075695678078171014 ) ) ;
#3950 = CARTESIAN_POINT ( 'NONE',  ( 9.128171568084596288, -9.693369223556583592, -13.80200719029700451 ) ) ;
#3951 = EDGE_CURVE ( 'NONE', #3444, #1938, #1254, .T. ) ;
#3952 = VECTOR ( 'NONE', #96, 1000.000000000000227 ) ;
#3953 = EDGE_CURVE ( 'NONE', #2065, #5306, #402, .T. ) ;
#3954 = ORIENTED_EDGE ( 'NONE', *, *, #408, .F. ) ;
#3955 = ORIENTED_EDGE ( 'NONE', *, *, #728, .T. ) ;
#3956 = CARTESIAN_POINT ( 'NONE',  ( -0.2633331652669083645, -14.58300558064783381, 9.695169669901179788 ) ) ;
#3957 = CYLINDRICAL_SURFACE ( 'NONE', #4218, 0.5000000000000004441 ) ;
#3958 = CIRCLE ( 'NONE', #4313, 5.000000000000000000 ) ;
#3959 = AXIS2_PLACEMENT_3D ( 'NONE', #2102, #297, #2409 ) ;
#3960 = LINE ( 'NONE', #4749, #3132 ) ;
#3961 = ORIENTED_EDGE ( 'NONE', *, *, #4204, .T. ) ;
#3962 = CARTESIAN_POINT ( 'NONE',  ( 10.96529585314198307, -10.53561653714257140, -8.583928787595468179 ) ) ;
#3963 = ORIENTED_EDGE ( 'NONE', *, *, #2635, .F. ) ;
#3964 = AXIS2_PLACEMENT_3D ( 'NONE', #1542, #1878, #5348 ) ;
#3965 = CARTESIAN_POINT ( 'NONE',  ( 8.561298157813221010, -14.54898301465988197, -4.116166671678615607 ) ) ;
#3966 = EDGE_CURVE ( 'NONE', #4806, #1969, #4590, .T. ) ;
#3967 = VECTOR ( 'NONE', #4616, 1000.000000000000000 ) ;
#3968 = VERTEX_POINT ( 'NONE', #841 ) ;
#3969 = CARTESIAN_POINT ( 'NONE',  ( -7.993867415496574758, -14.54121624803773294, 5.292294780089839890 ) ) ;
#3970 = CARTESIAN_POINT ( 'NONE',  ( 8.977038158101327880, -18.45754053578243514, -19.59350365783640058 ) ) ;
#3971 = CARTESIAN_POINT ( 'NONE',  ( 10.35655597102673298, -10.76746510325188311, 8.114049359099228198 ) ) ;
#3972 = AXIS2_PLACEMENT_3D ( 'NONE', #1144, #2410, #323 ) ;
#3973 = CARTESIAN_POINT ( 'NONE',  ( -7.738765839118779688, -14.03464918250356774, -5.672209839181228119 ) ) ;
#3974 = VERTEX_POINT ( 'NONE', #2971 ) ;
#3975 = CARTESIAN_POINT ( 'NONE',  ( -8.385491779179812255, -14.66061143408786371, -4.873397172404478894 ) ) ;
#3976 = DIRECTION ( 'NONE',  ( -0.3830222215594810686, -0.6427876096865436928, 0.6634139481689388385 ) ) ;
#3977 = ORIENTED_EDGE ( 'NONE', *, *, #3356, .F. ) ;
#3978 = DIRECTION ( 'NONE',  ( -0.3535533905932685683, -0.7071067811865465735, -0.6123724356957986892 ) ) ;
#3979 = CARTESIAN_POINT ( 'NONE',  ( 9.560912665127679233, -17.39611739514749900, -6.813192157920846093 ) ) ;
#3980 = CARTESIAN_POINT ( 'NONE',  ( 11.33724017197140199, -9.615770416239696416, -8.248493894917205083 ) ) ;
#3981 = VERTEX_POINT ( 'NONE', #2942 ) ;
#3982 = ORIENTED_EDGE ( 'NONE', *, *, #1397, .T. ) ;
#3983 = CARTESIAN_POINT ( 'NONE',  ( 5.154840035044593094, -12.28659826202548011, -8.928444845587270251 ) ) ;
#3984 = CARTESIAN_POINT ( 'NONE',  ( -12.84330579138163131, -7.749161009365012731, 5.948695313842582356E-16 ) ) ;
#3985 = ADVANCED_FACE ( 'NONE', ( #4641 ), #3029, .T. ) ;
#3986 = EDGE_CURVE ( 'NONE', #1226, #869, #2520, .T. ) ;
#3987 = EDGE_LOOP ( 'NONE', ( #4585, #4476, #317, #5163 ) ) ;
#3988 = DIRECTION ( 'NONE',  ( 0.3830222215594812352, 0.6427876096865434707, 0.6634139481689390605 ) ) ;
#3989 = DIRECTION ( 'NONE',  ( -0.7660444431189746828, 0.6427876096865434707, 2.006177025403370908E-33 ) ) ;
#3990 = ORIENTED_EDGE ( 'NONE', *, *, #292, .F. ) ;
#3991 = CARTESIAN_POINT ( 'NONE',  ( 2.409515595474101879, -10.85630950563722230, 12.86071042240050311 ) ) ;
#3992 = CARTESIAN_POINT ( 'NONE',  ( 8.422750663745205202, -14.38850827274043631, -3.326026837006509140 ) ) ;
#3993 = ORIENTED_EDGE ( 'NONE', *, *, #814, .F. ) ;
#3994 = ADVANCED_FACE ( 'NONE', ( #5475 ), #4248, .F. ) ;
#3995 = CARTESIAN_POINT ( 'NONE',  ( -7.737906069405972254, -14.18842392001355179, 5.288794820955689424 ) ) ;
#3996 = LINE ( 'NONE', #1896, #4762 ) ;
#3997 = CARTESIAN_POINT ( 'NONE',  ( 7.088919039349343976, -10.99447570847030597, 13.98635192564425900 ) ) ;
#3998 = SPHERICAL_SURFACE ( 'NONE', #188, 17.00000000000000000 ) ;
#3999 = CARTESIAN_POINT ( 'NONE',  ( -7.372058709686200473, -14.34594226338942669, -5.382611114598768509 ) ) ;
#4000 = B_SPLINE_CURVE_WITH_KNOTS ( 'NONE', 3,
 ( #5261, #4736, #4816, #1017 ),
 .UNSPECIFIED., .F., .F.,
 ( 4, 4 ),
 ( 0.0009119136454575376598, 0.0009937464495815770404 ),
 .UNSPECIFIED. ) ;
#4001 = DIRECTION ( 'NONE',  ( 0.6427876096865435818, 0.7660444431189745718, 2.775557561562891351E-17 ) ) ;
#4002 = CARTESIAN_POINT ( 'NONE',  ( 1.847710132042877484, -10.27826209756931952, -13.89580608408220286 ) ) ;
#4003 = ADVANCED_FACE ( 'NONE', ( #925 ), #2604, .F. ) ;
#4004 = ORIENTED_EDGE ( 'NONE', *, *, #5324, .T. ) ;
#4005 = CARTESIAN_POINT ( 'NONE',  ( 2.905795964851590973, -14.70460469521733415, -5.032986247551690440 ) ) ;
#4006 = CARTESIAN_POINT ( 'NONE',  ( 1.915111107797440537, -1.606969024216361897, -5.015442563508437192E-33 ) ) ;
#4007 = DIRECTION ( 'NONE',  ( 0.6222064705053635958, -0.5220932199171725019, -0.5833333333333328152 ) ) ;
#4008 = B_SPLINE_CURVE_WITH_KNOTS ( 'NONE', 3,
 ( #5, #4279, #4677, #3006, #3369, #2557, #5249, #2168 ),
 .UNSPECIFIED., .F., .F.,
 ( 4, 2, 2, 4 ),
 ( 0.000000000000000000, 0.0006271155795099732410, 0.0009406733692649614335, 0.001254231159019949735 ),
 .UNSPECIFIED. ) ;
#4009 = AXIS2_PLACEMENT_3D ( 'NONE', #2915, #3307, #4584 ) ;
#4010 = ORIENTED_EDGE ( 'NONE', *, *, #4809, .T. ) ;
#4011 = EDGE_LOOP ( 'NONE', ( #704, #3022, #1486, #3735 ) ) ;
#4012 = DIRECTION ( 'NONE',  ( 0.3830222215594811241, 0.6427876096865433597, 0.6634139481689389495 ) ) ;
#4013 = CARTESIAN_POINT ( 'NONE',  ( 4.098963504466210495, -18.50254413270146259, 5.810308773611274624 ) ) ;
#4014 = EDGE_CURVE ( 'NONE', #1226, #1987, #3524, .T. ) ;
#4015 = ORIENTED_EDGE ( 'NONE', *, *, #4827, .T. ) ;
#4016 = DIRECTION ( 'NONE',  ( -0.6427876096865433597, -0.7660444431189745718, 0.000000000000000000 ) ) ;
#4017 = CARTESIAN_POINT ( 'NONE',  ( -12.98175843789367079, -10.80388577596859712, 4.873397172404478006 ) ) ;
#4018 = ORIENTED_EDGE ( 'NONE', *, *, #1814, .T. ) ;
#4019 = CARTESIAN_POINT ( 'NONE',  ( -12.81329185850074204, -9.614260005406134013, 5.693828506804712752 ) ) ;
#4020 = CARTESIAN_POINT ( 'NONE',  ( 8.594617654586500066, -14.53677747184494784, -4.456317149281613155 ) ) ;
#4021 = EDGE_CURVE ( 'NONE', #5244, #2244, #4990, .T. ) ;
#4022 = AXIS2_PLACEMENT_3D ( 'NONE', #4697, #895, #3052 ) ;
#4023 = EDGE_CURVE ( 'NONE', #4730, #3701, #817, .T. ) ;
#4024 = VERTEX_POINT ( 'NONE', #630 ) ;
#4025 = CARTESIAN_POINT ( 'NONE',  ( 7.492931190721309420, -9.846963529194493248, 14.90472895111527940 ) ) ;
#4026 = CARTESIAN_POINT ( 'NONE',  ( 8.770979844092703814, -14.04004933083977491, 3.867226462432675316 ) ) ;
#4027 = CARTESIAN_POINT ( 'NONE',  ( 7.679487290841431779, -9.826166164699179362, -12.60540811828248486 ) ) ;
#4028 = CARTESIAN_POINT ( 'NONE',  ( 7.554048318360832681, -11.23285263242239829, 14.02774859299978338 ) ) ;
#4029 = AXIS2_PLACEMENT_3D ( 'NONE', #314, #2376, #1186 ) ;
#4030 = CARTESIAN_POINT ( 'NONE',  ( 4.820907072648997094, -11.49066664678461613, -8.350055988396386297 ) ) ;
#4031 = ORIENTED_EDGE ( 'NONE', *, *, #1633, .T. ) ;
#4032 = FACE_OUTER_BOUND ( 'NONE', #1127, .T. ) ;
#4033 = CARTESIAN_POINT ( 'NONE',  ( 7.339054666875203026, -9.158395660113638925, -14.35644333084726831 ) ) ;
#4034 = AXIS2_PLACEMENT_3D ( 'NONE', #3625, #2012, #1931 ) ;
#4035 = AXIS2_PLACEMENT_3D ( 'NONE', #1046, #2728, #4474 ) ;
#4036 = CARTESIAN_POINT ( 'NONE',  ( 11.09604844417687808, -10.12863313450566416, -7.955949924373942217 ) ) ;
#4037 = EDGE_CURVE ( 'NONE', #2792, #1112, #1062, .T. ) ;
#4038 = CIRCLE ( 'NONE', #2093, 17.00000000000000000 ) ;
#4039 = VERTEX_POINT ( 'NONE', #4784 ) ;
#4040 = PRODUCT ( '\X2\56fa5b9a4ef6\X0\', '\X2\56fa5b9a4ef6\X0\', '', ( #3272 ) ) ;
#4041 = ORIENTED_EDGE ( 'NONE', *, *, #3721, .T. ) ;
#4042 = CARTESIAN_POINT ( 'NONE',  ( 8.496796388913502085, -13.88939182692058694, -4.891208157124955491 ) ) ;
#4043 = CARTESIAN_POINT ( 'NONE',  ( -10.29783160062874536, -17.71751119999077062, -4.873397172404478894 ) ) ;
#4044 = CIRCLE ( 'NONE', #4846, 0.8999999999999972466 ) ;
#4045 = AXIS2_PLACEMENT_3D ( 'NONE', #2313, #4398, #4903 ) ;
#4046 = ORIENTED_EDGE ( 'NONE', *, *, #512, .F. ) ;
#4047 = CARTESIAN_POINT ( 'NONE',  ( -10.30968007008910448, -12.28659826202548189, 0.000000000000000000 ) ) ;
#4048 = CARTESIAN_POINT ( 'NONE',  ( -12.98175843789367079, -10.80388577596859712, 4.873397172404478006 ) ) ;
#4049 = VERTEX_POINT ( 'NONE', #1472 ) ;
#4050 = CARTESIAN_POINT ( 'NONE',  ( 11.17932552532730739, -9.849361908630664075, -8.804132597342036348 ) ) ;
#4051 = DIRECTION ( 'NONE',  ( -3.728499977318076986E-17, -0.7181832268395640373, 0.6958540455341993836 ) ) ;
#4052 = VECTOR ( 'NONE', #2770, 1000.000000000000000 ) ;
#4053 = CARTESIAN_POINT ( 'NONE',  ( -10.01511778237227190, -11.93555259739618180, 0.000000000000000000 ) ) ;
#4054 = ADVANCED_FACE ( 'NONE', ( #1420 ), #4354, .F. ) ;
#4055 = B_SPLINE_CURVE_WITH_KNOTS ( 'NONE', 3,
 ( #2829, #1142, #3200, #4917, #1556, #3253, #322, #3280, #1740, #889 ),
 .UNSPECIFIED., .F., .F.,
 ( 4, 2, 2, 2, 4 ),
 ( 0.000000000000000000, 0.0005511528013485327351, 0.001102305602697065470, 0.001653458404045598205, 0.002204611205394131374 ),
 .UNSPECIFIED. ) ;
#4056 = CIRCLE ( 'NONE', #1137, 0.4999999999999991118 ) ;
#4057 = CARTESIAN_POINT ( 'NONE',  ( 7.669090985226736379, -10.01862036948877410, 14.99247931159441194 ) ) ;
#4058 = CARTESIAN_POINT ( 'NONE',  ( -10.68085382218823121, -17.39611739514749900, -3.938993453682045949E-16 ) ) ;
#4059 = CARTESIAN_POINT ( 'NONE',  ( 2.993407909057582472, -16.82806446275596812, -7.193456739043598169 ) ) ;
#4060 = ADVANCED_FACE ( 'NONE', ( #4833 ), #216, .F. ) ;
#4061 = CARTESIAN_POINT ( 'NONE',  ( 7.679487290841247038, -11.26253261837830699, 13.99711620935099710 ) ) ;
#4062 = AXIS2_PLACEMENT_3D ( 'NONE', #2436, #3716, #1530 ) ;
#4063 = DIRECTION ( 'NONE',  ( -0.7660444431189746828, 0.6427876096865434707, 2.006177025403370908E-33 ) ) ;
#4064 = CARTESIAN_POINT ( 'NONE',  ( 6.489493575772632639, -15.46775456608786925, -11.24013258862990838 ) ) ;
#4065 = PLANE ( 'NONE',  #5288 ) ;
#4066 = ORIENTED_EDGE ( 'NONE', *, *, #3026, .F. ) ;
#4067 = CARTESIAN_POINT ( 'NONE',  ( 3.858549542158269396, -17.67482752973221594, -7.379057896079132206 ) ) ;
#4068 = CARTESIAN_POINT ( 'NONE',  ( -10.68085382218823121, -17.39611739514750255, 4.000000000000000000 ) ) ;
#4069 = CARTESIAN_POINT ( 'NONE',  ( 10.21928660899492769, -10.80741444993152811, -8.232009117501521089 ) ) ;
#4070 = EDGE_LOOP ( 'NONE', ( #4890, #1467 ) ) ;
#4071 = ORIENTED_EDGE ( 'NONE', *, *, #3520, .T. ) ;
#4072 = CARTESIAN_POINT ( 'NONE',  ( -7.442418369542962431, -16.52893750836372533, 0.8735073223165452649 ) ) ;
#4073 = CARTESIAN_POINT ( 'NONE',  ( -9.641814145298148730, -11.49066664678461613, 0.000000000000000000 ) ) ;
#4074 = ADVANCED_FACE ( 'NONE', ( #2687 ), #1035, .T. ) ;
#4075 = VERTEX_POINT ( 'NONE', #3610 ) ;
#4076 = CARTESIAN_POINT ( 'NONE',  ( -12.32303019444762704, -10.87010781330681297, 4.357115144335089063 ) ) ;
#4077 = CARTESIAN_POINT ( 'NONE',  ( 2.431361692321866386, -10.84401044073883114, -12.87149602052098807 ) ) ;
#4078 = DIRECTION ( 'NONE',  ( 0.6427876096865435818, 0.7660444431189745718, 0.000000000000000000 ) ) ;
#4079 = CARTESIAN_POINT ( 'NONE',  ( 11.19587929774182200, -9.893893494879165473, -8.733294532044249436 ) ) ;
#4080 = DIRECTION ( 'NONE',  ( 0.7071067811865485719, -0.7071067811865465735, -0.000000000000000000 ) ) ;
#4081 = DIRECTION ( 'NONE',  ( -0.6427876096865433597, -0.7660444431189745718, -0.000000000000000000 ) ) ;
#4082 = FACE_OUTER_BOUND ( 'NONE', #4673, .T. ) ;
#4083 = DIRECTION ( 'NONE',  ( -0.6427876096865433597, -0.7660444431189745718, 0.000000000000000000 ) ) ;
#4084 = CALENDAR_DATE ( 2026, 18, 2 ) ;
#4085 = DIRECTION ( 'NONE',  ( -0.000000000000000000, -1.000000000000000000, -0.000000000000000000 ) ) ;
#4086 = FACE_OUTER_BOUND ( 'NONE', #601, .T. ) ;
#4087 = DIRECTION ( 'NONE',  ( 0.000000000000000000, 0.7181832268395611507, 0.6958540455342021591 ) ) ;
#4088 = EDGE_CURVE ( 'NONE', #4024, #3, #1927, .T. ) ;
#4089 = EDGE_LOOP ( 'NONE', ( #3770, #3578, #2339, #4391 ) ) ;
#4090 = CARTESIAN_POINT ( 'NONE',  ( -13.05376074007754461, -9.385828412306221225, -5.523183462058407045 ) ) ;
#4091 = CARTESIAN_POINT ( 'NONE',  ( 10.24381408708218189, -10.75773122283675143, -8.277377834242631849 ) ) ;
#4092 = CARTESIAN_POINT ( 'NONE',  ( -6.976474824667001862, -14.48527678248614059, -5.523183462058408821 ) ) ;
#4093 = EDGE_CURVE ( 'NONE', #3047, #2311, #2810, .T. ) ;
#4094 = VERTEX_POINT ( 'NONE', #2301 ) ;
#4095 = DIRECTION ( 'NONE',  ( -0.7660444431189739056, 0.6427876096865442479, 1.734723475976810250E-15 ) ) ;
#4096 = ORIENTED_EDGE ( 'NONE', *, *, #5353, .T. ) ;
#4097 = CARTESIAN_POINT ( 'NONE',  ( 5.340426911094160012, -17.39611739514749900, -9.249890744123105080 ) ) ;
#4098 = CARTESIAN_POINT ( 'NONE',  ( -16.63021979469663236, -9.820692105633021640, 0.9736041386647728002 ) ) ;
#4099 = ORIENTED_EDGE ( 'NONE', *, *, #348, .T. ) ;
#4100 = CARTESIAN_POINT ( 'NONE',  ( -12.36272338464241827, -10.84401044073886133, 4.330127018921346327 ) ) ;
#4101 = CARTESIAN_POINT ( 'NONE',  ( 11.07412470828559314, -9.598615005324040439, -8.621919437228026339 ) ) ;
#4102 = CARTESIAN_POINT ( 'NONE',  ( -12.61449944215779340, -10.75289849619294635, 4.176350226560431977 ) ) ;
#4103 = CARTESIAN_POINT ( 'NONE',  ( 8.604742754403206462, -14.33921762924459031, -5.157057291877478633 ) ) ;
#4104 = EDGE_CURVE ( 'NONE', #3, #5182, #1083, .T. ) ;
#4105 = DIRECTION ( 'NONE',  ( 0.000000000000000000, 0.5878588831525611846, 0.8089634933040077414 ) ) ;
#4106 = CARTESIAN_POINT ( 'NONE',  ( -14.92478147643689468, -10.10686604187315218, -0.8000034070401006447 ) ) ;
#4107 = APPROVAL_STATUS ( 'not_yet_approved' ) ;
#4108 = CARTESIAN_POINT ( 'NONE',  ( 0.9575555538987299276, 1.606969024216364783, -1.658534870422340823 ) ) ;
#4109 = AXIS2_PLACEMENT_3D ( 'NONE', #1468, #1058, #2743 ) ;
#4110 = CARTESIAN_POINT ( 'NONE',  ( 5.340426911094160012, -17.39611739514749900, -9.249890744123105080 ) ) ;
#4111 = CARTESIAN_POINT ( 'NONE',  ( 9.128642989587170575, -9.694526882606453455, 13.80286103091778038 ) ) ;
#4112 = VERTEX_POINT ( 'NONE', #598 ) ;
#4113 = CARTESIAN_POINT ( 'NONE',  ( -1.149066664678445759, -1.928362829059633965, -1.990241844506821067 ) ) ;
#4114 = DIRECTION ( 'NONE',  ( -0.7660444431189746828, 0.6427876096865434707, 2.006177025403370566E-33 ) ) ;
#4115 = CARTESIAN_POINT ( 'NONE',  ( 10.50504159379134705, -10.68927916467648487, 8.026074877984559208 ) ) ;
#4116 = CIRCLE ( 'NONE', #1725, 0.5000000000000004441 ) ;
#4117 = EDGE_LOOP ( 'NONE', ( #1930, #882, #3457, #3284, #233, #1065, #3087, #984 ) ) ;
#4118 = CIRCLE ( 'NONE', #1731, 0.5000000000000009992 ) ;
#4119 = CARTESIAN_POINT ( 'NONE',  ( -0.8902847673692448893, -14.66831244891575992, -9.141078287566223537 ) ) ;
#4120 = EDGE_LOOP ( 'NONE', ( #629, #1327 ) ) ;
#4121 = ADVANCED_FACE ( 'NONE', ( #981 ), #3557, .F. ) ;
#4122 = LINE ( 'NONE', #1521, #1557 ) ;
#4123 = CARTESIAN_POINT ( 'NONE',  ( -17.00912348180737155, -10.20283731182085951, 0.6151719623498618228 ) ) ;
#4124 = EDGE_CURVE ( 'NONE', #3098, #1552, #2539, .T. ) ;
#4125 = EDGE_CURVE ( 'NONE', #1987, #1226, #1840, .T. ) ;
#4126 = EDGE_LOOP ( 'NONE', ( #5408, #3416, #1798, #2073 ) ) ;
#4127 = DIRECTION ( 'NONE',  ( -0.3213938048432665728, 0.7660444431189746828, -0.5566703992264259160 ) ) ;
#4128 = DIRECTION ( 'NONE',  ( 0.3830222215594938917, -0.6427876096865349220, 0.6634139481689399487 ) ) ;
#4129 = DIRECTION ( 'NONE',  ( 0.6427876096865435818, 0.7660444431189745718, 2.775557561562891351E-17 ) ) ;
#4130 = AXIS2_PLACEMENT_3D ( 'NONE', #864, #4129, #2963 ) ;
#4131 = CARTESIAN_POINT ( 'NONE',  ( 6.489493575772632639, -15.46775456608786925, -11.24013258862990838 ) ) ;
#4132 = AXIS2_PLACEMENT_3D ( 'NONE', #5127, #7, #4309 ) ;
#4133 = VERTEX_POINT ( 'NONE', #1088 ) ;
#4134 = VERTEX_POINT ( 'NONE', #4235 ) ;
#4135 = LINE ( 'NONE', #358, #180 ) ;
#4136 = CIRCLE ( 'NONE', #5303, 0.4999999999999996114 ) ;
#4137 = EDGE_CURVE ( 'NONE', #2189, #1419, #4136, .T. ) ;
#4138 = APPROVAL_DATE_TIME ( #3287, #1618 ) ;
#4139 = CARTESIAN_POINT ( 'NONE',  ( -4.975548258972375848, -11.22388872408064486, -8.617902380051209121 ) ) ;
#4140 = LINE ( 'NONE', #3368, #1105 ) ;
#4141 = CARTESIAN_POINT ( 'NONE',  ( 2.270393464913373904, -10.80388577596859534, -13.67923117921113985 ) ) ;
#4142 = CARTESIAN_POINT ( 'NONE',  ( 2.019485715444095941, -10.80741444993152811, -12.96616637069448075 ) ) ;
#4143 = DIRECTION ( 'NONE',  ( 0.7071067811865465735, 0.7071067811865485719, 0.000000000000000000 ) ) ;
#4144 = CARTESIAN_POINT ( 'NONE',  ( 9.979682994516222649, -10.86276355284696216, -9.285317989933091098 ) ) ;
#4145 = AXIS2_PLACEMENT_3D ( 'NONE', #3515, #3844, #3075 ) ;
#4146 = VERTEX_POINT ( 'NONE', #833 ) ;
#4147 = CIRCLE ( 'NONE', #4958, 17.32050807568877460 ) ;
#4148 = CARTESIAN_POINT ( 'NONE',  ( -10.07440197138570959, -17.90499091948268173, -5.279513603438186209 ) ) ;
#4149 = ORIENTED_EDGE ( 'NONE', *, *, #1314, .F. ) ;
#4150 = CARTESIAN_POINT ( 'NONE',  ( 8.514732676715729198, -14.91131433491220371, 3.376689539994938816 ) ) ;
#4151 = CARTESIAN_POINT ( 'NONE',  ( -17.16011332295884984, -10.33842182736712267, 0.1323561970234121976 ) ) ;
#4152 = CC_DESIGN_APPROVAL ( #4574, ( #4466 ) ) ;
#4153 = EDGE_LOOP ( 'NONE', ( #3358, #2405, #2139, #4852, #3613 ) ) ;
#4154 = CARTESIAN_POINT ( 'NONE',  ( 2.700608597735041805, -13.99381480538303002, -4.677591302634532155 ) ) ;
#4155 = CARTESIAN_POINT ( 'NONE',  ( 8.501092016911105276, -14.58352955862855538, 3.973914030793408880 ) ) ;
#4156 = EDGE_CURVE ( 'NONE', #2691, #5437, #1578, .T. ) ;
#4157 = ORIENTED_EDGE ( 'NONE', *, *, #5267, .F. ) ;
#4158 = CARTESIAN_POINT ( 'NONE',  ( 0.9301968237873143863, 1.561055623524467473, 1.611148159838857286 ) ) ;
#4159 = VERTEX_POINT ( 'NONE', #2931 ) ;
#4160 = CARTESIAN_POINT ( 'NONE',  ( 9.951096517944909792, -11.22388872408064486, 0.000000000000000000 ) ) ;
#4161 = CALENDAR_DATE ( 2026, 18, 2 ) ;
#4162 = DIRECTION ( 'NONE',  ( 0.000000000000000000, 0.7181832268395610397, 0.6958540455342021591 ) ) ;
#4163 = CARTESIAN_POINT ( 'NONE',  ( -8.394770039826051189, -14.49795483494044745, -4.081736896585638874 ) ) ;
#4164 = CARTESIAN_POINT ( 'NONE',  ( -12.97898715154515870, -15.46775456608786747, 0.000000000000000000 ) ) ;
#4165 = CYLINDRICAL_SURFACE ( 'NONE', #1288, 1.500000000000000000 ) ;
#4166 = FACE_OUTER_BOUND ( 'NONE', #2260, .T. ) ;
#4167 = CYLINDRICAL_SURFACE ( 'NONE', #4857, 6.500000000000001776 ) ;
#4168 = ORIENTED_EDGE ( 'NONE', *, *, #4183, .T. ) ;
#4169 = EDGE_CURVE ( 'NONE', #261, #4718, #87, .T. ) ;
#4170 = CARTESIAN_POINT ( 'NONE',  ( -8.385491779179812255, -14.66061143408786371, 4.873397172404478894 ) ) ;
#4171 = ORIENTED_EDGE ( 'NONE', *, *, #4711, .T. ) ;
#4172 = CARTESIAN_POINT ( 'NONE',  ( 8.255093677412512321, -8.860183951349013043, -13.60238762498471843 ) ) ;
#4173 = CARTESIAN_POINT ( 'NONE',  ( 2.078882354133628318, -11.12527958081186696, -13.34752420512667292 ) ) ;
#4174 = VERTEX_POINT ( 'NONE', #1113 ) ;
#4175 = CARTESIAN_POINT ( 'NONE',  ( 7.681549665159176143, -14.71948921096617546, 5.304834300919550216 ) ) ;
#4176 = LINE ( 'NONE', #2025, #513 ) ;
#4177 = CIRCLE ( 'NONE', #2233, 0.4999999999999998890 ) ;
#4178 = CARTESIAN_POINT ( 'NONE',  ( 10.76034233598490530, -10.77141319109939310, -8.746093939987231280 ) ) ;
#4179 = EDGE_CURVE ( 'NONE', #2686, #587, #4658, .T. ) ;
#4180 = CARTESIAN_POINT ( 'NONE',  ( -12.92458678668925920, -10.44487808595876821, -5.265824322722569839 ) ) ;
#4181 = CARTESIAN_POINT ( 'NONE',  ( 2.379163658008151661, -17.52869924328151896, -5.904734663498187430 ) ) ;
#4182 = ORIENTED_EDGE ( 'NONE', *, *, #5368, .T. ) ;
#4183 = EDGE_CURVE ( 'NONE', #4583, #4746, #3226, .T. ) ;
#4184 = DIRECTION ( 'NONE',  ( -0.3213938048432742889, 0.7660444431189745718, 0.5566703992264214751 ) ) ;
#4185 = CARTESIAN_POINT ( 'NONE',  ( -12.97898715154515870, -15.46775456608786747, 0.000000000000000000 ) ) ;
#4186 = EDGE_CURVE ( 'NONE', #923, #611, #5251, .T. ) ;
#4187 = EDGE_LOOP ( 'NONE', ( #3559, #5358, #1019, #769 ) ) ;
#4188 = CARTESIAN_POINT ( 'NONE',  ( 1.354877174811814244, -9.905828355158300624, 13.74945037406769366 ) ) ;
#4189 = CARTESIAN_POINT ( 'NONE',  ( 7.575148602646698315, -29.78836369688409746, -6.018531076210124357E-33 ) ) ;
#4190 = DIRECTION ( 'NONE',  ( -0.3535533905932685683, -0.7071067811865465735, -0.6123724356957986892 ) ) ;
#4191 = CARTESIAN_POINT ( 'NONE',  ( 2.831725107538031860, -18.39252036642350419, 6.456985417972648023 ) ) ;
#4192 = CARTESIAN_POINT ( 'NONE',  ( 3.282943155585106521, -17.20444328938761558, 4.990370298295888851 ) ) ;
#4193 = B_SPLINE_CURVE_WITH_KNOTS ( 'NONE', 3,
 ( #2422, #1623, #338, #387 ),
 .UNSPECIFIED., .F., .F.,
 ( 4, 4 ),
 ( 0.0009119136454572979427, 0.0009937464495813261561 ),
 .UNSPECIFIED. ) ;
#4194 = CIRCLE ( 'NONE', #5187, 5.000000000000004441 ) ;
#4195 = ORIENTED_EDGE ( 'NONE', *, *, #672, .F. ) ;
#4196 = CARTESIAN_POINT ( 'NONE',  ( 5.222031227117546415, -12.44674895111303492, -9.044823404079034290 ) ) ;
#4197 = DIRECTION ( 'NONE',  ( 0.3535533905932774501, 0.7071067811865459074, -0.6123724356957943593 ) ) ;
#4198 = EDGE_LOOP ( 'NONE', ( #4906, #1771, #5281, #4507, #924, #3048, #4041, #2041, #3856, #5130, #597, #2178, #5276 ) ) ;
#4199 = CARTESIAN_POINT ( 'NONE',  ( -5.915960343039083469, -17.16257186705424331, 1.224647100853736452E-16 ) ) ;
#4200 = CARTESIAN_POINT ( 'NONE',  ( -12.25930252994382030, -10.47660066377793164, 5.383753886065827388 ) ) ;
#4201 = AXIS2_PLACEMENT_3D ( 'NONE', #212, #3988, #5274 ) ;
#4202 = CARTESIAN_POINT ( 'NONE',  ( -8.768514000739301650, -14.33921762924459209, 4.873397172404478894 ) ) ;
#4203 = PRODUCT_DEFINITION_SHAPE ( 'NONE', 'NONE',  #4466 ) ;
#4204 = EDGE_CURVE ( 'NONE', #1057, #1133, #4770, .T. ) ;
#4205 = AXIS2_PLACEMENT_3D ( 'NONE', #4097, #2427, #3297 ) ;
#4206 = VERTEX_POINT ( 'NONE', #3663 ) ;
#4207 = CARTESIAN_POINT ( 'NONE',  ( 9.955032955426926122, -10.80638156338504530, 9.134747875429210850 ) ) ;
#4208 = CARTESIAN_POINT ( 'NONE',  ( 8.449913579654776186, -14.20390291265366400, 3.999748764859161199 ) ) ;
#4209 = AXIS2_PLACEMENT_3D ( 'NONE', #1010, #4308, #5174 ) ;
#4210 = AXIS2_PLACEMENT_3D ( 'NONE', #4985, #1564, #3262 ) ;
#4211 = DIRECTION ( 'NONE',  ( -0.3213938048432742334, 0.7660444431189746828, 0.5566703992264213641 ) ) ;
#4212 = AXIS2_PLACEMENT_3D ( 'NONE', #4817, #2284, #1047 ) ;
#4213 = CARTESIAN_POINT ( 'NONE',  ( 8.328702979284724250, -13.97166927126947833, -4.960308093397951090 ) ) ;
#4214 = DIRECTION ( 'NONE',  ( 0.7071067811865463515, 0.7071067811865486830, 0.000000000000000000 ) ) ;
#4215 = ORIENTED_EDGE ( 'NONE', *, *, #945, .F. ) ;
#4216 = CARTESIAN_POINT ( 'NONE',  ( -7.201535562412173519, -18.69466075329219379, -0.1323561970234122531 ) ) ;
#4217 = CARTESIAN_POINT ( 'NONE',  ( 0.9301968237873141643, 1.561055623524467251, 1.611148159838856841 ) ) ;
#4218 = AXIS2_PLACEMENT_3D ( 'NONE', #4043, #5271, #1463 ) ;
#4219 = ORIENTED_EDGE ( 'NONE', *, *, #3046, .T. ) ;
#4220 = CARTESIAN_POINT ( 'NONE',  ( -15.12633324627786635, -10.39678288297215936, 0.9738145378851618128 ) ) ;
#4221 = CIRCLE ( 'NONE', #1836, 5.000000000000004441 ) ;
#4222 = CARTESIAN_POINT ( 'NONE',  ( 8.977038158101562360, -21.39683495154528714, 15.54868619131627305 ) ) ;
#4223 = DIRECTION ( 'NONE',  ( 0.6427876096865435818, 0.7660444431189745718, 2.775557561562891351E-17 ) ) ;
#4224 = CARTESIAN_POINT ( 'NONE',  ( -13.95528573695286134, -5.500000000000000000, -1.709029600894603526E-15 ) ) ;
#4225 = ADVANCED_FACE ( 'NONE', ( #4525, #4630 ), #1948, .T. ) ;
#4226 = FACE_OUTER_BOUND ( 'NONE', #3554, .T. ) ;
#4227 = AXIS2_PLACEMENT_3D ( 'NONE', #3149, #2724, #4419 ) ;
#4228 = EDGE_LOOP ( 'NONE', ( #1630, #902, #423, #1513 ) ) ;
#4229 = CYLINDRICAL_SURFACE ( 'NONE', #854, 1.500000000000000666 ) ;
#4230 = DIRECTION ( 'NONE',  ( 1.734723475976806700E-15, -0.5878588831525577429, 0.8089634933040102949 ) ) ;
#4231 = ORIENTED_EDGE ( 'NONE', *, *, #405, .F. ) ;
#4232 = CARTESIAN_POINT ( 'NONE',  ( 6.489493575772475431, -15.46775456608786747, 11.24013258862999898 ) ) ;
#4233 = DIRECTION ( 'NONE',  ( 0.000000000000000000, 0.5878588831525612957, 0.8089634933040077414 ) ) ;
#4234 = CIRCLE ( 'NONE', #2726, 17.32050807568877460 ) ;
#4235 = CARTESIAN_POINT ( 'NONE',  ( 12.51397906605519239, -13.03051821269305321, 11.11582034038484323 ) ) ;
#4236 = TOROIDAL_SURFACE ( 'NONE', #9, 17.32050807568877460, 0.5000000000000000000 ) ;
#4237 = EDGE_CURVE ( 'NONE', #4174, #2955, #819, .T. ) ;
#4238 = ORIENTED_EDGE ( 'NONE', *, *, #3829, .T. ) ;
#4239 = CARTESIAN_POINT ( 'NONE',  ( 9.944868746468229048, -10.78477805696000225, 9.061544150315475221 ) ) ;
#4240 = CARTESIAN_POINT ( 'NONE',  ( 2.567850082828113667, -18.11062244200759963, -6.375117040915871058 ) ) ;
#4241 = CARTESIAN_POINT ( 'NONE',  ( 8.416690442891070489, -14.15910015758807816, 4.226909290546875475 ) ) ;
#4242 = VECTOR ( 'NONE', #4080, 1000.000000000000000 ) ;
#4243 = CARTESIAN_POINT ( 'NONE',  ( 5.007558891186174144, -11.93555259739618180, -8.673346421427632791 ) ) ;
#4244 = CARTESIAN_POINT ( 'NONE',  ( -0.9301968237873130541, -1.561055623524465252, -1.611148159838854843 ) ) ;
#4245 = EDGE_CURVE ( 'NONE', #911, #5332, #4055, .T. ) ;
#4246 = EDGE_LOOP ( 'NONE', ( #1016, #4299 ) ) ;
#4247 = VERTEX_POINT ( 'NONE', #3900 ) ;
#4248 = PLANE ( 'NONE',  #1394 ) ;
#4249 = CARTESIAN_POINT ( 'NONE',  ( 4.677325748424737917, -17.53189554433232900, 6.811342225927100813 ) ) ;
#4250 = VERTEX_POINT ( 'NONE', #5136 ) ;
#4251 = CYLINDRICAL_SURFACE ( 'NONE', #2245, 0.8999999999999975797 ) ;
#4252 = CARTESIAN_POINT ( 'NONE',  ( 10.50611370963968838, -10.68844278357969735, -8.025744662280215991 ) ) ;
#4253 = CARTESIAN_POINT ( 'NONE',  ( -0.1237333722185021134, -14.61971732159270054, -9.714546702455807647 ) ) ;
#4254 = CARTESIAN_POINT ( 'NONE',  ( 3.037369546826108824, -17.15974365195184248, 5.073813954895650902 ) ) ;
#4255 = DIRECTION ( 'NONE',  ( 0.3830222215594902835, 0.6427876096865435818, -0.6634139481689335094 ) ) ;
#4256 = ORIENTED_EDGE ( 'NONE', *, *, #1733, .F. ) ;
#4257 = EDGE_CURVE ( 'NONE', #1453, #5006, #2104, .T. ) ;
#4258 = FACE_OUTER_BOUND ( 'NONE', #1211, .T. ) ;
#4259 = DIRECTION ( 'NONE',  ( -0.6427876096865433597, -0.7660444431189745718, 0.000000000000000000 ) ) ;
#4260 = ORIENTED_EDGE ( 'NONE', *, *, #1489, .F. ) ;
#4261 = CARTESIAN_POINT ( 'NONE',  ( -7.134259054861747273, -18.58575165274525176, 0.5042401978403607821 ) ) ;
#4262 = CARTESIAN_POINT ( 'NONE',  ( -5.825202145052655212, -11.65040429010518963, 10.08954607959029914 ) ) ;
#4263 = DIRECTION ( 'NONE',  ( 0.000000000000000000, -0.7181832268395639263, 0.6958540455341993836 ) ) ;
#4264 = EDGE_CURVE ( 'NONE', #775, #3895, #616, .T. ) ;
#4265 = ORIENTED_EDGE ( 'NONE', *, *, #3270, .F. ) ;
#4266 = CARTESIAN_POINT ( 'NONE',  ( 11.64274748611828691, -9.661882189138754740, -8.794570116707786767 ) ) ;
#4267 = SPHERICAL_SURFACE ( 'NONE', #426, 15.00000000000000000 ) ;
#4268 = CARTESIAN_POINT ( 'NONE',  ( 4.226502734485021229, -18.25085207920122699, -5.537749455576618907 ) ) ;
#4269 = FACE_OUTER_BOUND ( 'NONE', #3807, .T. ) ;
#4270 = DIRECTION ( 'NONE',  ( -0.3213938048432741779, 0.7660444431189745718, -0.5566703992264214751 ) ) ;
#4271 = CIRCLE ( 'NONE', #2586, 0.5000000000000003331 ) ;
#4272 = ORIENTED_EDGE ( 'NONE', *, *, #2361, .T. ) ;
#4273 = ORIENTED_EDGE ( 'NONE', *, *, #478, .T. ) ;
#4274 = DIRECTION ( 'NONE',  ( 0.000000000000000000, -0.6546536707079765316, -0.7559289460184548393 ) ) ;
#4275 = DIRECTION ( 'NONE',  ( 1.224646799147353207E-16, 0.000000000000000000, -1.000000000000000000 ) ) ;
#4276 = EDGE_CURVE ( 'NONE', #1471, #2157, #4406, .T. ) ;
#4277 = CIRCLE ( 'NONE', #222, 5.000000000000004441 ) ;
#4278 = FACE_OUTER_BOUND ( 'NONE', #4089, .T. ) ;
#4279 = CARTESIAN_POINT ( 'NONE',  ( -8.316666785955581176, -14.57858900115261491, 5.055983402304148555 ) ) ;
#4280 = CARTESIAN_POINT ( 'NONE',  ( -1.294979775571120761, -14.48527678248616013, -8.803396158053436338 ) ) ;
#4281 = CARTESIAN_POINT ( 'NONE',  ( 9.937268422188356709, -10.88569332758853747, 8.470677486663781508 ) ) ;
#4282 = CARTESIAN_POINT ( 'NONE',  ( 1.876325295956256856, -17.39611739514750255, 11.24989074412314771 ) ) ;
#4283 = ORIENTED_EDGE ( 'NONE', *, *, #3477, .F. ) ;
#4284 = CARTESIAN_POINT ( 'NONE',  ( -12.29032652471744314, -10.75773122283675498, 4.732714313936693173 ) ) ;
#4285 = CARTESIAN_POINT ( 'NONE',  ( 0.4650080854897587490, -17.90499091948268529, 11.36444483687515294 ) ) ;
#4286 = EDGE_LOOP ( 'NONE', ( #176, #4599, #4750, #5457 ) ) ;
#4287 = CARTESIAN_POINT ( 'NONE',  ( 2.298133329356928378, -1.928362829059633965, -6.018531076210122988E-33 ) ) ;
#4288 = FACE_BOUND ( 'NONE', #2877, .T. ) ;
#4289 = PLANE ( 'NONE',  #4145 ) ;
#4290 = ORIENTED_EDGE ( 'NONE', *, *, #1245, .T. ) ;
#4291 = EDGE_CURVE ( 'NONE', #1817, #3243, #2547, .T. ) ;
#4292 = AXIS2_PLACEMENT_3D ( 'NONE', #3879, #480, #2158 ) ;
#4293 = ORIENTED_EDGE ( 'NONE', *, *, #4356, .T. ) ;
#4294 = CARTESIAN_POINT ( 'NONE',  ( 2.046512437635370052, -10.75773122283675143, -13.01009214817936055 ) ) ;
#4295 = FACE_BOUND ( 'NONE', #3439, .T. ) ;
#4296 = EDGE_CURVE ( 'NONE', #356, #3133, #4234, .T. ) ;
#4297 = AXIS2_PLACEMENT_3D ( 'NONE', #4232, #5134, #912 ) ;
#4298 = DIRECTION ( 'NONE',  ( -0.3213938048432666283, 0.7660444431189745718, -0.5566703992264260270 ) ) ;
#4299 = ORIENTED_EDGE ( 'NONE', *, *, #3683, .T. ) ;
#4300 = AXIS2_PLACEMENT_3D ( 'NONE', #4113, #308, #2780 ) ;
#4301 = CIRCLE ( 'NONE', #3066, 0.5000000000000000000 ) ;
#4302 = EDGE_LOOP ( 'NONE', ( #4660, #1185, #2708, #750 ) ) ;
#4303 = CARTESIAN_POINT ( 'NONE',  ( -7.187925134912590330, -18.67197000269354845, -0.2622204500586191034 ) ) ;
#4304 = CARTESIAN_POINT ( 'NONE',  ( 4.698899840282719786, -16.77063294872676735, 6.150062232233663551 ) ) ;
#4305 = ORIENTED_EDGE ( 'NONE', *, *, #5080, .T. ) ;
#4306 = DIRECTION ( 'NONE',  ( -3.728499977318076986E-17, -0.7181832268395640373, 0.6958540455341993836 ) ) ;
#4307 = EDGE_CURVE ( 'NONE', #3624, #2519, #1821, .T. ) ;
#4308 = DIRECTION ( 'NONE',  ( 0.3830222215594904500, 0.6427876096865433597, -0.6634139481689337314 ) ) ;
#4309 = DIRECTION ( 'NONE',  ( 0.000000000000000000, 0.000000000000000000, 1.000000000000000000 ) ) ;
#4310 = AXIS2_PLACEMENT_3D ( 'NONE', #702, #4885, #3245 ) ;
#4311 = CARTESIAN_POINT ( 'NONE',  ( -9.641814145298148730, -11.49066664678461613, 0.000000000000000000 ) ) ;
#4312 = B_SPLINE_CURVE_WITH_KNOTS ( 'NONE', 3,
 ( #2690, #1481, #4872, #3122, #4814, #2334 ),
 .UNSPECIFIED., .F., .F.,
 ( 4, 2, 4 ),
 ( 1.734723475976807094E-18, 0.0004559568227287124514, 0.0009119136454574231681 ),
 .UNSPECIFIED. ) ;
#4313 = AXIS2_PLACEMENT_3D ( 'NONE', #3266, #5044, #745 ) ;
#4314 = VERTEX_POINT ( 'NONE', #1330 ) ;
#4315 = CARTESIAN_POINT ( 'NONE',  ( 0.8030563917445340261, -14.83797325031954628, 9.390934471844628817 ) ) ;
#4316 = CARTESIAN_POINT ( 'NONE',  ( 1.917526872226661849, -10.30278828525073642, 13.39403738443968628 ) ) ;
#4317 = EDGE_LOOP ( 'NONE', ( #1503, #1195, #154, #4682 ) ) ;
#4318 = CARTESIAN_POINT ( 'NONE',  ( -12.36272338464241649, -10.84401044073886133, -4.330127018921345439 ) ) ;
#4319 = DIRECTION ( 'NONE',  ( -0.3535533905932675691, 0.7071067811865485719, -0.6123724356957969128 ) ) ;
#4320 = DIRECTION ( 'NONE',  ( 0.000000000000000000, 0.6546536707079765316, 0.7559289460184548393 ) ) ;
#4321 = VECTOR ( 'NONE', #4807, 1000.000000000000000 ) ;
#4322 = ORIENTED_EDGE ( 'NONE', *, *, #5448, .F. ) ;
#4323 = VECTOR ( 'NONE', #1237, 1000.000000000000114 ) ;
#4324 = EDGE_LOOP ( 'NONE', ( #5414, #537, #2803, #1309, #3086 ) ) ;
#4325 = CARTESIAN_POINT ( 'NONE',  ( 12.51397906605534693, -13.03051821269305144, -11.11582034038467448 ) ) ;
#4326 = CARTESIAN_POINT ( 'NONE',  ( -5.930657695150938657, -34.10306789440962660, -9.576346404766779230 ) ) ;
#4327 = LINE ( 'NONE', #4496, #1826 ) ;
#4328 = CIRCLE ( 'NONE', #443, 0.5000000000000006661 ) ;
#4329 = EDGE_CURVE ( 'NONE', #3209, #719, #3018, .T. ) ;
#4330 = ORIENTED_EDGE ( 'NONE', *, *, #2132, .F. ) ;
#4331 = EDGE_LOOP ( 'NONE', ( #4417, #1692, #3041, #1161 ) ) ;
#4332 = CARTESIAN_POINT ( 'NONE',  ( -12.20525085805410193, -10.76746510325196127, 4.912015887074884901 ) ) ;
#4333 = CARTESIAN_POINT ( 'NONE',  ( -8.460104309122563393, -13.97166927126947655, -4.732714313936693173 ) ) ;
#4334 = ADVANCED_FACE ( 'NONE', ( #2594 ), #1712, .F. ) ;
#4335 = EDGE_LOOP ( 'NONE', ( #555, #1907, #3821, #2162, #3938 ) ) ;
#4336 = CARTESIAN_POINT ( 'NONE',  ( -7.549955053025731111, -14.63011237418263377, 5.367441639231772754 ) ) ;
#4337 = DIRECTION ( 'NONE',  ( -0.7071067811865465735, -0.7071067811865485719, 0.000000000000000000 ) ) ;
#4338 = DIRECTION ( 'NONE',  ( 0.3830222215594810686, 0.6427876096865434707, 0.6634139481689389495 ) ) ;
#4339 = CARTESIAN_POINT ( 'NONE',  ( 3.858549542158269396, -17.67482752973221594, -7.379057896079132206 ) ) ;
#4340 = ORIENTED_EDGE ( 'NONE', *, *, #4296, .F. ) ;
#4341 = CARTESIAN_POINT ( 'NONE',  ( -5.293746310506315389, -10.58749262101275335, -9.169037572177424877 ) ) ;
#4342 = CARTESIAN_POINT ( 'NONE',  ( -7.949420482151928091, -17.10380655822621776, -0.9738687843312341386 ) ) ;
#4343 = ORIENTED_EDGE ( 'NONE', *, *, #3319, .T. ) ;
#4344 = FACE_OUTER_BOUND ( 'NONE', #1439, .T. ) ;
#4345 = CARTESIAN_POINT ( 'NONE',  ( 8.255093677413865905, -10.29655040503374508, -14.99409571605940528 ) ) ;
#4346 = CARTESIAN_POINT ( 'NONE',  ( 8.490576105217956027, -8.959057964039974564, -13.53770917779645977 ) ) ;
#4347 = ADVANCED_FACE ( 'NONE', ( #2623, #2181 ), #4289, .T. ) ;
#4348 = VERTEX_POINT ( 'NONE', #4769 ) ;
#4349 = VERTEX_POINT ( 'NONE', #5160 ) ;
#4350 = CARTESIAN_POINT ( 'NONE',  ( 3.314246056752973235, -17.32778432122674062, 7.449163181547815427 ) ) ;
#4351 = CARTESIAN_POINT ( 'NONE',  ( 1.832683633780664678, -9.660691290474428428, -13.87204362201226182 ) ) ;
#4352 = ORIENTED_EDGE ( 'NONE', *, *, #1289, .T. ) ;
#4353 = VERTEX_POINT ( 'NONE', #70 ) ;
#4354 = CYLINDRICAL_SURFACE ( 'NONE', #1136, 0.9999999999999981126 ) ;
#4355 = CARTESIAN_POINT ( 'NONE',  ( 8.538523976386219516, -14.56137397260175170, -4.040015620582347644 ) ) ;
#4356 = EDGE_CURVE ( 'NONE', #1987, #3236, #1774, .T. ) ;
#4357 = EDGE_LOOP ( 'NONE', ( #5256, #5004 ) ) ;
#4358 = EDGE_CURVE ( 'NONE', #4991, #2261, #3874, .T. ) ;
#4359 = CARTESIAN_POINT ( 'NONE',  ( -7.965532913233304591, -14.15661107679413178, 5.036391708431998460 ) ) ;
#4360 = DIRECTION ( 'NONE',  ( -0.7660444431189743497, 0.6427876096865436928, 0.000000000000000000 ) ) ;
#4361 = CARTESIAN_POINT ( 'NONE',  ( 3.287323959072599333, -16.22208035561459027, -6.294488354510785477 ) ) ;
#4362 = EDGE_CURVE ( 'NONE', #1493, #1552, #4721, .T. ) ;
#4363 = CARTESIAN_POINT ( 'NONE',  ( -8.029519986134774356, -14.17506747948201706, -4.885965602801174867 ) ) ;
#4364 = ORIENTED_EDGE ( 'NONE', *, *, #3335, .T. ) ;
#4365 = CARTESIAN_POINT ( 'NONE',  ( 7.679487290840598668, -9.826166164689142946, 12.60540811827622498 ) ) ;
#4366 = CARTESIAN_POINT ( 'NONE',  ( 1.375992006921924471, -9.830266694908182501, 13.80148299181128912 ) ) ;
#4367 = ORIENTED_EDGE ( 'NONE', *, *, #5166, .T. ) ;
#4368 = CARTESIAN_POINT ( 'NONE',  ( -8.768514000739301650, -14.33921762924459209, -4.873397172404478006 ) ) ;
#4369 = CARTESIAN_POINT ( 'NONE',  ( -1.165257076279352821, -14.11113125515842448, 9.410221964090276003 ) ) ;
#4370 = CARTESIAN_POINT ( 'NONE',  ( 8.374651100255741554, -8.899684036140092402, -13.56162002646639486 ) ) ;
#4371 = ORIENTED_EDGE ( 'NONE', *, *, #2935, .F. ) ;
#4372 = ORIENTED_EDGE ( 'NONE', *, *, #5054, .T. ) ;
#4373 = DIRECTION ( 'NONE',  ( -0.3213938048432742334, 0.7660444431189746828, 0.5566703992264213641 ) ) ;
#4374 = CARTESIAN_POINT ( 'NONE',  ( 1.389419268633422577, -10.34467061495281470, -13.41980412720118387 ) ) ;
#4375 = EDGE_CURVE ( 'NONE', #5350, #2315, #4688, .T. ) ;
#4376 = CARTESIAN_POINT ( 'NONE',  ( 11.85904599448447350, -13.53939173702823240, 10.79367584693462057 ) ) ;
#4377 = ORIENTED_EDGE ( 'NONE', *, *, #4910, .F. ) ;
#4378 = DIRECTION ( 'NONE',  ( -0.3213938048432742334, 0.7660444431189746828, 0.5566703992264213641 ) ) ;
#4379 = EDGE_LOOP ( 'NONE', ( #723, #3389, #396, #3461, #2011, #3871, #3600, #1101 ) ) ;
#4380 = DIRECTION ( 'NONE',  ( 0.000000000000000000, -0.5878588831525574099, 0.8089634933040104059 ) ) ;
#4381 = AXIS2_PLACEMENT_3D ( 'NONE', #2230, #1818, #4796 ) ;
#4382 = CARTESIAN_POINT ( 'NONE',  ( 8.422823472478812690, -14.63041161873191776, -3.854066976726168825 ) ) ;
#4383 = CIRCLE ( 'NONE', #1911, 1.500000000000000000 ) ;
#4384 = ORIENTED_EDGE ( 'NONE', *, *, #949, .F. ) ;
#4385 = CARTESIAN_POINT ( 'NONE',  ( -8.028973607925765421, -14.17484025894450461, 4.887450908633375057 ) ) ;
#4386 = FACE_OUTER_BOUND ( 'NONE', #4011, .T. ) ;
#4387 = CARTESIAN_POINT ( 'NONE',  ( 3.858549542158269396, -17.67482752973221594, -7.379057896079132206 ) ) ;
#4388 = TOROIDAL_SURFACE ( 'NONE', #3505, 7.000000000000000888, 0.5000000000000000000 ) ;
#4389 = B_SPLINE_CURVE_WITH_KNOTS ( 'NONE', 3,
 ( #5398, #1151, #3745, #739 ),
 .UNSPECIFIED., .F., .F.,
 ( 4, 4 ),
 ( 0.0009119136454574231681, 0.0009937464495814536582 ),
 .UNSPECIFIED. ) ;
#4390 = CARTESIAN_POINT ( 'NONE',  ( -7.584863789851668869, -14.23997638458756931, -5.370137268300838151 ) ) ;
#4391 = ORIENTED_EDGE ( 'NONE', *, *, #3045, .F. ) ;
#4392 = EDGE_CURVE ( 'NONE', #2730, #3472, #1665, .T. ) ;
#4393 = CARTESIAN_POINT ( 'NONE',  ( -5.825202145052655212, -10.66842378404322389, 11.22343949861798151 ) ) ;
#4394 = AXIS2_PLACEMENT_3D ( 'NONE', #2089, #5093, #468 ) ;
#4395 = CARTESIAN_POINT ( 'NONE',  ( 1.900065265649576673, -9.975746623952232994, 14.02589285626570970 ) ) ;
#4396 = ORIENTED_EDGE ( 'NONE', *, *, #4589, .F. ) ;
#4397 = CARTESIAN_POINT ( 'NONE',  ( -5.825202145052513991, -11.65040429010518963, -10.08954607959037908 ) ) ;
#4398 = DIRECTION ( 'NONE',  ( 0.3213938048432666283, -0.7660444431189745718, -0.5566703992264260270 ) ) ;
#4399 = FACE_OUTER_BOUND ( 'NONE', #2204, .T. ) ;
#4400 = AXIS2_PLACEMENT_3D ( 'NONE', #2180, #2154, #4233 ) ;
#4401 = ORIENTED_EDGE ( 'NONE', *, *, #3231, .F. ) ;
#4402 = ORIENTED_EDGE ( 'NONE', *, *, #4809, .F. ) ;
#4403 = CARTESIAN_POINT ( 'NONE',  ( 8.274740345167838740, -14.72383461542029259, -3.773243490394279753 ) ) ;
#4404 = CARTESIAN_POINT ( 'NONE',  ( 3.101189721101428987, -10.98124759220028324, 13.37141816085827273 ) ) ;
#4405 = VECTOR ( 'NONE', #4757, 1000.000000000000114 ) ;
#4406 = CIRCLE ( 'NONE', #1844, 1.500000000000000666 ) ;
#4407 = EDGE_CURVE ( 'NONE', #4133, #907, #1415, .T. ) ;
#4408 = VERTEX_POINT ( 'NONE', #4879 ) ;
#4409 = DIRECTION ( 'NONE',  ( -0.7660444431189746828, 0.6427876096865434707, 2.006177025403370566E-33 ) ) ;
#4410 = CARTESIAN_POINT ( 'NONE',  ( 9.369401554347934535, -17.71751119999077062, -6.481485183836379171 ) ) ;
#4411 = ORIENTED_EDGE ( 'NONE', *, *, #5283, .T. ) ;
#4412 = DIRECTION ( 'NONE',  ( -0.3213938048432742334, 0.7660444431189746828, 0.5566703992264213641 ) ) ;
#4413 = TOROIDAL_SURFACE ( 'NONE', #357, 17.32050807568877460, 0.5000000000000000000 ) ;
#4414 = DIRECTION ( 'NONE',  ( -0.3213938048432742334, 0.7660444431189746828, 0.5566703992264213641 ) ) ;
#4415 = EDGE_CURVE ( 'NONE', #507, #207, #2193, .T. ) ;
#4416 = AXIS2_PLACEMENT_3D ( 'NONE', #4185, #5039, #1229 ) ;
#4417 = ORIENTED_EDGE ( 'NONE', *, *, #777, .T. ) ;
#4418 = CARTESIAN_POINT ( 'NONE',  ( -7.868956046551489614, -14.15910015758799290, 5.175613094059939634 ) ) ;
#4419 = DIRECTION ( 'NONE',  ( -1.607059276162220547E-15, 0.5878588831525578540, 0.8089634933040101838 ) ) ;
#4420 = CARTESIAN_POINT ( 'NONE',  ( 8.494031019963919960, -11.17308936162674726, -13.40213570758353612 ) ) ;
#4421 = CIRCLE ( 'NONE', #2029, 0.4999999999999995004 ) ;
#4422 = CARTESIAN_POINT ( 'NONE',  ( 3.975858335924407516, -17.71510524408675380, -7.337487714713641473 ) ) ;
#4423 = CARTESIAN_POINT ( 'NONE',  ( 6.839036938971628565, -10.72998195481501860, 13.83411261805040127 ) ) ;
#4424 = CARTESIAN_POINT ( 'NONE',  ( 3.101189721101428987, -10.98124759220028324, 13.37141816085827273 ) ) ;
#4425 = ORIENTED_EDGE ( 'NONE', *, *, #4778, .T. ) ;
#4426 = DIRECTION ( 'NONE',  ( 0.3213938048432665728, -0.7660444431189746828, 0.5566703992264259160 ) ) ;
#4427 = CARTESIAN_POINT ( 'NONE',  ( -0.7875115859148005271, -14.56788190419418427, 9.391706579772508334 ) ) ;
#4428 = DIRECTION ( 'NONE',  ( 0.000000000000000000, 1.000000000000000000, 0.000000000000000000 ) ) ;
#4429 = ADVANCED_FACE ( 'NONE', ( #2782 ), #437, .F. ) ;
#4430 = ORIENTED_EDGE ( 'NONE', *, *, #3477, .T. ) ;
#4431 = ORIENTED_EDGE ( 'NONE', *, *, #4456, .F. ) ;
#4432 = ADVANCED_FACE ( 'NONE', ( #614 ), #1100, .F. ) ;
#4433 = CARTESIAN_POINT ( 'NONE',  ( -5.986965007414079665, -12.95591052088999895, 9.235834156950371465 ) ) ;
#4434 = CARTESIAN_POINT ( 'NONE',  ( 3.745720429464872936, -18.68962970912832233, 6.149497738157333693 ) ) ;
#4435 = ORIENTED_EDGE ( 'NONE', *, *, #5389, .F. ) ;
#4436 = CARTESIAN_POINT ( 'NONE',  ( 0.5123582044120608137, -14.04015770343839442, 9.574692944175732023 ) ) ;
#4437 = CARTESIAN_POINT ( 'NONE',  ( 11.26443887734650673, -9.830266694908150527, -8.092385529304353398 ) ) ;
#4438 = ORIENTED_EDGE ( 'NONE', *, *, #1076, .F. ) ;
#4439 = CARTESIAN_POINT ( 'NONE',  ( -13.21426525024855358, -9.849361908630669404, 5.279513603438183544 ) ) ;
#4440 = CARTESIAN_POINT ( 'NONE',  ( 8.347507318778141894, -14.34594226338974643, -3.693084563479327898 ) ) ;
#4441 = ORIENTED_EDGE ( 'NONE', *, *, #1009, .F. ) ;
#4442 = CARTESIAN_POINT ( 'NONE',  ( 8.255093677412313369, -10.29655040502813534, 14.99409571605323777 ) ) ;
#4443 = CARTESIAN_POINT ( 'NONE',  ( 0.000000000000000000, -5.500000000000000000, 0.000000000000000000 ) ) ;
#4444 = ADVANCED_FACE ( 'NONE', ( #4399 ), #4955, .T. ) ;
#4445 = CARTESIAN_POINT ( 'NONE',  ( 8.580522094104095387, -11.03798471777659884, -13.17032408946089106 ) ) ;
#4446 = CARTESIAN_POINT ( 'NONE',  ( -1.333067416029227292, -14.91131433491220193, 9.062319574466741301 ) ) ;
#4447 = DIRECTION ( 'NONE',  ( 0.3830222215594904500, 0.6427876096865433597, -0.6634139481689337314 ) ) ;
#4448 = ORIENTED_EDGE ( 'NONE', *, *, #2835, .F. ) ;
#4449 = CARTESIAN_POINT ( 'NONE',  ( -15.22421999558130068, -7.564596851527684684, -1.864429228710376844E-15 ) ) ;
#4450 = DIRECTION ( 'NONE',  ( 0.3535533905932687904, 0.7071067811865459074, 0.6123724356957991333 ) ) ;
#4451 = CARTESIAN_POINT ( 'NONE',  ( 6.489493575772632639, -15.46775456608786925, -11.24013258862990838 ) ) ;
#4452 = ORIENTED_EDGE ( 'NONE', *, *, #3986, .F. ) ;
#4453 = VERTEX_POINT ( 'NONE', #3596 ) ;
#4454 = CARTESIAN_POINT ( 'NONE',  ( 8.607290440843183177, -13.87408374968681635, -4.739073460955608219 ) ) ;
#4455 = FACE_OUTER_BOUND ( 'NONE', #4286, .T. ) ;
#4456 = EDGE_CURVE ( 'NONE', #3236, #1767, #4500, .T. ) ;
#4457 = ORIENTED_EDGE ( 'NONE', *, *, #4088, .F. ) ;
#4458 = CARTESIAN_POINT ( 'NONE',  ( -0.2633331652669083645, -14.58300558064783381, 9.695169669901179788 ) ) ;
#4459 = CARTESIAN_POINT ( 'NONE',  ( 2.078882354133440025, -11.12527958081186874, 13.34752420512670135 ) ) ;
#4460 = EDGE_CURVE ( 'NONE', #2311, #3047, #2459, .T. ) ;
#4461 = ORIENTED_EDGE ( 'NONE', *, *, #5418, .T. ) ;
#4462 = CARTESIAN_POINT ( 'NONE',  ( 11.05037535107244118, -10.41280629297635407, -8.538095862690354920 ) ) ;
#4463 = DIRECTION ( 'NONE',  ( -0.7660444431189745718, 0.6427876096865435818, -0.000000000000000000 ) ) ;
#4464 = TOROIDAL_SURFACE ( 'NONE', #418, 17.32050807568877460, 0.5000000000000000000 ) ;
#4465 = B_SPLINE_CURVE_WITH_KNOTS ( 'NONE', 3,
 ( #846, #875, #3343, #1699 ),
 .UNSPECIFIED., .F., .F.,
 ( 4, 4 ),
 ( 0.000000000000000000, 8.156158518023483588E-05 ),
 .UNSPECIFIED. ) ;
#4466 = PRODUCT_DEFINITION ( 'æœ', '', #1768, #3746 ) ;
#4467 = VERTEX_POINT ( 'NONE', #3190 ) ;
#4468 = AXIS2_PLACEMENT_3D ( 'NONE', #2510, #892, #2134 ) ;
#4469 = DIRECTION ( 'NONE',  ( -0.3213938048432744554, 0.7660444431189745718, 0.5566703992264216971 ) ) ;
#4470 = DIRECTION ( 'NONE',  ( 0.3535533905932771170, 0.7071067811865464625, -0.6123724356957938042 ) ) ;
#4471 = CARTESIAN_POINT ( 'NONE',  ( 8.570605079377813240, -10.77149985768000207, -12.87831565376395204 ) ) ;
#4472 = CIRCLE ( 'NONE', #2518, 0.5000000000000002220 ) ;
#4473 = EDGE_CURVE ( 'NONE', #5263, #667, #5040, .T. ) ;
#4474 = DIRECTION ( 'NONE',  ( 0.7660444431189743497, -0.6427876096865436928, 0.000000000000000000 ) ) ;
#4475 = CARTESIAN_POINT ( 'NONE',  ( -4.806015569163243129, -16.30650834326467802, -5.885671583428110393E-16 ) ) ;
#4476 = ORIENTED_EDGE ( 'NONE', *, *, #3868, .F. ) ;
#4477 = CARTESIAN_POINT ( 'NONE',  ( 1.475804586440572441, -9.614080174923820721, -13.94365590062724536 ) ) ;
#4478 = CARTESIAN_POINT ( 'NONE',  ( -0.01169876974853990143, -13.88957636574221155, 9.803768910559698568 ) ) ;
#4479 = AXIS2_PLACEMENT_3D ( 'NONE', #1422, #1841, #3118 ) ;
#4480 = AXIS2_PLACEMENT_3D ( 'NONE', #3936, #5255, #3530 ) ;
#4481 = CARTESIAN_POINT ( 'NONE',  ( -0.9575555538987269300, -1.606969024216359898, 1.658534870422335938 ) ) ;
#4482 = CIRCLE ( 'NONE', #3252, 16.82563641638338225 ) ;
#4483 = ORIENTED_EDGE ( 'NONE', *, *, #3556, .F. ) ;
#4484 = B_SPLINE_CURVE_WITH_KNOTS ( 'NONE', 3,
 ( #4573, #4151, #5413, #5435, #4123, #345, #315, #4098, #2020, #3710, #1607, #1577, #1216, #3275, #4605, #395, #1163, #1243 ),
 .UNSPECIFIED., .F., .F.,
 ( 4, 2, 2, 2, 2, 2, 2, 2, 4 ),
 ( 2.652796624398894023E-19, 0.0003913883137849066959, 0.0007827766275698128497, 0.001174164941354718895, 0.001565553255139625266, 0.001956941568924531853, 0.002348329882709437790, 0.002739718196494344594, 0.003131106510279250965 ),
 .UNSPECIFIED. ) ;
#4485 = VERTEX_POINT ( 'NONE', #4514 ) ;
#4486 = CARTESIAN_POINT ( 'NONE',  ( -8.337907006893811257, -17.70691744240006216, 0.2625044930782663433 ) ) ;
#4487 = DIRECTION ( 'NONE',  ( 0.000000000000000000, 0.000000000000000000, 1.000000000000000000 ) ) ;
#4488 = AXIS2_PLACEMENT_3D ( 'NONE', #2711, #1497, #4487 ) ;
#4489 = CIRCLE ( 'NONE', #2540, 0.4999999999999991118 ) ;
#4490 = ORIENTED_EDGE ( 'NONE', *, *, #3721, .F. ) ;
#4491 = DIRECTION ( 'NONE',  ( 0.3830222215594903390, 0.6427876096865435818, -0.6634139481689336204 ) ) ;
#4492 = DIRECTION ( 'NONE',  ( -0.3213938048432742334, 0.7660444431189746828, 0.5566703992264213641 ) ) ;
#4493 = ORIENTED_EDGE ( 'NONE', *, *, #1651, .F. ) ;
#4494 = CARTESIAN_POINT ( 'NONE',  ( 11.17156175985221722, -10.10341958198929468, -8.590968905083540719 ) ) ;
#4495 = DIRECTION ( 'NONE',  ( -0.6517473912071962694, 0.000000000000000000, 0.7584361133639496710 ) ) ;
#4496 = CARTESIAN_POINT ( 'NONE',  ( 9.560912665127581533, -17.39611739514749900, 6.813192157920976655 ) ) ;
#4497 = AXIS2_PLACEMENT_3D ( 'NONE', #3230, #2033, #5396 ) ;
#4498 = EDGE_CURVE ( 'NONE', #3854, #479, #789, .T. ) ;
#4499 = EDGE_LOOP ( 'NONE', ( #759, #3134, #2350, #1545, #4367 ) ) ;
#4500 = CIRCLE ( 'NONE', #3268, 0.9000000000000000222 ) ;
#4501 = CARTESIAN_POINT ( 'NONE',  ( 6.489493575772475431, -15.46775456608786747, 11.24013258862999898 ) ) ;
#4502 = EDGE_CURVE ( 'NONE', #2517, #2709, #1579, .T. ) ;
#4503 = CARTESIAN_POINT ( 'NONE',  ( -10.30968007008910448, -12.28659826202548366, 0.000000000000000000 ) ) ;
#4504 = PERSON_AND_ORGANIZATION ( #377, #2199 ) ;
#4505 = DIRECTION ( 'NONE',  ( 0.7406093086113625379, 0.2155386439426784373, -0.6364282716579700017 ) ) ;
#4506 = AXIS2_PLACEMENT_3D ( 'NONE', #2808, #4505, #1724 ) ;
#4507 = ORIENTED_EDGE ( 'NONE', *, *, #325, .T. ) ;
#4508 = DIRECTION ( 'NONE',  ( 0.3535533905932689014, 0.7071067811865460184, 0.6123724356957991333 ) ) ;
#4509 = CARTESIAN_POINT ( 'NONE',  ( 8.373040988163291232, -8.899152077833731411, 13.56216905472243894 ) ) ;
#4510 = EDGE_LOOP ( 'NONE', ( #2234, #3903, #2941, #662, #3414 ) ) ;
#4511 = CARTESIAN_POINT ( 'NONE',  ( 0.5067940320468474757, -14.00780457463747197, -9.618969321494237334 ) ) ;
#4512 = DIRECTION ( 'NONE',  ( -0.3213938048432742334, 0.7660444431189746828, 0.5566703992264213641 ) ) ;
#4513 = LOCAL_TIME ( 11, 49, 24.00000000000000000, #359 ) ;
#4514 = CARTESIAN_POINT ( 'NONE',  ( -6.143400196586459749, -11.01400818703728390, -10.64068127171660549 ) ) ;
#4515 =( BOUNDED_SURFACE ( )  B_SPLINE_SURFACE ( 3, 2, ( 
 ( #2732, #3129, #5322 ),
 ( #2704, #3626, #3188 ),
 ( #1877, #3949, #2341 ),
 ( #4369, #5241, #4427 ),
 ( #1455, #3103, #3211 ),
 ( #4797, #1432, #1021 ),
 ( #2256, #1515, #2759 ),
 ( #994, #3570, #1074 ),
 ( #4478, #1852, #257 ),
 ( #642, #2370, #1932 ) ),
 .UNSPECIFIED., .F., .F., .T. ) 
 B_SPLINE_SURFACE_WITH_KNOTS ( ( 4, 2, 2, 2, 4 ),
 ( 3, 3 ),
 ( 0.0003201633710385989786, 0.0008879230564491042777, 0.001455682741859609577, 0.002023442427270114984, 0.002591202112680620392 ),
 ( 0.000000000000000000, 1.000000000000000000 ),
 .UNSPECIFIED. ) 
 GEOMETRIC_REPRESENTATION_ITEM ( )  RATIONAL_B_SPLINE_SURFACE ( (
 ( 1.000000000000000000, 0.8366600265340745635, 1.000000000000000000),
 ( 1.000000000000000000, 0.8367047667726721372, 1.000000000000000000),
 ( 1.000000000000000000, 0.8309577461967299072, 1.000000000000000000),
 ( 1.000000000000000000, 0.8100511198941557911, 1.000000000000000000),
 ( 1.000000000000000000, 0.7948258464886469588, 1.000000000000000000),
 ( 1.000000000000000000, 0.7591891926444443994, 1.000000000000000000),
 ( 1.000000000000000000, 0.7385588926570877399, 1.000000000000000000),
 ( 1.000000000000000000, 0.6957534197719225100, 1.000000000000000000),
 ( 1.000000000000000000, 0.6741697073065662238, 1.000000000000000000),
 ( 1.000000000000000000, 0.6546536707079765316, 1.000000000000000000) ) ) 
 REPRESENTATION_ITEM ( '' )  SURFACE ( )  );
#4516 = ORIENTED_EDGE ( 'NONE', *, *, #3778, .F. ) ;
#4517 = CARTESIAN_POINT ( 'NONE',  ( -0.8683609006384123141, -14.62173951721650944, -9.240782571943421786 ) ) ;
#4518 = ORIENTED_EDGE ( 'NONE', *, *, #4125, .F. ) ;
#4519 = PLANE ( 'NONE',  #3153 ) ;
#4520 = CARTESIAN_POINT ( 'NONE',  ( 2.553083989580208435, -10.77548239004932640, 12.93159132221369312 ) ) ;
#4521 = EDGE_CURVE ( 'NONE', #516, #3794, #3877, .T. ) ;
#4522 = ORIENTED_EDGE ( 'NONE', *, *, #5063, .T. ) ;
#4523 = DIRECTION ( 'NONE',  ( 1.224646799147353207E-16, 0.000000000000000000, -1.000000000000000000 ) ) ;
#4524 = CARTESIAN_POINT ( 'NONE',  ( 11.04935271891510595, -10.39747830986506472, -8.553450739730367403 ) ) ;
#4525 = FACE_OUTER_BOUND ( 'NONE', #4187, .T. ) ;
#4526 = CARTESIAN_POINT ( 'NONE',  ( 5.007558891186175920, -11.93555259739618535, -8.673346421427634567 ) ) ;
#4527 = ORIENTED_EDGE ( 'NONE', *, *, #2868, .T. ) ;
#4528 = CARTESIAN_POINT ( 'NONE',  ( -15.91116069381909348, -11.22096906443759856, -0.5045735535299743502 ) ) ;
#4529 = CARTESIAN_POINT ( 'NONE',  ( -1.308777298875295036, -14.28714289817971306, -9.121313323103224846 ) ) ;
#4530 = EDGE_CURVE ( 'NONE', #3693, #5263, #2638, .T. ) ;
#4531 = CARTESIAN_POINT ( 'NONE',  ( -5.986965007413934003, -10.99194950876606391, -11.50362099500581259 ) ) ;
#4532 = DIRECTION ( 'NONE',  ( -0.6427876096865433597, -0.7660444431189745718, 0.000000000000000000 ) ) ;
#4533 = CARTESIAN_POINT ( 'NONE',  ( 8.501053765256745720, -10.34127050400050507, 14.91045584012963587 ) ) ;
#4534 = EDGE_LOOP ( 'NONE', ( #3372, #1705, #5088, #3539 ) ) ;
#4535 = CARTESIAN_POINT ( 'NONE',  ( 6.489493575772484313, -12.52846015032507587, -15.28495005515004834 ) ) ;
#4536 = EDGE_CURVE ( 'NONE', #3176, #3889, #2403, .T. ) ;
#4537 = AXIS2_PLACEMENT_3D ( 'NONE', #1554, #2513, #2996 ) ;
#4538 = CARTESIAN_POINT ( 'NONE',  ( 9.922544601605315151, -10.77548239004932640, -8.676831254078678057 ) ) ;
#4539 = ADVANCED_FACE ( 'NONE', ( #3371 ), #825, .F. ) ;
#4540 = B_SPLINE_CURVE_WITH_KNOTS ( 'NONE', 3,
 ( #362, #2144, #2495, #2035, #1203, #4188, #5450, #3833, #5041, #4 ),
 .UNSPECIFIED., .F., .F.,
 ( 4, 2, 2, 2, 4 ),
 ( 0.000000000000000000, 0.001102259932261470026, 0.001377824915326836177, 0.001653389898392201894, 0.002204519864522932679 ),
 .UNSPECIFIED. ) ;
#4541 = ORIENTED_EDGE ( 'NONE', *, *, #3251, .T. ) ;
#4542 = APPROVAL_DATE_TIME ( #1160, #4574 ) ;
#4543 = ORIENTED_EDGE ( 'NONE', *, *, #5018, .T. ) ;
#4544 = CARTESIAN_POINT ( 'NONE',  ( 7.796763381338963406, -9.866432650468722088, 12.56384952583154657 ) ) ;
#4545 = CARTESIAN_POINT ( 'NONE',  ( -13.05376074007754283, -9.385828412306223001, 5.523183462058408821 ) ) ;
#4546 = AXIS2_PLACEMENT_3D ( 'NONE', #4779, #2659, #564 ) ;
#4547 = EDGE_CURVE ( 'NONE', #2792, #356, #4966, .T. ) ;
#4548 = ORIENTED_EDGE ( 'NONE', *, *, #4498, .T. ) ;
#4549 = CARTESIAN_POINT ( 'NONE',  ( 6.489493575772632639, -15.46775456608786925, -11.24013258862990838 ) ) ;
#4550 = CARTESIAN_POINT ( 'NONE',  ( 8.347982086537509616, -14.34546022443218405, 3.693871726163504565 ) ) ;
#4551 = CARTESIAN_POINT ( 'NONE',  ( 0.9575555538987059467, 1.606969024216363673, 1.658534870422352814 ) ) ;
#4552 = VERTEX_POINT ( 'NONE', #1624 ) ;
#4553 = FACE_BOUND ( 'NONE', #505, .T. ) ;
#4554 = DIRECTION ( 'NONE',  ( 0.3213938048432666283, -0.7660444431189745718, 0.5566703992264260270 ) ) ;
#4555 = CALENDAR_DATE ( 2026, 18, 2 ) ;
#4556 = CARTESIAN_POINT ( 'NONE',  ( -0.9695556143421689699, -14.00793528616391015, -9.583650159381519984 ) ) ;
#4557 = ORIENTED_EDGE ( 'NONE', *, *, #698, .T. ) ;
#4558 = AXIS2_PLACEMENT_3D ( 'NONE', #3904, #5057, #1356 ) ;
#4559 = CARTESIAN_POINT ( 'NONE',  ( -13.14809650884815895, -9.904884075135207411, -5.341548368927226065 ) ) ;
#4560 = CARTESIAN_POINT ( 'NONE',  ( 8.255093677412313369, -10.29655040502813534, 14.99409571605323777 ) ) ;
#4561 = ORIENTED_EDGE ( 'NONE', *, *, #2325, .F. ) ;
#4562 = CARTESIAN_POINT ( 'NONE',  ( 1.326546398193299447, -10.05775780106108996, -13.64241820746726752 ) ) ;
#4563 = CARTESIAN_POINT ( 'NONE',  ( 2.714008562914119072, -17.18666388467923412, 5.296173330434903903 ) ) ;
#4564 = LINE ( 'NONE', #3781, #620 ) ;
#4565 = CIRCLE ( 'NONE', #2166, 0.5000000000000006661 ) ;
#4566 = EDGE_CURVE ( 'NONE', #2926, #2566, #2210, .T. ) ;
#4567 = ORIENTED_EDGE ( 'NONE', *, *, #4911, .T. ) ;
#4568 = CONICAL_SURFACE ( 'NONE', #682, 5.000000000000001776, 0.1745329251994333364 ) ;
#4569 = DIRECTION ( 'NONE',  ( 0.6427876096865433597, 0.7660444431189745718, 1.710569414459005593E-49 ) ) ;
#4570 = AXIS2_PLACEMENT_3D ( 'NONE', #3890, #4409, #4016 ) ;
#4571 = ORIENTED_EDGE ( 'NONE', *, *, #2265, .F. ) ;
#4572 = CARTESIAN_POINT ( 'NONE',  ( 8.222716402136748925, -10.17209775204530686, 12.53506168055041670 ) ) ;
#4573 = CARTESIAN_POINT ( 'NONE',  ( -17.16011332295884273, -10.33842182736712800, -1.279300782008091148E-16 ) ) ;
#4574 = APPROVAL ( #829, 'æœª' ) ;
#4575 = CIRCLE ( 'NONE', #1033, 5.000000000000001776 ) ;
#4576 = ORIENTED_EDGE ( 'NONE', *, *, #1347, .T. ) ;
#4577 = FACE_OUTER_BOUND ( 'NONE', #1078, .T. ) ;
#4578 = CARTESIAN_POINT ( 'NONE',  ( 0.1590920678694178192, -13.92952569698046084, -9.743870051016799039 ) ) ;
#4579 = CARTESIAN_POINT ( 'NONE',  ( 8.556008716119833934, -14.55235736181145612, 4.117153314532489894 ) ) ;
#4580 = CIRCLE ( 'NONE', #2095, 17.32050807568877460 ) ;
#4581 = DIRECTION ( 'NONE',  ( -0.7660444431189745718, 0.6427876096865435818, -0.000000000000000000 ) ) ;
#4582 = CIRCLE ( 'NONE', #519, 0.5000000000000004441 ) ;
#4583 = VERTEX_POINT ( 'NONE', #746 ) ;
#4584 = DIRECTION ( 'NONE',  ( 0.000000000000000000, 0.5878588831525614067, 0.8089634933040077414 ) ) ;
#4585 = ORIENTED_EDGE ( 'NONE', *, *, #2868, .F. ) ;
#4586 = FACE_OUTER_BOUND ( 'NONE', #1917, .T. ) ;
#4587 = CIRCLE ( 'NONE', #3175, 4.857478350479742524 ) ;
#4588 = DIRECTION ( 'NONE',  ( 0.000000000000000000, 0.7181832268395611507, 0.6958540455342021591 ) ) ;
#4589 = EDGE_CURVE ( 'NONE', #3854, #4159, #1986, .T. ) ;
#4590 = B_SPLINE_CURVE_WITH_KNOTS ( 'NONE', 3,
 ( #434, #2116, #1670, #1311, #3365, #4701, #486, #5062, #1338, #3805 ),
 .UNSPECIFIED., .F., .F.,
 ( 4, 2, 2, 2, 4 ),
 ( 0.000000000000000000, 0.001102259932261467641, 0.001377824915326835960, 0.001653389898392204063, 0.002204519864522936582 ),
 .UNSPECIFIED. ) ;
#4591 = VECTOR ( 'NONE', #535, 1000.000000000000000 ) ;
#4592 = CARTESIAN_POINT ( 'NONE',  ( -6.976474824666999197, -14.48527678248614059, -5.523183462058407933 ) ) ;
#4593 = CARTESIAN_POINT ( 'NONE',  ( -15.85311287823347115, -11.17223914055935197, 0.6157143999827973113 ) ) ;
#4594 = CARTESIAN_POINT ( 'NONE',  ( 8.970186750170748624, -9.390371252413748593, 13.60934897343949856 ) ) ;
#4595 = CARTESIAN_POINT ( 'NONE',  ( -0.2318342877801959911, -14.58726729576252978, -9.707116532857510194 ) ) ;
#4596 = FACE_BOUND ( 'NONE', #1290, .T. ) ;
#4597 = LINE ( 'NONE', #3347, #1934 ) ;
#4598 = CIRCLE ( 'NONE', #2194, 16.82563641638338225 ) ;
#4599 = ORIENTED_EDGE ( 'NONE', *, *, #3850, .F. ) ;
#4600 = CIRCLE ( 'NONE', #1498, 1.500000000000000888 ) ;
#4601 = CARTESIAN_POINT ( 'NONE',  ( 2.270393464913179837, -10.80388577596859534, 13.67923117921117004 ) ) ;
#4602 = CARTESIAN_POINT ( 'NONE',  ( 0.9301968237873377010, 1.561055623524468805, -1.611148159838845517 ) ) ;
#4603 = ORIENTED_EDGE ( 'NONE', *, *, #5324, .F. ) ;
#4604 = CARTESIAN_POINT ( 'NONE',  ( -7.065027007717547214, -16.19839045252442844, 0.1307110423220427531 ) ) ;
#4605 = CARTESIAN_POINT ( 'NONE',  ( -15.94164339404079911, -8.914973573564232368, 0.5038943434540850141 ) ) ;
#4606 = EDGE_CURVE ( 'NONE', #3572, #5050, #4597, .T. ) ;
#4607 = ADVANCED_FACE ( 'NONE', ( #2477 ), #5305, .F. ) ;
#4608 = ORIENTED_EDGE ( 'NONE', *, *, #1013, .F. ) ;
#4609 = CARTESIAN_POINT ( 'NONE',  ( 0.8030563917445340261, -14.83797325031954628, 9.390934471844628817 ) ) ;
#4610 = CARTESIAN_POINT ( 'NONE',  ( 8.567403699347924118, -14.54583789816762440, 4.143693332949585972 ) ) ;
#4611 = ADVANCED_FACE ( 'NONE', ( #2841, #3677 ), #4167, .T. ) ;
#4612 = CARTESIAN_POINT ( 'NONE',  ( 2.875093058453305872, -10.78477805696000580, -13.14328104690114962 ) ) ;
#4613 = DIRECTION ( 'NONE',  ( -0.1808583966367543205, -0.2155386439426787148, 0.9596006113656523340 ) ) ;
#4614 = CARTESIAN_POINT ( 'NONE',  ( 2.399631795262155531, -17.44764205382711708, -5.799612000401781486 ) ) ;
#4615 = DIRECTION ( 'NONE',  ( 1.000000000000000000, -0.000000000000000000, 1.224646799147353207E-16 ) ) ;
#4616 = DIRECTION ( 'NONE',  ( 0.6427876096865435818, 0.7660444431189745718, 0.000000000000000000 ) ) ;
#4617 = CARTESIAN_POINT ( 'NONE',  ( -15.37541763596742328, -10.70227106573056908, 1.000066045396978964 ) ) ;
#4618 = DIRECTION ( 'NONE',  ( 0.6427876096865433597, 0.7660444431189746828, 0.000000000000000000 ) ) ;
#4619 = ADVANCED_FACE ( 'NONE', ( #3704 ), #5407, .F. ) ;
#4620 = CARTESIAN_POINT ( 'NONE',  ( -0.7112776356481326223, -14.18842392001338482, -9.345620638681069181 ) ) ;
#4621 = DIRECTION ( 'NONE',  ( 0.7071067811865485719, -0.7071067811865465735, 0.000000000000000000 ) ) ;
#4622 = DIRECTION ( 'NONE',  ( -0.7071067811865491270, 0.7071067811865459074, -0.000000000000000000 ) ) ;
#4623 = ORIENTED_EDGE ( 'NONE', *, *, #2970, .F. ) ;
#4624 = CARTESIAN_POINT ( 'NONE',  ( -15.66014270246157380, -13.21799793218496077, 4.873397172404478006 ) ) ;
#4625 = PERSON_AND_ORGANIZATION ( #377, #2199 ) ;
#4626 = VECTOR ( 'NONE', #4128, 1000.000000000000000 ) ;
#4627 = EDGE_LOOP ( 'NONE', ( #165, #2616 ) ) ;
#4628 = CARTESIAN_POINT ( 'NONE',  ( -8.517985029289608434, -13.92952569698046084, -4.734157253192921466 ) ) ;
#4629 = DIRECTION ( 'NONE',  ( 0.6427876096865434707, 0.7660444431189746828, -0.000000000000000000 ) ) ;
#4630 = FACE_BOUND ( 'NONE', #485, .T. ) ;
#4631 = VERTEX_POINT ( 'NONE', #4192 ) ;
#4632 = LINE ( 'NONE', #4692, #2874 ) ;
#4633 = CARTESIAN_POINT ( 'NONE',  ( 8.449183705054213789, -14.18842392001355002, 4.056825817725580485 ) ) ;
#4634 = VECTOR ( 'NONE', #4920, 1000.000000000000114 ) ;
#4635 = CARTESIAN_POINT ( 'NONE',  ( 3.532395578954574233, -17.28312860015502395, -4.947301858333737812 ) ) ;
#4636 = EDGE_CURVE ( 'NONE', #3295, #2986, #3355, .T. ) ;
#4637 = EDGE_CURVE ( 'NONE', #2819, #1943, #4564, .T. ) ;
#4638 = DIRECTION ( 'NONE',  ( 0.000000000000000000, -0.7181832268395638152, 0.6958540455341993836 ) ) ;
#4639 = DIRECTION ( 'NONE',  ( 0.000000000000000000, -1.000000000000000000, 0.000000000000000000 ) ) ;
#4640 = ORIENTED_EDGE ( 'NONE', *, *, #2396, .F. ) ;
#4641 = FACE_OUTER_BOUND ( 'NONE', #4126, .T. ) ;
#4642 = CARTESIAN_POINT ( 'NONE',  ( 4.095921577748709907, -17.73432822999718894, 7.280096505344509694 ) ) ;
#4643 = ORIENTED_EDGE ( 'NONE', *, *, #3335, .F. ) ;
#4644 = CARTESIAN_POINT ( 'NONE',  ( -8.399052966093071504, -14.29007807950645592, -4.176350226560435530 ) ) ;
#4645 = CARTESIAN_POINT ( 'NONE',  ( 10.77304424604241895, -10.76299166347260972, -8.730600796604015557 ) ) ;
#4646 = CARTESIAN_POINT ( 'NONE',  ( -0.8190161415563447234, -13.95294776818659166, -9.677453348110217846 ) ) ;
#4647 = CARTESIAN_POINT ( 'NONE',  ( 3.282943155585106521, -17.20444328938761558, 4.990370298295888851 ) ) ;
#4648 = CARTESIAN_POINT ( 'NONE',  ( -12.97898715154515870, -15.46775456608786747, 0.000000000000000000 ) ) ;
#4649 = TOROIDAL_SURFACE ( 'NONE', #4570, 17.32050807568877460, 0.5000000000000000000 ) ;
#4650 = EDGE_CURVE ( 'NONE', #1133, #1817, #1261, .T. ) ;
#4651 = EDGE_LOOP ( 'NONE', ( #2211, #5115, #1436, #1294, #3000, #4066, #1921 ) ) ;
#4652 = DIRECTION ( 'NONE',  ( -0.3535533905932770615, -0.7071067811865465735, 0.6123724356957936932 ) ) ;
#4653 = CARTESIAN_POINT ( 'NONE',  ( -8.090297545376543553, -17.30098245161452652, -0.8737390706765089110 ) ) ;
#4654 = ORIENTED_EDGE ( 'NONE', *, *, #1014, .T. ) ;
#4655 = LINE ( 'NONE', #2592, #158 ) ;
#4656 = CARTESIAN_POINT ( 'NONE',  ( 7.422965587765494533, -9.751627154739693992, -14.84531095645281873 ) ) ;
#4657 = AXIS2_PLACEMENT_3D ( 'NONE', #4047, #1760, #1341 ) ;
#4658 = LINE ( 'NONE', #1529, #4052 ) ;
#4659 = CIRCLE ( 'NONE', #3851, 0.4999999999999996114 ) ;
#4660 = ORIENTED_EDGE ( 'NONE', *, *, #742, .T. ) ;
#4661 = DIRECTION ( 'NONE',  ( -0.1808583966367556251, -0.2155386439426783818, 0.9596006113656522230 ) ) ;
#4662 = CARTESIAN_POINT ( 'NONE',  ( 8.495450810900385008, -13.88978344385376396, 4.892364411920913092 ) ) ;
#4663 = AXIS2_PLACEMENT_3D ( 'NONE', #4196, #416, #2097 ) ;
#4664 = CARTESIAN_POINT ( 'NONE',  ( 10.71136497298040702, -10.80388577596859534, -8.805834006806621872 ) ) ;
#4665 = CIRCLE ( 'NONE', #5378, 16.82563641638338225 ) ;
#4666 = CARTESIAN_POINT ( 'NONE',  ( -12.24509410483980432, -10.53050819814549399, -5.307967633932203277 ) ) ;
#4667 = ORIENTED_EDGE ( 'NONE', *, *, #5304, .T. ) ;
#4668 = ORIENTED_EDGE ( 'NONE', *, *, #3953, .F. ) ;
#4669 = DIRECTION ( 'NONE',  ( -0.3213938048432665728, 0.7660444431189746828, -0.5566703992264259160 ) ) ;
#4670 = CARTESIAN_POINT ( 'NONE',  ( 6.489493575772474543, -11.64667182559621850, 16.49839529510605018 ) ) ;
#4671 = AXIS2_PLACEMENT_3D ( 'NONE', #4262, #501, #476 ) ;
#4672 = EDGE_CURVE ( 'NONE', #2709, #1598, #1490, .T. ) ;
#4673 = EDGE_LOOP ( 'NONE', ( #4940, #2786, #1087, #1543 ) ) ;
#4674 = EDGE_CURVE ( 'NONE', #2986, #261, #1321, .T. ) ;
#4675 = CARTESIAN_POINT ( 'NONE',  ( 0.000000000000000000, -6.500000000000000000, 14.62019151721344556 ) ) ;
#4676 = CIRCLE ( 'NONE', #5385, 5.000000000000002665 ) ;
#4677 = CARTESIAN_POINT ( 'NONE',  ( -8.158545460222985213, -14.53685674188419163, 5.213834684954950838 ) ) ;
#4678 = CARTESIAN_POINT ( 'NONE',  ( -0.02773986444357825695, -14.66061143408786371, -9.698747490197533239 ) ) ;
#4679 = CARTESIAN_POINT ( 'NONE',  ( -5.986965007413933115, -11.97393001482803321, -10.36972757597813555 ) ) ;
#4680 = CARTESIAN_POINT ( 'NONE',  ( 9.357656780031204491, -8.084864573895384154, 1.102182119232614830E-16 ) ) ;
#4681 = AXIS2_PLACEMENT_3D ( 'NONE', #1396, #4615, #3309 ) ;
#4682 = ORIENTED_EDGE ( 'NONE', *, *, #4257, .T. ) ;
#4683 = DIRECTION ( 'NONE',  ( 0.000000000000000000, -0.6546536707079765316, -0.7559289460184548393 ) ) ;
#4684 = LINE ( 'NONE', #910, #772 ) ;
#4685 = ORIENTED_EDGE ( 'NONE', *, *, #2220, .F. ) ;
#4686 = CARTESIAN_POINT ( 'NONE',  ( 4.820907072649114333, -8.551372231021824533, 12.39487345491637349 ) ) ;
#4687 = DIRECTION ( 'NONE',  ( -0.7660444431189743497, 0.6427876096865436928, 0.000000000000000000 ) ) ;
#4688 = CIRCLE ( 'NONE', #1492, 0.4999999999999993894 ) ;
#4689 = DIRECTION ( 'NONE',  ( 0.5388127993989867415, -0.8424255262062204652, -3.469446951953608667E-15 ) ) ;
#4690 = CIRCLE ( 'NONE', #4866, 0.8999999999999980238 ) ;
#4691 = ORIENTED_EDGE ( 'NONE', *, *, #3009, .T. ) ;
#4692 = CARTESIAN_POINT ( 'NONE',  ( 10.41809567593841379, -10.10487629927385989, -8.297876684029885652 ) ) ;
#4693 = DIRECTION ( 'NONE',  ( -0.7071067811865485719, 0.7071067811865465735, 0.000000000000000000 ) ) ;
#4694 = EDGE_CURVE ( 'NONE', #791, #1265, #5153, .T. ) ;
#4695 = VECTOR ( 'NONE', #2512, 1000.000000000000000 ) ;
#4696 = DIRECTION ( 'NONE',  ( 0.000000000000000000, 0.000000000000000000, -1.000000000000000000 ) ) ;
#4697 = CARTESIAN_POINT ( 'NONE',  ( 1.860393647574655418, -1.561055623524465030, -4.872144204551050575E-33 ) ) ;
#4698 = CARTESIAN_POINT ( 'NONE',  ( -12.26657444477054781, -10.47032687795577921, -5.376977188508375249 ) ) ;
#4699 = EDGE_LOOP ( 'NONE', ( #3955, #3225, #4343, #3430 ) ) ;
#4700 = VERTEX_POINT ( 'NONE', #4760 ) ;
#4701 = CARTESIAN_POINT ( 'NONE',  ( -12.58481189942203216, -9.905828355158293519, -5.701367134639008682 ) ) ;
#4702 = CARTESIAN_POINT ( 'NONE',  ( 10.51985386220066232, -11.12527958081186519, -8.474127032722154951 ) ) ;
#4703 = ORIENTED_EDGE ( 'NONE', *, *, #4566, .T. ) ;
#4704 = DIRECTION ( 'NONE',  ( 0.000000000000000000, 0.5878588831525610736, 0.8089634933040078524 ) ) ;
#4705 = FACE_OUTER_BOUND ( 'NONE', #998, .T. ) ;
#4706 = CARTESIAN_POINT ( 'NONE',  ( -0.7610727507039457551, -14.20390291265366045, -9.317714202193736028 ) ) ;
#4707 = CYLINDRICAL_SURFACE ( 'NONE', #3429, 0.9000000000000000222 ) ;
#4708 = DIRECTION ( 'NONE',  ( -0.6427876096865435818, -0.7660444431189745718, -0.000000000000000000 ) ) ;
#4709 = ADVANCED_FACE ( 'NONE', ( #524 ), #4789, .F. ) ;
#4710 = ORIENTED_EDGE ( 'NONE', *, *, #141, .T. ) ;
#4711 = EDGE_CURVE ( 'NONE', #1969, #349, #4056, .T. ) ;
#4712 = DIRECTION ( 'NONE',  ( -1.387778780781447411E-14, 0.9756905822570610676, -0.2191526584253026266 ) ) ;
#4713 = CARTESIAN_POINT ( 'NONE',  ( -7.612172186536925622, -16.70191265680753645, -0.9738145378851625900 ) ) ;
#4714 = VERTEX_POINT ( 'NONE', #4734 ) ;
#4715 = DIRECTION ( 'NONE',  ( 0.3213938048432666283, -0.7660444431189745718, 0.5566703992264260270 ) ) ;
#4716 = CARTESIAN_POINT ( 'NONE',  ( -16.37268819093626959, -9.520372149714900090, -0.9999148308732959123 ) ) ;
#4717 = DIRECTION ( 'NONE',  ( -0.3213938048432666283, 0.7660444431189745718, 0.5566703992264260270 ) ) ;
#4718 = VERTEX_POINT ( 'NONE', #962 ) ;
#4719 = DIRECTION ( 'NONE',  ( 0.000000000000000000, 0.7181832268395610397, 0.6958540455342021591 ) ) ;
#4720 = CARTESIAN_POINT ( 'NONE',  ( 1.743663182134173706, -9.385828412306221225, -14.06648014686030201 ) ) ;
#4721 = B_SPLINE_CURVE_WITH_KNOTS ( 'NONE', 3,
 ( #3044, #4370, #4346, #5215, #558, #1408, #1297, #3950, #2232, #3104, #4798, #995, #2676, #3406, #584, #2258, #5105, #2989 ),
 .UNSPECIFIED., .F., .F.,
 ( 4, 2, 2, 2, 2, 2, 2, 2, 4 ),
 ( 1.734723475976807094E-18, 0.0003913715226952099269, 0.0007827430453904181190, 0.001174114568085626257, 0.001565486090780834503, 0.001956857613476042750, 0.002348229136171250779, 0.002739600658866459242, 0.003130972181561667272 ),
 .UNSPECIFIED. ) ;
#4722 = ADVANCED_FACE ( 'NONE', ( #34 ), #4413, .F. ) ;
#4723 = CARTESIAN_POINT ( 'NONE',  ( -12.59105651451825558, -10.16972054396927660, -5.217215569691362909 ) ) ;
#4724 = AXIS2_PLACEMENT_3D ( 'NONE', #4954, #2413, #4105 ) ;
#4725 = ORIENTED_EDGE ( 'NONE', *, *, #4650, .T. ) ;
#4726 = ORIENTED_EDGE ( 'NONE', *, *, #3550, .F. ) ;
#4727 = CYLINDRICAL_SURFACE ( 'NONE', #2541, 1.500000000000000666 ) ;
#4728 = DIRECTION ( 'NONE',  ( 0.3830222215594810686, 0.6427876096865434707, 0.6634139481689389495 ) ) ;
#4729 = AXIS2_PLACEMENT_3D ( 'NONE', #3646, #4508, #1980 ) ;
#4730 = VERTEX_POINT ( 'NONE', #5128 ) ;
#4731 = CYLINDRICAL_SURFACE ( 'NONE', #3498, 5.000000000000001776 ) ;
#4732 = CARTESIAN_POINT ( 'NONE',  ( 7.439810625452592419, -8.997574516417820689, 14.17306858523594038 ) ) ;
#4733 = CARTESIAN_POINT ( 'NONE',  ( 3.418074486417591817, -13.53939173702823417, -15.66707301933897156 ) ) ;
#4734 = CARTESIAN_POINT ( 'NONE',  ( -16.01104665828037810, -11.30260324189694110, -1.252029310535766007E-15 ) ) ;
#4735 = VERTEX_POINT ( 'NONE', #880 ) ;
#4736 = CARTESIAN_POINT ( 'NONE',  ( 8.035780336387384537, -14.04012839937352375, 5.231072831675897206 ) ) ;
#4737 = CARTESIAN_POINT ( 'NONE',  ( 2.085814679837796337, -10.69779050790887531, 13.72140229888170104 ) ) ;
#4738 = ORIENTED_EDGE ( 'NONE', *, *, #3183, .T. ) ;
#4739 = LINE ( 'NONE', #3042, #1995 ) ;
#4740 = LINE ( 'NONE', #1352, #4943 ) ;
#4741 = CARTESIAN_POINT ( 'NONE',  ( 8.977038158101327880, -24.33612936730805032, -11.50386872479632494 ) ) ;
#4742 = CIRCLE ( 'NONE', #4752, 17.32050807568877460 ) ;
#4743 = B_SPLINE_CURVE_WITH_KNOTS ( 'NONE', 3,
 ( #2283, #3565, #1769, #2252, #1848, #1815, #5236, #4315 ),
 .UNSPECIFIED., .F., .F.,
 ( 4, 2, 2, 4 ),
 ( 8.156158518023765480E-05, 0.0005357731976263882577, 0.0007628790038494611672, 0.0009899848100725341851 ),
 .UNSPECIFIED. ) ;
#4744 = EDGE_LOOP ( 'NONE', ( #4015, #3961 ) ) ;
#4745 = AXIS2_PLACEMENT_3D ( 'NONE', #1688, #2184, #2107 ) ;
#4746 = VERTEX_POINT ( 'NONE', #906 ) ;
#4747 = CARTESIAN_POINT ( 'NONE',  ( 10.02939295137697151, -10.98124759220028146, 9.371418160858336677 ) ) ;
#4748 = CARTESIAN_POINT ( 'NONE',  ( -8.206570937849441805, -13.87034099175265389, 5.422551556573615983 ) ) ;
#4749 = CARTESIAN_POINT ( 'NONE',  ( -19.22507860602983953, -15.13293736233988263, 0.000000000000000000 ) ) ;
#4750 = ORIENTED_EDGE ( 'NONE', *, *, #2863, .F. ) ;
#4751 = AXIS2_PLACEMENT_3D ( 'NONE', #3667, #714, #1952 ) ;
#4752 = AXIS2_PLACEMENT_3D ( 'NONE', #5342, #740, #2337 ) ;
#4753 = ORIENTED_EDGE ( 'NONE', *, *, #2595, .F. ) ;
#4754 = CARTESIAN_POINT ( 'NONE',  ( -12.20323917499209365, -10.68989145344864156, 5.083470969860670152 ) ) ;
#4755 = CARTESIAN_POINT ( 'NONE',  ( 4.108169214580693840, -16.31322238594714946, 5.947569037966271566 ) ) ;
#4756 = ORIENTED_EDGE ( 'NONE', *, *, #325, .F. ) ;
#4757 = DIRECTION ( 'NONE',  ( 0.3213938048432741779, -0.7660444431189746828, -0.5566703992264213641 ) ) ;
#4758 = AXIS2_PLACEMENT_3D ( 'NONE', #1055, #1438, #1940 ) ;
#4759 = ADVANCED_FACE ( 'NONE', ( #4226 ), #3010, .F. ) ;
#4760 = CARTESIAN_POINT ( 'NONE',  ( -5.811591929703276094, -14.70460469521733415, 0.000000000000000000 ) ) ;
#4761 = CARTESIAN_POINT ( 'NONE',  ( -8.043249185191962525, -14.53865983165188069, -5.270993272841734800 ) ) ;
#4762 = VECTOR ( 'NONE', #1011, 1000.000000000000114 ) ;
#4763 = ORIENTED_EDGE ( 'NONE', *, *, #2677, .T. ) ;
#4764 = CARTESIAN_POINT ( 'NONE',  ( -9.148764935950286059, -18.68169261452058549, 6.123233995736767268E-16 ) ) ;
#4765 = CARTESIAN_POINT ( 'NONE',  ( 1.373652625904820068, -10.27321266004494227, 13.47526705752282261 ) ) ;
#4766 = EDGE_LOOP ( 'NONE', ( #25, #4290, #3390, #283 ) ) ;
#4767 = CYLINDRICAL_SURFACE ( 'NONE', #940, 5.000000000000000888 ) ;
#4768 = CARTESIAN_POINT ( 'NONE',  ( -17.16011332295884984, -10.33842182736712267, -0.1323236131984106001 ) ) ;
#4769 = CARTESIAN_POINT ( 'NONE',  ( 0.8030563917446656985, -14.83797325031954983, -9.390934471844618159 ) ) ;
#4770 = CIRCLE ( 'NONE', #5476, 4.857478350479742524 ) ;
#4771 = ORIENTED_EDGE ( 'NONE', *, *, #716, .T. ) ;
#4772 = AXIS2_PLACEMENT_3D ( 'NONE', #2816, #722, #4821 ) ;
#4773 = VERTEX_POINT ( 'NONE', #3812 ) ;
#4774 = FACE_OUTER_BOUND ( 'NONE', #3606, .T. ) ;
#4775 = CARTESIAN_POINT ( 'NONE',  ( 1.929738907879628984, -9.598615005324024452, -13.90143304066623919 ) ) ;
#4776 = ADVANCED_FACE ( 'NONE', ( #2560 ), #1052, .F. ) ;
#4777 = CIRCLE ( 'NONE', #2825, 6.800000000000001599 ) ;
#4778 = EDGE_CURVE ( 'NONE', #2240, #1034, #3399, .T. ) ;
#4779 = CARTESIAN_POINT ( 'NONE',  ( 4.820907072649114333, -11.49066664678461613, 8.350055988396320572 ) ) ;
#4780 = ORIENTED_EDGE ( 'NONE', *, *, #1489, .T. ) ;
#4781 = ADVANCED_FACE ( 'NONE', ( #1287 ), #170, .F. ) ;
#4782 = CC_DESIGN_APPROVAL ( #153, ( #1768 ) ) ;
#4783 = ORIENTED_EDGE ( 'NONE', *, *, #5267, .T. ) ;
#4784 = CARTESIAN_POINT ( 'NONE',  ( 8.804528526231903740, -17.39611739514750255, -7.249890744123088204 ) ) ;
#4785 = CARTESIAN_POINT ( 'NONE',  ( 8.781660735886303470, -14.03464918250365123, -3.865862891025308556 ) ) ;
#4786 = ORIENTED_EDGE ( 'NONE', *, *, #3480, .F. ) ;
#4787 = CARTESIAN_POINT ( 'NONE',  ( -10.68085382218823121, -17.39611739514750255, -4.000000000000000000 ) ) ;
#4788 = CARTESIAN_POINT ( 'NONE',  ( 8.687311961370845381, -14.15526779320863504, 3.628695540506682082 ) ) ;
#4789 = CYLINDRICAL_SURFACE ( 'NONE', #1315, 0.9999999999999981126 ) ;
#4790 = CARTESIAN_POINT ( 'NONE',  ( 4.627382353971467133, -16.67508903809299170, -6.088881104969196656 ) ) ;
#4791 = ORIENTED_EDGE ( 'NONE', *, *, #5349, .T. ) ;
#4792 = EDGE_CURVE ( 'NONE', #3098, #1360, #766, .T. ) ;
#4793 = DIRECTION ( 'NONE',  ( 0.000000000000000000, -0.6546536707079807504, 0.7559289460184512865 ) ) ;
#4794 = CARTESIAN_POINT ( 'NONE',  ( -10.30968007008910448, -12.28659826202548366, 0.000000000000000000 ) ) ;
#4795 = ORIENTED_EDGE ( 'NONE', *, *, #3110, .F. ) ;
#4796 = DIRECTION ( 'NONE',  ( 0.000000000000000000, -0.7181832268395639263, 0.6958540455341993836 ) ) ;
#4797 = CARTESIAN_POINT ( 'NONE',  ( -0.7445029331297264852, -13.92581727987377782, 9.723742454348238695 ) ) ;
#4798 = CARTESIAN_POINT ( 'NONE',  ( 9.138773439087648498, -10.05265754724644900, -14.18381916810653820 ) ) ;
#4799 = ORIENTED_EDGE ( 'NONE', *, *, #311, .F. ) ;
#4800 = ORIENTED_EDGE ( 'NONE', *, *, #2736, .F. ) ;
#4801 = CARTESIAN_POINT ( 'NONE',  ( 3.858549542157520662, -16.23846107604306965, 5.987349805004397396 ) ) ;
#4802 = DIRECTION ( 'NONE',  ( -0.1940782502882511806, 0.5220932199171709476, 0.8305132765233627090 ) ) ;
#4803 = CARTESIAN_POINT ( 'NONE',  ( -13.21426525024857135, -9.849361908630685392, -5.279513603438184433 ) ) ;
#4804 = EDGE_LOOP ( 'NONE', ( #288, #1612, #4171, #997 ) ) ;
#4805 = CARTESIAN_POINT ( 'NONE',  ( 10.71938186587098407, -10.53050819814533767, -7.950578749556160396 ) ) ;
#4806 = VERTEX_POINT ( 'NONE', #1955 ) ;
#4807 = DIRECTION ( 'NONE',  ( 0.8660254037844432595, -2.126200446592104087E-17, -0.4999999999999919509 ) ) ;
#4808 = CARTESIAN_POINT ( 'NONE',  ( 8.606623868221936036, -13.87412472174321110, -4.740167881674512529 ) ) ;
#4809 = EDGE_CURVE ( 'NONE', #2721, #4867, #624, .T. ) ;
#4810 = ORIENTED_EDGE ( 'NONE', *, *, #3665, .T. ) ;
#4811 = CC_DESIGN_PERSON_AND_ORGANIZATION_ASSIGNMENT ( #4504, #5423, ( #536 ) ) ;
#4812 = AXIS2_PLACEMENT_3D ( 'NONE', #4244, #430, #4638 ) ;
#4813 = FACE_OUTER_BOUND ( 'NONE', #1442, .T. ) ;
#4814 = CARTESIAN_POINT ( 'NONE',  ( -8.445408430058385818, -14.15723864081439132, 4.254760068135091444 ) ) ;
#4815 = ORIENTED_EDGE ( 'NONE', *, *, #5349, .F. ) ;
#4816 = CARTESIAN_POINT ( 'NONE',  ( 8.055955793449911084, -14.02336328807939658, 5.239048112755400943 ) ) ;
#4817 = CARTESIAN_POINT ( 'NONE',  ( 8.977038158101327880, -21.39683495154524095, -15.54868619131636542 ) ) ;
#4818 = EDGE_LOOP ( 'NONE', ( #3192, #2969, #1500, #4815 ) ) ;
#4819 = DIRECTION ( 'NONE',  ( -0.7660444431189745718, 0.6427876096865435818, -0.000000000000000000 ) ) ;
#4820 = CARTESIAN_POINT ( 'NONE',  ( 7.439073328532766816, -8.998449561719896295, -14.17415724074402306 ) ) ;
#4821 = DIRECTION ( 'NONE',  ( 0.000000000000000000, 0.5878588831525611846, 0.8089634933040077414 ) ) ;
#4822 = EDGE_CURVE ( 'NONE', #4735, #516, #1029, .T. ) ;
#4823 = ORIENTED_EDGE ( 'NONE', *, *, #945, .T. ) ;
#4824 = ORIENTED_EDGE ( 'NONE', *, *, #99, .F. ) ;
#4825 = CYLINDRICAL_SURFACE ( 'NONE', #3678, 0.5000000000000006661 ) ;
#4826 = CARTESIAN_POINT ( 'NONE',  ( 1.149066664678446426, 1.928362829059635075, 1.990241844506821955 ) ) ;
#4827 = EDGE_CURVE ( 'NONE', #1133, #1057, #971, .T. ) ;
#4828 = AXIS2_PLACEMENT_3D ( 'NONE', #3409, #1799, #5164 ) ;
#4829 = ORIENTED_EDGE ( 'NONE', *, *, #3020, .T. ) ;
#4830 = FACE_OUTER_BOUND ( 'NONE', #237, .T. ) ;
#4831 = CARTESIAN_POINT ( 'NONE',  ( 11.17932552532731627, -9.849361908630681839, -8.804132597342050559 ) ) ;
#4832 = ORIENTED_EDGE ( 'NONE', *, *, #3913, .T. ) ;
#4833 = FACE_OUTER_BOUND ( 'NONE', #3027, .T. ) ;
#4834 = VECTOR ( 'NONE', #5264, 999.9999999999998863 ) ;
#4835 = CARTESIAN_POINT ( 'NONE',  ( 8.586438670053858857, -14.53865983165191267, -4.330161486923990388 ) ) ;
#4836 = CIRCLE ( 'NONE', #1380, 6.500000000000001776 ) ;
#4837 = ORIENTED_EDGE ( 'NONE', *, *, #4840, .T. ) ;
#4838 = CARTESIAN_POINT ( 'NONE',  ( -7.268631687336603697, -14.41104599487020366, 5.348832657181033845 ) ) ;
#4839 = CARTESIAN_POINT ( 'NONE',  ( -0.1038093694384423504, -14.62820513282502510, 9.711267489048042378 ) ) ;
#4840 = EDGE_CURVE ( 'NONE', #1678, #870, #1407, .T. ) ;
#4841 = CARTESIAN_POINT ( 'NONE',  ( 8.223790776245985867, -10.17320937319462892, -12.53530283280748137 ) ) ;
#4842 = CIRCLE ( 'NONE', #2353, 5.000000000000001776 ) ;
#4843 = ADVANCED_FACE ( 'NONE', ( #4813, #3120, #3562 ), #3998, .T. ) ;
#4844 = CARTESIAN_POINT ( 'NONE',  ( 4.814891677168395390, -17.07428961122494471, -6.373551986232135924 ) ) ;
#4845 = DIRECTION ( 'NONE',  ( 0.000000000000000000, 0.000000000000000000, 1.000000000000000000 ) ) ;
#4846 = AXIS2_PLACEMENT_3D ( 'NONE', #1417, #490, #1861 ) ;
#4847 = DIRECTION ( 'NONE',  ( 0.000000000000000000, 0.7181832268395611507, 0.6958540455342021591 ) ) ;
#4848 = ORIENTED_EDGE ( 'NONE', *, *, #493, .F. ) ;
#4849 = DIRECTION ( 'NONE',  ( -0.9214677052481092812, 0.2155386439426785761, -0.3231723397076785020 ) ) ;
#4850 = CARTESIAN_POINT ( 'NONE',  ( -12.59873621633418317, -11.12527958081187229, -4.873397172404478006 ) ) ;
#4851 = CARTESIAN_POINT ( 'NONE',  ( -12.30445610180991700, -10.88569332758857477, -4.370588154508100232 ) ) ;
#4852 = ORIENTED_EDGE ( 'NONE', *, *, #2612, .F. ) ;
#4853 = EDGE_LOOP ( 'NONE', ( #1581, #4490, #2292, #820, #725 ) ) ;
#4854 = CARTESIAN_POINT ( 'NONE',  ( 2.993251281022879517, -16.82744017138323045, 7.192898213126285079 ) ) ;
#4855 = CARTESIAN_POINT ( 'NONE',  ( 4.044316325586216010, -17.65306602858141005, 5.079166176517072806 ) ) ;
#4856 = AXIS2_PLACEMENT_3D ( 'NONE', #3001, #4184, #871 ) ;
#4857 = AXIS2_PLACEMENT_3D ( 'NONE', #4648, #5455, #1650 ) ;
#4858 = DIRECTION ( 'NONE',  ( 0.3213938048432666283, -0.7660444431189745718, 0.5566703992264259160 ) ) ;
#4859 = EDGE_CURVE ( 'NONE', #1938, #2219, #1681, .T. ) ;
#4860 = ORIENTED_EDGE ( 'NONE', *, *, #574, .T. ) ;
#4861 = CARTESIAN_POINT ( 'NONE',  ( 0.000000000000000000, 0.000000000000000000, 0.000000000000000000 ) ) ;
#4862 = CARTESIAN_POINT ( 'NONE',  ( 11.23004856275887953, -9.905600129589153369, -8.048205525648002734 ) ) ;
#4863 = VERTEX_POINT ( 'NONE', #4139 ) ;
#4864 = CARTESIAN_POINT ( 'NONE',  ( 3.369593265649393210, -13.03051821269305321, -16.39533394382290155 ) ) ;
#4865 = CARTESIAN_POINT ( 'NONE',  ( 8.732119814292236271, -14.11113125515837829, -3.695968752047613659 ) ) ;
#4866 = AXIS2_PLACEMENT_3D ( 'NONE', #2217, #1339, #436 ) ;
#4867 = VERTEX_POINT ( 'NONE', #2007 ) ;
#4868 = DIRECTION ( 'NONE',  ( 0.3830222215594903390, 0.6427876096865434707, -0.6634139481689336204 ) ) ;
#4869 = DIRECTION ( 'NONE',  ( -0.3213938048432742334, 0.7660444431189746828, 0.5566703992264213641 ) ) ;
#4870 = CARTESIAN_POINT ( 'NONE',  ( 10.39262169603688513, -10.37947748913432200, 8.578647601396768962 ) ) ;
#4871 = APPROVAL_PERSON_ORGANIZATION ( #3310, #153, #302 ) ;
#4872 = CARTESIAN_POINT ( 'NONE',  ( -8.393364601068867614, -14.56767580721973943, 4.050017274042231108 ) ) ;
#4873 = DIRECTION ( 'NONE',  ( -0.3830222215594904500, -0.6427876096865433597, 0.6634139481689337314 ) ) ;
#4874 = DIRECTION ( 'NONE',  ( -0.6427876096865434707, -0.7660444431189746828, 0.000000000000000000 ) ) ;
#4875 = FACE_OUTER_BOUND ( 'NONE', #472, .T. ) ;
#4876 = ORIENTED_EDGE ( 'NONE', *, *, #3852, .T. ) ;
#4877 = DIRECTION ( 'NONE',  ( 0.000000000000000000, -0.5878588831525615177, 0.8089634933040076303 ) ) ;
#4878 = CARTESIAN_POINT ( 'NONE',  ( 8.255093677412512321, -8.860183951349013043, -13.60238762498471843 ) ) ;
#4879 = CARTESIAN_POINT ( 'NONE',  ( 9.609393885895789467, -17.90499091948268529, 6.084931233437052001 ) ) ;
#4880 = EDGE_CURVE ( 'NONE', #407, #5268, #3468, .T. ) ;
#4881 = EDGE_CURVE ( 'NONE', #189, #1097, #3619, .T. ) ;
#4882 = VERTEX_POINT ( 'NONE', #5369 ) ;
#4883 = ORIENTED_EDGE ( 'NONE', *, *, #1345, .F. ) ;
#4884 = CARTESIAN_POINT ( 'NONE',  ( 8.756783640610805719, -13.89229879141995028, -4.399686404294144815 ) ) ;
#4885 = DIRECTION ( 'NONE',  ( 0.3830222215594812352, 0.6427876096865434707, 0.6634139481689390605 ) ) ;
#4886 = EDGE_CURVE ( 'NONE', #4349, #4075, #3288, .T. ) ;
#4887 = ORIENTED_EDGE ( 'NONE', *, *, #3665, .F. ) ;
#4888 = FACE_BOUND ( 'NONE', #1404, .T. ) ;
#4889 = DIRECTION ( 'NONE',  ( 0.6427876096865435818, 0.7660444431189745718, 2.775557561562891351E-17 ) ) ;
#4890 = ORIENTED_EDGE ( 'NONE', *, *, #1941, .T. ) ;
#4891 = CARTESIAN_POINT ( 'NONE',  ( -5.930657695151126063, -34.10306789440969766, 9.576346404766773901 ) ) ;
#4892 = CARTESIAN_POINT ( 'NONE',  ( 1.915111107797440537, -1.606969024216361897, -5.015442563508437192E-33 ) ) ;
#4893 = EDGE_CURVE ( 'NONE', #2128, #2721, #4389, .T. ) ;
#4894 = EDGE_LOOP ( 'NONE', ( #3127, #2481 ) ) ;
#4895 = DIRECTION ( 'NONE',  ( 0.3830222215594810686, 0.6427876096865434707, 0.6634139481689389495 ) ) ;
#4896 = CARTESIAN_POINT ( 'NONE',  ( 9.609393885895878284, -17.90499091948268529, -6.084931233436918774 ) ) ;
#4897 = CARTESIAN_POINT ( 'NONE',  ( 7.706383587249614919, -14.77868104270525684, -5.347847915731451351 ) ) ;
#4898 = CARTESIAN_POINT ( 'NONE',  ( 8.804528526231903740, -17.39611739514750255, -7.249890744123088204 ) ) ;
#4899 = CARTESIAN_POINT ( 'NONE',  ( 2.034939724921162707, -9.849361908630687168, 14.08364620078030427 ) ) ;
#4900 = VECTOR ( 'NONE', #1719, 1000.000000000000114 ) ;
#4901 = EDGE_LOOP ( 'NONE', ( #1214, #2461, #3113, #1090, #4753 ) ) ;
#4902 = CARTESIAN_POINT ( 'NONE',  ( 1.743663182134171930, -9.385828412306219448, -14.06648014686030201 ) ) ;
#4903 = DIRECTION ( 'NONE',  ( -0.3830222215594810686, -0.6427876096865436928, 0.6634139481689388385 ) ) ;
#4904 = CARTESIAN_POINT ( 'NONE',  ( -10.01511778237227190, -11.93555259739618180, 0.000000000000000000 ) ) ;
#4905 =( BOUNDED_SURFACE ( )  B_SPLINE_SURFACE ( 3, 2, ( 
 ( #839, #5113, #5085 ),
 ( #2966, #2111, #1308 ),
 ( #2053, #2160, #1274 ),
 ( #4666, #868, #3740 ),
 ( #4698, #2490, #896 ),
 ( #1691, #483, #4180 ),
 ( #80, #4723, #5144 ),
 ( #1749, #2078, #3442 ),
 ( #1335, #3801, #3025 ),
 ( #5441, #3337, #1224 ),
 ( #2914, #23, #5472 ),
 ( #5060, #1253, #2939 ),
 ( #3387, #3054, #1466 ),
 ( #3138, #1801, #4803 ) ),
 .UNSPECIFIED., .F., .F., .T. ) 
 B_SPLINE_SURFACE_WITH_KNOTS ( ( 4, 2, 2, 2, 2, 2, 4 ),
 ( 3, 3 ),
 ( 0.0003413480183935263383, 0.0009094683632857002153, 0.001193528535731787181, 0.001477588708177874147, 0.001761648880623961112, 0.002045709053070048078, 0.002613829397962222009 ),
 ( 0.000000000000000000, 1.000000000000000000 ),
 .UNSPECIFIED. ) 
 GEOMETRIC_REPRESENTATION_ITEM ( )  RATIONAL_B_SPLINE_SURFACE ( (
 ( 1.000000000000000000, 0.6546536707079765316, 1.000000000000000000),
 ( 1.000000000000000000, 0.6740283108243133592, 1.000000000000000000),
 ( 1.000000000000000000, 0.6960620086632439696, 1.000000000000000000),
 ( 1.000000000000000000, 0.7278407012477494664, 1.000000000000000000),
 ( 1.000000000000000000, 0.7384497941609918792, 1.000000000000000000),
 ( 1.000000000000000000, 0.7585176942047630044, 1.000000000000000000),
 ( 1.000000000000000000, 0.7680873389372157023, 1.000000000000000000),
 ( 1.000000000000000000, 0.7860884730438645329, 1.000000000000000000),
 ( 1.000000000000000000, 0.7942161018751573431, 1.000000000000000000),
 ( 1.000000000000000000, 0.8088502102450229048, 1.000000000000000000),
 ( 1.000000000000000000, 0.8152746277757585425, 1.000000000000000000),
 ( 1.000000000000000000, 0.8308741023685624061, 1.000000000000000000),
 ( 1.000000000000000000, 0.8367537141086851538, 1.000000000000000000),
 ( 1.000000000000000000, 0.8366600265340762288, 1.000000000000000000) ) ) 
 REPRESENTATION_ITEM ( '' )  SURFACE ( )  );
#4906 = ORIENTED_EDGE ( 'NONE', *, *, #4530, .T. ) ;
#4907 = ORIENTED_EDGE ( 'NONE', *, *, #110, .F. ) ;
#4908 = CARTESIAN_POINT ( 'NONE',  ( -8.583668806660606165, -14.00780457463750395, -4.370588154508100232 ) ) ;
#4909 = CARTESIAN_POINT ( 'NONE',  ( 3.522664259877679616, -18.69838765022830884, 6.284418332776427363 ) ) ;
#4910 = EDGE_CURVE ( 'NONE', #2842, #4882, #2416, .T. ) ;
#4911 = EDGE_CURVE ( 'NONE', #14, #2494, #3531, .T. ) ;
#4912 = ORIENTED_EDGE ( 'NONE', *, *, #5368, .F. ) ;
#4913 = CARTESIAN_POINT ( 'NONE',  ( 0.000000000000000000, -16.00000000000000000, -2.500000000000000000 ) ) ;
#4914 = DIRECTION ( 'NONE',  ( 0.000000000000000000, 0.000000000000000000, 1.000000000000000000 ) ) ;
#4915 = CARTESIAN_POINT ( 'NONE',  ( -13.21426525024855358, -9.849361908630667628, 5.279513603438185321 ) ) ;
#4916 = ORIENTED_EDGE ( 'NONE', *, *, #3183, .F. ) ;
#4917 = CARTESIAN_POINT ( 'NONE',  ( -1.165529020445498443, -14.11136526519911882, 9.409834701893036168 ) ) ;
#4918 = DIRECTION ( 'NONE',  ( -0.3213938048432742334, 0.7660444431189746828, 0.5566703992264213641 ) ) ;
#4919 = CIRCLE ( 'NONE', #2508, 0.9999999999999991118 ) ;
#4920 = DIRECTION ( 'NONE',  ( -0.6427876096865433597, -0.7660444431189745718, -1.710569414459005593E-49 ) ) ;
#4921 = AXIS2_PLACEMENT_3D ( 'NONE', #1609, #4999, #754 ) ;
#4922 = DIRECTION ( 'NONE',  ( 0.000000000000000000, -0.5878588831525604075, 0.8089634933040081854 ) ) ;
#4923 = DIRECTION ( 'NONE',  ( 0.7071067811865485719, -0.7071067811865465735, -0.000000000000000000 ) ) ;
#4924 = CARTESIAN_POINT ( 'NONE',  ( -0.1845112461354986577, -13.84915414197855554, -9.864376810272547758 ) ) ;
#4925 = AXIS2_PLACEMENT_3D ( 'NONE', #2627, #20, #3382 ) ;
#4926 = CARTESIAN_POINT ( 'NONE',  ( 8.255093677412313369, -10.29655040502813534, 14.99409571605323777 ) ) ;
#4927 = CARTESIAN_POINT ( 'NONE',  ( 8.705822579053236865, -9.108090026940447004, 13.52746442807403149 ) ) ;
#4928 = ADVANCED_FACE ( 'NONE', ( #1979 ), #534, .F. ) ;
#4929 = ORIENTED_EDGE ( 'NONE', *, *, #3084, .T. ) ;
#4930 = DIRECTION ( 'NONE',  ( -0.6427876096865433597, -0.7660444431189745718, 0.000000000000000000 ) ) ;
#4931 = DIRECTION ( 'NONE',  ( 0.000000000000000000, -0.7181832268395638152, 0.6958540455341993836 ) ) ;
#4932 = AXIS2_PLACEMENT_3D ( 'NONE', #1205, #32, #2475 ) ;
#4933 = B_SPLINE_CURVE_WITH_KNOTS ( 'NONE', 3,
 ( #1473, #1505, #3174, #4355, #569, #4020, #1006, #2688 ),
 .UNSPECIFIED., .F., .F.,
 ( 4, 2, 2, 4 ),
 ( 0.000000000000000000, 0.0003126155836174248151, 0.0006252311672348486544, 0.001250462334469698176 ),
 .UNSPECIFIED. ) ;
#4934 = DIRECTION ( 'NONE',  ( -0.7660444431189746828, 0.6427876096865433597, 0.000000000000000000 ) ) ;
#4935 = EDGE_CURVE ( 'NONE', #4075, #267, #4147, .T. ) ;
#4936 = CIRCLE ( 'NONE', #3161, 0.4999999999999997780 ) ;
#4937 = VERTEX_POINT ( 'NONE', #796 ) ;
#4938 = B_SPLINE_CURVE_WITH_KNOTS ( 'NONE', 3,
 ( #4345, #557, #2231, #1819, #150, #1406, #4656, #858, #2675, #5347, #4033, #4820, #1099, #2287, #5296, #3651, #1488, #4878 ),
 .UNSPECIFIED., .F., .F.,
 ( 4, 2, 2, 2, 2, 2, 2, 2, 4 ),
 ( 0.003130972181561667272, 0.003522243288762269726, 0.003913514395962872615, 0.004304785503163474636, 0.004696056610364077524, 0.005087327717564680413, 0.005478598824765283301, 0.005869869931965885322, 0.006261141039166489945 ),
 .UNSPECIFIED. ) ;
#4939 = APPROVAL_ROLE ( '' ) ;
#4940 = ORIENTED_EDGE ( 'NONE', *, *, #1592, .F. ) ;
#4941 = CARTESIAN_POINT ( 'NONE',  ( -7.701373734483390798, -16.79958264763209641, 1.000051270013374349 ) ) ;
#4942 = CYLINDRICAL_SURFACE ( 'NONE', #3516, 0.5000000000000002220 ) ;
#4943 = VECTOR ( 'NONE', #1739, 999.9999999999998863 ) ;
#4944 = CIRCLE ( 'NONE', #1392, 17.32050807568877460 ) ;
#4945 = B_SPLINE_CURVE_WITH_KNOTS ( 'NONE', 3,
 ( #4915, #1086, #1972, #3577, #3171, #1059, #2768, #4048 ),
 .UNSPECIFIED., .F., .F.,
 ( 4, 2, 2, 4 ),
 ( 0.000000000000000000, 0.0003126155836174242730, 0.0006252311672348485460, 0.001250462334469697092 ),
 .UNSPECIFIED. ) ;
#4946 = EDGE_LOOP ( 'NONE', ( #5250, #3483, #891, #3056, #1337 ) ) ;
#4947 = CARTESIAN_POINT ( 'NONE',  ( 0.000000000000000000, 0.000000000000000000, 0.000000000000000000 ) ) ;
#4948 = FACE_OUTER_BOUND ( 'NONE', #5381, .T. ) ;
#4949 = DIRECTION ( 'NONE',  ( 0.3213938048432666283, -0.7660444431189745718, -0.5566703992264260270 ) ) ;
#4950 = DIRECTION ( 'NONE',  ( 0.8660254037844432595, -2.126200446592104087E-17, -0.4999999999999919509 ) ) ;
#4951 = EDGE_CURVE ( 'NONE', #856, #1310, #2550, .T. ) ;
#4952 = AXIS2_PLACEMENT_3D ( 'NONE', #5199, #1863, #4380 ) ;
#4953 = ADVANCED_FACE ( 'NONE', ( #3697 ), #1937, .F. ) ;
#4954 = CARTESIAN_POINT ( 'NONE',  ( 5.007558891186056016, -11.93555259739618180, 8.673346421427705621 ) ) ;
#4955 = TOROIDAL_SURFACE ( 'NONE', #5218, 14.62019151721344556, 1.000000000000000000 ) ;
#4956 = CARTESIAN_POINT ( 'NONE',  ( -15.37522059218233217, -10.70199893439570360, -0.9999485759216346636 ) ) ;
#4957 = CARTESIAN_POINT ( 'NONE',  ( -1.036373563392275265, -14.04004933083977491, -9.529504592281893949 ) ) ;
#4958 = AXIS2_PLACEMENT_3D ( 'NONE', #1173, #2887, #3669 ) ;
#4959 = ORIENTED_EDGE ( 'NONE', *, *, #2071, .T. ) ;
#4960 = DIRECTION ( 'NONE',  ( 0.7406093086113620938, 0.2155386439426757450, -0.6364282716579715560 ) ) ;
#4961 = FACE_OUTER_BOUND ( 'NONE', #4117, .T. ) ;
#4962 = EDGE_LOOP ( 'NONE', ( #4970, #101, #4557, #1661, #3512 ) ) ;
#4963 = DIRECTION ( 'NONE',  ( 0.000000000000000000, 1.000000000000000000, 0.000000000000000000 ) ) ;
#4964 = DIRECTION ( 'NONE',  ( -0.7660444431189739056, 0.6427876096865442479, 0.000000000000000000 ) ) ;
#4965 =( GEOMETRIC_REPRESENTATION_CONTEXT ( 3 ) GLOBAL_UNCERTAINTY_ASSIGNED_CONTEXT ( ( #1 ) ) GLOBAL_UNIT_ASSIGNED_CONTEXT ( ( #2898, #2480, #3755 ) ) REPRESENTATION_CONTEXT ( 'NONE', 'WORKASPACE' ) );
#4966 = LINE ( 'NONE', #5429, #4323 ) ;
#4967 = ADVANCED_FACE ( 'NONE', ( #2444 ), #383, .T. ) ;
#4968 = ORIENTED_EDGE ( 'NONE', *, *, #1418, .F. ) ;
#4969 = COORDINATED_UNIVERSAL_TIME_OFFSET ( 8, 0, .AHEAD. ) ;
#4970 = ORIENTED_EDGE ( 'NONE', *, *, #1247, .T. ) ;
#4971 = FACE_OUTER_BOUND ( 'NONE', #2718, .T. ) ;
#4972 = CARTESIAN_POINT ( 'NONE',  ( 3.282943155586459660, -18.64080974307235294, 6.382078389370567706 ) ) ;
#4973 = ORIENTED_EDGE ( 'NONE', *, *, #2938, .T. ) ;
#4974 = LINE ( 'NONE', #350, #1279 ) ;
#4975 = CARTESIAN_POINT ( 'NONE',  ( 8.722438141769700337, -14.11387008836569734, 3.704896870905815653 ) ) ;
#4976 = CARTESIAN_POINT ( 'NONE',  ( 6.489493575772475431, -15.46775456608786747, 11.24013258862999898 ) ) ;
#4977 = CARTESIAN_POINT ( 'NONE',  ( -0.9575555538987269300, -1.606969024216359898, 1.658534870422335938 ) ) ;
#4978 = ORIENTED_EDGE ( 'NONE', *, *, #838, .F. ) ;
#4979 = PLANE ( 'NONE',  #920 ) ;
#4980 = EDGE_LOOP ( 'NONE', ( #4273, #4837, #455, #3730 ) ) ;
#4981 = CARTESIAN_POINT ( 'NONE',  ( -15.46424146620891271, -10.79940710128279413, -0.9735302608445909334 ) ) ;
#4982 = CARTESIAN_POINT ( 'NONE',  ( -15.27712048090208974, -13.53939173702823417, 4.873397172404478006 ) ) ;
#4983 = EDGE_CURVE ( 'NONE', #594, #5461, #2919, .T. ) ;
#4984 = ORIENTED_EDGE ( 'NONE', *, *, #2863, .T. ) ;
#4985 = CARTESIAN_POINT ( 'NONE',  ( 0.000000000000000000, 0.000000000000000000, 0.000000000000000000 ) ) ;
#4986 = DIRECTION ( 'NONE',  ( 0.3213938048432744554, -0.7660444431189745718, -0.5566703992264216971 ) ) ;
#4987 = EDGE_LOOP ( 'NONE', ( #3910, #3068, #852, #219 ) ) ;
#4988 = CARTESIAN_POINT ( 'NONE',  ( -15.66014270246157380, -13.21799793218496255, 4.873397172404478006 ) ) ;
#4989 = CARTESIAN_POINT ( 'NONE',  ( -8.048039355921270399, -13.92602564435196477, -5.507146643879473835 ) ) ;
#4990 = B_SPLINE_CURVE_WITH_KNOTS ( 'NONE', 3,
 ( #5147, #4216, #4303, #26, #2579, #464, #5117, #3885, #517, #2190, #1782, #2140, #3469, #3828, #53, #1362, #1722, #3057 ),
 .UNSPECIFIED., .F., .F.,
 ( 4, 2, 2, 2, 2, 2, 2, 2, 4 ),
 ( 1.282455947508071028E-18, 0.0003913883137849076717, 0.0007827766275698140423, 0.001174164941354720413, 0.001565553255139626784, 0.001956941568924533154, 0.002348329882709439525, 0.002739718196494345896, 0.003131106510279252266 ),
 .UNSPECIFIED. ) ;
#4991 = VERTEX_POINT ( 'NONE', #818 ) ;
#4992 = PERSON_AND_ORGANIZATION ( #377, #2199 ) ;
#4993 = ORIENTED_EDGE ( 'NONE', *, *, #3251, .F. ) ;
#4994 = FACE_OUTER_BOUND ( 'NONE', #1102, .T. ) ;
#4995 = DIRECTION ( 'NONE',  ( -0.9214677052481090591, 0.2155386439426781042, -0.3231723397076795012 ) ) ;
#4996 = ADVANCED_FACE ( 'NONE', ( #404 ), #2083, .F. ) ;
#4997 = CIRCLE ( 'NONE', #2589, 16.82563641638337870 ) ;
#4998 = ORIENTED_EDGE ( 'NONE', *, *, #378, .F. ) ;
#4999 = DIRECTION ( 'NONE',  ( 0.6427876096865434707, 0.7660444431189746828, 0.000000000000000000 ) ) ;
#5000 = CARTESIAN_POINT ( 'NONE',  ( 2.500000000000000000, -16.81517172080023670, 0.000000000000000000 ) ) ;
#5001 = CARTESIAN_POINT ( 'NONE',  ( 8.607803964823551368, -13.87418479705053898, 4.737775735755633377 ) ) ;
#5002 = EDGE_CURVE ( 'NONE', #1678, #1827, #1585, .T. ) ;
#5003 = LINE ( 'NONE', #298, #191 ) ;
#5004 = ORIENTED_EDGE ( 'NONE', *, *, #1617, .F. ) ;
#5005 = DIRECTION ( 'NONE',  ( 0.000000000000000000, -1.000000000000000000, 0.000000000000000000 ) ) ;
#5006 = VERTEX_POINT ( 'NONE', #2580 ) ;
#5007 = CARTESIAN_POINT ( 'NONE',  ( -7.405094889929655366, -14.72383461542029615, 5.279513603438186209 ) ) ;
#5008 = AXIS2_PLACEMENT_3D ( 'NONE', #1007, #570, #1838 ) ;
#5009 = CARTESIAN_POINT ( 'NONE',  ( -1.294979775571127423, -14.48527678248614059, -8.803396158053423903 ) ) ;
#5010 = CIRCLE ( 'NONE', #2164, 6.500000000000000000 ) ;
#5011 = CARTESIAN_POINT ( 'NONE',  ( -15.20568386274487693, -10.49994820510882754, 0.9999337034795358070 ) ) ;
#5012 = DIRECTION ( 'NONE',  ( 0.000000000000000000, -0.5878588831525590752, 0.8089634933040092957 ) ) ;
#5013 = EDGE_CURVE ( 'NONE', #5182, #3981, #709, .T. ) ;
#5014 = DIRECTION ( 'NONE',  ( 7.433725043934972653E-17, 0.5878588831525611846, 0.8089634933040077414 ) ) ;
#5015 = DIRECTION ( 'NONE',  ( 0.3830222215594903390, 0.6427876096865433597, -0.6634139481689337314 ) ) ;
#5016 = CARTESIAN_POINT ( 'NONE',  ( 9.931361692320404444, -10.84401044073889153, -8.541369001599649735 ) ) ;
#5017 = AXIS2_PLACEMENT_3D ( 'NONE', #2286, #204, #3898 ) ;
#5018 = EDGE_CURVE ( 'NONE', #3974, #4485, #4690, .T. ) ;
#5019 = ORIENTED_EDGE ( 'NONE', *, *, #1045, .T. ) ;
#5020 = ADVANCED_FACE ( 'NONE', ( #3806 ), #2165, .F. ) ;
#5021 = CARTESIAN_POINT ( 'NONE',  ( 5.340426911094028561, -17.39611739514749900, 9.249890744123176134 ) ) ;
#5022 = AXIS2_PLACEMENT_3D ( 'NONE', #2090, #2146, #1260 ) ;
#5023 = CARTESIAN_POINT ( 'NONE',  ( -2.298133329356926602, 1.928362829059632855, 6.018531076210120252E-33 ) ) ;
#5024 = CIRCLE ( 'NONE', #2615, 2.500000000000000000 ) ;
#5025 = ORIENTED_EDGE ( 'NONE', *, *, #4169, .F. ) ;
#5026 = CARTESIAN_POINT ( 'NONE',  ( -8.090244919801317991, -17.30092777006530724, 0.8737010453372734409 ) ) ;
#5027 = CARTESIAN_POINT ( 'NONE',  ( -12.31693065525729480, -10.34400052954316784, 5.507146643879471171 ) ) ;
#5028 = CONICAL_SURFACE ( 'NONE', #5112, 5.000000000000001776, 0.1745329251994333364 ) ;
#5029 = EDGE_LOOP ( 'NONE', ( #1750, #1668, #82, #4168, #1780, #3375 ) ) ;
#5030 = CARTESIAN_POINT ( 'NONE',  ( 8.016250584520140166, -14.05794848917652651, 5.224299260749765139 ) ) ;
#5031 = CARTESIAN_POINT ( 'NONE',  ( 8.274740345167790778, -14.72383461542031569, 3.773243490394408983 ) ) ;
#5032 = DIRECTION ( 'NONE',  ( -3.728499977318076986E-17, -0.7181832268395640373, 0.6958540455341993836 ) ) ;
#5033 = CIRCLE ( 'NONE', #5209, 1.499999999999999556 ) ;
#5034 = ADVANCED_FACE ( 'NONE', ( #518 ), #3470, .F. ) ;
#5035 = DIRECTION ( 'NONE',  ( -0.3213938048432742334, 0.7660444431189746828, 0.5566703992264213641 ) ) ;
#5036 = EDGE_LOOP ( 'NONE', ( #2080, #3015, #816, #5466 ) ) ;
#5037 = CARTESIAN_POINT ( 'NONE',  ( -14.98546341998496345, -10.19957118858415335, -0.8735073223165445988 ) ) ;
#5038 = AXIS2_PLACEMENT_3D ( 'NONE', #3579, #1391, #954 ) ;
#5039 = DIRECTION ( 'NONE',  ( 0.6427876096865434707, 0.7660444431189746828, 0.000000000000000000 ) ) ;
#5040 = CIRCLE ( 'NONE', #3964, 0.5000000000000003331 ) ;
#5041 = CARTESIAN_POINT ( 'NONE',  ( 1.591256765110357518, -9.483307092199357413, 14.02032981653799837 ) ) ;
#5042 = DIRECTION ( 'NONE',  ( 0.000000000000000000, 1.000000000000000000, 0.000000000000000000 ) ) ;
#5043 = CARTESIAN_POINT ( 'NONE',  ( -1.308858986425313287, -14.28732322622882478, -9.121019869536358016 ) ) ;
#5044 = DIRECTION ( 'NONE',  ( 0.3213938048432666283, -0.7660444431189746828, -0.5566703992264260270 ) ) ;
#5045 = DIRECTION ( 'NONE',  ( 0.000000000000000000, -0.7181832268395638152, 0.6958540455341993836 ) ) ;
#5046 = AXIS2_PLACEMENT_3D ( 'NONE', #1509, #1424, #5259 ) ;
#5047 = ORIENTED_EDGE ( 'NONE', *, *, #890, .T. ) ;
#5048 = CARTESIAN_POINT ( 'NONE',  ( 2.077856654826724547, -10.72186334303334654, 13.71092010161352981 ) ) ;
#5049 = CARTESIAN_POINT ( 'NONE',  ( 0.000000000000000000, 0.000000000000000000, 0.000000000000000000 ) ) ;
#5050 = VERTEX_POINT ( 'NONE', #2553 ) ;
#5051 = ADVANCED_FACE ( 'NONE', ( #5064 ), #1783, .F. ) ;
#5052 = CARTESIAN_POINT ( 'NONE',  ( 7.679487290841431779, -9.826166164699179362, -12.60540811828248486 ) ) ;
#5053 = CARTESIAN_POINT ( 'NONE',  ( -10.68085382218823121, -17.39611739514750255, 4.000000000000000000 ) ) ;
#5054 = EDGE_CURVE ( 'NONE', #5182, #134, #5138, .T. ) ;
#5055 = ORIENTED_EDGE ( 'NONE', *, *, #5289, .T. ) ;
#5056 = CC_DESIGN_DATE_AND_TIME_ASSIGNMENT ( #5397, #5446, ( #536 ) ) ;
#5057 = DIRECTION ( 'NONE',  ( 0.3213938048432744554, -0.7660444431189745718, 0.5566703992264216971 ) ) ;
#5058 = DIRECTION ( 'NONE',  ( 0.3213938048432666283, -0.7660444431189745718, 0.5566703992264259160 ) ) ;
#5059 = CARTESIAN_POINT ( 'NONE',  ( 3.407556598618796784, -17.23539542979812111, -4.958424938184960773 ) ) ;
#5060 = CARTESIAN_POINT ( 'NONE',  ( -12.81225415349584118, -9.615511229297556639, -5.694015066984126072 ) ) ;
#5061 = VERTEX_POINT ( 'NONE', #4670 ) ;
#5062 = CARTESIAN_POINT ( 'NONE',  ( -12.81202534194487086, -9.615770416239691087, -5.694091050274026955 ) ) ;
#5063 = EDGE_CURVE ( 'NONE', #4133, #3443, #4328, .T. ) ;
#5064 = FACE_OUTER_BOUND ( 'NONE', #4379, .T. ) ;
#5065 = CARTESIAN_POINT ( 'NONE',  ( 3.061616997868383141E-16, -16.81517172080023670, 2.500000000000000000 ) ) ;
#5066 = FACE_OUTER_BOUND ( 'NONE', #133, .T. ) ;
#5067 = CARTESIAN_POINT ( 'NONE',  ( -0.3883952096403632814, -14.55703155013408789, -9.664761264908133143 ) ) ;
#5068 = DIRECTION ( 'NONE',  ( -1.784094010544421848E-17, -2.126200446592104087E-17, 1.000000000000000000 ) ) ;
#5069 = DIRECTION ( 'NONE',  ( 0.3830222215594811797, 0.6427876096865434707, 0.6634139481689390605 ) ) ;
#5070 = ORIENTED_EDGE ( 'NONE', *, *, #3447, .F. ) ;
#5071 = CARTESIAN_POINT ( 'NONE',  ( 1.934333047823910023, -10.55889750476342748, 13.77803248750071319 ) ) ;
#5072 = CARTESIAN_POINT ( 'NONE',  ( -7.360791927179947791, -16.45229409083545846, -0.7989327060052934248 ) ) ;
#5073 = ORIENTED_EDGE ( 'NONE', *, *, #3951, .T. ) ;
#5074 = CARTESIAN_POINT ( 'NONE',  ( -7.094042708156032440, -18.52213240644879022, 0.6155972746247131422 ) ) ;
#5075 = CARTESIAN_POINT ( 'NONE',  ( 5.340426911094160012, -17.39611739514749900, -9.249890744123105080 ) ) ;
#5076 = CARTESIAN_POINT ( 'NONE',  ( 4.561130746712877659, -10.87148790737402138, -7.900110193271443926 ) ) ;
#5077 = ORIENTED_EDGE ( 'NONE', *, *, #5389, .T. ) ;
#5078 = CARTESIAN_POINT ( 'NONE',  ( -0.8862007328941799988, -14.67929897989611376, 9.123601600465059747 ) ) ;
#5079 = CARTESIAN_POINT ( 'NONE',  ( 8.536943460485620250, -14.57858900115261847, 4.674453010295818167 ) ) ;
#5080 = EDGE_CURVE ( 'NONE', #4348, #5309, #2669, .T. ) ;
#5081 = CIRCLE ( 'NONE', #4724, 6.800000000000002487 ) ;
#5082 = CARTESIAN_POINT ( 'NONE',  ( 3.521329330089984389, -18.69826993803676274, -6.285106486700589912 ) ) ;
#5083 =( BOUNDED_SURFACE ( )  B_SPLINE_SURFACE ( 3, 2, ( 
 ( #3935, #5228, #3144 ),
 ( #3992, #1063, #1835 ),
 ( #217, #4440, #4382 ),
 ( #4865, #2329, #3115 ),
 ( #4785, #2243, #3965 ),
 ( #631, #2302, #4835 ),
 ( #3201, #3090, #3529 ),
 ( #4808, #194, #3499 ),
 ( #1864, #2663, #1892 ),
 ( #679, #3611, #243 ) ),
 .UNSPECIFIED., .F., .F., .T. ) 
 B_SPLINE_SURFACE_WITH_KNOTS ( ( 4, 2, 2, 2, 4 ),
 ( 3, 3 ),
 ( 0.0003201633710385956176, 0.0008879230564491020009, 0.001455682741859608493, 0.002023442427270114984, 0.002591202112680621259 ),
 ( 0.000000000000000000, 1.000000000000000000 ),
 .UNSPECIFIED. ) 
 GEOMETRIC_REPRESENTATION_ITEM ( )  RATIONAL_B_SPLINE_SURFACE ( (
 ( 1.000000000000000000, 0.8366600265340745635, 1.000000000000000000),
 ( 1.000000000000000000, 0.8367047667726884574, 1.000000000000000000),
 ( 1.000000000000000000, 0.8309577461967097012, 1.000000000000000000),
 ( 1.000000000000000000, 0.8100511198941777735, 1.000000000000000000),
 ( 1.000000000000000000, 0.7948258464885731289, 1.000000000000000000),
 ( 1.000000000000000000, 0.7591891926445177852, 1.000000000000000000),
 ( 1.000000000000000000, 0.7385588926569505164, 1.000000000000000000),
 ( 1.000000000000000000, 0.6957534197720610658, 1.000000000000000000),
 ( 1.000000000000000000, 0.6741697073064605306, 1.000000000000000000),
 ( 1.000000000000000000, 0.6546536707079780859, 1.000000000000000000) ) ) 
 REPRESENTATION_ITEM ( '' )  SURFACE ( )  );
#5084 = EDGE_CURVE ( 'NONE', #1767, #527, #1143, .T. ) ;
#5085 = CARTESIAN_POINT ( 'NONE',  ( -12.98175843789367256, -10.80388577596859889, -4.873397172404478006 ) ) ;
#5086 = CARTESIAN_POINT ( 'NONE',  ( 2.813627162217331890, -17.16638674340703119, -5.211735492010560300 ) ) ;
#5087 = ORIENTED_EDGE ( 'NONE', *, *, #3718, .T. ) ;
#5088 = ORIENTED_EDGE ( 'NONE', *, *, #1188, .F. ) ;
#5089 = DIRECTION ( 'NONE',  ( 0.000000000000000000, 0.5878588831525610736, 0.8089634933040078524 ) ) ;
#5090 = DIRECTION ( 'NONE',  ( 0.6427876096865434707, 0.7660444431189746828, -0.000000000000000000 ) ) ;
#5091 = ORIENTED_EDGE ( 'NONE', *, *, #4859, .F. ) ;
#5092 = CARTESIAN_POINT ( 'NONE',  ( -16.01104665828038165, -11.30260324189693932, 0.1324701897823203356 ) ) ;
#5093 = DIRECTION ( 'NONE',  ( 0.000000000000000000, 0.000000000000000000, 1.000000000000000000 ) ) ;
#5094 = CARTESIAN_POINT ( 'NONE',  ( -0.2181698426628811416, -14.17484025894450106, -9.397020565095363764 ) ) ;
#5095 = CARTESIAN_POINT ( 'NONE',  ( 9.931361692320511025, -10.84401044073883291, 8.541369001599596444 ) ) ;
#5096 = DIRECTION ( 'NONE',  ( 0.6222064705053624856, -0.5220932199171710586, -0.5833333333333351467 ) ) ;
#5097 = CIRCLE ( 'NONE', #1723, 0.4999999999999996114 ) ;
#5098 = VERTEX_POINT ( 'NONE', #3446 ) ;
#5099 = EDGE_CURVE ( 'NONE', #1265, #293, #1951, .T. ) ;
#5100 = CARTESIAN_POINT ( 'NONE',  ( 1.847645493275248407, -10.27850668654068933, 13.89570103200334827 ) ) ;
#5101 = CARTESIAN_POINT ( 'NONE',  ( 1.849580135941194303, -10.76767214893849278, 13.02575479388117508 ) ) ;
#5102 = EDGE_LOOP ( 'NONE', ( #5420, #3573, #652, #2665, #2183, #3654 ) ) ;
#5103 = DIRECTION ( 'NONE',  ( 0.000000000000000000, -0.5878588831525614067, 0.8089634933040077414 ) ) ;
#5104 = LINE ( 'NONE', #124, #3952 ) ;
#5105 = CARTESIAN_POINT ( 'NONE',  ( 8.378179366299258746, -10.32712307384729655, -14.96254200434196768 ) ) ;
#5106 = AXIS2_PLACEMENT_3D ( 'NONE', #1319, #4223, #2978 ) ;
#5107 = VERTEX_POINT ( 'NONE', #4333 ) ;
#5108 = CARTESIAN_POINT ( 'NONE',  ( 9.931361692320511025, -10.84401044073883291, 8.541369001599596444 ) ) ;
#5109 = CARTESIAN_POINT ( 'NONE',  ( 1.475645797565484196, -9.614260005406199738, -13.94355050896827208 ) ) ;
#5110 = AXIS2_PLACEMENT_3D ( 'NONE', #4189, #3777, #876 ) ;
#5111 = CARTESIAN_POINT ( 'NONE',  ( 4.098226207546259658, -18.50341917800354352, -5.811397429119420366 ) ) ;
#5112 = AXIS2_PLACEMENT_3D ( 'NONE', #2685, #1318, #2583 ) ;
#5113 = CARTESIAN_POINT ( 'NONE',  ( -12.62563760094244891, -10.37947748913432555, -4.710950599990995080 ) ) ;
#5114 = VERTEX_POINT ( 'NONE', #545 ) ;
#5115 = ORIENTED_EDGE ( 'NONE', *, *, #649, .T. ) ;
#5116 = EDGE_CURVE ( 'NONE', #479, #2517, #361, .T. ) ;
#5117 = CARTESIAN_POINT ( 'NONE',  ( -6.927370196416558379, -18.27643757552696258, -0.8738181590166567148 ) ) ;
#5118 = CARTESIAN_POINT ( 'NONE',  ( 0.5826442158671140126, -14.28994036102237963, -9.361968663191765572 ) ) ;
#5119 = AXIS2_PLACEMENT_3D ( 'NONE', #563, #4693, #3491 ) ;
#5120 = ADVANCED_FACE ( 'NONE', ( #2747 ), #4236, .F. ) ;
#5121 = ADVANCED_FACE ( 'NONE', ( #2771 ), #2465, .F. ) ;
#5122 = ORIENTED_EDGE ( 'NONE', *, *, #4893, .F. ) ;
#5123 = CARTESIAN_POINT ( 'NONE',  ( 6.489493575772475431, -15.46775456608786747, 11.24013258862999898 ) ) ;
#5124 = CIRCLE ( 'NONE', #3168, 1.500000000000000000 ) ;
#5125 = CARTESIAN_POINT ( 'NONE',  ( 10.51529462120853253, -10.36843063750110261, -8.438122723222614141 ) ) ;
#5126 = CARTESIAN_POINT ( 'NONE',  ( -0.4747408934374504064, -13.88766716932484080, -9.793659920000237662 ) ) ;
#5127 = CARTESIAN_POINT ( 'NONE',  ( 0.000000000000000000, -16.81517172080023670, 0.000000000000000000 ) ) ;
#5128 = CARTESIAN_POINT ( 'NONE',  ( 3.369593265649392766, -13.03051821269305144, -16.39533394382290155 ) ) ;
#5129 = CIRCLE ( 'NONE', #4227, 4.857478350479742524 ) ;
#5130 = ORIENTED_EDGE ( 'NONE', *, *, #493, .T. ) ;
#5131 = CARTESIAN_POINT ( 'NONE',  ( 0.000000000000000000, 0.000000000000000000, 0.000000000000000000 ) ) ;
#5132 = DIRECTION ( 'NONE',  ( 0.000000000000000000, -0.7181832268395638152, 0.6958540455341993836 ) ) ;
#5133 = VERTEX_POINT ( 'NONE', #5200 ) ;
#5134 = DIRECTION ( 'NONE',  ( -0.3213938048432666283, 0.7660444431189745718, -0.5566703992264260270 ) ) ;
#5135 = FACE_OUTER_BOUND ( 'NONE', #2133, .T. ) ;
#5136 = CARTESIAN_POINT ( 'NONE',  ( 9.560912665127581533, -17.39611739514749900, 6.813192157920976655 ) ) ;
#5137 = ADVANCED_FACE ( 'NONE', ( #1806 ), #2374, .F. ) ;
#5138 = CIRCLE ( 'NONE', #2906, 5.000000000000001776 ) ;
#5139 = EDGE_LOOP ( 'NONE', ( #2285, #255, #5248, #52 ) ) ;
#5140 = DIRECTION ( 'NONE',  ( 0.3830222215594903390, 0.6427876096865435818, -0.6634139481689336204 ) ) ;
#5141 = CARTESIAN_POINT ( 'NONE',  ( 3.282943155586540929, -18.64080974307235294, -6.382078389370526850 ) ) ;
#5142 = DIRECTION ( 'NONE',  ( 0.3830222215594810686, 0.6427876096865434707, 0.6634139481689389495 ) ) ;
#5143 = AXIS2_PLACEMENT_3D ( 'NONE', #4243, #3386, #2937 ) ;
#5144 = CARTESIAN_POINT ( 'NONE',  ( -12.93218199008281033, -10.39747830986499899, -5.292294780089894068 ) ) ;
#5145 = EDGE_LOOP ( 'NONE', ( #5352, #2124, #589, #1776 ) ) ;
#5146 = ORIENTED_EDGE ( 'NONE', *, *, #2378, .F. ) ;
#5147 = CARTESIAN_POINT ( 'NONE',  ( -7.201535562412170854, -18.69466075329219379, 1.123929138272790882E-15 ) ) ;
#5148 = CARTESIAN_POINT ( 'NONE',  ( 4.779141002992041365, -17.36900338785500253, 6.634232183307653408 ) ) ;
#5149 = LINE ( 'NONE', #2195, #2343 ) ;
#5150 = CARTESIAN_POINT ( 'NONE',  ( 8.137171843707522001, -8.821224242120695891, 13.64259750789043579 ) ) ;
#5151 = CARTESIAN_POINT ( 'NONE',  ( 6.932360992960154178, -30.55440814000307270, -6.018531076210124357E-33 ) ) ;
#5152 = ADVANCED_FACE ( 'NONE', ( #1036 ), #5083, .F. ) ;
#5153 = LINE ( 'NONE', #2531, #2817 ) ;
#5154 = ORIENTED_EDGE ( 'NONE', *, *, #5084, .F. ) ;
#5155 = CARTESIAN_POINT ( 'NONE',  ( 6.933376940079378770, -9.900715825858508623, 13.08510367402614349 ) ) ;
#5156 = DIRECTION ( 'NONE',  ( 0.7071067811865465735, 0.7071067811865485719, 0.000000000000000000 ) ) ;
#5157 = ORIENTED_EDGE ( 'NONE', *, *, #3282, .F. ) ;
#5158 = CARTESIAN_POINT ( 'NONE',  ( 6.934419286389791104, -9.900167647941398030, -13.08414197190023209 ) ) ;
#5159 = CARTESIAN_POINT ( 'NONE',  ( -16.87502092302093359, -10.07442874382917530, -0.7995729557170652146 ) ) ;
#5160 = CARTESIAN_POINT ( 'NONE',  ( 4.174458625313362425, -13.53939173702823417, -15.23037443313673123 ) ) ;
#5161 = VERTEX_POINT ( 'NONE', #5279 ) ;
#5162 = VECTOR ( 'NONE', #1167, 1000.000000000000227 ) ;
#5163 = ORIENTED_EDGE ( 'NONE', *, *, #2525, .T. ) ;
#5164 = DIRECTION ( 'NONE',  ( -0.5388127993989865194, 0.8424255262062206873, 0.000000000000000000 ) ) ;
#5165 = CARTESIAN_POINT ( 'NONE',  ( -7.570006911552474627, -14.11374937090567805, 5.701367134639007794 ) ) ;
#5166 = EDGE_CURVE ( 'NONE', #1453, #3794, #4933, .T. ) ;
#5167 = VERTEX_POINT ( 'NONE', #1919 ) ;
#5168 = CARTESIAN_POINT ( 'NONE',  ( -7.194693255846201119, -14.47308771211365475, -5.279513603438184433 ) ) ;
#5169 = ORIENTED_EDGE ( 'NONE', *, *, #649, .F. ) ;
#5170 = DIRECTION ( 'NONE',  ( -0.3535533905932770615, -0.7071067811865465735, 0.6123724356957936932 ) ) ;
#5171 = CARTESIAN_POINT ( 'NONE',  ( 0.7533464348837636271, -14.71948921096617546, -9.304834300919480938 ) ) ;
#5172 = ORIENTED_EDGE ( 'NONE', *, *, #5099, .T. ) ;
#5173 = DIRECTION ( 'NONE',  ( 0.3535533905932675691, -0.7071067811865486830, 0.6123724356957966908 ) ) ;
#5174 = DIRECTION ( 'NONE',  ( 0.000000000000000000, 0.7181832268395611507, 0.6958540455342021591 ) ) ;
#5175 = LINE ( 'NONE', #5151, #3776 ) ;
#5176 = DIRECTION ( 'NONE',  ( -0.3213938048432665728, 0.7660444431189745718, -0.5566703992264259160 ) ) ;
#5177 = CARTESIAN_POINT ( 'NONE',  ( 0.9301968237873377010, 1.561055623524468805, -1.611148159838845517 ) ) ;
#5178 = ORIENTED_EDGE ( 'NONE', *, *, #4291, .F. ) ;
#5179 = ADVANCED_FACE ( 'NONE', ( #599 ), #3558, .F. ) ;
#5180 = FACE_OUTER_BOUND ( 'NONE', #2214, .T. ) ;
#5181 = DIRECTION ( 'NONE',  ( -0.7660444431189746828, 0.6427876096865434707, 2.006177025403370566E-33 ) ) ;
#5182 = VERTEX_POINT ( 'NONE', #2356 ) ;
#5183 = CARTESIAN_POINT ( 'NONE',  ( 6.745221274779323650, -10.53011581463170820, -13.69155963388391228 ) ) ;
#5184 = CARTESIAN_POINT ( 'NONE',  ( 11.01400818703733897, -12.28680039317306871, 0.000000000000000000 ) ) ;
#5185 = DIRECTION ( 'NONE',  ( 0.3830222215594812352, 0.6427876096865434707, 0.6634139481689390605 ) ) ;
#5186 = ADVANCED_FACE ( 'NONE', ( #3336 ), #3691, .F. ) ;
#5187 = AXIS2_PLACEMENT_3D ( 'NONE', #1348, #4001, #2700 ) ;
#5188 = EDGE_CURVE ( 'NONE', #1827, #2399, #3189, .T. ) ;
#5189 = ORIENTED_EDGE ( 'NONE', *, *, #1666, .F. ) ;
#5190 = CIRCLE ( 'NONE', #2081, 0.8999999999999975797 ) ;
#5191 = EDGE_LOOP ( 'NONE', ( #5154, #4829, #542, #3666, #1961, #5300, #3247, #4800, #2739 ) ) ;
#5192 = DIRECTION ( 'NONE',  ( -0.7660444431189753489, 0.6427876096865425826, 0.000000000000000000 ) ) ;
#5193 = CARTESIAN_POINT ( 'NONE',  ( 1.714172666286669422, -10.04410220118996833, -13.61382172342680796 ) ) ;
#5194 = DIRECTION ( 'NONE',  ( 0.6427876096865435818, 0.7660444431189745718, 0.000000000000000000 ) ) ;
#5195 = ORIENTED_EDGE ( 'NONE', *, *, #1874, .F. ) ;
#5196 = VECTOR ( 'NONE', #804, 1000.000000000000114 ) ;
#5197 = CIRCLE ( 'NONE', #247, 16.82050807568877460 ) ;
#5198 = ORIENTED_EDGE ( 'NONE', *, *, #4124, .T. ) ;
#5199 = CARTESIAN_POINT ( 'NONE',  ( 3.609585597197336071, -13.21799793218496255, -15.99877999342343848 ) ) ;
#5200 = CARTESIAN_POINT ( 'NONE',  ( 6.421652895690870722, -7.749161009365014507, 11.12262908390826865 ) ) ;
#5201 = ADVANCED_FACE ( 'NONE', ( #5362 ), #3181, .F. ) ;
#5202 = CIRCLE ( 'NONE', #689, 0.4999999999999988343 ) ;
#5203 = EDGE_LOOP ( 'NONE', ( #4608, #700, #4756, #1323 ) ) ;
#5204 = CARTESIAN_POINT ( 'NONE',  ( -7.843563719720192395, -14.55235736181127493, 5.351144245894678519 ) ) ;
#5205 = CARTESIAN_POINT ( 'NONE',  ( 8.784462306178243196, -14.00793528616391548, 3.952165287288655016 ) ) ;
#5206 = VECTOR ( 'NONE', #4078, 1000.000000000000000 ) ;
#5207 = CARTESIAN_POINT ( 'NONE',  ( 11.12143109092569837, -10.25256981478052332, 8.550446985960093116 ) ) ;
#5208 = CARTESIAN_POINT ( 'NONE',  ( -7.549131645971000282, -14.63041161873191776, -5.367345610395390487 ) ) ;
#5209 = AXIS2_PLACEMENT_3D ( 'NONE', #249, #3503, #686 ) ;
#5210 = EDGE_LOOP ( 'NONE', ( #354, #4527, #4219, #2680 ) ) ;
#5211 = CARTESIAN_POINT ( 'NONE',  ( -8.316695969707540215, -14.57862378099385836, -5.055905980556698154 ) ) ;
#5212 = CARTESIAN_POINT ( 'NONE',  ( 1.720987091368291200, -10.03851191656744746, 13.61676795608950918 ) ) ;
#5213 = ORIENTED_EDGE ( 'NONE', *, *, #782, .T. ) ;
#5214 = DIRECTION ( 'NONE',  ( -0.7660444431189746828, 0.6427876096865434707, 2.006177025403370566E-33 ) ) ;
#5215 = CARTESIAN_POINT ( 'NONE',  ( 8.706311725460940565, -9.108473327997863578, -13.52748059638263811 ) ) ;
#5216 = AXIS2_PLACEMENT_3D ( 'NONE', #2163, #2082, #83 ) ;
#5217 = ORIENTED_EDGE ( 'NONE', *, *, #528, .F. ) ;
#5218 = AXIS2_PLACEMENT_3D ( 'NONE', #3130, #4428, #205 ) ;
#5219 = ORIENTED_EDGE ( 'NONE', *, *, #3852, .F. ) ;
#5220 = CARTESIAN_POINT ( 'NONE',  ( 3.288542903439997112, -16.22170548372021059, 6.293252364085416772 ) ) ;
#5221 = CARTESIAN_POINT ( 'NONE',  ( 1.957066748956826974, -9.899169239488793792, -14.06006541778979546 ) ) ;
#5222 = EDGE_CURVE ( 'NONE', #4314, #407, #4598, .T. ) ;
#5223 = VERTEX_POINT ( 'NONE', #2882 ) ;
#5224 = CARTESIAN_POINT ( 'NONE',  ( 10.35584448699762206, -10.76767214893827429, -8.114660781000793577 ) ) ;
#5225 = AXIS2_PLACEMENT_3D ( 'NONE', #4551, #735, #5032 ) ;
#5226 = ORIENTED_EDGE ( 'NONE', *, *, #5084, .T. ) ;
#5227 = CARTESIAN_POINT ( 'NONE',  ( -13.15490720515427725, -9.899169239487505934, 5.335163187396557483 ) ) ;
#5228 = CARTESIAN_POINT ( 'NONE',  ( 8.169539528126112060, -14.47308771211365297, -3.591030330280256866 ) ) ;
#5229 = ORIENTED_EDGE ( 'NONE', *, *, #2597, .F. ) ;
#5230 = EDGE_CURVE ( 'NONE', #3209, #4039, #1669, .T. ) ;
#5231 = CARTESIAN_POINT ( 'NONE',  ( -8.351177544467923042, -14.61971732159284443, 4.964429594865189976 ) ) ;
#5232 = CARTESIAN_POINT ( 'NONE',  ( 8.799352870248279501, -13.87034099175265212, 4.395823131849978971 ) ) ;
#5233 = CARTESIAN_POINT ( 'NONE',  ( 7.907669408331448935, -14.15702431588931809, -5.186639678463636827 ) ) ;
#5234 = CARTESIAN_POINT ( 'NONE',  ( -8.137011171728259384, -14.54680106284042473, -5.207358418214740325 ) ) ;
#5235 = VERTEX_POINT ( 'NONE', #2852 ) ;
#5236 = CARTESIAN_POINT ( 'NONE',  ( 0.7781803569742479221, -14.77868104270525684, 9.347847915731348323 ) ) ;
#5237 = CARTESIAN_POINT ( 'NONE',  ( 6.489493575772632639, -15.46775456608786925, -11.24013258862990838 ) ) ;
#5238 = EDGE_CURVE ( 'NONE', #5167, #5006, #4777, .T. ) ;
#5239 = ORIENTED_EDGE ( 'NONE', *, *, #5436, .T. ) ;
#5240 = CARTESIAN_POINT ( 'NONE',  ( 7.575148602646698315, -29.78836369688409746, -6.018531076210124357E-33 ) ) ;
#5241 = CARTESIAN_POINT ( 'NONE',  ( -0.8582434012323258976, -14.23997638458722470, 9.253753360406477668 ) ) ;
#5242 = CARTESIAN_POINT ( 'NONE',  ( -12.36272338464241649, -10.84401044073886133, -4.330127018921345439 ) ) ;
#5243 = EDGE_LOOP ( 'NONE', ( #1426, #1804, #111, #4703, #4430, #2838, #3897, #2138, #1847, #1627, #66, #4643, #4603 ) ) ;
#5244 = VERTEX_POINT ( 'NONE', #2028 ) ;
#5245 = DIRECTION ( 'NONE',  ( 0.000000000000000000, -0.7181832268395639263, 0.6958540455341993836 ) ) ;
#5246 = DIRECTION ( 'NONE',  ( 0.000000000000000000, 0.7181832268395610397, 0.6958540455342021591 ) ) ;
#5247 = ADVANCED_FACE ( 'NONE', ( #1611 ), #1409, .F. ) ;
#5248 = ORIENTED_EDGE ( 'NONE', *, *, #1230, .T. ) ;
#5249 = CARTESIAN_POINT ( 'NONE',  ( -7.471263631330052668, -14.66831244891575636, 5.341548368927229617 ) ) ;
#5250 = ORIENTED_EDGE ( 'NONE', *, *, #1146, .T. ) ;
#5251 = B_SPLINE_CURVE_WITH_KNOTS ( 'NONE', 3,
 ( #1973, #859, #4462, #677, #4494, #2384, #4079, #4050 ),
 .UNSPECIFIED., .F., .F.,
 ( 4, 2, 2, 4 ),
 ( 0.0002482743214226880955, 0.0007512527402213242276, 0.001002741949620639204, 0.001254231159019954071 ),
 .UNSPECIFIED. ) ;
#5252 = CARTESIAN_POINT ( 'NONE',  ( -12.55608055732268902, -10.28200636414768354, 5.083709405324118080 ) ) ;
#5253 = DIRECTION ( 'NONE',  ( -0.6427876096865431377, -0.7660444431189750158, 0.000000000000000000 ) ) ;
#5254 = EDGE_CURVE ( 'NONE', #3794, #100, #2291, .T. ) ;
#5255 = DIRECTION ( 'NONE',  ( 0.3830222215594812352, 0.6427876096865434707, 0.6634139481689390605 ) ) ;
#5256 = ORIENTED_EDGE ( 'NONE', *, *, #4021, .F. ) ;
#5257 = CARTESIAN_POINT ( 'NONE',  ( -7.585150852956483725, -14.24320236533375805, 5.360244539472742709 ) ) ;
#5258 = LINE ( 'NONE', #3970, #956 ) ;
#5259 = DIRECTION ( 'NONE',  ( 0.000000000000000000, -0.5878588831525614067, 0.8089634933040077414 ) ) ;
#5260 = CARTESIAN_POINT ( 'NONE',  ( 3.983988514638036271, -16.26814106199897125, -5.956717421355565811 ) ) ;
#5261 = CARTESIAN_POINT ( 'NONE',  ( 8.016250584520140166, -14.05794848917652651, 5.224299260749765139 ) ) ;
#5262 = CARTESIAN_POINT ( 'NONE',  ( 1.712726305398728277, -9.943221502640248843, 13.68701805935580573 ) ) ;
#5263 = VERTEX_POINT ( 'NONE', #2799 ) ;
#5264 = DIRECTION ( 'NONE',  ( -0.5000000000000043299, -0.8660254037844361541, 0.000000000000000000 ) ) ;
#5265 = DIRECTION ( 'NONE',  ( 0.000000000000000000, 0.5878588831525614067, 0.8089634933040077414 ) ) ;
#5266 = CARTESIAN_POINT ( 'NONE',  ( 10.49545018084060111, -10.72704289492961749, -7.994693298376615687 ) ) ;
#5267 = EDGE_CURVE ( 'NONE', #2244, #3479, #5003, .T. ) ;
#5268 = VERTEX_POINT ( 'NONE', #756 ) ;
#5269 = ORIENTED_EDGE ( 'NONE', *, *, #4547, .F. ) ;
#5270 = CARTESIAN_POINT ( 'NONE',  ( 3.734911082246402891, -16.20920710750991134, 6.017542500805815209 ) ) ;
#5271 = DIRECTION ( 'NONE',  ( 0.6427876096865434707, 0.7660444431189746828, 0.000000000000000000 ) ) ;
#5272 = CIRCLE ( 'NONE', #844, 16.82050807568877460 ) ;
#5273 = ORIENTED_EDGE ( 'NONE', *, *, #733, .F. ) ;
#5274 = DIRECTION ( 'NONE',  ( 0.000000000000000000, -0.7181832268395639263, 0.6958540455341993836 ) ) ;
#5275 = CARTESIAN_POINT ( 'NONE',  ( 11.34603901774656265, -9.482515100212502546, -8.389493518685950946 ) ) ;
#5276 = ORIENTED_EDGE ( 'NONE', *, *, #843, .T. ) ;
#5277 = CARTESIAN_POINT ( 'NONE',  ( 2.367187679621617580, -10.88569332758859787, 12.84126564117185332 ) ) ;
#5278 = CIRCLE ( 'NONE', #5017, 0.4999999999999992228 ) ;
#5279 = CARTESIAN_POINT ( 'NONE',  ( 8.076874774613727936, -14.00780457463747197, 5.248381166986069601 ) ) ;
#5280 = VECTOR ( 'NONE', #2590, 1000.000000000000000 ) ;
#5281 = ORIENTED_EDGE ( 'NONE', *, *, #4536, .T. ) ;
#5282 = VECTOR ( 'NONE', #1501, 1000.000000000000114 ) ;
#5283 = EDGE_CURVE ( 'NONE', #1947, #1605, #1147, .T. ) ;
#5284 = CARTESIAN_POINT ( 'NONE',  ( 9.369401554347934535, -17.71751119999077062, -6.481485183836380060 ) ) ;
#5285 = CARTESIAN_POINT ( 'NONE',  ( 8.271454600238138610, -14.48527678248614414, 3.280212695995084360 ) ) ;
#5286 = CARTESIAN_POINT ( 'NONE',  ( 2.967564274030543459, -16.73035900750217309, -7.107006837203758920 ) ) ;
#5287 = EDGE_CURVE ( 'NONE', #2571, #2709, #801, .T. ) ;
#5288 = AXIS2_PLACEMENT_3D ( 'NONE', #3263, #1177, #1566 ) ;
#5289 = EDGE_CURVE ( 'NONE', #856, #4075, #3599, .T. ) ;
#5290 = CARTESIAN_POINT ( 'NONE',  ( -13.43769487949158936, -9.661882189138758292, 5.685630034471890859 ) ) ;
#5291 = DIRECTION ( 'NONE',  ( -0.7406093086113528789, -0.2155386439426794642, -0.6364282716579811039 ) ) ;
#5292 = CIRCLE ( 'NONE', #5469, 15.00000000000000000 ) ;
#5293 = DIRECTION ( 'NONE',  ( 0.3213938048432666283, -0.7660444431189745718, 0.5566703992264260270 ) ) ;
#5294 = ORIENTED_EDGE ( 'NONE', *, *, #5018, .F. ) ;
#5295 = DIRECTION ( 'NONE',  ( -0.9214677052481090591, 0.2155386439426781042, -0.3231723397076795012 ) ) ;
#5296 = CARTESIAN_POINT ( 'NONE',  ( 7.792316403534103486, -8.811363985293036549, -13.83496827619795866 ) ) ;
#5297 = CARTESIAN_POINT ( 'NONE',  ( 11.14550127777764388, -10.05512921238468671, -7.980018229236027771 ) ) ;
#5298 = VECTOR ( 'NONE', #5453, 1000.000000000000000 ) ;
#5299 = ORIENTED_EDGE ( 'NONE', *, *, #1716, .F. ) ;
#5300 = ORIENTED_EDGE ( 'NONE', *, *, #4169, .T. ) ;
#5301 = CARTESIAN_POINT ( 'NONE',  ( 8.552419814611843307, -14.28826473966598165, -3.425738271697316151 ) ) ;
#5302 = CARTESIAN_POINT ( 'NONE',  ( 2.233015904905543358, -10.37947748913432200, -13.28959820138766013 ) ) ;
#5303 = AXIS2_PLACEMENT_3D ( 'NONE', #4202, #3690, #5390 ) ;
#5304 = EDGE_CURVE ( 'NONE', #1097, #2749, #3639, .T. ) ;
#5305 = TOROIDAL_SURFACE ( 'NONE', #2903, 7.000000000000000888, 0.5000000000000000000 ) ;
#5306 = VERTEX_POINT ( 'NONE', #3664 ) ;
#5307 = CYLINDRICAL_SURFACE ( 'NONE', #1369, 0.8999999999999973577 ) ;
#5308 = LINE ( 'NONE', #2828, #2713 ) ;
#5309 = VERTEX_POINT ( 'NONE', #1558 ) ;
#5310 = CARTESIAN_POINT ( 'NONE',  ( -12.57162427852311204, -10.21341757197208011, 5.180553601008439202 ) ) ;
#5311 = AXIS2_PLACEMENT_3D ( 'NONE', #163, #4414, #1089 ) ;
#5312 = CARTESIAN_POINT ( 'NONE',  ( 0.9575555538987059467, 1.606969024216363673, 1.658534870422352814 ) ) ;
#5313 = CIRCLE ( 'NONE', #5143, 6.799999999999999822 ) ;
#5314 = ORIENTED_EDGE ( 'NONE', *, *, #198, .T. ) ;
#5315 = CARTESIAN_POINT ( 'NONE',  ( 8.217936212333242452, -29.02231925376512223, 1.224646799147354440E-16 ) ) ;
#5316 = CARTESIAN_POINT ( 'NONE',  ( 7.712889954325684805, -14.56914429392643839, -5.251242279687129866 ) ) ;
#5317 = CARTESIAN_POINT ( 'NONE',  ( -12.99132850940159756, -10.17870286368842869, -5.374330444032626275 ) ) ;
#5318 = CARTESIAN_POINT ( 'NONE',  ( 1.474965379208205807, -9.615511229297561968, 13.94274511016215889 ) ) ;
#5319 = EDGE_CURVE ( 'NONE', #2691, #4250, #3254, .T. ) ;
#5320 = ORIENTED_EDGE ( 'NONE', *, *, #2159, .T. ) ;
#5321 = CARTESIAN_POINT ( 'NONE',  ( 1.591474286753483236, -9.483167966019406592, -14.02039568447102624 ) ) ;
#5322 = CARTESIAN_POINT ( 'NONE',  ( -0.8696454552382486547, -14.72383461542029259, 9.052757093832497048 ) ) ;
#5323 = DIRECTION ( 'NONE',  ( 0.3830222215594902280, 0.6427876096865435818, -0.6634139481689336204 ) ) ;
#5324 = EDGE_CURVE ( 'NONE', #3243, #271, #883, .T. ) ;
#5325 = EDGE_LOOP ( 'NONE', ( #980, #3598, #2113, #4571 ) ) ;
#5326 = EDGE_LOOP ( 'NONE', ( #4457, #2885, #3832, #621 ) ) ;
#5327 = CARTESIAN_POINT ( 'NONE',  ( -8.249818988739010095, -17.55259907022792376, 0.6153061745961780904 ) ) ;
#5328 = CARTESIAN_POINT ( 'NONE',  ( 4.198982166123773396, -18.34259803430771285, 5.628022683508029367 ) ) ;
#5329 = EDGE_LOOP ( 'NONE', ( #5273, #4929, #4978, #1687 ) ) ;
#5330 = CARTESIAN_POINT ( 'NONE',  ( 0.5162505845215903388, -14.05794848917658513, 9.554426279671085709 ) ) ;
#5331 = CARTESIAN_POINT ( 'NONE',  ( 11.02263102868843347, -10.44487808595866163, -8.560108329328212307 ) ) ;
#5332 = VERTEX_POINT ( 'NONE', #2001 ) ;
#5333 = CARTESIAN_POINT ( 'NONE',  ( -13.08083060293778566, -10.92195538458601156, 4.000000000000000000 ) ) ;
#5334 = CARTESIAN_POINT ( 'NONE',  ( 10.58974411832539708, -12.71106446188501238, 1.836970198721030181E-16 ) ) ;
#5335 = EDGE_CURVE ( 'NONE', #2749, #126, #4600, .T. ) ;
#5336 = ORIENTED_EDGE ( 'NONE', *, *, #4636, .T. ) ;
#5337 = CIRCLE ( 'NONE', #2936, 1.499999999999999334 ) ;
#5338 = CARTESIAN_POINT ( 'NONE',  ( -8.532501169041614375, -14.05794848917655315, 4.330127018921348103 ) ) ;
#5339 = CARTESIAN_POINT ( 'NONE',  ( 0.000000000000000000, -16.00000000000000000, -2.500000000000000000 ) ) ;
#5340 = SHAPE_DEFINITION_REPRESENTATION ( #4203, #2606 ) ;
#5341 = CARTESIAN_POINT ( 'NONE',  ( 3.125116976763362420, -16.29283499891865716, -6.486652301196937032 ) ) ;
#5342 = CARTESIAN_POINT ( 'NONE',  ( 1.149066664678475291, 1.928362829059636852, -1.990241844506807967 ) ) ;
#5343 = CARTESIAN_POINT ( 'NONE',  ( 8.724409670781524184, -10.33460695101432236, 14.77273052234479778 ) ) ;
#5344 = CIRCLE ( 'NONE', #3303, 0.4999999999999996114 ) ;
#5345 = ORIENTED_EDGE ( 'NONE', *, *, #1602, .F. ) ;
#5346 = SPHERICAL_SURFACE ( 'NONE', #4034, 17.00000000000000000 ) ;
#5347 = CARTESIAN_POINT ( 'NONE',  ( 7.311359234580703692, -9.250871677842205543, -14.44741907330357478 ) ) ;
#5348 = DIRECTION ( 'NONE',  ( 0.2647643271155417644, -0.9643131499088117842, 0.000000000000000000 ) ) ;
#5349 = EDGE_CURVE ( 'NONE', #907, #1072, #5313, .T. ) ;
#5350 = VERTEX_POINT ( 'NONE', #3362 ) ;
#5351 = CARTESIAN_POINT ( 'NONE',  ( -0.8696454552382484327, -14.72383461542029615, 9.052757093832498825 ) ) ;
#5352 = ORIENTED_EDGE ( 'NONE', *, *, #3953, .T. ) ;
#5353 = EDGE_CURVE ( 'NONE', #3878, #923, #2271, .T. ) ;
#5354 = CARTESIAN_POINT ( 'NONE',  ( -7.612814056169552757, -16.70260101140812026, 0.9740534754363330272 ) ) ;
#5355 = CARTESIAN_POINT ( 'NONE',  ( 2.270393464913373016, -10.80388577596859534, -13.67923117921113807 ) ) ;
#5356 = EDGE_CURVE ( 'NONE', #3444, #38, #1747, .T. ) ;
#5357 = B_SPLINE_CURVE_WITH_KNOTS ( 'NONE', 3,
 ( #3351, #5048, #5071, #5100, #391, #1239, #1291, #2953 ),
 .UNSPECIFIED., .F., .F.,
 ( 4, 2, 2, 4 ),
 ( 0.000000000000000000, 0.0006271155795099767104, 0.0009406733692649627346, 0.001254231159019948867 ),
 .UNSPECIFIED. ) ;
#5358 = ORIENTED_EDGE ( 'NONE', *, *, #4023, .T. ) ;
#5359 = CARTESIAN_POINT ( 'NONE',  ( 7.704100145620871309, -14.56767580721973765, 5.243858330729548989 ) ) ;
#5360 = CARTESIAN_POINT ( 'NONE',  ( 10.24381408708206287, -10.75773122283675143, 8.277377834242772181 ) ) ;
#5361 = DIRECTION ( 'NONE',  ( 0.6427876096865433597, 0.7660444431189745718, 0.000000000000000000 ) ) ;
#5362 = FACE_OUTER_BOUND ( 'NONE', #143, .T. ) ;
#5363 = AXIS2_PLACEMENT_3D ( 'NONE', #4947, #4523, #5387 ) ;
#5364 = CARTESIAN_POINT ( 'NONE',  ( 0.1637712463360256332, -14.33921762924459387, 10.03045446428200016 ) ) ;
#5365 = CIRCLE ( 'NONE', #2965, 4.857478350479742524 ) ;
#5366 = CARTESIAN_POINT ( 'NONE',  ( 7.306269787979247532, -9.448099665077302589, 14.62137478466828000 ) ) ;
#5367 = CARTESIAN_POINT ( 'NONE',  ( 10.83502433251838681, -10.72189812287458821, 8.655000684053755222 ) ) ;
#5368 = EDGE_CURVE ( 'NONE', #206, #3012, #48, .T. ) ;
#5369 = CARTESIAN_POINT ( 'NONE',  ( -15.27712048090208974, -13.53939173702823417, 4.873397172404478006 ) ) ;
#5370 = CIRCLE ( 'NONE', #242, 1.499999999999999334 ) ;
#5371 = CARTESIAN_POINT ( 'NONE',  ( -10.30968007008910448, -12.28659826202548366, 0.000000000000000000 ) ) ;
#5372 = DIRECTION ( 'NONE',  ( 0.000000000000000000, 0.6546536707079803064, -0.7559289460184516196 ) ) ;
#5373 = ORIENTED_EDGE ( 'NONE', *, *, #2563, .F. ) ;
#5374 = CARTESIAN_POINT ( 'NONE',  ( 0.000000000000000000, -16.00000000000000000, 0.9000000000000000222 ) ) ;
#5375 = FACE_BOUND ( 'NONE', #4120, .T. ) ;
#5376 = AXIS2_PLACEMENT_3D ( 'NONE', #3869, #2150, #64 ) ;
#5377 = CARTESIAN_POINT ( 'NONE',  ( -7.092479587506208105, -14.38793722877295167, -5.631940680437340419 ) ) ;
#5378 = AXIS2_PLACEMENT_3D ( 'NONE', #439, #2119, #4618 ) ;
#5379 = ORIENTED_EDGE ( 'NONE', *, *, #2437, .T. ) ;
#5380 = CARTESIAN_POINT ( 'NONE',  ( -15.66014270246157380, -13.21799793218496255, -4.873397172404478006 ) ) ;
#5381 = EDGE_LOOP ( 'NONE', ( #4330, #1277, #3124, #943 ) ) ;
#5382 = CARTESIAN_POINT ( 'NONE',  ( 8.385722068279292785, -10.36656433059741289, 12.59896333008288849 ) ) ;
#5383 = CARTESIAN_POINT ( 'NONE',  ( -12.58309184288301630, -9.901853762965105332, 5.714295091500236623 ) ) ;
#5384 = VECTOR ( 'NONE', #3790, 1000.000000000000000 ) ;
#5385 = AXIS2_PLACEMENT_3D ( 'NONE', #2866, #2840, #1648 ) ;
#5386 = EDGE_LOOP ( 'NONE', ( #4157, #640, #4071, #2769 ) ) ;
#5387 = DIRECTION ( 'NONE',  ( -1.000000000000000000, 0.000000000000000000, -1.224646799147353207E-16 ) ) ;
#5388 = CARTESIAN_POINT ( 'NONE',  ( 8.770936361607333254, -14.04013782782836550, 3.867004260215878286 ) ) ;
#5389 = EDGE_CURVE ( 'NONE', #3169, #3841, #1231, .T. ) ;
#5390 = DIRECTION ( 'NONE',  ( 3.469446951953616950E-15, 0.9756905822570606235, -0.2191526584253042642 ) ) ;
#5391 = DIRECTION ( 'NONE',  ( 0.3830222215594904500, 0.6427876096865433597, -0.6634139481689337314 ) ) ;
#5392 = AXIS2_PLACEMENT_3D ( 'NONE', #4976, #1584, #1244 ) ;
#5393 = ORIENTED_EDGE ( 'NONE', *, *, #11, .T. ) ;
#5394 = ORIENTED_EDGE ( 'NONE', *, *, #1549, .F. ) ;
#5395 = VECTOR ( 'NONE', #1208, 1000.000000000000114 ) ;
#5396 = DIRECTION ( 'NONE',  ( -0.6427876096865433597, -0.7660444431189745718, 0.000000000000000000 ) ) ;
#5397 = DATE_AND_TIME ( #2006, #1942 ) ;
#5398 = CARTESIAN_POINT ( 'NONE',  ( -8.532501169041614375, -14.05794848917655315, 4.330127018921348103 ) ) ;
#5399 = AXIS2_PLACEMENT_3D ( 'NONE', #360, #2034, #2389 ) ;
#5400 = ADVANCED_FACE ( 'NONE', ( #2109 ), #2076, .T. ) ;
#5401 = DIRECTION ( 'NONE',  ( 0.3830222215594811241, 0.6427876096865433597, 0.6634139481689389495 ) ) ;
#5402 = DIRECTION ( 'NONE',  ( 0.000000000000000000, 1.000000000000000000, 0.000000000000000000 ) ) ;
#5403 = ORIENTED_EDGE ( 'NONE', *, *, #5222, .T. ) ;
#5404 = CARTESIAN_POINT ( 'NONE',  ( -4.042432286947745368, -9.357656780031168964, 7.001698107150271966 ) ) ;
#5405 = CARTESIAN_POINT ( 'NONE',  ( 2.733323202288324705, -18.30309796396052491, 6.442774250876872166 ) ) ;
#5406 = AXIS2_PLACEMENT_3D ( 'NONE', #1305, #2995, #4696 ) ;
#5407 = CYLINDRICAL_SURFACE ( 'NONE', #266, 0.8999999999999975797 ) ;
#5408 = ORIENTED_EDGE ( 'NONE', *, *, #2142, .T. ) ;
#5409 = EDGE_CURVE ( 'NONE', #3142, #4453, #2379, .T. ) ;
#5410 = DIRECTION ( 'NONE',  ( -0.3830222215594904500, -0.6427876096865433597, 0.6634139481689337314 ) ) ;
#5411 = VERTEX_POINT ( 'NONE', #5351 ) ;
#5412 = PLANE ( 'NONE',  #4205 ) ;
#5413 = CARTESIAN_POINT ( 'NONE',  ( -17.14013072178019925, -10.32107796535238187, 0.2622204500586174380 ) ) ;
#5414 = ORIENTED_EDGE ( 'NONE', *, *, #214, .T. ) ;
#5415 = CARTESIAN_POINT ( 'NONE',  ( 7.731259622020082212, -14.83797325031954983, 5.390934471844693654 ) ) ;
#5416 = CARTESIAN_POINT ( 'NONE',  ( 8.784438762204729301, -14.00801007672469289, 3.951952870439778387 ) ) ;
#5417 = DIRECTION ( 'NONE',  ( 0.000000000000000000, -0.5878588831525579650, 0.8089634933040100728 ) ) ;
#5418 = EDGE_CURVE ( 'NONE', #784, #2189, #2017, .T. ) ;
#5419 = ORIENTED_EDGE ( 'NONE', *, *, #758, .T. ) ;
#5420 = ORIENTED_EDGE ( 'NONE', *, *, #487, .T. ) ;
#5421 = EDGE_CURVE ( 'NONE', #4094, #5235, #3537, .T. ) ;
#5422 = CARTESIAN_POINT ( 'NONE',  ( 6.489493575772632639, -15.46775456608786925, -11.24013258862990838 ) ) ;
#5423 = PERSON_AND_ORGANIZATION_ROLE ( 'classification_officer' ) ;
#5424 = CARTESIAN_POINT ( 'NONE',  ( 0.000000000000000000, -6.906250000000000000, 0.000000000000000000 ) ) ;
#5425 = CARTESIAN_POINT ( 'NONE',  ( 1.102182119232617788E-16, -14.97297565616133674, -0.9000000000000000222 ) ) ;
#5426 = FACE_OUTER_BOUND ( 'NONE', #466, .T. ) ;
#5427 = DIRECTION ( 'NONE',  ( 0.2647643271155490918, -0.9643131499088097858, 0.000000000000000000 ) ) ;
#5428 = CARTESIAN_POINT ( 'NONE',  ( 3.282943155586459660, -18.64080974307235294, 6.382078389370567706 ) ) ;
#5429 = CARTESIAN_POINT ( 'NONE',  ( 11.10266185558869267, -13.53939173702823417, 11.23037443313685380 ) ) ;
#5430 = VERTEX_POINT ( 'NONE', #4148 ) ;
#5431 = VECTOR ( 'NONE', #4081, 1000.000000000000114 ) ;
#5432 = CARTESIAN_POINT ( 'NONE',  ( -0.2202766745300357987, -14.57858900115261314, -9.730436412599889451 ) ) ;
#5433 = ORIENTED_EDGE ( 'NONE', *, *, #5063, .F. ) ;
#5434 = CARTESIAN_POINT ( 'NONE',  ( 8.577303485390430637, -10.94881824002293236, 13.07252641896353040 ) ) ;
#5435 = CARTESIAN_POINT ( 'NONE',  ( -17.06458747564830603, -10.25330002620747294, 0.5043517246036370860 ) ) ;
#5436 = EDGE_CURVE ( 'NONE', #4112, #51, #2737, .T. ) ;
#5437 = VERTEX_POINT ( 'NONE', #3731 ) ;
#5438 = DIRECTION ( 'NONE',  ( 0.1940782502882371641, -0.5220932199171717247, 0.8305132765233657066 ) ) ;
#5439 = CARTESIAN_POINT ( 'NONE',  ( -13.47203636089302137, -8.276728598351896338, 6.123233995736767268E-16 ) ) ;
#5440 = DIRECTION ( 'NONE',  ( 0.6839503439647051097, 6.938893903907232322E-15, -0.7295285648900675657 ) ) ;
#5441 = CARTESIAN_POINT ( 'NONE',  ( -12.58497472146898666, -9.905600129589071656, -5.701404578258064682 ) ) ;
#5442 = CARTESIAN_POINT ( 'NONE',  ( 3.858549542157520662, -16.23846107604306965, 5.987349805004397396 ) ) ;
#5443 = ORIENTED_EDGE ( 'NONE', *, *, #1859, .T. ) ;
#5444 = CARTESIAN_POINT ( 'NONE',  ( -15.85336961639888642, -11.17246254292066965, -0.6153061745961788676 ) ) ;
#5445 = AXIS2_PLACEMENT_3D ( 'NONE', #717, #4960, #2861 ) ;
#5446 = DATE_TIME_ROLE ( 'classification_date' ) ;
#5447 = CARTESIAN_POINT ( 'NONE',  ( 3.733145539467993324, -16.20878936425329897, -6.017973648978231616 ) ) ;
#5448 = EDGE_CURVE ( 'NONE', #3215, #4353, #3079, .T. ) ;
#5449 = AXIS2_PLACEMENT_3D ( 'NONE', #1631, #3248, #3278 ) ;
#5450 = CARTESIAN_POINT ( 'NONE',  ( 1.375913659961377267, -9.830502781409046875, 13.80132252366998635 ) ) ;
#5451 = CARTESIAN_POINT ( 'NONE',  ( 8.803732368567295907, -9.196766822400569197, 13.54130348511592885 ) ) ;
#5452 = FACE_OUTER_BOUND ( 'NONE', #4946, .T. ) ;
#5453 = DIRECTION ( 'NONE',  ( -0.3213938048432742334, 0.7660444431189746828, 0.5566703992264213641 ) ) ;
#5454 = EDGE_CURVE ( 'NONE', #2955, #2842, #3712, .T. ) ;
#5455 = DIRECTION ( 'NONE',  ( 0.6427876096865434707, 0.7660444431189746828, 0.000000000000000000 ) ) ;
#5456 = CIRCLE ( 'NONE', #1820, 13.95528573695286312 ) ;
#5457 = ORIENTED_EDGE ( 'NONE', *, *, #3717, .F. ) ;
#5458 = CARTESIAN_POINT ( 'NONE',  ( 2.905795964851661584, -14.70460469521733415, 5.032986247551650472 ) ) ;
#5459 = CIRCLE ( 'NONE', #4300, 17.32050807568877460 ) ;
#5460 = CONICAL_SURFACE ( 'NONE', #4035, 5.000000000000001776, 0.1745329251994333364 ) ;
#5461 = VERTEX_POINT ( 'NONE', #1544 ) ;
#5462 = CARTESIAN_POINT ( 'NONE',  ( -6.532648836735972964, -17.77714554259437563, 0.9999148308732959123 ) ) ;
#5463 = DIRECTION ( 'NONE',  ( -0.000000000000000000, 1.000000000000000000, -0.000000000000000000 ) ) ;
#5464 = AXIS2_PLACEMENT_3D ( 'NONE', #692, #2448, #5372 ) ;
#5465 = EDGE_CURVE ( 'NONE', #3889, #2779, #4421, .T. ) ;
#5466 = ORIENTED_EDGE ( 'NONE', *, *, #1188, .T. ) ;
#5467 = CARTESIAN_POINT ( 'NONE',  ( -12.34249305660434715, -10.85628928056504350, 4.343631251229706614 ) ) ;
#5468 = CARTESIAN_POINT ( 'NONE',  ( 8.573332578124166048, -14.54980754085662653, 4.440926865426018111 ) ) ;
#5469 = AXIS2_PLACEMENT_3D ( 'NONE', #1998, #3688, #1032 ) ;
#5470 = DIRECTION ( 'NONE',  ( 0.000000000000000000, -0.5878588831525550784, 0.8089634933040121823 ) ) ;
#5471 = CIRCLE ( 'NONE', #1306, 5.000000000000001776 ) ;
#5472 = CARTESIAN_POINT ( 'NONE',  ( -13.02626137987369326, -10.10760022101764655, -5.375204631157474822 ) ) ;
#5473 = DIRECTION ( 'NONE',  ( -0.000000000000000000, -1.000000000000000000, -0.000000000000000000 ) ) ;
#5474 = ORIENTED_EDGE ( 'NONE', *, *, #58, .F. ) ;
#5475 = FACE_OUTER_BOUND ( 'NONE', #2591, .T. ) ;
#5476 = AXIS2_PLACEMENT_3D ( 'NONE', #5076, #4949, #454 ) ;
#5477 = DIRECTION ( 'NONE',  ( -0.000000000000000000, -1.000000000000000000, -0.000000000000000000 ) ) ;
ENDSEC;
END-ISO-10303-21;
