ISO-10303-21;
HEADER;
FILE_DESCRIPTION (( 'STEP AP203' ),
    '1' );
FILE_NAME ('»ú¼ÜµçÂ·°å.STEP',
    '2026-02-18T03:49:44',
    ( '' ),
    ( '' ),
    'SwSTEP 2.0',
    'SolidWorks 2024',
    '' );
FILE_SCHEMA (( 'CONFIG_CONTROL_DESIGN' ));
ENDSEC;

DATA;
#1 = FACE_OUTER_BOUND ( 'NONE', #2208, .T. ) ;
#2 = CARTESIAN_POINT ( 'NONE',  ( 5.082284216461515156E-16, -12.00000000000000000, 4.150000000000000355 ) ) ;
#3 = ORIENTED_EDGE ( 'NONE', *, *, #3857, .T. ) ;
#4 = EDGE_CURVE ( 'NONE', #967, #2202, #2534, .T. ) ;
#5 = CARTESIAN_POINT ( 'NONE',  ( -7.500000000000000888, -12.00000000000000000, -7.500000000000000888 ) ) ;
#6 = ADVANCED_FACE ( 'NONE', ( #2578 ), #3337, .F. ) ;
#7 = FACE_BOUND ( 'NONE', #1006, .T. ) ;
#8 = LINE ( 'NONE', #2086, #1585 ) ;
#9 = EDGE_CURVE ( 'NONE', #3069, #5055, #2297, .T. ) ;
#10 = CARTESIAN_POINT ( 'NONE',  ( -18.75606001926123412, 2.000000000000000000, 27.06609133436747783 ) ) ;
#11 = ORIENTED_EDGE ( 'NONE', *, *, #4997, .T. ) ;
#12 = ORIENTED_EDGE ( 'NONE', *, *, #1722, .T. ) ;
#13 = FACE_OUTER_BOUND ( 'NONE', #5069, .T. ) ;
#14 = EDGE_LOOP ( 'NONE', ( #1051, #1328 ) ) ;
#15 = EDGE_CURVE ( 'NONE', #4924, #1011, #1737, .T. ) ;
#16 = CYLINDRICAL_SURFACE ( 'NONE', #203, 2.000000000000000000 ) ;
#17 = TOROIDAL_SURFACE ( 'NONE', #4163, 4.000000000000000000, 1.000000000000000000 ) ;
#18 = DIRECTION ( 'NONE',  ( -0.000000000000000000, -1.000000000000000000, 0.000000000000000000 ) ) ;
#19 = EDGE_CURVE ( 'NONE', #827, #4420, #5158, .T. ) ;
#20 = ORIENTED_EDGE ( 'NONE', *, *, #2382, .T. ) ;
#21 = VECTOR ( 'NONE', #428, 1000.000000000000000 ) ;
#22 = CYLINDRICAL_SURFACE ( 'NONE', #3486, 4.000000000000003553 ) ;
#23 = VECTOR ( 'NONE', #544, 1000.000000000000000 ) ;
#24 = DIRECTION ( 'NONE',  ( 0.000000000000000000, 1.000000000000000000, -0.000000000000000000 ) ) ;
#25 = AXIS2_PLACEMENT_3D ( 'NONE', #4756, #3015, #3869 ) ;
#26 = CIRCLE ( 'NONE', #1748, 4.000000000000003553 ) ;
#27 = CARTESIAN_POINT ( 'NONE',  ( -25.00119832667880004, 5.000000000000000000, 14.99811776992030765 ) ) ;
#28 = ORIENTED_EDGE ( 'NONE', *, *, #1722, .F. ) ;
#29 = EDGE_LOOP ( 'NONE', ( #3186, #4105 ) ) ;
#30 = VECTOR ( 'NONE', #2096, 1000.000000000000000 ) ;
#31 = VECTOR ( 'NONE', #1205, 1000.000000000000000 ) ;
#32 = DIRECTION ( 'NONE',  ( 0.000000000000000000, 1.000000000000000000, -0.000000000000000000 ) ) ;
#33 = FACE_OUTER_BOUND ( 'NONE', #501, .T. ) ;
#34 = VECTOR ( 'NONE', #3183, 1000.000000000000000 ) ;
#35 = VERTEX_POINT ( 'NONE', #2602 ) ;
#36 = DIRECTION ( 'NONE',  ( -0.000000000000000000, -1.000000000000000000, -0.000000000000000000 ) ) ;
#37 = DIRECTION ( 'NONE',  ( 0.000000000000000000, 0.000000000000000000, 1.000000000000000000 ) ) ;
#38 = DIRECTION ( 'NONE',  ( 0.000000000000000000, 1.000000000000000000, -0.000000000000000000 ) ) ;
#39 = AXIS2_PLACEMENT_3D ( 'NONE', #2767, #309, #1527 ) ;
#40 = AXIS2_PLACEMENT_3D ( 'NONE', #3057, #2238, #2860 ) ;
#41 = DIRECTION ( 'NONE',  ( 0.000000000000000000, 1.000000000000000000, -0.000000000000000000 ) ) ;
#42 = EDGE_CURVE ( 'NONE', #5053, #3706, #1187, .T. ) ;
#43 = ORIENTED_EDGE ( 'NONE', *, *, #3168, .T. ) ;
#44 = ORIENTED_EDGE ( 'NONE', *, *, #2867, .T. ) ;
#45 = EDGE_LOOP ( 'NONE', ( #2354, #3266, #2576, #4129 ) ) ;
#46 = CIRCLE ( 'NONE', #2197, 4.000000000000003553 ) ;
#47 = CIRCLE ( 'NONE', #1766, 2.000000000000001776 ) ;
#48 = CARTESIAN_POINT ( 'NONE',  ( -14.99811776992028634, 5.000000000000000000, 25.00119832667883202 ) ) ;
#49 = CARTESIAN_POINT ( 'NONE',  ( 14.99811776992027568, 5.000000000000000000, 25.00119832667880360 ) ) ;
#50 = DIRECTION ( 'NONE',  ( 0.000000000000000000, 1.000000000000000000, -0.000000000000000000 ) ) ;
#51 = EDGE_CURVE ( 'NONE', #3989, #5327, #2935, .T. ) ;
#52 = CARTESIAN_POINT ( 'NONE',  ( -25.00119832667881425, 5.000000000000000000, -14.09811776992030907 ) ) ;
#53 = VECTOR ( 'NONE', #2352, 1000.000000000000000 ) ;
#54 = DIRECTION ( 'NONE',  ( 0.000000000000000000, 0.000000000000000000, -1.000000000000000000 ) ) ;
#55 = ORIENTED_EDGE ( 'NONE', *, *, #5140, .T. ) ;
#56 = VERTEX_POINT ( 'NONE', #3399 ) ;
#57 = TOROIDAL_SURFACE ( 'NONE', #5324, 2.249999999999986233, 0.5000000000000000000 ) ;
#58 = FACE_BOUND ( 'NONE', #29, .T. ) ;
#59 = CYLINDRICAL_SURFACE ( 'NONE', #823, 1.000000000000000888 ) ;
#60 = AXIS2_PLACEMENT_3D ( 'NONE', #1519, #2758, #5221 ) ;
#61 = DIRECTION ( 'NONE',  ( -1.000000000000000000, 0.000000000000000000, 0.000000000000000000 ) ) ;
#62 = ORIENTED_EDGE ( 'NONE', *, *, #3352, .F. ) ;
#63 = AXIS2_PLACEMENT_3D ( 'NONE', #4986, #18, #5357 ) ;
#64 = DIRECTION ( 'NONE',  ( 0.000000000000000000, 0.000000000000000000, 1.000000000000000000 ) ) ;
#65 =( BOUNDED_CURVE ( )  B_SPLINE_CURVE ( 3, ( #1640, #3776, #4553, #2479 ),
 .UNSPECIFIED., .F., .T. ) 
 B_SPLINE_CURVE_WITH_KNOTS ( ( 4, 4 ),
 ( 5.497787143782137953, 7.068583470577034511 ),
 .UNSPECIFIED. ) 
 CURVE ( )  GEOMETRIC_REPRESENTATION_ITEM ( )  RATIONAL_B_SPLINE_CURVE ( ( 1.000000000000000000, 0.8047378541243649375, 0.8047378541243649375, 1.000000000000000000 ) ) 
 REPRESENTATION_ITEM ( '' )  );
#66 = CYLINDRICAL_SURFACE ( 'NONE', #3128, 1.749999999999999778 ) ;
#67 = PERSON ( 'æœª', 'æœª', 'æœª', ('æœª'), ('æœª'), ('æœª') ) ;
#68 = DIRECTION ( 'NONE',  ( 0.000000000000000000, 0.000000000000000000, -1.000000000000000000 ) ) ;
#69 = CARTESIAN_POINT ( 'NONE',  ( 2.934493141924172210, -3.065506858075827790, -2.934493141924172210 ) ) ;
#70 = DIRECTION ( 'NONE',  ( -0.000000000000000000, -1.000000000000000000, -0.000000000000000000 ) ) ;
#71 = ORIENTED_EDGE ( 'NONE', *, *, #2893, .T. ) ;
#72 = ORIENTED_EDGE ( 'NONE', *, *, #4785, .T. ) ;
#73 = ORIENTED_EDGE ( 'NONE', *, *, #3817, .F. ) ;
#74 = CYLINDRICAL_SURFACE ( 'NONE', #1662, 0.8999999999999998002 ) ;
#75 = CARTESIAN_POINT ( 'NONE',  ( 20.07993130715161811, 2.000000000000000000, 28.56521268139020364 ) ) ;
#76 = CARTESIAN_POINT ( 'NONE',  ( 13.50000000000000178, 0.000000000000000000, 7.500000000000000888 ) ) ;
#77 = LINE ( 'NONE', #4266, #811 ) ;
#78 = DIRECTION ( 'NONE',  ( -0.7071067811865474617, 0.000000000000000000, -0.7071067811865476838 ) ) ;
#79 = PERSON_AND_ORGANIZATION ( #67, #4028 ) ;
#80 = VERTEX_POINT ( 'NONE', #1375 ) ;
#81 = EDGE_LOOP ( 'NONE', ( #2394, #4116, #2008, #984 ) ) ;
#82 = LINE ( 'NONE', #4137, #2610 ) ;
#83 = EDGE_CURVE ( 'NONE', #3332, #2909, #2556, .T. ) ;
#84 = CARTESIAN_POINT ( 'NONE',  ( 25.00119832667881425, 2.500000000000000000, -14.99811776992029344 ) ) ;
#85 = DIRECTION ( 'NONE',  ( 0.000000000000000000, 0.000000000000000000, 1.000000000000000000 ) ) ;
#86 = ORIENTED_EDGE ( 'NONE', *, *, #2486, .T. ) ;
#87 = DIRECTION ( 'NONE',  ( 0.000000000000000000, 1.000000000000000000, -0.000000000000000000 ) ) ;
#88 = CARTESIAN_POINT ( 'NONE',  ( -25.00119832667880004, 5.000000000000000000, 13.24811776992030765 ) ) ;
#89 = EDGE_CURVE ( 'NONE', #988, #2594, #235, .T. ) ;
#90 = DIRECTION ( 'NONE',  ( -0.000000000000000000, -1.000000000000000000, -0.000000000000000000 ) ) ;
#91 = DIRECTION ( 'NONE',  ( -0.000000000000000000, -1.000000000000000000, 0.000000000000000000 ) ) ;
#92 = CARTESIAN_POINT ( 'NONE',  ( 24.06784864032188054, 2.000000000000000000, 16.10831744348034889 ) ) ;
#93 = ORIENTED_EDGE ( 'NONE', *, *, #4217, .T. ) ;
#94 = ORIENTED_EDGE ( 'NONE', *, *, #4982, .F. ) ;
#95 = FACE_OUTER_BOUND ( 'NONE', #3937, .T. ) ;
#96 = DIRECTION ( 'NONE',  ( 0.000000000000000000, 0.000000000000000000, 1.000000000000000000 ) ) ;
#97 = DIRECTION ( 'NONE',  ( 0.000000000000000000, 0.000000000000000000, 1.000000000000000000 ) ) ;
#98 = CARTESIAN_POINT ( 'NONE',  ( 19.99999999999999289, 0.000000000000000000, -5.500000000000018652 ) ) ;
#99 = COORDINATED_UNIVERSAL_TIME_OFFSET ( 8, 0, .AHEAD. ) ;
#100 = VERTEX_POINT ( 'NONE', #5082 ) ;
#101 = DIRECTION ( 'NONE',  ( 0.000000000000000000, -0.000000000000000000, -1.000000000000000000 ) ) ;
#102 = FACE_OUTER_BOUND ( 'NONE', #2776, .T. ) ;
#103 = CARTESIAN_POINT ( 'NONE',  ( 13.50000000000000178, -1.000000000000000888, 7.500000000000000888 ) ) ;
#104 = ADVANCED_FACE ( 'NONE', ( #1354 ), #4905, .F. ) ;
#105 = AXIS2_PLACEMENT_3D ( 'NONE', #3340, #4970, #5002 ) ;
#106 = VECTOR ( 'NONE', #3745, 1000.000000000000000 ) ;
#107 = VERTEX_POINT ( 'NONE', #4262 ) ;
#108 = EDGE_CURVE ( 'NONE', #499, #2239, #4654, .T. ) ;
#109 = VECTOR ( 'NONE', #1049, 1000.000000000000000 ) ;
#110 = AXIS2_PLACEMENT_3D ( 'NONE', #4052, #786, #3201 ) ;
#111 = CARTESIAN_POINT ( 'NONE',  ( -14.99811776992028989, 0.000000000000000000, -24.10119832667882989 ) ) ;
#112 = CARTESIAN_POINT ( 'NONE',  ( 14.99811776992028989, 2.500000000000000000, -25.00119832667880360 ) ) ;
#113 = EDGE_CURVE ( 'NONE', #5100, #4547, #3951, .T. ) ;
#114 = EDGE_LOOP ( 'NONE', ( #3720, #2743, #2929, #4864 ) ) ;
#115 = AXIS2_PLACEMENT_3D ( 'NONE', #4672, #2601, #3867 ) ;
#116 = CARTESIAN_POINT ( 'NONE',  ( -5.500000000000000888, 2.000000000000000000, 20.00000000000002487 ) ) ;
#117 = CARTESIAN_POINT ( 'NONE',  ( -2.934493141924172210, -3.065506858075827790, 2.934493141924172210 ) ) ;
#118 = CARTESIAN_POINT ( 'NONE',  ( -22.04248076409415802, 0.000000000000000000, 10.82647259854743105 ) ) ;
#119 = EDGE_CURVE ( 'NONE', #1726, #1433, #503, .T. ) ;
#120 = AXIS2_PLACEMENT_3D ( 'NONE', #1626, #3341, #3308 ) ;
#121 = EDGE_CURVE ( 'NONE', #1956, #5179, #1783, .T. ) ;
#122 = ORIENTED_EDGE ( 'NONE', *, *, #1825, .F. ) ;
#123 = EDGE_LOOP ( 'NONE', ( #2895, #3580, #602, #3977 ) ) ;
#124 = ORIENTED_EDGE ( 'NONE', *, *, #3801, .F. ) ;
#125 = CARTESIAN_POINT ( 'NONE',  ( 15.59751454687766881, 2.000000000000000000, -5.980998276113258072 ) ) ;
#126 = DIRECTION ( 'NONE',  ( -0.000000000000000000, -1.000000000000000000, -0.000000000000000000 ) ) ;
#127 = AXIS2_PLACEMENT_3D ( 'NONE', #1905, #4758, #2694 ) ;
#128 = VECTOR ( 'NONE', #2346, 1000.000000000000000 ) ;
#129 = CARTESIAN_POINT ( 'NONE',  ( -27.06609133436744941, 2.000000000000000000, -18.75606001926122346 ) ) ;
#130 = DIRECTION ( 'NONE',  ( -0.000000000000000000, -1.000000000000000000, -0.000000000000000000 ) ) ;
#131 = AXIS2_PLACEMENT_3D ( 'NONE', #4748, #3941, #3143 ) ;
#132 = CIRCLE ( 'NONE', #4538, 0.5000000000000004441 ) ;
#133 = APPROVAL_ROLE ( '' ) ;
#134 = ORIENTED_EDGE ( 'NONE', *, *, #2095, .F. ) ;
#135 = DIRECTION ( 'NONE',  ( 0.000000000000000000, 1.000000000000000000, 0.000000000000000000 ) ) ;
#136 = ADVANCED_FACE ( 'NONE', ( #1395 ), #444, .T. ) ;
#137 = AXIS2_PLACEMENT_3D ( 'NONE', #3549, #2215, #3090 ) ;
#138 = DIRECTION ( 'NONE',  ( -0.000000000000000000, -1.000000000000000000, 0.000000000000000000 ) ) ;
#139 = DIRECTION ( 'NONE',  ( -0.7071067811865486830, 0.000000000000000000, 0.7071067811865464625 ) ) ;
#140 = AXIS2_PLACEMENT_3D ( 'NONE', #4797, #275, #3246 ) ;
#141 = ORIENTED_EDGE ( 'NONE', *, *, #2893, .F. ) ;
#142 = EDGE_CURVE ( 'NONE', #3899, #927, #5236, .T. ) ;
#143 = AXIS2_PLACEMENT_3D ( 'NONE', #2810, #3208, #2779 ) ;
#144 = CARTESIAN_POINT ( 'NONE',  ( 25.00119832667881425, 5.000000000000000000, -13.24811776992029522 ) ) ;
#145 = CARTESIAN_POINT ( 'NONE',  ( -7.500000000000000888, -12.00000000000000000, 7.500000000000000888 ) ) ;
#146 = EDGE_CURVE ( 'NONE', #1225, #4168, #1854, .T. ) ;
#147 = CIRCLE ( 'NONE', #1103, 2.500000000000000444 ) ;
#148 = CARTESIAN_POINT ( 'NONE',  ( 9.184850993605147944E-16, 2.500000000000000000, -7.500000000000000000 ) ) ;
#149 = ADVANCED_FACE ( 'NONE', ( #263 ), #5209, .T. ) ;
#150 = DIRECTION ( 'NONE',  ( 0.000000000000000000, -0.000000000000000000, 1.000000000000000000 ) ) ;
#151 = ORIENTED_EDGE ( 'NONE', *, *, #1275, .F. ) ;
#152 = ORIENTED_EDGE ( 'NONE', *, *, #933, .T. ) ;
#153 = ORIENTED_EDGE ( 'NONE', *, *, #3409, .T. ) ;
#154 = DIRECTION ( 'NONE',  ( 0.000000000000000000, 1.000000000000000000, 0.000000000000000000 ) ) ;
#155 = CARTESIAN_POINT ( 'NONE',  ( 10.11039691870838020, 2.000000000000000000, -23.90989491760782570 ) ) ;
#156 = CARTESIAN_POINT ( 'NONE',  ( -27.06609133436745296, 2.000000000000000000, 18.75606001926120925 ) ) ;
#157 = CARTESIAN_POINT ( 'NONE',  ( 2.934493141924172210, -8.934493141924171766, 2.934493141924172210 ) ) ;
#158 = ORIENTED_EDGE ( 'NONE', *, *, #1627, .F. ) ;
#159 = ORIENTED_EDGE ( 'NONE', *, *, #3280, .T. ) ;
#160 = DIRECTION ( 'NONE',  ( 0.000000000000000000, -1.000000000000000000, 0.000000000000000000 ) ) ;
#161 = CARTESIAN_POINT ( 'NONE',  ( 23.90989491760779728, 2.000000000000000000, -10.11039691870838553 ) ) ;
#162 = VERTEX_POINT ( 'NONE', #1902 ) ;
#163 = CARTESIAN_POINT ( 'NONE',  ( 16.10831744348034533, 0.000000000000000000, -24.06784864032195159 ) ) ;
#164 = VERTEX_POINT ( 'NONE', #3515 ) ;
#165 = ADVANCED_FACE ( 'NONE', ( #3558 ), #2280, .T. ) ;
#166 = CARTESIAN_POINT ( 'NONE',  ( -19.99999999999999289, 0.000000000000000000, 5.500000000000017764 ) ) ;
#167 = CARTESIAN_POINT ( 'NONE',  ( 14.99811776992028989, 5.000000000000000000, -23.25119832667881781 ) ) ;
#168 = EDGE_LOOP ( 'NONE', ( #2585, #2309, #3053, #1666 ) ) ;
#169 = CARTESIAN_POINT ( 'NONE',  ( -10.11039691870840862, 0.000000000000000000, 23.90989491760783636 ) ) ;
#170 = DIRECTION ( 'NONE',  ( -1.000000000000000000, 0.000000000000000000, 0.000000000000000000 ) ) ;
#171 = DIRECTION ( 'NONE',  ( 0.000000000000000000, 0.000000000000000000, -1.000000000000000000 ) ) ;
#172 = ORIENTED_EDGE ( 'NONE', *, *, #4281, .F. ) ;
#173 = ADVANCED_FACE ( 'NONE', ( #1042 ), #2665, .T. ) ;
#174 = EDGE_LOOP ( 'NONE', ( #2574, #2457, #268, #1451, #813, #1873, #2900 ) ) ;
#175 = VERTEX_POINT ( 'NONE', #4812 ) ;
#176 = EDGE_CURVE ( 'NONE', #2337, #3431, #797, .T. ) ;
#177 = DIRECTION ( 'NONE',  ( 0.000000000000000000, 0.000000000000000000, 1.000000000000000000 ) ) ;
#178 = CYLINDRICAL_SURFACE ( 'NONE', #1498, 1.000000000000000888 ) ;
#179 = EDGE_LOOP ( 'NONE', ( #4260, #3527, #3199, #122 ) ) ;
#180 = DIRECTION ( 'NONE',  ( 0.000000000000000000, 0.000000000000000000, -1.000000000000000000 ) ) ;
#181 = DIRECTION ( 'NONE',  ( -0.000000000000000000, 1.000000000000000000, -0.000000000000000000 ) ) ;
#182 = ORIENTED_EDGE ( 'NONE', *, *, #4967, .T. ) ;
#183 = EDGE_CURVE ( 'NONE', #2079, #3444, #1921, .T. ) ;
#184 = ORIENTED_EDGE ( 'NONE', *, *, #2167, .F. ) ;
#185 = CARTESIAN_POINT ( 'NONE',  ( -14.99811776992028634, 0.000000000000000000, 25.90119832667883415 ) ) ;
#186 = DIRECTION ( 'NONE',  ( -0.000000000000000000, -1.000000000000000000, -0.000000000000000000 ) ) ;
#187 = EDGE_CURVE ( 'NONE', #596, #2188, #3133, .T. ) ;
#188 = CARTESIAN_POINT ( 'NONE',  ( 22.20396889562778853, 0.000000000000000000, 27.86082314512018598 ) ) ;
#189 = ADVANCED_FACE ( 'NONE', ( #2750 ), #286, .F. ) ;
#190 = ORIENTED_EDGE ( 'NONE', *, *, #4849, .T. ) ;
#191 = CARTESIAN_POINT ( 'NONE',  ( 14.00000000000000178, -1.000000000000000000, 14.00000000000001243 ) ) ;
#192 = AXIS2_PLACEMENT_3D ( 'NONE', #1763, #90, #3135 ) ;
#193 = AXIS2_PLACEMENT_3D ( 'NONE', #5178, #2742, #1895 ) ;
#194 = FACE_OUTER_BOUND ( 'NONE', #3746, .T. ) ;
#195 = VERTEX_POINT ( 'NONE', #666 ) ;
#196 = CIRCLE ( 'NONE', #3132, 1.749999999999987566 ) ;
#197 = DIRECTION ( 'NONE',  ( 0.000000000000000000, 1.000000000000000000, -0.000000000000000000 ) ) ;
#198 = AXIS2_PLACEMENT_3D ( 'NONE', #4754, #4838, #3152 ) ;
#199 = CARTESIAN_POINT ( 'NONE',  ( -14.99811776992028989, 2.000000000000000000, -22.75119832667882847 ) ) ;
#200 = DIRECTION ( 'NONE',  ( 0.000000000000000000, 0.000000000000000000, -1.000000000000000000 ) ) ;
#201 = ADVANCED_FACE ( 'NONE', ( #1882 ), #1477, .F. ) ;
#202 = VERTEX_POINT ( 'NONE', #3593 ) ;
#203 = AXIS2_PLACEMENT_3D ( 'NONE', #856, #939, #2130 ) ;
#204 = AXIS2_PLACEMENT_3D ( 'NONE', #4235, #3012, #635 ) ;
#205 = ORIENTED_EDGE ( 'NONE', *, *, #4406, .F. ) ;
#206 = LINE ( 'NONE', #4699, #2531 ) ;
#207 = DIRECTION ( 'NONE',  ( 0.000000000000000000, 0.000000000000000000, 1.000000000000000000 ) ) ;
#208 = ORIENTED_EDGE ( 'NONE', *, *, #3981, .T. ) ;
#209 = DIRECTION ( 'NONE',  ( 0.3580378399195150996, 0.000000000000000000, -0.9337070767568208529 ) ) ;
#210 = AXIS2_PLACEMENT_3D ( 'NONE', #5128, #4729, #2577 ) ;
#211 = EDGE_CURVE ( 'NONE', #4100, #3778, #3217, .T. ) ;
#212 = CARTESIAN_POINT ( 'NONE',  ( 2.934493141924172210, -3.065506858075827790, 2.934493141924172210 ) ) ;
#213 = PERSON_AND_ORGANIZATION_ROLE ( 'creator' ) ;
#214 = ORIENTED_EDGE ( 'NONE', *, *, #919, .T. ) ;
#215 = VECTOR ( 'NONE', #5106, 1000.000000000000000 ) ;
#216 = VECTOR ( 'NONE', #4065, 1000.000000000000000 ) ;
#217 = ORIENTED_EDGE ( 'NONE', *, *, #1401, .T. ) ;
#218 = EDGE_CURVE ( 'NONE', #175, #5094, #4696, .T. ) ;
#219 = ORIENTED_EDGE ( 'NONE', *, *, #288, .T. ) ;
#220 = DIRECTION ( 'NONE',  ( 0.000000000000000000, 0.000000000000000000, 1.000000000000000000 ) ) ;
#221 = AXIS2_PLACEMENT_3D ( 'NONE', #952, #3861, #2121 ) ;
#222 = DIRECTION ( 'NONE',  ( -0.000000000000000000, -1.000000000000000000, 0.000000000000000000 ) ) ;
#223 = CARTESIAN_POINT ( 'NONE',  ( 14.99811776992027568, 2.500000000000000000, 25.00119832667880360 ) ) ;
#224 = ORIENTED_EDGE ( 'NONE', *, *, #3756, .T. ) ;
#225 = AXIS2_PLACEMENT_3D ( 'NONE', #4965, #1254, #4557 ) ;
#226 = DIRECTION ( 'NONE',  ( 0.7071067811865455743, -0.000000000000000000, 0.7071067811865494601 ) ) ;
#227 = EDGE_CURVE ( 'NONE', #5169, #1210, #2227, .T. ) ;
#228 = DIRECTION ( 'NONE',  ( 0.000000000000000000, 0.000000000000000000, 1.000000000000000000 ) ) ;
#229 = VECTOR ( 'NONE', #5362, 1000.000000000000000 ) ;
#230 = CARTESIAN_POINT ( 'NONE',  ( -14.99811776992028634, 0.000000000000000000, 24.10119832667882989 ) ) ;
#231 = ORIENTED_EDGE ( 'NONE', *, *, #4035, .F. ) ;
#232 = VECTOR ( 'NONE', #3291, 1000.000000000000000 ) ;
#233 = CARTESIAN_POINT ( 'NONE',  ( 0.000000000000000000, 5.000000000000000000, 0.000000000000000000 ) ) ;
#234 = FACE_OUTER_BOUND ( 'NONE', #4540, .T. ) ;
#235 = CIRCLE ( 'NONE', #3249, 4.000000000000003553 ) ;
#236 = DIRECTION ( 'NONE',  ( -0.000000000000000000, -1.000000000000000000, -0.000000000000000000 ) ) ;
#237 = VERTEX_POINT ( 'NONE', #5129 ) ;
#238 = EDGE_LOOP ( 'NONE', ( #4698, #1960, #152, #5355 ) ) ;
#239 = DIRECTION ( 'NONE',  ( -0.7071067811865494601, 0.000000000000000000, 0.7071067811865455743 ) ) ;
#240 = DIRECTION ( 'NONE',  ( 0.000000000000000000, 0.000000000000000000, -1.000000000000000000 ) ) ;
#241 = CARTESIAN_POINT ( 'NONE',  ( -10.82647259854740973, 2.000000000000000000, -22.04248076409418289 ) ) ;
#242 = DIRECTION ( 'NONE',  ( 0.000000000000000000, 0.000000000000000000, -1.000000000000000000 ) ) ;
#243 =( BOUNDED_CURVE ( )  B_SPLINE_CURVE ( 3, ( #4128, #4456, #4478, #2387 ),
 .UNSPECIFIED., .F., .T. ) 
 B_SPLINE_CURVE_WITH_KNOTS ( ( 4, 4 ),
 ( 3.141592653589793116, 3.926990816987240951 ),
 .UNSPECIFIED. ) 
 CURVE ( )  GEOMETRIC_REPRESENTATION_ITEM ( )  RATIONAL_B_SPLINE_CURVE ( ( 1.000000000000000000, 0.9492530216741912330, 0.9492530216741912330, 1.000000000000000000 ) ) 
 REPRESENTATION_ITEM ( '' )  );
#244 = ORIENTED_EDGE ( 'NONE', *, *, #2486, .F. ) ;
#245 = ORIENTED_EDGE ( 'NONE', *, *, #562, .F. ) ;
#246 = FACE_OUTER_BOUND ( 'NONE', #293, .T. ) ;
#247 = DIRECTION ( 'NONE',  ( 0.000000000000000000, 0.000000000000000000, 1.000000000000000000 ) ) ;
#248 = DIRECTION ( 'NONE',  ( 0.000000000000000000, 1.000000000000000000, -0.000000000000000000 ) ) ;
#249 = ADVANCED_FACE ( 'NONE', ( #4730 ), #178, .F. ) ;
#250 = EDGE_CURVE ( 'NONE', #4168, #2496, #4783, .T. ) ;
#251 = ORIENTED_EDGE ( 'NONE', *, *, #4173, .F. ) ;
#252 = CARTESIAN_POINT ( 'NONE',  ( 25.00119832667881425, 5.000000000000000000, -14.99811776992029344 ) ) ;
#253 = FACE_OUTER_BOUND ( 'NONE', #1277, .T. ) ;
#254 = PLANE ( 'NONE',  #362 ) ;
#255 = VERTEX_POINT ( 'NONE', #3281 ) ;
#256 = PLANE ( 'NONE',  #1937 ) ;
#257 = PLANE ( 'NONE',  #2203 ) ;
#258 = DIRECTION ( 'NONE',  ( -0.000000000000000000, -1.000000000000000000, -0.000000000000000000 ) ) ;
#259 = ORIENTED_EDGE ( 'NONE', *, *, #5154, .T. ) ;
#260 = EDGE_CURVE ( 'NONE', #3452, #2075, #4919, .T. ) ;
#261 = ORIENTED_EDGE ( 'NONE', *, *, #1656, .T. ) ;
#262 = FACE_BOUND ( 'NONE', #2091, .T. ) ;
#263 = FACE_OUTER_BOUND ( 'NONE', #4481, .T. ) ;
#264 = ORIENTED_EDGE ( 'NONE', *, *, #1345, .F. ) ;
#265 = LINE ( 'NONE', #5269, #2349 ) ;
#266 = LINE ( 'NONE', #3076, #2970 ) ;
#267 = ORIENTED_EDGE ( 'NONE', *, *, #2991, .T. ) ;
#268 = ORIENTED_EDGE ( 'NONE', *, *, #2420, .F. ) ;
#269 = CARTESIAN_POINT ( 'NONE',  ( 5.980998276113258960, 2.000000000000000000, 15.59751454687771854 ) ) ;
#270 = CARTESIAN_POINT ( 'NONE',  ( 0.000000000000000000, 2.500000000000000000, -7.000000000000000000 ) ) ;
#271 = CARTESIAN_POINT ( 'NONE',  ( 0.000000000000000000, -6.000000000000000000, -12.50000000000000000 ) ) ;
#272 = VERTEX_POINT ( 'NONE', #5319 ) ;
#273 = FACE_OUTER_BOUND ( 'NONE', #2754, .T. ) ;
#274 = EDGE_CURVE ( 'NONE', #2029, #3989, #3305, .T. ) ;
#275 = DIRECTION ( 'NONE',  ( -0.000000000000000000, -1.000000000000000000, -0.000000000000000000 ) ) ;
#276 = CARTESIAN_POINT ( 'NONE',  ( 2.934493141924172210, -3.065506858075827790, -2.934493141924172210 ) ) ;
#277 = EDGE_LOOP ( 'NONE', ( #1453, #954, #2690, #3781 ) ) ;
#278 = EDGE_CURVE ( 'NONE', #2561, #5100, #26, .T. ) ;
#279 = DIRECTION ( 'NONE',  ( 0.000000000000000000, 1.000000000000000000, -0.000000000000000000 ) ) ;
#280 = CARTESIAN_POINT ( 'NONE',  ( -2.934493141924172210, -3.065506858075827790, 2.934493141924172210 ) ) ;
#281 = CYLINDRICAL_SURFACE ( 'NONE', #1785, 1.750000000000001554 ) ;
#282 = ORIENTED_EDGE ( 'NONE', *, *, #4997, .F. ) ;
#283 = VECTOR ( 'NONE', #2814, 1000.000000000000000 ) ;
#284 = AXIS2_PLACEMENT_3D ( 'NONE', #4492, #1600, #4048 ) ;
#285 = DIRECTION ( 'NONE',  ( -0.000000000000000000, -1.000000000000000000, -0.000000000000000000 ) ) ;
#286 = CYLINDRICAL_SURFACE ( 'NONE', #1999, 1.999999999999998224 ) ;
#287 = DIRECTION ( 'NONE',  ( -0.000000000000000000, 1.000000000000000000, -0.000000000000000000 ) ) ;
#288 = EDGE_CURVE ( 'NONE', #2720, #2632, #2430, .T. ) ;
#289 = CARTESIAN_POINT ( 'NONE',  ( -12.50000000000000000, -5.999999999999999112, -4.150000000000000355 ) ) ;
#290 = VECTOR ( 'NONE', #1303, 999.9999999999998863 ) ;
#291 = AXIS2_PLACEMENT_3D ( 'NONE', #389, #2384, #3668 ) ;
#292 = ORIENTED_EDGE ( 'NONE', *, *, #3870, .F. ) ;
#293 = EDGE_LOOP ( 'NONE', ( #4119, #2318, #282, #4686 ) ) ;
#294 = AXIS2_PLACEMENT_3D ( 'NONE', #1883, #5130, #180 ) ;
#295 = DIRECTION ( 'NONE',  ( -0.000000000000000000, -1.000000000000000000, -0.000000000000000000 ) ) ;
#296 = CIRCLE ( 'NONE', #2005, 1.000000000000000888 ) ;
#297 = CARTESIAN_POINT ( 'NONE',  ( -14.99811776992028634, 5.000000000000000000, 25.90119832667883415 ) ) ;
#298 = CIRCLE ( 'NONE', #3924, 1.000000000000000888 ) ;
#299 = CYLINDRICAL_SURFACE ( 'NONE', #2628, 0.9000000000000014655 ) ;
#300 = ORIENTED_EDGE ( 'NONE', *, *, #3774, .F. ) ;
#301 = DIRECTION ( 'NONE',  ( 0.000000000000000000, 0.000000000000000000, 1.000000000000000000 ) ) ;
#302 = CIRCLE ( 'NONE', #4020, 1.999999999999998224 ) ;
#303 = CIRCLE ( 'NONE', #2971, 1.000000000000000888 ) ;
#304 = CARTESIAN_POINT ( 'NONE',  ( -1.115358573568465683, -1.850000000000001199, -4.149999999999999467 ) ) ;
#305 = LINE ( 'NONE', #2422, #1938 ) ;
#306 = CIRCLE ( 'NONE', #2806, 0.5000000000000004441 ) ;
#307 = VECTOR ( 'NONE', #2392, 999.9999999999998863 ) ;
#308 = ORIENTED_EDGE ( 'NONE', *, *, #1536, .T. ) ;
#309 = DIRECTION ( 'NONE',  ( 0.000000000000000000, 1.000000000000000000, -0.000000000000000000 ) ) ;
#310 = AXIS2_PLACEMENT_3D ( 'NONE', #1286, #3301, #4665 ) ;
#311 = LINE ( 'NONE', #4415, #3599 ) ;
#312 = CARTESIAN_POINT ( 'NONE',  ( 0.000000000000000000, -6.000000000000000000, -12.50000000000000000 ) ) ;
#313 = EDGE_CURVE ( 'NONE', #1460, #875, #2791, .T. ) ;
#314 = ORIENTED_EDGE ( 'NONE', *, *, #142, .T. ) ;
#315 = VECTOR ( 'NONE', #1249, 1000.000000000000000 ) ;
#316 = ADVANCED_FACE ( 'NONE', ( #358 ), #4960, .F. ) ;
#317 = CARTESIAN_POINT ( 'NONE',  ( -14.00000000000000178, 2.000000000000000000, -11.50000000000001243 ) ) ;
#318 = CARTESIAN_POINT ( 'NONE',  ( -14.00000000000000178, 0.000000000000000000, -14.00000000000001243 ) ) ;
#319 = VERTEX_POINT ( 'NONE', #1978 ) ;
#320 = CARTESIAN_POINT ( 'NONE',  ( 5.082284216461515156E-16, -10.14999999999999858, 4.150000000000000355 ) ) ;
#321 = CLOSED_SHELL ( 'NONE', ( #2343, #3853, #2945, #3319, #2380, #3689, #104, #6, #1146, #3554, #3623, #5202, #4999, #5212, #833, #4927, #1506, #764, #1152, #516, #410, #4253, #3535, #4190, #3985, #1391, #798, #2804, #5153, #4939, #5316, #3526, #1875, #201, #3392, #2885, #136, #1645, #4542, #189, #1758, #1718, #3469, #1306, #2612, #506, #676, #377, #4819, #1067, #2329, #4714, #4123, #2832, #3896, #1373, #4687, #1452, #1365, #1794, #4413, #4419, #673, #149, #4757, #3125, #1823, #3490, #3916, #3717, #653, #5084, #3551, #5200, #3047, #4531, #373, #3379, #3676, #2015, #4774, #1606, #473, #3327, #3451, #1545, #1397, #2961, #1501, #3574, #4500, #1015, #1802, #914, #3283, #165, #1922, #3591, #4710, #2419, #1776, #3063, #3258, #433, #1339, #1081, #1004, #4551, #4184, #3269, #4112, #3055, #1597, #2491, #3484, #976, #5255, #4323, #3687, #4209, #1239, #4578, #1791, #342, #2784, #2261, #515, #4380, #3161, #1248, #4311, #4854, #1142, #3504, #5245, #2046, #1859, #4499, #1379, #3461, #2979, #1560, #1641, #415, #1467, #3636, #5176, #3385, #2443, #316, #173, #2199, #4017, #4580, #5107, #918, #1480, #588, #3362, #1940, #5088, #1744, #3752, #249, #3721, #3421 ) ) ;
#322 = CARTESIAN_POINT ( 'NONE',  ( 23.96254615851250946, 2.000000000000000000, -12.10970376029904116 ) ) ;
#323 = AXIS2_PLACEMENT_3D ( 'NONE', #5092, #3048, #1361 ) ;
#324 = VERTEX_POINT ( 'NONE', #5286 ) ;
#325 = ORIENTED_EDGE ( 'NONE', *, *, #2564, .F. ) ;
#326 = AXIS2_PLACEMENT_3D ( 'NONE', #3942, #3511, #5181 ) ;
#327 = CARTESIAN_POINT ( 'NONE',  ( 23.90989491760779728, 2.000000000000000000, -10.11039691870838553 ) ) ;
#328 = DIRECTION ( 'NONE',  ( 0.000000000000000000, 0.000000000000000000, -1.000000000000000000 ) ) ;
#329 = FACE_OUTER_BOUND ( 'NONE', #1287, .T. ) ;
#330 = ORIENTED_EDGE ( 'NONE', *, *, #4030, .T. ) ;
#331 = DIRECTION ( 'NONE',  ( 0.000000000000000000, 1.000000000000000000, -0.000000000000000000 ) ) ;
#332 = CARTESIAN_POINT ( 'NONE',  ( -2.934493141924172210, -3.065506858075827790, -2.934493141924172210 ) ) ;
#333 = DIRECTION ( 'NONE',  ( -0.000000000000000000, -1.000000000000000000, 0.000000000000000000 ) ) ;
#334 = CARTESIAN_POINT ( 'NONE',  ( -23.96254615851252012, 2.000000000000000000, 12.10970376029905360 ) ) ;
#335 = CARTESIAN_POINT ( 'NONE',  ( 21.49414486952473879, 0.000000000000000000, -27.15099911901713625 ) ) ;
#336 = ORIENTED_EDGE ( 'NONE', *, *, #1383, .T. ) ;
#337 = DIRECTION ( 'NONE',  ( 0.000000000000000000, 1.000000000000000000, -0.000000000000000000 ) ) ;
#338 = CARTESIAN_POINT ( 'NONE',  ( -7.500000000000000888, 0.000000000000000000, -13.50000000000000178 ) ) ;
#339 = ORIENTED_EDGE ( 'NONE', *, *, #953, .T. ) ;
#340 = DIRECTION ( 'NONE',  ( -0.000000000000000000, -1.000000000000000000, -0.000000000000000000 ) ) ;
#341 = DIRECTION ( 'NONE',  ( -0.000000000000000000, -1.000000000000000000, -0.000000000000000000 ) ) ;
#342 = ADVANCED_FACE ( 'NONE', ( #3229, #4891 ), #1129, .T. ) ;
#343 = ORIENTED_EDGE ( 'NONE', *, *, #799, .F. ) ;
#344 = VERTEX_POINT ( 'NONE', #3619 ) ;
#345 = FACE_OUTER_BOUND ( 'NONE', #3833, .T. ) ;
#346 = LINE ( 'NONE', #5192, #2644 ) ;
#347 = EDGE_CURVE ( 'NONE', #2214, #1956, #2182, .T. ) ;
#348 = CARTESIAN_POINT ( 'NONE',  ( -4.149999999999999467, -4.884641426431534761, -4.149999999999999467 ) ) ;
#349 = EDGE_LOOP ( 'NONE', ( #3014, #1685 ) ) ;
#350 = DIRECTION ( 'NONE',  ( -0.000000000000000000, -0.000000000000000000, -1.000000000000000000 ) ) ;
#351 = EDGE_CURVE ( 'NONE', #1936, #2410, #1625, .T. ) ;
#352 = EDGE_CURVE ( 'NONE', #2538, #4761, #4126, .T. ) ;
#353 = CARTESIAN_POINT ( 'NONE',  ( 7.500000000000000000, -1.000000000000000888, 7.500000000000000888 ) ) ;
#354 = ORIENTED_EDGE ( 'NONE', *, *, #1890, .T. ) ;
#355 = CYLINDRICAL_SURFACE ( 'NONE', #1947, 4.150000000000000355 ) ;
#356 = CARTESIAN_POINT ( 'NONE',  ( -23.90989491760779728, 2.000000000000000000, -10.11039691870838553 ) ) ;
#357 = DIRECTION ( 'NONE',  ( 0.000000000000000000, -1.000000000000000000, 0.000000000000000000 ) ) ;
#358 = FACE_OUTER_BOUND ( 'NONE', #2732, .T. ) ;
#359 = CARTESIAN_POINT ( 'NONE',  ( -13.50000000000000178, -1.000000000000000888, 12.50000000000000000 ) ) ;
#360 = CARTESIAN_POINT ( 'NONE',  ( 19.99999999999999289, 2.000000000000000000, -5.500000000000018652 ) ) ;
#361 = AXIS2_PLACEMENT_3D ( 'NONE', #4933, #5336, #1565 ) ;
#362 = AXIS2_PLACEMENT_3D ( 'NONE', #5197, #1839, #1494 ) ;
#363 = ORIENTED_EDGE ( 'NONE', *, *, #4245, .F. ) ;
#364 = ORIENTED_EDGE ( 'NONE', *, *, #2448, .T. ) ;
#365 = ORIENTED_EDGE ( 'NONE', *, *, #2448, .F. ) ;
#366 = CARTESIAN_POINT ( 'NONE',  ( 27.06609133436741388, 2.000000000000000000, 18.75606001926120214 ) ) ;
#367 = EDGE_CURVE ( 'NONE', #4378, #967, #3475, .T. ) ;
#368 = CC_DESIGN_PERSON_AND_ORGANIZATION_ASSIGNMENT ( #1399, #641, ( #3772 ) ) ;
#369 = AXIS2_PLACEMENT_3D ( 'NONE', #4192, #5065, #101 ) ;
#370 = VECTOR ( 'NONE', #3891, 1000.000000000000000 ) ;
#371 = CYLINDRICAL_SURFACE ( 'NONE', #2034, 4.150000000000000355 ) ;
#372 = DIRECTION ( 'NONE',  ( -0.000000000000000000, -1.000000000000000000, 0.000000000000000000 ) ) ;
#373 = ADVANCED_FACE ( 'NONE', ( #4069 ), #1650, .T. ) ;
#374 = VECTOR ( 'NONE', #1849, 999.9999999999998863 ) ;
#375 = ORIENTED_EDGE ( 'NONE', *, *, #2284, .F. ) ;
#376 = DIRECTION ( 'NONE',  ( 0.000000000000000000, 0.000000000000000000, -1.000000000000000000 ) ) ;
#377 = ADVANCED_FACE ( 'NONE', ( #4496, #3724, #7, #2772, #4858, #1553, #4422, #715, #2359, #4026, #1155, #4452, #3750, #4148 ), #1680, .T. ) ;
#378 = AXIS2_PLACEMENT_3D ( 'NONE', #1651, #2874, #3751 ) ;
#379 = DIRECTION ( 'NONE',  ( 0.7071067811865474617, 0.000000000000000000, 0.7071067811865475727 ) ) ;
#380 = CARTESIAN_POINT ( 'NONE',  ( -25.00119832667881425, 5.000000000000000000, -14.99811776992030765 ) ) ;
#381 = VECTOR ( 'NONE', #1470, 1000.000000000000000 ) ;
#382 = AXIS2_PLACEMENT_3D ( 'NONE', #619, #139, #4685 ) ;
#383 = VERTEX_POINT ( 'NONE', #4971 ) ;
#384 = CARTESIAN_POINT ( 'NONE',  ( -14.99811776992028634, 2.500000000000000000, 26.75119832667883202 ) ) ;
#385 = AXIS2_PLACEMENT_3D ( 'NONE', #4945, #4861, #1628 ) ;
#386 = DIRECTION ( 'NONE',  ( 0.000000000000000000, 0.000000000000000000, 1.000000000000000000 ) ) ;
#387 = ORIENTED_EDGE ( 'NONE', *, *, #4189, .F. ) ;
#388 = FACE_OUTER_BOUND ( 'NONE', #179, .T. ) ;
#389 = CARTESIAN_POINT ( 'NONE',  ( 14.99811776992027568, 5.000000000000000000, 25.00119832667880360 ) ) ;
#390 = VECTOR ( 'NONE', #738, 1000.000000000000000 ) ;
#391 = CARTESIAN_POINT ( 'NONE',  ( -18.75606001926120925, 0.000000000000000000, -27.06609133436747427 ) ) ;
#392 = CARTESIAN_POINT ( 'NONE',  ( 27.15099911901708651, 2.000000000000000000, 21.49414486952472458 ) ) ;
#393 = CIRCLE ( 'NONE', #1950, 0.5000000000000004441 ) ;
#394 = VERTEX_POINT ( 'NONE', #1261 ) ;
#395 = VERTEX_POINT ( 'NONE', #2905 ) ;
#396 = DIRECTION ( 'NONE',  ( -0.000000000000000000, -1.000000000000000000, 0.000000000000000000 ) ) ;
#397 = EDGE_LOOP ( 'NONE', ( #2080, #3313, #4786, #1423 ) ) ;
#398 = EDGE_CURVE ( 'NONE', #1122, #3608, #541, .T. ) ;
#399 = DIRECTION ( 'NONE',  ( 0.000000000000000000, 0.000000000000000000, 1.000000000000000000 ) ) ;
#400 = VECTOR ( 'NONE', #5110, 1000.000000000000000 ) ;
#401 = CARTESIAN_POINT ( 'NONE',  ( 25.00119832667881425, 5.000000000000000000, -14.99811776992029344 ) ) ;
#402 = CARTESIAN_POINT ( 'NONE',  ( -3.723170752748987677, -8.145815531099355411, -3.723170752748987677 ) ) ;
#403 = ORIENTED_EDGE ( 'NONE', *, *, #446, .F. ) ;
#404 = ORIENTED_EDGE ( 'NONE', *, *, #2167, .T. ) ;
#405 = CYLINDRICAL_SURFACE ( 'NONE', #3739, 0.9000000000000014655 ) ;
#406 = DIRECTION ( 'NONE',  ( 1.000000000000000000, -0.000000000000000000, 0.000000000000000000 ) ) ;
#407 = LINE ( 'NONE', #926, #3766 ) ;
#408 = EDGE_CURVE ( 'NONE', #4523, #3865, #2351, .T. ) ;
#409 = EDGE_CURVE ( 'NONE', #1226, #5021, #973, .T. ) ;
#410 = ADVANCED_FACE ( 'NONE', ( #1631 ), #74, .F. ) ;
#411 = ORIENTED_EDGE ( 'NONE', *, *, #1910, .F. ) ;
#412 = ORIENTED_EDGE ( 'NONE', *, *, #2393, .F. ) ;
#413 = CARTESIAN_POINT ( 'NONE',  ( -25.00119832667880004, 2.500000000000000000, 14.99811776992030765 ) ) ;
#414 = DIRECTION ( 'NONE',  ( -0.000000000000000000, -1.000000000000000000, 0.000000000000000000 ) ) ;
#415 = ADVANCED_FACE ( 'NONE', ( #95 ), #4172, .F. ) ;
#416 = LINE ( 'NONE', #3784, #4178 ) ;
#417 = CARTESIAN_POINT ( 'NONE',  ( -12.50000000000000000, -12.00000000000000000, -7.500000000000000000 ) ) ;
#418 = CARTESIAN_POINT ( 'NONE',  ( 27.06609133436741388, 2.000000000000000000, 18.75606001926120214 ) ) ;
#419 = EDGE_CURVE ( 'NONE', #3118, #2429, #3748, .T. ) ;
#420 = ORIENTED_EDGE ( 'NONE', *, *, #3251, .F. ) ;
#421 = ORIENTED_EDGE ( 'NONE', *, *, #3975, .F. ) ;
#422 = CYLINDRICAL_SURFACE ( 'NONE', #4964, 4.150000000000000355 ) ;
#423 = VERTEX_POINT ( 'NONE', #4181 ) ;
#424 = DIRECTION ( 'NONE',  ( -0.000000000000000000, 1.000000000000000000, -0.000000000000000000 ) ) ;
#425 = CYLINDRICAL_SURFACE ( 'NONE', #1012, 0.9000000000000014655 ) ;
#426 = PERSON_AND_ORGANIZATION ( #67, #4028 ) ;
#427 = ORIENTED_EDGE ( 'NONE', *, *, #4929, .F. ) ;
#428 = DIRECTION ( 'NONE',  ( -0.000000000000000000, -1.000000000000000000, -0.000000000000000000 ) ) ;
#429 = LINE ( 'NONE', #3798, #1778 ) ;
#430 = DIRECTION ( 'NONE',  ( 0.000000000000000000, 0.000000000000000000, 1.000000000000000000 ) ) ;
#431 = ORIENTED_EDGE ( 'NONE', *, *, #701, .T. ) ;
#432 = ORIENTED_EDGE ( 'NONE', *, *, #5149, .T. ) ;
#433 = ADVANCED_FACE ( 'NONE', ( #4566 ), #3346, .F. ) ;
#434 = CARTESIAN_POINT ( 'NONE',  ( -25.03239602037398015, 0.000000000000000000, 25.03239602037399436 ) ) ;
#435 = DIRECTION ( 'NONE',  ( -0.000000000000000000, -1.000000000000000000, -0.000000000000000000 ) ) ;
#436 = EDGE_CURVE ( 'NONE', #3520, #5320, #912, .T. ) ;
#437 = CYLINDRICAL_SURFACE ( 'NONE', #3311, 0.9000000000000014655 ) ;
#438 = DIRECTION ( 'NONE',  ( 0.000000000000000000, 1.000000000000000000, -0.000000000000000000 ) ) ;
#439 = LINE ( 'NONE', #417, #3141 ) ;
#440 = CARTESIAN_POINT ( 'NONE',  ( 4.149999999999999467, -4.884641426431534761, -4.149999999999999467 ) ) ;
#441 = VERTEX_POINT ( 'NONE', #2495 ) ;
#442 = VERTEX_POINT ( 'NONE', #3705 ) ;
#443 = CARTESIAN_POINT ( 'NONE',  ( -14.99811776992028989, 2.500000000000000000, -23.25119832667883202 ) ) ;
#444 = CYLINDRICAL_SURFACE ( 'NONE', #3600, 4.000000000000003553 ) ;
#445 = CARTESIAN_POINT ( 'NONE',  ( 15.59751454687766881, 2.000000000000000000, -5.980998276113258072 ) ) ;
#446 = EDGE_CURVE ( 'NONE', #3918, #1358, #2526, .T. ) ;
#447 = CARTESIAN_POINT ( 'NONE',  ( -25.00119832667881425, 5.000000000000000000, -13.24811776992030765 ) ) ;
#448 = AXIS2_PLACEMENT_3D ( 'NONE', #700, #4008, #1948 ) ;
#449 = DIRECTION ( 'NONE',  ( 0.000000000000000000, 0.000000000000000000, -1.000000000000000000 ) ) ;
#450 = CARTESIAN_POINT ( 'NONE',  ( 22.04248076409415447, 0.000000000000000000, -10.82647259854741684 ) ) ;
#451 = VERTEX_POINT ( 'NONE', #1659 ) ;
#452 = AXIS2_PLACEMENT_3D ( 'NONE', #923, #5016, #532 ) ;
#453 = CARTESIAN_POINT ( 'NONE',  ( 25.00119832667881425, 0.000000000000000000, -14.99811776992029344 ) ) ;
#454 = AXIS2_PLACEMENT_3D ( 'NONE', #4067, #1572, #5345 ) ;
#455 = CARTESIAN_POINT ( 'NONE',  ( 24.06784864032188054, 2.000000000000000000, 12.10831744348034711 ) ) ;
#456 = AXIS2_PLACEMENT_3D ( 'NONE', #4185, #3318, #1714 ) ;
#457 = AXIS2_PLACEMENT_3D ( 'NONE', #2085, #438, #37 ) ;
#458 = DIRECTION ( 'NONE',  ( 0.000000000000000000, 0.000000000000000000, -1.000000000000000000 ) ) ;
#459 = EDGE_LOOP ( 'NONE', ( #3716, #664 ) ) ;
#460 = AXIS2_PLACEMENT_3D ( 'NONE', #1980, #4840, #2334 ) ;
#461 = AXIS2_PLACEMENT_3D ( 'NONE', #3995, #2824, #3200 ) ;
#462 = CARTESIAN_POINT ( 'NONE',  ( -7.500000000000000888, -1.000000000000000888, -7.500000000000000888 ) ) ;
#463 = ORIENTED_EDGE ( 'NONE', *, *, #4231, .T. ) ;
#464 = CARTESIAN_POINT ( 'NONE',  ( 22.20396889562778853, 2.000000000000000000, 27.86082314512018598 ) ) ;
#465 = AXIS2_PLACEMENT_3D ( 'NONE', #2207, #3017, #3872 ) ;
#466 = AXIS2_PLACEMENT_3D ( 'NONE', #4284, #575, #2216 ) ;
#467 = DIRECTION ( 'NONE',  ( 0.000000000000000000, 0.000000000000000000, -1.000000000000000000 ) ) ;
#468 = DIRECTION ( 'NONE',  ( 0.000000000000000000, 0.000000000000000000, 1.000000000000000000 ) ) ;
#469 = AXIS2_PLACEMENT_3D ( 'NONE', #851, #41, #3510 ) ;
#470 = CC_DESIGN_SECURITY_CLASSIFICATION ( #1943, ( #3772 ) ) ;
#471 = EDGE_CURVE ( 'NONE', #2264, #4924, #4979, .T. ) ;
#472 = CARTESIAN_POINT ( 'NONE',  ( -7.500000000000000888, -11.00000000000000000, -12.50000000000000000 ) ) ;
#473 = ADVANCED_FACE ( 'NONE', ( #2555 ), #4949, .F. ) ;
#474 = ORIENTED_EDGE ( 'NONE', *, *, #1924, .T. ) ;
#475 = ORIENTED_EDGE ( 'NONE', *, *, #1536, .F. ) ;
#476 = VECTOR ( 'NONE', #3694, 1000.000000000000000 ) ;
#477 = CARTESIAN_POINT ( 'NONE',  ( -22.20396889562780629, 0.000000000000000000, 27.86082314512018243 ) ) ;
#478 = DIRECTION ( 'NONE',  ( -0.000000000000000000, -1.000000000000000000, -0.000000000000000000 ) ) ;
#479 = CARTESIAN_POINT ( 'NONE',  ( 5.082284216461515156E-16, 2.000000000000000000, 4.150000000000000355 ) ) ;
#480 = CARTESIAN_POINT ( 'NONE',  ( 16.10831744348034533, 2.000000000000000000, -28.06784864032195514 ) ) ;
#481 = VECTOR ( 'NONE', #542, 1000.000000000000000 ) ;
#482 = CARTESIAN_POINT ( 'NONE',  ( -2.828427124746200949, 2.000000000000000000, -2.828427124746201837 ) ) ;
#483 =( NAMED_UNIT ( * ) SI_UNIT ( $, .STERADIAN. ) SOLID_ANGLE_UNIT ( ) );
#484 = ORIENTED_EDGE ( 'NONE', *, *, #940, .F. ) ;
#485 = AXIS2_PLACEMENT_3D ( 'NONE', #4878, #1615, #2785 ) ;
#486 = DIRECTION ( 'NONE',  ( 0.000000000000000000, 0.000000000000000000, 1.000000000000000000 ) ) ;
#487 = AXIS2_PLACEMENT_3D ( 'NONE', #49, #555, #5008 ) ;
#488 = CARTESIAN_POINT ( 'NONE',  ( 14.99811776992028989, 5.000000000000000000, -24.10119832667880146 ) ) ;
#489 = EDGE_CURVE ( 'NONE', #2450, #5224, #4609, .T. ) ;
#490 = CARTESIAN_POINT ( 'NONE',  ( -7.500000000000000888, -11.00000000000000000, -11.50000000000000000 ) ) ;
#491 = EDGE_LOOP ( 'NONE', ( #2777, #1045, #4892, #523 ) ) ;
#492 = CYLINDRICAL_SURFACE ( 'NONE', #2634, 4.000000000000003553 ) ;
#493 = DIRECTION ( 'NONE',  ( 0.000000000000000000, -1.000000000000000000, 0.000000000000000000 ) ) ;
#494 = ORIENTED_EDGE ( 'NONE', *, *, #965, .F. ) ;
#495 = ORIENTED_EDGE ( 'NONE', *, *, #2324, .T. ) ;
#496 = FACE_OUTER_BOUND ( 'NONE', #1294, .T. ) ;
#497 = DIRECTION ( 'NONE',  ( 0.000000000000000000, 0.000000000000000000, -1.000000000000000000 ) ) ;
#498 = CARTESIAN_POINT ( 'NONE',  ( -27.15099911901711849, 0.000000000000000000, -21.49414486952475301 ) ) ;
#499 = VERTEX_POINT ( 'NONE', #4539 ) ;
#500 = VERTEX_POINT ( 'NONE', #443 ) ;
#501 = EDGE_LOOP ( 'NONE', ( #595, #2094, #1856, #2765 ) ) ;
#502 = DIRECTION ( 'NONE',  ( 0.000000000000000000, -1.000000000000000000, 0.000000000000000000 ) ) ;
#503 = LINE ( 'NONE', #937, #3691 ) ;
#504 = DIRECTION ( 'NONE',  ( 0.000000000000000000, 1.000000000000000000, -0.000000000000000000 ) ) ;
#505 = EDGE_CURVE ( 'NONE', #3123, #2172, #826, .T. ) ;
#506 = ADVANCED_FACE ( 'NONE', ( #13 ), #422, .F. ) ;
#507 = DIRECTION ( 'NONE',  ( -0.000000000000000000, -1.000000000000000000, -0.000000000000000000 ) ) ;
#508 = ORIENTED_EDGE ( 'NONE', *, *, #4055, .F. ) ;
#509 = EDGE_LOOP ( 'NONE', ( #2055, #72, #4512, #2770 ) ) ;
#510 = DIRECTION ( 'NONE',  ( 0.000000000000000000, 0.000000000000000000, 1.000000000000000000 ) ) ;
#511 = EDGE_CURVE ( 'NONE', #319, #5113, #3221, .T. ) ;
#512 = DIRECTION ( 'NONE',  ( 0.000000000000000000, 0.000000000000000000, 1.000000000000000000 ) ) ;
#513 = CARTESIAN_POINT ( 'NONE',  ( -12.10970376029903584, 0.000000000000000000, -23.96254615851253433 ) ) ;
#514 = ORIENTED_EDGE ( 'NONE', *, *, #919, .F. ) ;
#515 = ADVANCED_FACE ( 'NONE', ( #2127, #3789 ), #4504, .F. ) ;
#516 = ADVANCED_FACE ( 'NONE', ( #5102 ), #3480, .T. ) ;
#517 = DIRECTION ( 'NONE',  ( 0.000000000000000000, 1.000000000000000000, 0.000000000000000000 ) ) ;
#518 = FACE_OUTER_BOUND ( 'NONE', #1573, .T. ) ;
#519 = DIRECTION ( 'NONE',  ( -0.000000000000000000, -1.000000000000000000, 0.000000000000000000 ) ) ;
#520 = CARTESIAN_POINT ( 'NONE',  ( -14.99811776992028989, 5.000000000000000000, -24.10119832667882989 ) ) ;
#521 = FACE_OUTER_BOUND ( 'NONE', #1705, .T. ) ;
#522 = ORIENTED_EDGE ( 'NONE', *, *, #4383, .F. ) ;
#523 = ORIENTED_EDGE ( 'NONE', *, *, #845, .F. ) ;
#524 = ORIENTED_EDGE ( 'NONE', *, *, #5201, .T. ) ;
#525 = CARTESIAN_POINT ( 'NONE',  ( 14.00000000000000178, 0.000000000000000000, -11.50000000000001421 ) ) ;
#526 = CARTESIAN_POINT ( 'NONE',  ( 2.934493141924172210, -8.934493141924171766, -2.934493141924172210 ) ) ;
#527 = PLANE ( 'NONE',  #2355 ) ;
#528 = DIRECTION ( 'NONE',  ( 1.000000000000000000, 0.000000000000000000, 0.000000000000000000 ) ) ;
#529 = DATE_AND_TIME ( #4240, #1677 ) ;
#530 = EDGE_CURVE ( 'NONE', #859, #2844, #4350, .T. ) ;
#531 = ORIENTED_EDGE ( 'NONE', *, *, #867, .F. ) ;
#532 = DIRECTION ( 'NONE',  ( 0.000000000000000000, 0.000000000000000000, -1.000000000000000000 ) ) ;
#533 = EDGE_CURVE ( 'NONE', #3338, #4378, #878, .T. ) ;
#534 = DIRECTION ( 'NONE',  ( -0.000000000000000000, -1.000000000000000000, 0.000000000000000000 ) ) ;
#535 = FACE_OUTER_BOUND ( 'NONE', #3192, .T. ) ;
#536 = AXIS2_PLACEMENT_3D ( 'NONE', #4206, #1913, #1030 ) ;
#537 = AXIS2_PLACEMENT_3D ( 'NONE', #4798, #625, #3445 ) ;
#538 = EDGE_CURVE ( 'NONE', #3276, #3397, #554, .T. ) ;
#539 = ORIENTED_EDGE ( 'NONE', *, *, #3393, .F. ) ;
#540 = AXIS2_PLACEMENT_3D ( 'NONE', #327, #295, #753 ) ;
#541 = CIRCLE ( 'NONE', #2871, 4.000000000000003553 ) ;
#542 = DIRECTION ( 'NONE',  ( -0.000000000000000000, -1.000000000000000000, -0.000000000000000000 ) ) ;
#543 = ORIENTED_EDGE ( 'NONE', *, *, #4944, .F. ) ;
#544 = DIRECTION ( 'NONE',  ( -0.000000000000000000, -1.000000000000000000, -0.000000000000000000 ) ) ;
#545 = VERTEX_POINT ( 'NONE', #2204 ) ;
#546 = VECTOR ( 'NONE', #424, 1000.000000000000000 ) ;
#547 = CIRCLE ( 'NONE', #461, 4.150000000000000355 ) ;
#548 = CARTESIAN_POINT ( 'NONE',  ( 14.99811776992027568, 2.500000000000000000, 26.75119832667879294 ) ) ;
#549 = DIRECTION ( 'NONE',  ( -0.000000000000000000, 1.000000000000000000, -0.000000000000000000 ) ) ;
#550 = AXIS2_PLACEMENT_3D ( 'NONE', #1961, #5244, #5288 ) ;
#551 = ORIENTED_EDGE ( 'NONE', *, *, #4250, .T. ) ;
#552 = ORIENTED_EDGE ( 'NONE', *, *, #4615, .T. ) ;
#553 = ORIENTED_EDGE ( 'NONE', *, *, #1619, .T. ) ;
#554 = LINE ( 'NONE', #956, #374 ) ;
#555 = DIRECTION ( 'NONE',  ( 0.000000000000000000, 1.000000000000000000, -0.000000000000000000 ) ) ;
#556 = AXIS2_PLACEMENT_3D ( 'NONE', #2669, #639, #5246 ) ;
#557 = CIRCLE ( 'NONE', #1080, 4.000000000000003553 ) ;
#558 = CARTESIAN_POINT ( 'NONE',  ( -2.828427124746183186, 0.000000000000000000, 2.828427124746182741 ) ) ;
#559 = DIRECTION ( 'NONE',  ( 0.000000000000000000, 1.000000000000000000, 0.000000000000000000 ) ) ;
#560 = VECTOR ( 'NONE', #341, 1000.000000000000000 ) ;
#561 = VECTOR ( 'NONE', #1520, 1000.000000000000000 ) ;
#562 = EDGE_CURVE ( 'NONE', #1225, #3452, #2963, .T. ) ;
#563 = ORIENTED_EDGE ( 'NONE', *, *, #1345, .T. ) ;
#564 = ORIENTED_EDGE ( 'NONE', *, *, #2408, .T. ) ;
#565 = DIRECTION ( 'NONE',  ( -1.000000000000000000, 0.000000000000000000, 0.000000000000000000 ) ) ;
#566 = AXIS2_PLACEMENT_3D ( 'NONE', #4367, #4391, #980 ) ;
#567 = DIRECTION ( 'NONE',  ( -1.734723475976808672E-15, 0.000000000000000000, 1.000000000000000000 ) ) ;
#568 = VERTEX_POINT ( 'NONE', #525 ) ;
#569 = DIRECTION ( 'NONE',  ( 0.000000000000000000, 0.000000000000000000, 1.000000000000000000 ) ) ;
#570 = ORIENTED_EDGE ( 'NONE', *, *, #409, .T. ) ;
#571 = CIRCLE ( 'NONE', #4198, 0.9000000000000014655 ) ;
#572 = EDGE_CURVE ( 'NONE', #1609, #2429, #5301, .T. ) ;
#573 = CARTESIAN_POINT ( 'NONE',  ( -5.500000000000000888, 2.000000000000000000, 20.00000000000002487 ) ) ;
#574 = EDGE_CURVE ( 'NONE', #970, #934, #891, .T. ) ;
#575 = DIRECTION ( 'NONE',  ( -1.000000000000000000, 0.000000000000000000, -0.000000000000000000 ) ) ;
#576 = CIRCLE ( 'NONE', #3610, 1.000000000000000888 ) ;
#577 = CARTESIAN_POINT ( 'NONE',  ( -2.145815531099354523, -2.276829247251011434, 3.723170752748987677 ) ) ;
#578 = FACE_OUTER_BOUND ( 'NONE', #670, .T. ) ;
#579 = EDGE_CURVE ( 'NONE', #5353, #3969, #206, .T. ) ;
#580 = CARTESIAN_POINT ( 'NONE',  ( 8.572527594031473190E-16, 2.500000000000000000, 7.000000000000000000 ) ) ;
#581 = ORIENTED_EDGE ( 'NONE', *, *, #1115, .F. ) ;
#582 = ORIENTED_EDGE ( 'NONE', *, *, #15, .F. ) ;
#583 = ORIENTED_EDGE ( 'NONE', *, *, #227, .T. ) ;
#584 = CARTESIAN_POINT ( 'NONE',  ( -14.99811776992028634, 5.000000000000000000, 25.00119832667883202 ) ) ;
#585 = DIRECTION ( 'NONE',  ( 1.000000000000000000, 0.000000000000000000, 1.224646799147353207E-16 ) ) ;
#586 = ORIENTED_EDGE ( 'NONE', *, *, #4929, .T. ) ;
#587 = CARTESIAN_POINT ( 'NONE',  ( -20.07993130715166075, 2.000000000000000000, 28.56521268139023562 ) ) ;
#588 = ADVANCED_FACE ( 'NONE', ( #3946 ), #936, .T. ) ;
#589 = EDGE_CURVE ( 'NONE', #1582, #2277, #4265, .T. ) ;
#590 = LINE ( 'NONE', #4733, #643 ) ;
#591 = EDGE_LOOP ( 'NONE', ( #4923, #5278, #4802, #677 ) ) ;
#592 = ORIENTED_EDGE ( 'NONE', *, *, #2031, .T. ) ;
#593 = DIRECTION ( 'NONE',  ( 0.000000000000000000, 0.000000000000000000, -1.000000000000000000 ) ) ;
#594 = CYLINDRICAL_SURFACE ( 'NONE', #4993, 4.000000000000003553 ) ;
#595 = ORIENTED_EDGE ( 'NONE', *, *, #4991, .T. ) ;
#596 = VERTEX_POINT ( 'NONE', #1798 ) ;
#597 = DIRECTION ( 'NONE',  ( -0.000000000000000000, -1.000000000000000000, -0.000000000000000000 ) ) ;
#598 = ORIENTED_EDGE ( 'NONE', *, *, #3733, .T. ) ;
#599 = DIRECTION ( 'NONE',  ( 0.7071067811865476838, 0.000000000000000000, -0.7071067811865474617 ) ) ;
#600 = DIRECTION ( 'NONE',  ( 0.9337070767568208529, -0.000000000000000000, 0.3580378399195150996 ) ) ;
#601 = ORIENTED_EDGE ( 'NONE', *, *, #1893, .T. ) ;
#602 = ORIENTED_EDGE ( 'NONE', *, *, #3548, .F. ) ;
#603 = EDGE_CURVE ( 'NONE', #3179, #4180, #1066, .T. ) ;
#604 = CARTESIAN_POINT ( 'NONE',  ( -28.56521268139020719, 0.000000000000000000, -20.07993130715165719 ) ) ;
#605 = CARTESIAN_POINT ( 'NONE',  ( 14.00000000000000178, 0.000000000000000000, 16.50000000000001066 ) ) ;
#606 = DIRECTION ( 'NONE',  ( 0.000000000000000000, 0.000000000000000000, -1.000000000000000000 ) ) ;
#607 = EDGE_CURVE ( 'NONE', #451, #3060, #2247, .T. ) ;
#608 = ORIENTED_EDGE ( 'NONE', *, *, #698, .T. ) ;
#609 = ORIENTED_EDGE ( 'NONE', *, *, #3801, .T. ) ;
#610 = CARTESIAN_POINT ( 'NONE',  ( 14.99811776992027568, 5.000000000000000000, 25.00119832667880360 ) ) ;
#611 = CARTESIAN_POINT ( 'NONE',  ( 13.50000000000000178, -1.000000000000000888, -7.500000000000000000 ) ) ;
#612 = CARTESIAN_POINT ( 'NONE',  ( 0.000000000000000000, 5.000000000000000000, 0.000000000000000000 ) ) ;
#613 = CARTESIAN_POINT ( 'NONE',  ( 2.934493141924172210, -3.065506858075827790, 2.934493141924172210 ) ) ;
#614 = VERTEX_POINT ( 'NONE', #5163 ) ;
#615 = EDGE_CURVE ( 'NONE', #3918, #3262, #3137, .T. ) ;
#616 = ORIENTED_EDGE ( 'NONE', *, *, #4217, .F. ) ;
#617 = FACE_OUTER_BOUND ( 'NONE', #1670, .T. ) ;
#618 = DIRECTION ( 'NONE',  ( 0.000000000000000000, 0.000000000000000000, 1.000000000000000000 ) ) ;
#619 = CARTESIAN_POINT ( 'NONE',  ( 2.828427124746168975, 2.000000000000000000, -2.828427124746160093 ) ) ;
#620 = EDGE_LOOP ( 'NONE', ( #1150, #1803, #1660, #3641 ) ) ;
#621 = LINE ( 'NONE', #1490, #789 ) ;
#622 = DIRECTION ( 'NONE',  ( 0.000000000000000000, 0.000000000000000000, 1.000000000000000000 ) ) ;
#623 = AXIS2_PLACEMENT_3D ( 'NONE', #5279, #350, #1218 ) ;
#624 = AXIS2_PLACEMENT_3D ( 'NONE', #145, #2508, #3780 ) ;
#625 = DIRECTION ( 'NONE',  ( -0.000000000000000000, -1.000000000000000000, 0.000000000000000000 ) ) ;
#626 = ORIENTED_EDGE ( 'NONE', *, *, #2253, .F. ) ;
#627 = AXIS2_PLACEMENT_3D ( 'NONE', #3843, #135, #3796 ) ;
#628 = FACE_OUTER_BOUND ( 'NONE', #3889, .T. ) ;
#629 = VECTOR ( 'NONE', #5354, 1000.000000000000000 ) ;
#630 = DIRECTION ( 'NONE',  ( 0.000000000000000000, 1.000000000000000000, 0.000000000000000000 ) ) ;
#631 = FACE_OUTER_BOUND ( 'NONE', #3375, .T. ) ;
#632 = ORIENTED_EDGE ( 'NONE', *, *, #2103, .T. ) ;
#633 = CIRCLE ( 'NONE', #3402, 0.5000000000000004441 ) ;
#634 = VERTEX_POINT ( 'NONE', #3099 ) ;
#635 = DIRECTION ( 'NONE',  ( 0.000000000000000000, 0.000000000000000000, 1.000000000000000000 ) ) ;
#636 = DIRECTION ( 'NONE',  ( 1.000000000000000000, 0.000000000000000000, 0.000000000000000000 ) ) ;
#637 = DIRECTION ( 'NONE',  ( -0.000000000000000000, -1.000000000000000000, -0.000000000000000000 ) ) ;
#638 = VECTOR ( 'NONE', #4332, 1000.000000000000000 ) ;
#639 = DIRECTION ( 'NONE',  ( 0.000000000000000000, 1.000000000000000000, -0.000000000000000000 ) ) ;
#640 = EDGE_CURVE ( 'NONE', #500, #3118, #633, .T. ) ;
#641 = PERSON_AND_ORGANIZATION_ROLE ( 'design_supplier' ) ;
#642 = ORIENTED_EDGE ( 'NONE', *, *, #4517, .F. ) ;
#643 = VECTOR ( 'NONE', #181, 1000.000000000000000 ) ;
#644 = ORIENTED_EDGE ( 'NONE', *, *, #1151, .F. ) ;
#645 = AXIS2_PLACEMENT_3D ( 'NONE', #4031, #1605, #3726 ) ;
#646 = AXIS2_PLACEMENT_3D ( 'NONE', #776, #1168, #5333 ) ;
#647 = CARTESIAN_POINT ( 'NONE',  ( 25.00119832667881425, 5.000000000000000000, -14.99811776992029344 ) ) ;
#648 = VERTEX_POINT ( 'NONE', #2664 ) ;
#649 = CYLINDRICAL_SURFACE ( 'NONE', #5227, 1.000000000000000888 ) ;
#650 = VERTEX_POINT ( 'NONE', #4753 ) ;
#651 = CIRCLE ( 'NONE', #1435, 0.9000000000000014655 ) ;
#652 = CARTESIAN_POINT ( 'NONE',  ( 23.90989491760779728, 2.000000000000000000, -12.11039691870838553 ) ) ;
#653 = ADVANCED_FACE ( 'NONE', ( #1041 ), #2635, .T. ) ;
#654 = CARTESIAN_POINT ( 'NONE',  ( -25.00119832667880004, 5.000000000000000000, 14.99811776992030765 ) ) ;
#655 = AXIS2_PLACEMENT_3D ( 'NONE', #2375, #2816, #4442 ) ;
#656 = CARTESIAN_POINT ( 'NONE',  ( -10.11039691870838020, 0.000000000000000000, -23.90989491760782570 ) ) ;
#657 = VERTEX_POINT ( 'NONE', #2989 ) ;
#658 = FACE_OUTER_BOUND ( 'NONE', #3927, .T. ) ;
#659 = CARTESIAN_POINT ( 'NONE',  ( 2.145815531099354967, -9.723170752748988122, 3.723170752748988122 ) ) ;
#660 = AXIS2_PLACEMENT_3D ( 'NONE', #155, #3836, #4215 ) ;
#661 = CARTESIAN_POINT ( 'NONE',  ( 25.03239602037398015, 2.000000000000000000, 25.03239602037399436 ) ) ;
#662 = ORIENTED_EDGE ( 'NONE', *, *, #866, .T. ) ;
#663 = CIRCLE ( 'NONE', #4381, 1.749999999999999778 ) ;
#664 = ORIENTED_EDGE ( 'NONE', *, *, #589, .T. ) ;
#665 = DIRECTION ( 'NONE',  ( -0.9337070767568208529, 0.000000000000000000, 0.3580378399195150996 ) ) ;
#666 = CARTESIAN_POINT ( 'NONE',  ( -4.150000000000000355, -6.000000000000000000, -12.50000000000000000 ) ) ;
#667 = ORIENTED_EDGE ( 'NONE', *, *, #4967, .F. ) ;
#668 = DIRECTION ( 'NONE',  ( -0.000000000000000000, -1.000000000000000000, -0.000000000000000000 ) ) ;
#669 = DIRECTION ( 'NONE',  ( -0.000000000000000000, -1.000000000000000000, -0.000000000000000000 ) ) ;
#670 = EDGE_LOOP ( 'NONE', ( #1235, #2911 ) ) ;
#671 = ORIENTED_EDGE ( 'NONE', *, *, #2843, .T. ) ;
#672 = DIRECTION ( 'NONE',  ( 0.000000000000000000, 1.000000000000000000, 0.000000000000000000 ) ) ;
#673 = ADVANCED_FACE ( 'NONE', ( #2174 ), #3835, .F. ) ;
#674 = CARTESIAN_POINT ( 'NONE',  ( -14.00000000000000178, -1.000000000000000000, 11.50000000000001243 ) ) ;
#675 = CARTESIAN_POINT ( 'NONE',  ( -25.00119832667880004, 2.500000000000000000, 17.24811776992030943 ) ) ;
#676 = ADVANCED_FACE ( 'NONE', ( #689, #3970, #766, #4395, #1507, #4451, #262, #2402, #2332, #1959, #742, #2307, #2797, #4051 ), #4025, .F. ) ;
#677 = ORIENTED_EDGE ( 'NONE', *, *, #2218, .T. ) ;
#678 = CARTESIAN_POINT ( 'NONE',  ( -14.99811776992028989, 2.000000000000000000, -25.00119832667883202 ) ) ;
#679 = EDGE_CURVE ( 'NONE', #2277, #1582, #2616, .T. ) ;
#680 = DIRECTION ( 'NONE',  ( -1.000000000000000000, -0.000000000000000000, -0.000000000000000000 ) ) ;
#681 = DIRECTION ( 'NONE',  ( -0.000000000000000000, -1.000000000000000000, -0.000000000000000000 ) ) ;
#682 = EDGE_CURVE ( 'NONE', #852, #2695, #1335, .T. ) ;
#683 = EDGE_CURVE ( 'NONE', #2819, #3697, #2383, .T. ) ;
#684 = CARTESIAN_POINT ( 'NONE',  ( 25.00119832667881425, 2.500000000000000000, -17.24811776992029522 ) ) ;
#685 = DIRECTION ( 'NONE',  ( 0.000000000000000000, 1.000000000000000000, 0.000000000000000000 ) ) ;
#686 = CARTESIAN_POINT ( 'NONE',  ( -14.99811776992028989, 5.000000000000000000, -25.00119832667883202 ) ) ;
#687 = ORIENTED_EDGE ( 'NONE', *, *, #2420, .T. ) ;
#688 = VERTEX_POINT ( 'NONE', #3557 ) ;
#689 = FACE_BOUND ( 'NONE', #1513, .T. ) ;
#690 = CARTESIAN_POINT ( 'NONE',  ( -7.500000000000000888, -1.000000000000000888, -7.500000000000000888 ) ) ;
#691 = DIRECTION ( 'NONE',  ( 0.000000000000000000, 1.000000000000000000, -0.000000000000000000 ) ) ;
#692 = CARTESIAN_POINT ( 'NONE',  ( -20.07993130715166075, 2.000000000000000000, 28.56521268139023562 ) ) ;
#693 = ORIENTED_EDGE ( 'NONE', *, *, #2730, .T. ) ;
#694 = EDGE_LOOP ( 'NONE', ( #662, #3672 ) ) ;
#695 = DIRECTION ( 'NONE',  ( 0.000000000000000000, 0.000000000000000000, 1.000000000000000000 ) ) ;
#696 = DIRECTION ( 'NONE',  ( 0.000000000000000000, 0.000000000000000000, -1.000000000000000000 ) ) ;
#697 = DIRECTION ( 'NONE',  ( 0.000000000000000000, 0.000000000000000000, 1.000000000000000000 ) ) ;
#698 = EDGE_CURVE ( 'NONE', #5094, #3130, #724, .T. ) ;
#699 = ORIENTED_EDGE ( 'NONE', *, *, #2415, .T. ) ;
#700 = CARTESIAN_POINT ( 'NONE',  ( -25.00119832667880004, 5.000000000000000000, 14.99811776992030765 ) ) ;
#701 = EDGE_CURVE ( 'NONE', #4936, #2305, #4617, .T. ) ;
#702 = CYLINDRICAL_SURFACE ( 'NONE', #3333, 1.749999999999999778 ) ;
#703 = LINE ( 'NONE', #1990, #5059 ) ;
#704 = EDGE_CURVE ( 'NONE', #4479, #3710, #547, .T. ) ;
#705 = EDGE_LOOP ( 'NONE', ( #4899, #28, #4364, #3113 ) ) ;
#706 = CARTESIAN_POINT ( 'NONE',  ( -12.50000000000000000, -1.000000000000000888, -7.500000000000000000 ) ) ;
#707 = CIRCLE ( 'NONE', #448, 0.8999999999999998002 ) ;
#708 = DIRECTION ( 'NONE',  ( -1.000000000000000000, -0.000000000000000000, -0.000000000000000000 ) ) ;
#709 = CARTESIAN_POINT ( 'NONE',  ( -14.00000000000000178, 2.000000000000000000, 16.50000000000001421 ) ) ;
#710 = ORIENTED_EDGE ( 'NONE', *, *, #751, .T. ) ;
#711 = VERTEX_POINT ( 'NONE', #1930 ) ;
#712 = VECTOR ( 'NONE', #861, 1000.000000000000000 ) ;
#713 = AXIS2_PLACEMENT_3D ( 'NONE', #2269, #3933, #3962 ) ;
#714 = CARTESIAN_POINT ( 'NONE',  ( -14.99811776992028634, 5.000000000000000000, 25.00119832667883202 ) ) ;
#715 = FACE_BOUND ( 'NONE', #4735, .T. ) ;
#716 = CARTESIAN_POINT ( 'NONE',  ( -25.00119832667881425, 0.000000000000000000, -15.89811776992030801 ) ) ;
#717 = CARTESIAN_POINT ( 'NONE',  ( -16.10831744348034533, 2.000000000000000000, -28.06784864032195514 ) ) ;
#718 = VECTOR ( 'NONE', #668, 1000.000000000000000 ) ;
#719 = AXIS2_PLACEMENT_3D ( 'NONE', #1269, #1295, #1236 ) ;
#720 = ORIENTED_EDGE ( 'NONE', *, *, #2991, .F. ) ;
#721 = ORIENTED_EDGE ( 'NONE', *, *, #1076, .F. ) ;
#722 = CIRCLE ( 'NONE', #4177, 7.500000000000000000 ) ;
#723 = DIRECTION ( 'NONE',  ( -0.000000000000000000, 1.000000000000000000, 0.000000000000000000 ) ) ;
#724 = CIRCLE ( 'NONE', #4525, 2.250000000000001776 ) ;
#725 = LINE ( 'NONE', #674, #5247 ) ;
#726 = AXIS2_PLACEMENT_3D ( 'NONE', #359, #2386, #745 ) ;
#727 = CYLINDRICAL_SURFACE ( 'NONE', #4363, 7.000000000000000000 ) ;
#728 = ORIENTED_EDGE ( 'NONE', *, *, #2584, .F. ) ;
#729 = CYLINDRICAL_SURFACE ( 'NONE', #4338, 5.000000000000000000 ) ;
#730 = AXIS2_PLACEMENT_3D ( 'NONE', #992, #669, #1824 ) ;
#731 = CIRCLE ( 'NONE', #2446, 1.749999999999999778 ) ;
#732 = DIRECTION ( 'NONE',  ( 0.000000000000000000, 0.000000000000000000, -1.000000000000000000 ) ) ;
#733 = DIRECTION ( 'NONE',  ( 0.9337070767568212970, 0.000000000000000000, -0.3580378399195142114 ) ) ;
#734 = CIRCLE ( 'NONE', #2627, 0.8999999999999998002 ) ;
#735 = CIRCLE ( 'NONE', #1348, 4.150000000000000355 ) ;
#736 = EDGE_CURVE ( 'NONE', #423, #2956, #296, .T. ) ;
#737 = VECTOR ( 'NONE', #782, 1000.000000000000000 ) ;
#738 = DIRECTION ( 'NONE',  ( -0.000000000000000000, 0.000000000000000000, 1.000000000000000000 ) ) ;
#739 = DIRECTION ( 'NONE',  ( 1.000000000000000000, 0.000000000000000000, 0.000000000000000000 ) ) ;
#740 = VERTEX_POINT ( 'NONE', #1532 ) ;
#741 = AXIS2_PLACEMENT_3D ( 'NONE', #3270, #2859, #4518 ) ;
#742 = FACE_BOUND ( 'NONE', #3092, .T. ) ;
#743 = CARTESIAN_POINT ( 'NONE',  ( -12.50000000000000000, -6.000000000000000000, 0.000000000000000000 ) ) ;
#744 = ORIENTED_EDGE ( 'NONE', *, *, #3016, .T. ) ;
#745 = DIRECTION ( 'NONE',  ( 1.000000000000000000, 0.000000000000000000, 0.000000000000000000 ) ) ;
#746 = EDGE_CURVE ( 'NONE', #1936, #3608, #4474, .T. ) ;
#747 = CARTESIAN_POINT ( 'NONE',  ( 20.07993130715161811, 2.000000000000000000, 26.56521268139020719 ) ) ;
#748 = CIRCLE ( 'NONE', #5329, 1.999999999999998224 ) ;
#749 = ORIENTED_EDGE ( 'NONE', *, *, #4778, .F. ) ;
#750 = ORIENTED_EDGE ( 'NONE', *, *, #3245, .F. ) ;
#751 = EDGE_CURVE ( 'NONE', #927, #2337, #1881, .T. ) ;
#752 = AXIS2_PLACEMENT_3D ( 'NONE', #2134, #1716, #2965 ) ;
#753 = DIRECTION ( 'NONE',  ( 0.000000000000000000, 0.000000000000000000, -1.000000000000000000 ) ) ;
#754 = EDGE_CURVE ( 'NONE', #2751, #3968, #3181, .T. ) ;
#755 = CARTESIAN_POINT ( 'NONE',  ( -23.90989491760779728, 0.000000000000000000, -10.11039691870838553 ) ) ;
#756 = FACE_OUTER_BOUND ( 'NONE', #938, .T. ) ;
#757 = VERTEX_POINT ( 'NONE', #1128 ) ;
#758 = ORIENTED_EDGE ( 'NONE', *, *, #1036, .F. ) ;
#759 = CARTESIAN_POINT ( 'NONE',  ( -2.934493141924172210, -8.934493141924171766, 2.934493141924172210 ) ) ;
#760 = CYLINDRICAL_SURFACE ( 'NONE', #3518, 2.499999999999998668 ) ;
#761 = LINE ( 'NONE', #2021, #1420 ) ;
#762 = CARTESIAN_POINT ( 'NONE',  ( -25.03239602037398015, 2.000000000000000000, 25.03239602037399436 ) ) ;
#763 = DIRECTION ( 'NONE',  ( -0.9337070767568212970, 0.000000000000000000, 0.3580378399195142114 ) ) ;
#764 = ADVANCED_FACE ( 'NONE', ( #1476 ), #4421, .T. ) ;
#765 = PRODUCT_DEFINITION ( 'æœ', '', #3772, #2436 ) ;
#766 = FACE_BOUND ( 'NONE', #1217, .T. ) ;
#767 = CARTESIAN_POINT ( 'NONE',  ( 2.934493141924172210, -8.934493141924171766, -2.934493141924172210 ) ) ;
#768 = DIRECTION ( 'NONE',  ( 0.000000000000000000, 0.000000000000000000, -1.000000000000000000 ) ) ;
#769 = EDGE_CURVE ( 'NONE', #2188, #1226, #1416, .T. ) ;
#770 = DIRECTION ( 'NONE',  ( -0.000000000000000000, -1.000000000000000000, -0.000000000000000000 ) ) ;
#771 = ORIENTED_EDGE ( 'NONE', *, *, #3792, .F. ) ;
#772 = ORIENTED_EDGE ( 'NONE', *, *, #4375, .T. ) ;
#773 = ORIENTED_EDGE ( 'NONE', *, *, #1962, .F. ) ;
#774 = DIRECTION ( 'NONE',  ( 0.000000000000000000, 0.000000000000000000, -1.000000000000000000 ) ) ;
#775 = DIRECTION ( 'NONE',  ( 0.000000000000000000, 0.000000000000000000, -1.000000000000000000 ) ) ;
#776 = CARTESIAN_POINT ( 'NONE',  ( -24.06784864032193738, 2.000000000000000000, -16.10831744348034889 ) ) ;
#777 = ORIENTED_EDGE ( 'NONE', *, *, #4914, .T. ) ;
#778 = CARTESIAN_POINT ( 'NONE',  ( 25.03239602037398015, 0.000000000000000000, 25.03239602037399436 ) ) ;
#779 = CARTESIAN_POINT ( 'NONE',  ( 28.56521268139020719, 0.000000000000000000, -20.07993130715165719 ) ) ;
#780 = LINE ( 'NONE', #4115, #3232 ) ;
#781 = ORIENTED_EDGE ( 'NONE', *, *, #3210, .T. ) ;
#782 = DIRECTION ( 'NONE',  ( -1.000000000000000000, 0.000000000000000000, 0.000000000000000000 ) ) ;
#783 = DIRECTION ( 'NONE',  ( 0.000000000000000000, 1.000000000000000000, -0.000000000000000000 ) ) ;
#784 = ORIENTED_EDGE ( 'NONE', *, *, #1537, .F. ) ;
#785 = DIRECTION ( 'NONE',  ( 0.000000000000000000, 1.000000000000000000, -0.000000000000000000 ) ) ;
#786 = DIRECTION ( 'NONE',  ( 0.000000000000000000, 1.000000000000000000, -0.000000000000000000 ) ) ;
#787 = DIRECTION ( 'NONE',  ( 0.000000000000000000, 0.000000000000000000, 1.000000000000000000 ) ) ;
#788 = DIRECTION ( 'NONE',  ( 0.000000000000000000, 1.000000000000000000, -0.000000000000000000 ) ) ;
#789 = VECTOR ( 'NONE', #2168, 1000.000000000000000 ) ;
#790 = CIRCLE ( 'NONE', #4431, 4.150000000000000355 ) ;
#791 = VERTEX_POINT ( 'NONE', #317 ) ;
#792 = ORIENTED_EDGE ( 'NONE', *, *, #5275, .F. ) ;
#793 = DIRECTION ( 'NONE',  ( 0.000000000000000000, -0.000000000000000000, -1.000000000000000000 ) ) ;
#794 = ORIENTED_EDGE ( 'NONE', *, *, #1633, .F. ) ;
#795 = CARTESIAN_POINT ( 'NONE',  ( -14.99811776992028989, 2.500000000000000000, -26.75119832667883202 ) ) ;
#796 = VECTOR ( 'NONE', #160, 1000.000000000000000 ) ;
#797 = CIRCLE ( 'NONE', #2097, 5.000000000000000000 ) ;
#798 = ADVANCED_FACE ( 'NONE', ( #5266 ), #437, .F. ) ;
#799 = EDGE_CURVE ( 'NONE', #5293, #442, #978, .T. ) ;
#800 = CARTESIAN_POINT ( 'NONE',  ( -23.90989491760779728, 0.000000000000000000, -10.11039691870838553 ) ) ;
#801 = AXIS2_PLACEMENT_3D ( 'NONE', #5033, #5009, #1297 ) ;
#802 = AXIS2_PLACEMENT_3D ( 'NONE', #125, #665, #5208 ) ;
#803 = ORIENTED_EDGE ( 'NONE', *, *, #4985, .F. ) ;
#804 = EDGE_LOOP ( 'NONE', ( #3842, #1185, #12, #4624 ) ) ;
#805 = DIRECTION ( 'NONE',  ( 0.000000000000000000, -0.000000000000000000, -1.000000000000000000 ) ) ;
#806 = AXIS2_PLACEMENT_3D ( 'NONE', #2038, #3700, #5350 ) ;
#807 = EDGE_CURVE ( 'NONE', #395, #1301, #1165, .T. ) ;
#808 = LINE ( 'NONE', #455, #229 ) ;
#809 = DIRECTION ( 'NONE',  ( 0.000000000000000000, 0.000000000000000000, 1.000000000000000000 ) ) ;
#810 = ORIENTED_EDGE ( 'NONE', *, *, #1138, .F. ) ;
#811 = VECTOR ( 'NONE', #507, 1000.000000000000000 ) ;
#812 = AXIS2_PLACEMENT_3D ( 'NONE', #27, #4162, #1250 ) ;
#813 = ORIENTED_EDGE ( 'NONE', *, *, #3852, .T. ) ;
#814 = EDGE_CURVE ( 'NONE', #2510, #164, #4941, .T. ) ;
#815 = DIRECTION ( 'NONE',  ( -0.000000000000000000, 1.000000000000000000, -0.000000000000000000 ) ) ;
#816 = CIRCLE ( 'NONE', #5313, 2.000000000000000000 ) ;
#817 = CYLINDRICAL_SURFACE ( 'NONE', #4082, 4.000000000000003553 ) ;
#818 = CARTESIAN_POINT ( 'NONE',  ( -14.00000000000000178, 0.000000000000000000, -16.50000000000001421 ) ) ;
#819 = CARTESIAN_POINT ( 'NONE',  ( 25.00119832667878583, 5.000000000000000000, 14.99811776992029344 ) ) ;
#820 = CIRCLE ( 'NONE', #4805, 2.000000000000001776 ) ;
#821 = CARTESIAN_POINT ( 'NONE',  ( -25.00119832667881425, 0.000000000000000000, -14.09811776992030907 ) ) ;
#822 = FACE_OUTER_BOUND ( 'NONE', #1648, .T. ) ;
#823 = AXIS2_PLACEMENT_3D ( 'NONE', #1698, #3356, #2613 ) ;
#824 = ORIENTED_EDGE ( 'NONE', *, *, #2667, .T. ) ;
#825 = VERTEX_POINT ( 'NONE', #2118 ) ;
#826 = LINE ( 'NONE', #3730, #629 ) ;
#827 = VERTEX_POINT ( 'NONE', #2904 ) ;
#828 = CYLINDRICAL_SURFACE ( 'NONE', #801, 4.000000000000003553 ) ;
#829 = VECTOR ( 'NONE', #5171, 1000.000000000000000 ) ;
#830 = DIRECTION ( 'NONE',  ( 0.000000000000000000, 0.000000000000000000, -1.000000000000000000 ) ) ;
#831 = CARTESIAN_POINT ( 'NONE',  ( 12.50000000000000000, -11.00000000000000000, -7.500000000000000000 ) ) ;
#832 = CIRCLE ( 'NONE', #925, 1.749999999999999778 ) ;
#833 = ADVANCED_FACE ( 'NONE', ( #4068 ), #2431, .F. ) ;
#834 = ORIENTED_EDGE ( 'NONE', *, *, #2524, .F. ) ;
#835 = ORIENTED_EDGE ( 'NONE', *, *, #3582, .F. ) ;
#836 = ORIENTED_EDGE ( 'NONE', *, *, #5273, .T. ) ;
#837 = DIRECTION ( 'NONE',  ( -1.000000000000000000, 0.000000000000000000, 0.000000000000000000 ) ) ;
#838 = EDGE_CURVE ( 'NONE', #2410, #688, #416, .T. ) ;
#839 = CARTESIAN_POINT ( 'NONE',  ( -28.56521268139021430, 2.000000000000000000, 20.07993130715164654 ) ) ;
#840 = CARTESIAN_POINT ( 'NONE',  ( -14.00000000000000178, -1.000000000000000000, -14.00000000000001243 ) ) ;
#841 = VERTEX_POINT ( 'NONE', #1227 ) ;
#842 = CARTESIAN_POINT ( 'NONE',  ( 0.000000000000000000, 5.000000000000000000, 0.000000000000000000 ) ) ;
#843 = ORIENTED_EDGE ( 'NONE', *, *, #409, .F. ) ;
#844 = DIRECTION ( 'NONE',  ( -0.000000000000000000, -1.000000000000000000, 0.000000000000000000 ) ) ;
#845 = EDGE_CURVE ( 'NONE', #1210, #1629, #1841, .T. ) ;
#846 = VERTEX_POINT ( 'NONE', #5348 ) ;
#847 = DIRECTION ( 'NONE',  ( 0.3580378399195150996, 0.000000000000000000, 0.9337070767568208529 ) ) ;
#848 = DIRECTION ( 'NONE',  ( -0.000000000000000000, -1.000000000000000000, 0.000000000000000000 ) ) ;
#849 = CARTESIAN_POINT ( 'NONE',  ( -5.500000000000000000, 2.000000000000000000, -20.00000000000002487 ) ) ;
#850 =( BOUNDED_CURVE ( )  B_SPLINE_CURVE ( 3, ( #951, #3552, #3965, #4414 ),
 .UNSPECIFIED., .F., .T. ) 
 B_SPLINE_CURVE_WITH_KNOTS ( ( 4, 4 ),
 ( 3.141592653589793116, 3.926990816987240951 ),
 .UNSPECIFIED. ) 
 CURVE ( )  GEOMETRIC_REPRESENTATION_ITEM ( )  RATIONAL_B_SPLINE_CURVE ( ( 1.000000000000000000, 0.9492530216741912330, 0.9492530216741912330, 1.000000000000000000 ) ) 
 REPRESENTATION_ITEM ( '' )  );
#851 = CARTESIAN_POINT ( 'NONE',  ( 10.11039691870838020, 0.000000000000000000, -23.90989491760782570 ) ) ;
#852 = VERTEX_POINT ( 'NONE', #4586 ) ;
#853 = ORIENTED_EDGE ( 'NONE', *, *, #572, .T. ) ;
#854 = DIRECTION ( 'NONE',  ( -0.000000000000000000, -0.000000000000000000, -1.000000000000000000 ) ) ;
#855 = ORIENTED_EDGE ( 'NONE', *, *, #1113, .T. ) ;
#856 = CARTESIAN_POINT ( 'NONE',  ( -23.90989491760779728, 2.000000000000000000, -10.11039691870838553 ) ) ;
#857 = DIRECTION ( 'NONE',  ( 0.000000000000000000, 1.000000000000000000, -0.000000000000000000 ) ) ;
#858 = DIRECTION ( 'NONE',  ( -0.000000000000000000, -1.000000000000000000, -0.000000000000000000 ) ) ;
#859 = VERTEX_POINT ( 'NONE', #5318 ) ;
#860 = ORIENTED_EDGE ( 'NONE', *, *, #4049, .T. ) ;
#861 = DIRECTION ( 'NONE',  ( 0.7071067811865480168, 0.000000000000000000, -0.7071067811865470176 ) ) ;
#862 = DIRECTION ( 'NONE',  ( -0.000000000000000000, 1.000000000000000000, -0.000000000000000000 ) ) ;
#863 = ORIENTED_EDGE ( 'NONE', *, *, #4250, .F. ) ;
#864 = DIRECTION ( 'NONE',  ( 0.000000000000000000, 0.000000000000000000, -1.000000000000000000 ) ) ;
#865 = ORIENTED_EDGE ( 'NONE', *, *, #5330, .F. ) ;
#866 = EDGE_CURVE ( 'NONE', #2672, #2398, #4955, .T. ) ;
#867 = EDGE_CURVE ( 'NONE', #4601, #2246, #1915, .T. ) ;
#868 = CARTESIAN_POINT ( 'NONE',  ( 24.06784864032188054, 2.000000000000000000, 16.10831744348034889 ) ) ;
#869 = CARTESIAN_POINT ( 'NONE',  ( -19.99999999999999289, 0.000000000000000000, 0.000000000000000000 ) ) ;
#870 = ORIENTED_EDGE ( 'NONE', *, *, #2140, .F. ) ;
#871 = LINE ( 'NONE', #3749, #1056 ) ;
#872 = CARTESIAN_POINT ( 'NONE',  ( -25.00119832667881425, 5.000000000000000000, -14.09811776992030907 ) ) ;
#873 = CARTESIAN_POINT ( 'NONE',  ( -25.00119832667881425, 5.000000000000000000, -14.99811776992030765 ) ) ;
#874 = ORIENTED_EDGE ( 'NONE', *, *, #419, .F. ) ;
#875 = VERTEX_POINT ( 'NONE', #818 ) ;
#876 = DIRECTION ( 'NONE',  ( 0.000000000000000000, 0.000000000000000000, -1.000000000000000000 ) ) ;
#877 = DIRECTION ( 'NONE',  ( 0.000000000000000000, 0.000000000000000000, 1.000000000000000000 ) ) ;
#878 =( BOUNDED_CURVE ( )  B_SPLINE_CURVE ( 3, ( #1819, #3035, #1772, #3430 ),
 .UNSPECIFIED., .F., .T. ) 
 B_SPLINE_CURVE_WITH_KNOTS ( ( 4, 4 ),
 ( 5.497787143782137953, 6.283185307179586232 ),
 .UNSPECIFIED. ) 
 CURVE ( )  GEOMETRIC_REPRESENTATION_ITEM ( )  RATIONAL_B_SPLINE_CURVE ( ( 1.000000000000000000, 0.9492530216741911220, 0.9492530216741911220, 1.000000000000000000 ) ) 
 REPRESENTATION_ITEM ( '' )  );
#879 = LINE ( 'NONE', #3400, #4434 ) ;
#880 = EDGE_CURVE ( 'NONE', #2496, #3452, #5206, .T. ) ;
#881 = DIRECTION ( 'NONE',  ( 0.000000000000000000, 0.000000000000000000, 1.000000000000000000 ) ) ;
#882 = CIRCLE ( 'NONE', #4862, 5.000000000000000000 ) ;
#883 = AXIS2_PLACEMENT_3D ( 'NONE', #4145, #2117, #2165 ) ;
#884 = DIRECTION ( 'NONE',  ( 0.000000000000000000, 1.000000000000000000, -0.000000000000000000 ) ) ;
#885 = ORIENTED_EDGE ( 'NONE', *, *, #904, .F. ) ;
#886 = CIRCLE ( 'NONE', #627, 2.500000000000000444 ) ;
#887 = DIRECTION ( 'NONE',  ( 0.000000000000000000, 0.000000000000000000, 1.000000000000000000 ) ) ;
#888 = AXIS2_PLACEMENT_3D ( 'NONE', #4104, #854, #2043 ) ;
#889 = CARTESIAN_POINT ( 'NONE',  ( -24.06784864032193738, 0.000000000000000000, -16.10831744348034889 ) ) ;
#890 = CIRCLE ( 'NONE', #4524, 1.749999999999999778 ) ;
#891 = CIRCLE ( 'NONE', #5132, 4.000000000000003553 ) ;
#892 = CARTESIAN_POINT ( 'NONE',  ( 14.99811776992027568, 5.000000000000000000, 24.10119832667880146 ) ) ;
#893 = ORIENTED_EDGE ( 'NONE', *, *, #2551, .T. ) ;
#894 = CIRCLE ( 'NONE', #5306, 2.250000000000000444 ) ;
#895 = AXIS2_PLACEMENT_3D ( 'NONE', #4514, #4063, #805 ) ;
#896 = CARTESIAN_POINT ( 'NONE',  ( 2.934493141924172210, -3.065506858075827790, 2.934493141924172210 ) ) ;
#897 = DIRECTION ( 'NONE',  ( 0.000000000000000000, 0.000000000000000000, 1.000000000000000000 ) ) ;
#898 = ORIENTED_EDGE ( 'NONE', *, *, #2584, .T. ) ;
#899 = AXIS2_PLACEMENT_3D ( 'NONE', #684, #3532, #3175 ) ;
#900 = AXIS2_PLACEMENT_3D ( 'NONE', #2973, #4637, #85 ) ;
#901 = ORIENTED_EDGE ( 'NONE', *, *, #1188, .T. ) ;
#902 = EDGE_CURVE ( 'NONE', #827, #1956, #5025, .T. ) ;
#903 = CARTESIAN_POINT ( 'NONE',  ( 7.500000000000000888, -11.00000000000000000, -7.500000000000000000 ) ) ;
#904 = EDGE_CURVE ( 'NONE', #2520, #4591, #871, .T. ) ;
#905 = DIRECTION ( 'NONE',  ( 0.000000000000000000, 0.000000000000000000, 1.000000000000000000 ) ) ;
#906 = VECTOR ( 'NONE', #2221, 1000.000000000000000 ) ;
#907 = APPROVAL_PERSON_ORGANIZATION ( #2670, #2684, #133 ) ;
#908 = DIRECTION ( 'NONE',  ( -0.000000000000000000, -1.000000000000000000, -0.000000000000000000 ) ) ;
#909 = EDGE_LOOP ( 'NONE', ( #2071, #4715, #2224, #3714 ) ) ;
#910 = ORIENTED_EDGE ( 'NONE', *, *, #5079, .T. ) ;
#911 = CIRCLE ( 'NONE', #5147, 0.9000000000000014655 ) ;
#912 = LINE ( 'NONE', #477, #4872 ) ;
#913 = ORIENTED_EDGE ( 'NONE', *, *, #4173, .T. ) ;
#914 = ADVANCED_FACE ( 'NONE', ( #4174 ), #3363, .T. ) ;
#915 = DIRECTION ( 'NONE',  ( -0.000000000000000000, -1.000000000000000000, -0.000000000000000000 ) ) ;
#916 = CARTESIAN_POINT ( 'NONE',  ( 25.00119832667878583, 5.000000000000000000, 14.09811776992029486 ) ) ;
#917 = TOROIDAL_SURFACE ( 'NONE', #3945, 6.000000000000000000, 1.000000000000000000 ) ;
#918 = ADVANCED_FACE ( 'NONE', ( #388 ), #17, .T. ) ;
#919 = EDGE_CURVE ( 'NONE', #1460, #791, #2951, .T. ) ;
#920 = ORIENTED_EDGE ( 'NONE', *, *, #4466, .T. ) ;
#921 = VERTEX_POINT ( 'NONE', #3255 ) ;
#922 = VECTOR ( 'NONE', #1663, 1000.000000000000000 ) ;
#923 = CARTESIAN_POINT ( 'NONE',  ( 24.06784864032188054, 2.000000000000000000, 16.10831744348034889 ) ) ;
#924 = DIRECTION ( 'NONE',  ( -0.000000000000000000, -1.000000000000000000, -0.000000000000000000 ) ) ;
#925 = AXIS2_PLACEMENT_3D ( 'NONE', #3967, #1878, #2718 ) ;
#926 = CARTESIAN_POINT ( 'NONE',  ( 14.99811776992028989, 5.000000000000000000, -23.25119832667881781 ) ) ;
#927 = VERTEX_POINT ( 'NONE', #4918 ) ;
#928 = CARTESIAN_POINT ( 'NONE',  ( -23.90989491760780439, 2.000000000000000000, 10.11039691870840151 ) ) ;
#929 = DIRECTION ( 'NONE',  ( 0.000000000000000000, 0.000000000000000000, 1.000000000000000000 ) ) ;
#930 = DIRECTION ( 'NONE',  ( 0.000000000000000000, 0.000000000000000000, 1.000000000000000000 ) ) ;
#931 = CARTESIAN_POINT ( 'NONE',  ( 12.10970376029897899, 0.000000000000000000, 23.96254615851252012 ) ) ;
#932 = CARTESIAN_POINT ( 'NONE',  ( -16.10831744348034533, 2.000000000000000000, -24.06784864032195159 ) ) ;
#933 = EDGE_CURVE ( 'NONE', #2909, #3431, #2845, .T. ) ;
#934 = VERTEX_POINT ( 'NONE', #2980 ) ;
#935 = ORIENTED_EDGE ( 'NONE', *, *, #2652, .T. ) ;
#936 = CYLINDRICAL_SURFACE ( 'NONE', #1581, 1.000000000000000888 ) ;
#937 = CARTESIAN_POINT ( 'NONE',  ( 25.00119832667878583, 5.000000000000000000, 13.24811776992030765 ) ) ;
#938 = EDGE_LOOP ( 'NONE', ( #124, #1432, #564, #2968 ) ) ;
#939 = DIRECTION ( 'NONE',  ( -0.000000000000000000, -1.000000000000000000, -0.000000000000000000 ) ) ;
#940 = EDGE_CURVE ( 'NONE', #2429, #3118, #3299, .T. ) ;
#941 = FACE_OUTER_BOUND ( 'NONE', #705, .T. ) ;
#942 = EDGE_CURVE ( 'NONE', #5029, #961, #3171, .T. ) ;
#943 = ORIENTED_EDGE ( 'NONE', *, *, #3702, .F. ) ;
#944 = ORIENTED_EDGE ( 'NONE', *, *, #2713, .F. ) ;
#945 = DIRECTION ( 'NONE',  ( -0.000000000000000000, -1.000000000000000000, 0.000000000000000000 ) ) ;
#946 = LINE ( 'NONE', #4246, #400 ) ;
#947 = CARTESIAN_POINT ( 'NONE',  ( 18.75606001926117727, 2.000000000000000000, 27.06609133436745296 ) ) ;
#948 = EDGE_LOOP ( 'NONE', ( #3491, #5240, #1039, #4977 ) ) ;
#949 = CYLINDRICAL_SURFACE ( 'NONE', #1094, 1.999999999999998224 ) ;
#950 = DIRECTION ( 'NONE',  ( -0.000000000000000000, -1.000000000000000000, -0.000000000000000000 ) ) ;
#951 = CARTESIAN_POINT ( 'NONE',  ( 4.150000000000001243, -5.999999999999999112, -4.150000000000000355 ) ) ;
#952 = CARTESIAN_POINT ( 'NONE',  ( 14.99811776992027568, 2.000000000000000000, 25.00119832667880360 ) ) ;
#953 = EDGE_CURVE ( 'NONE', #2305, #3276, #4002, .T. ) ;
#954 = ORIENTED_EDGE ( 'NONE', *, *, #3187, .F. ) ;
#955 = ORIENTED_EDGE ( 'NONE', *, *, #2317, .T. ) ;
#956 = CARTESIAN_POINT ( 'NONE',  ( -5.980998276113258960, 0.000000000000000000, 15.59751454687771854 ) ) ;
#957 = CARTESIAN_POINT ( 'NONE',  ( 16.10831744348029204, 2.000000000000000000, 24.06784864032195159 ) ) ;
#958 = CYLINDRICAL_SURFACE ( 'NONE', #4088, 0.8999999999999998002 ) ;
#959 = DIRECTION ( 'NONE',  ( 0.000000000000000000, 0.000000000000000000, 1.000000000000000000 ) ) ;
#960 = EDGE_LOOP ( 'NONE', ( #2440, #2869 ) ) ;
#961 = VERTEX_POINT ( 'NONE', #1346 ) ;
#962 = LINE ( 'NONE', #999, #2180 ) ;
#963 = EDGE_CURVE ( 'NONE', #3972, #3324, #621, .T. ) ;
#964 = EDGE_CURVE ( 'NONE', #2909, #3453, #882, .T. ) ;
#965 = EDGE_CURVE ( 'NONE', #3060, #614, #4254, .T. ) ;
#966 = FACE_OUTER_BOUND ( 'NONE', #1828, .T. ) ;
#967 = VERTEX_POINT ( 'NONE', #3088 ) ;
#968 = DIRECTION ( 'NONE',  ( -0.000000000000000000, -1.000000000000000000, -0.000000000000000000 ) ) ;
#969 = CIRCLE ( 'NONE', #3911, 0.5000000000000004441 ) ;
#970 = VERTEX_POINT ( 'NONE', #3959 ) ;
#971 = EDGE_CURVE ( 'NONE', #3130, #5094, #4080, .T. ) ;
#972 = VECTOR ( 'NONE', #3021, 1000.000000000000000 ) ;
#973 = CIRCLE ( 'NONE', #1241, 4.000000000000003553 ) ;
#974 = CARTESIAN_POINT ( 'NONE',  ( 20.07993130715164298, 0.000000000000000000, -28.56521268139023206 ) ) ;
#975 = DIRECTION ( 'NONE',  ( 0.3580378399195150996, 0.000000000000000000, -0.9337070767568208529 ) ) ;
#976 = ADVANCED_FACE ( 'NONE', ( #273 ), #1465, .T. ) ;
#977 = AXIS2_PLACEMENT_3D ( 'NONE', #1800, #3121, #4731 ) ;
#978 = CIRCLE ( 'NONE', #4010, 0.8999999999999998002 ) ;
#979 = CARTESIAN_POINT ( 'NONE',  ( -7.500000000000000888, -11.00000000000000000, -7.500000000000000888 ) ) ;
#980 = DIRECTION ( 'NONE',  ( 0.000000000000000000, 0.000000000000000000, -1.000000000000000000 ) ) ;
#981 = AXIS2_PLACEMENT_3D ( 'NONE', #2931, #2489, #787 ) ;
#982 = DIRECTION ( 'NONE',  ( 0.000000000000000000, 1.000000000000000000, 0.000000000000000000 ) ) ;
#983 = ORIENTED_EDGE ( 'NONE', *, *, #4914, .F. ) ;
#984 = ORIENTED_EDGE ( 'NONE', *, *, #3157, .F. ) ;
#985 = ORIENTED_EDGE ( 'NONE', *, *, #2607, .F. ) ;
#986 = DIRECTION ( 'NONE',  ( 0.000000000000000000, 0.000000000000000000, 1.000000000000000000 ) ) ;
#987 = CARTESIAN_POINT ( 'NONE',  ( 14.99811776992027568, 5.000000000000000000, 25.90119832667880573 ) ) ;
#988 = VERTEX_POINT ( 'NONE', #4741 ) ;
#989 = AXIS2_PLACEMENT_3D ( 'NONE', #3064, #4691, #4646 ) ;
#990 = AXIS2_PLACEMENT_3D ( 'NONE', #353, #5281, #809 ) ;
#991 = CARTESIAN_POINT ( 'NONE',  ( 7.500000000000000000, -1.000000000000000000, 13.50000000000000178 ) ) ;
#992 = CARTESIAN_POINT ( 'NONE',  ( -24.06784864032195159, 2.000000000000000000, 16.10831744348034889 ) ) ;
#993 = CIRCLE ( 'NONE', #4027, 0.8999999999999998002 ) ;
#994 = AXIS2_PLACEMENT_3D ( 'NONE', #2939, #4158, #1300 ) ;
#995 = PERSON_AND_ORGANIZATION_ROLE ( 'classification_officer' ) ;
#996 = ORIENTED_EDGE ( 'NONE', *, *, #2087, .F. ) ;
#997 = EDGE_LOOP ( 'NONE', ( #955, #935 ) ) ;
#998 = ORIENTED_EDGE ( 'NONE', *, *, #4676, .F. ) ;
#999 = CARTESIAN_POINT ( 'NONE',  ( 12.10970376029903584, 2.000000000000000000, -23.96254615851253433 ) ) ;
#1000 = AXIS2_PLACEMENT_3D ( 'NONE', #5283, #1148, #4066 ) ;
#1001 = DIRECTION ( 'NONE',  ( 0.000000000000000000, 0.000000000000000000, 1.000000000000000000 ) ) ;
#1002 = ORIENTED_EDGE ( 'NONE', *, *, #4661, .F. ) ;
#1003 = CARTESIAN_POINT ( 'NONE',  ( -5.500000000000000000, 0.000000000000000000, -20.00000000000002487 ) ) ;
#1004 = ADVANCED_FACE ( 'NONE', ( #4795 ), #4358, .T. ) ;
#1005 = AXIS2_PLACEMENT_3D ( 'NONE', #4138, #4934, #2942 ) ;
#1006 = EDGE_LOOP ( 'NONE', ( #5340, #4135 ) ) ;
#1007 = EDGE_CURVE ( 'NONE', #2243, #3613, #3984, .T. ) ;
#1008 = CIRCLE ( 'NONE', #4640, 3.999999999999989786 ) ;
#1009 = CARTESIAN_POINT ( 'NONE',  ( 28.56521268139017522, 2.000000000000000000, 20.07993130715162877 ) ) ;
#1010 = CARTESIAN_POINT ( 'NONE',  ( -25.00119832667880004, 2.500000000000000000, 14.99811776992030765 ) ) ;
#1011 = VERTEX_POINT ( 'NONE', #3110 ) ;
#1012 = AXIS2_PLACEMENT_3D ( 'NONE', #4134, #1273, #54 ) ;
#1013 = CARTESIAN_POINT ( 'NONE',  ( -4.150000000000000355, -6.000000000000000000, 12.50000000000000000 ) ) ;
#1014 = CARTESIAN_POINT ( 'NONE',  ( -25.00119832667880004, 5.000000000000000000, 16.74811776992030943 ) ) ;
#1015 = ADVANCED_FACE ( 'NONE', ( #496 ), #2545, .F. ) ;
#1016 = CARTESIAN_POINT ( 'NONE',  ( -5.980998276113258960, 0.000000000000000000, -15.59751454687771854 ) ) ;
#1017 = ORIENTED_EDGE ( 'NONE', *, *, #4277, .F. ) ;
#1018 = ORIENTED_EDGE ( 'NONE', *, *, #3881, .F. ) ;
#1019 = ORIENTED_EDGE ( 'NONE', *, *, #2757, .F. ) ;
#1020 = DIRECTION ( 'NONE',  ( 1.000000000000000000, 0.000000000000000000, 0.000000000000000000 ) ) ;
#1021 = DIRECTION ( 'NONE',  ( 0.000000000000000000, 0.000000000000000000, -1.000000000000000000 ) ) ;
#1022 = CARTESIAN_POINT ( 'NONE',  ( 0.000000000000000000, 2.000000000000000000, 20.00000000000002487 ) ) ;
#1023 = DIRECTION ( 'NONE',  ( 0.000000000000000000, 0.000000000000000000, 1.000000000000000000 ) ) ;
#1024 = ORIENTED_EDGE ( 'NONE', *, *, #1472, .F. ) ;
#1025 = ORIENTED_EDGE ( 'NONE', *, *, #5079, .F. ) ;
#1026 = CARTESIAN_POINT ( 'NONE',  ( -14.00000000000000178, 0.000000000000000000, -11.50000000000001243 ) ) ;
#1027 = DIRECTION ( 'NONE',  ( 0.000000000000000000, 0.000000000000000000, 1.000000000000000000 ) ) ;
#1028 = LINE ( 'NONE', #1808, #1761 ) ;
#1029 = ORIENTED_EDGE ( 'NONE', *, *, #3211, .T. ) ;
#1030 = DIRECTION ( 'NONE',  ( 0.000000000000000000, 0.000000000000000000, -1.000000000000000000 ) ) ;
#1031 = DIRECTION ( 'NONE',  ( 0.000000000000000000, -0.000000000000000000, -1.000000000000000000 ) ) ;
#1032 = FACE_OUTER_BOUND ( 'NONE', #2830, .T. ) ;
#1033 = VERTEX_POINT ( 'NONE', #3575 ) ;
#1034 = ORIENTED_EDGE ( 'NONE', *, *, #2789, .F. ) ;
#1035 = CARTESIAN_POINT ( 'NONE',  ( 27.15099911901711494, 0.000000000000000000, -21.49414486952474945 ) ) ;
#1036 = EDGE_CURVE ( 'NONE', #4962, #3406, #2678, .T. ) ;
#1037 = LINE ( 'NONE', #4693, #5234 ) ;
#1038 = DIRECTION ( 'NONE',  ( 0.000000000000000000, 1.000000000000000000, 0.000000000000000000 ) ) ;
#1039 = ORIENTED_EDGE ( 'NONE', *, *, #408, .F. ) ;
#1040 = EDGE_LOOP ( 'NONE', ( #2633, #2287 ) ) ;
#1041 = FACE_OUTER_BOUND ( 'NONE', #1903, .T. ) ;
#1042 = FACE_OUTER_BOUND ( 'NONE', #2476, .T. ) ;
#1043 = FACE_BOUND ( 'NONE', #5162, .T. ) ;
#1044 = PERSON_AND_ORGANIZATION ( #67, #4028 ) ;
#1045 = ORIENTED_EDGE ( 'NONE', *, *, #4803, .F. ) ;
#1046 = ORIENTED_EDGE ( 'NONE', *, *, #533, .F. ) ;
#1047 = ORIENTED_EDGE ( 'NONE', *, *, #15, .T. ) ;
#1048 = EDGE_CURVE ( 'NONE', #3477, #4980, #2147, .T. ) ;
#1049 = DIRECTION ( 'NONE',  ( -0.000000000000000000, -1.000000000000000000, -0.000000000000000000 ) ) ;
#1050 = LINE ( 'NONE', #4763, #829 ) ;
#1051 = ORIENTED_EDGE ( 'NONE', *, *, #2981, .F. ) ;
#1052 = DIRECTION ( 'NONE',  ( -1.000000000000000000, 0.000000000000000000, 0.000000000000000000 ) ) ;
#1053 = VERTEX_POINT ( 'NONE', #3928 ) ;
#1054 = DIRECTION ( 'NONE',  ( -1.000000000000000000, 0.000000000000000000, 0.000000000000000000 ) ) ;
#1055 = DIRECTION ( 'NONE',  ( -0.000000000000000000, -1.000000000000000000, -0.000000000000000000 ) ) ;
#1056 = VECTOR ( 'NONE', #847, 1000.000000000000000 ) ;
#1057 = CIRCLE ( 'NONE', #466, 1.000000000000000888 ) ;
#1058 = CARTESIAN_POINT ( 'NONE',  ( -12.10970376029906248, 0.000000000000000000, 23.96254615851254144 ) ) ;
#1059 = VECTOR ( 'NONE', #2413, 1000.000000000000000 ) ;
#1060 = CARTESIAN_POINT ( 'NONE',  ( 27.15099911901708651, 2.000000000000000000, 21.49414486952472458 ) ) ;
#1061 = AXIS2_PLACEMENT_3D ( 'NONE', #2248, #1931, #2308 ) ;
#1062 = CARTESIAN_POINT ( 'NONE',  ( -25.00119832667881425, 5.000000000000000000, -14.99811776992030765 ) ) ;
#1063 = CARTESIAN_POINT ( 'NONE',  ( -5.980998276113258960, 2.000000000000000000, 15.59751454687771854 ) ) ;
#1064 = ORIENTED_EDGE ( 'NONE', *, *, #3454, .F. ) ;
#1065 = AXIS2_PLACEMENT_3D ( 'NONE', #1479, #3483, #3914 ) ;
#1066 = CIRCLE ( 'NONE', #4789, 1.750000000000001554 ) ;
#1067 = ADVANCED_FACE ( 'NONE', ( #3807 ), #3387, .F. ) ;
#1068 = EDGE_LOOP ( 'NONE', ( #5138, #259, #4651, #1405 ) ) ;
#1069 = EDGE_CURVE ( 'NONE', #442, #5293, #1492, .T. ) ;
#1070 = ORIENTED_EDGE ( 'NONE', *, *, #4509, .F. ) ;
#1071 = DIRECTION ( 'NONE',  ( 0.000000000000000000, 0.000000000000000000, -1.000000000000000000 ) ) ;
#1072 = DIRECTION ( 'NONE',  ( 0.000000000000000000, 0.000000000000000000, 1.000000000000000000 ) ) ;
#1073 = VERTEX_POINT ( 'NONE', #652 ) ;
#1074 = DIRECTION ( 'NONE',  ( -0.000000000000000000, 0.000000000000000000, 1.000000000000000000 ) ) ;
#1075 = CIRCLE ( 'NONE', #4968, 0.8999999999999998002 ) ;
#1076 = EDGE_CURVE ( 'NONE', #499, #2608, #4776, .T. ) ;
#1077 = CARTESIAN_POINT ( 'NONE',  ( 25.00119832667881425, 5.000000000000000000, -15.89811776992029380 ) ) ;
#1078 = ORIENTED_EDGE ( 'NONE', *, *, #1754, .T. ) ;
#1079 = AXIS2_PLACEMENT_3D ( 'NONE', #3763, #559, #2498 ) ;
#1080 = AXIS2_PLACEMENT_3D ( 'NONE', #163, #248, #2649 ) ;
#1081 = ADVANCED_FACE ( 'NONE', ( #1638 ), #729, .T. ) ;
#1082 = ORIENTED_EDGE ( 'NONE', *, *, #2348, .F. ) ;
#1083 = CYLINDRICAL_SURFACE ( 'NONE', #1153, 1.999999999999998224 ) ;
#1084 = AXIS2_PLACEMENT_3D ( 'NONE', #692, #2335, #3598 ) ;
#1085 = VECTOR ( 'NONE', #2447, 1000.000000000000000 ) ;
#1086 = DIRECTION ( 'NONE',  ( -0.000000000000000000, -1.000000000000000000, -0.000000000000000000 ) ) ;
#1087 = EDGE_CURVE ( 'NONE', #4547, #1483, #3634, .T. ) ;
#1088 = CARTESIAN_POINT ( 'NONE',  ( -10.82647259854740973, 0.000000000000000000, -22.04248076409418289 ) ) ;
#1089 = EDGE_CURVE ( 'NONE', #395, #3453, #3827, .T. ) ;
#1090 = ORIENTED_EDGE ( 'NONE', *, *, #3588, .T. ) ;
#1091 = AXIS2_PLACEMENT_3D ( 'NONE', #1366, #32, #3779 ) ;
#1092 = CARTESIAN_POINT ( 'NONE',  ( 12.50000000000000000, -12.00000000000000000, 7.500000000000000888 ) ) ;
#1093 = CARTESIAN_POINT ( 'NONE',  ( 25.00119832667878583, 2.500000000000000000, 12.74811776992030765 ) ) ;
#1094 = AXIS2_PLACEMENT_3D ( 'NONE', #1009, #1055, #4768 ) ;
#1095 = DIRECTION ( 'NONE',  ( -0.7071067811865479058, 0.000000000000000000, 0.7071067811865470176 ) ) ;
#1096 = CIRCLE ( 'NONE', #4463, 1.749999999999999778 ) ;
#1097 = CARTESIAN_POINT ( 'NONE',  ( -25.00119832667880004, 5.000000000000000000, 13.24811776992030765 ) ) ;
#1098 = EDGE_CURVE ( 'NONE', #4347, #3627, #1993, .T. ) ;
#1099 = DIRECTION ( 'NONE',  ( -0.3580378399195150996, 0.000000000000000000, -0.9337070767568208529 ) ) ;
#1100 = AXIS2_PLACEMENT_3D ( 'NONE', #4627, #2522, #2128 ) ;
#1101 = CARTESIAN_POINT ( 'NONE',  ( 14.99811776992028989, 5.000000000000000000, -25.00119832667880360 ) ) ;
#1102 = EDGE_LOOP ( 'NONE', ( #244, #4197, #1285, #2301 ) ) ;
#1103 = AXIS2_PLACEMENT_3D ( 'NONE', #1214, #3764, #1692 ) ;
#1104 = ORIENTED_EDGE ( 'NONE', *, *, #1924, .F. ) ;
#1105 = DIRECTION ( 'NONE',  ( -1.000000000000000000, 0.000000000000000000, 0.000000000000000000 ) ) ;
#1106 = CARTESIAN_POINT ( 'NONE',  ( -14.99811776992028989, 5.000000000000000000, -25.00119832667883202 ) ) ;
#1107 = ORIENTED_EDGE ( 'NONE', *, *, #351, .F. ) ;
#1108 = DIRECTION ( 'NONE',  ( 0.000000000000000000, 0.000000000000000000, 1.000000000000000000 ) ) ;
#1109 = EDGE_CURVE ( 'NONE', #5064, #988, #2863, .T. ) ;
#1110 = DIRECTION ( 'NONE',  ( 0.000000000000000000, 1.000000000000000000, -0.000000000000000000 ) ) ;
#1111 = VERTEX_POINT ( 'NONE', #2838 ) ;
#1112 = ORIENTED_EDGE ( 'NONE', *, *, #615, .F. ) ;
#1113 = EDGE_CURVE ( 'NONE', #4151, #5268, #3095, .T. ) ;
#1114 = CARTESIAN_POINT ( 'NONE',  ( -25.00119832667881425, 2.500000000000000000, -14.99811776992030765 ) ) ;
#1115 = EDGE_CURVE ( 'NONE', #1726, #451, #3567, .T. ) ;
#1116 = CARTESIAN_POINT ( 'NONE',  ( -7.500000000000000888, -1.000000000000000888, 12.50000000000000000 ) ) ;
#1117 = LINE ( 'NONE', #5254, #307 ) ;
#1118 = VERTEX_POINT ( 'NONE', #4081 ) ;
#1119 = DIRECTION ( 'NONE',  ( 0.000000000000000000, 0.000000000000000000, -1.000000000000000000 ) ) ;
#1120 = CARTESIAN_POINT ( 'NONE',  ( -25.00119832667880004, 2.500000000000000000, 13.24811776992030765 ) ) ;
#1121 = DIRECTION ( 'NONE',  ( -0.000000000000000000, -1.000000000000000000, -0.000000000000000000 ) ) ;
#1122 = VERTEX_POINT ( 'NONE', #4909 ) ;
#1123 = LINE ( 'NONE', #4015, #1589 ) ;
#1124 = LINE ( 'NONE', #4447, #53 ) ;
#1125 = CARTESIAN_POINT ( 'NONE',  ( 0.000000000000000000, -10.14999999999999858, -4.150000000000000355 ) ) ;
#1126 = ORIENTED_EDGE ( 'NONE', *, *, #2415, .F. ) ;
#1127 = EDGE_LOOP ( 'NONE', ( #4146, #824 ) ) ;
#1128 = CARTESIAN_POINT ( 'NONE',  ( -23.96254615851252012, 2.000000000000000000, 12.10970376029905538 ) ) ;
#1129 = PLANE ( 'NONE',  #4520 ) ;
#1130 = EDGE_LOOP ( 'NONE', ( #2423, #1082 ) ) ;
#1131 = DIRECTION ( 'NONE',  ( -0.000000000000000000, 1.000000000000000000, -0.000000000000000000 ) ) ;
#1132 = LINE ( 'NONE', #2406, #4537 ) ;
#1133 = ORIENTED_EDGE ( 'NONE', *, *, #640, .T. ) ;
#1134 = VERTEX_POINT ( 'NONE', #3683 ) ;
#1135 = DIRECTION ( 'NONE',  ( 0.000000000000000000, 0.000000000000000000, -1.000000000000000000 ) ) ;
#1136 = DIRECTION ( 'NONE',  ( 0.000000000000000000, 1.000000000000000000, -0.000000000000000000 ) ) ;
#1137 = FACE_OUTER_BOUND ( 'NONE', #5256, .T. ) ;
#1138 = EDGE_CURVE ( 'NONE', #3482, #846, #3034, .T. ) ;
#1139 = EDGE_CURVE ( 'NONE', #2608, #499, #1232, .T. ) ;
#1140 = ORIENTED_EDGE ( 'NONE', *, *, #260, .F. ) ;
#1141 = CARTESIAN_POINT ( 'NONE',  ( -2.934493141924172210, -3.065506858075827790, -2.934493141924172210 ) ) ;
#1142 = ADVANCED_FACE ( 'NONE', ( #1614, #5360 ), #2395, .F. ) ;
#1143 = FACE_OUTER_BOUND ( 'NONE', #3649, .T. ) ;
#1144 = CARTESIAN_POINT ( 'NONE',  ( -2.934493141924172210, -3.065506858075827790, 2.934493141924172210 ) ) ;
#1145 = ORIENTED_EDGE ( 'NONE', *, *, #3465, .T. ) ;
#1146 = ADVANCED_FACE ( 'NONE', ( #2762 ), #3925, .F. ) ;
#1147 = VECTOR ( 'NONE', #5076, 1000.000000000000000 ) ;
#1148 = DIRECTION ( 'NONE',  ( 0.000000000000000000, 1.000000000000000000, -0.000000000000000000 ) ) ;
#1149 = DIRECTION ( 'NONE',  ( -1.000000000000000000, 0.000000000000000000, 0.000000000000000000 ) ) ;
#1150 = ORIENTED_EDGE ( 'NONE', *, *, #3018, .T. ) ;
#1151 = EDGE_CURVE ( 'NONE', #2492, #4936, #4622, .T. ) ;
#1152 = ADVANCED_FACE ( 'NONE', ( #2451 ), #405, .F. ) ;
#1153 = AXIS2_PLACEMENT_3D ( 'NONE', #5091, #1804, #593 ) ;
#1154 = DIRECTION ( 'NONE',  ( 0.000000000000000000, -0.000000000000000000, -1.000000000000000000 ) ) ;
#1155 = FACE_BOUND ( 'NONE', #3003, .T. ) ;
#1156 = ORIENTED_EDGE ( 'NONE', *, *, #3774, .T. ) ;
#1157 = LINE ( 'NONE', #3973, #4621 ) ;
#1158 = DIRECTION ( 'NONE',  ( -0.000000000000000000, 1.000000000000000000, -0.000000000000000000 ) ) ;
#1159 = AXIS2_PLACEMENT_3D ( 'NONE', #1634, #4951, #97 ) ;
#1160 = VECTOR ( 'NONE', #3256, 1000.000000000000000 ) ;
#1161 = ORIENTED_EDGE ( 'NONE', *, *, #4221, .T. ) ;
#1162 = VERTEX_POINT ( 'NONE', #1141 ) ;
#1163 = AXIS2_PLACEMENT_3D ( 'NONE', #2002, #4920, #3597 ) ;
#1164 = CARTESIAN_POINT ( 'NONE',  ( -25.00119832667881425, 2.500000000000000000, -14.99811776992030765 ) ) ;
#1165 = CIRCLE ( 'NONE', #4440, 3.999999999999999112 ) ;
#1166 = DIRECTION ( 'NONE',  ( -0.000000000000000000, -1.000000000000000000, 0.000000000000000000 ) ) ;
#1167 = AXIS2_PLACEMENT_3D ( 'NONE', #5010, #4239, #4631 ) ;
#1168 = DIRECTION ( 'NONE',  ( -0.000000000000000000, -1.000000000000000000, -0.000000000000000000 ) ) ;
#1169 = ORIENTED_EDGE ( 'NONE', *, *, #2084, .T. ) ;
#1170 = CARTESIAN_POINT ( 'NONE',  ( 10.82647259854740973, 0.000000000000000000, -22.04248076409418289 ) ) ;
#1171 = AXIS2_PLACEMENT_3D ( 'NONE', #4255, #549, #2088 ) ;
#1172 = AXIS2_PLACEMENT_3D ( 'NONE', #5277, #2735, #2836 ) ;
#1173 = EDGE_CURVE ( 'NONE', #634, #1617, #707, .T. ) ;
#1174 = CYLINDRICAL_SURFACE ( 'NONE', #655, 4.150000000000000355 ) ;
#1175 = LINE ( 'NONE', #2818, #3845 ) ;
#1176 = AXIS2_PLACEMENT_3D ( 'NONE', #413, #1756, #2061 ) ;
#1177 = ORIENTED_EDGE ( 'NONE', *, *, #4441, .T. ) ;
#1178 = EDGE_CURVE ( 'NONE', #4024, #614, #1240, .T. ) ;
#1179 = AXIS2_PLACEMENT_3D ( 'NONE', #191, #4744, #3961 ) ;
#1180 = CARTESIAN_POINT ( 'NONE',  ( -13.50000000000000178, 0.000000000000000000, 7.500000000000000888 ) ) ;
#1181 = DIRECTION ( 'NONE',  ( -0.000000000000000000, 1.000000000000000000, -0.000000000000000000 ) ) ;
#1182 = AXIS2_PLACEMENT_3D ( 'NONE', #4432, #696, #5298 ) ;
#1183 = DIRECTION ( 'NONE',  ( 0.000000000000000000, 0.000000000000000000, 1.000000000000000000 ) ) ;
#1184 = DIRECTION ( 'NONE',  ( 0.000000000000000000, 0.000000000000000000, 1.000000000000000000 ) ) ;
#1185 = ORIENTED_EDGE ( 'NONE', *, *, #4406, .T. ) ;
#1186 = DIRECTION ( 'NONE',  ( -0.000000000000000000, -1.000000000000000000, -0.000000000000000000 ) ) ;
#1187 = CIRCLE ( 'NONE', #5332, 4.000000000000003553 ) ;
#1188 = EDGE_CURVE ( 'NONE', #648, #1011, #4851, .T. ) ;
#1189 = LINE ( 'NONE', #392, #3595 ) ;
#1190 = CIRCLE ( 'NONE', #60, 4.000000000000003553 ) ;
#1191 = ORIENTED_EDGE ( 'NONE', *, *, #3278, .F. ) ;
#1192 = ORIENTED_EDGE ( 'NONE', *, *, #4568, .F. ) ;
#1193 = ORIENTED_EDGE ( 'NONE', *, *, #5311, .F. ) ;
#1194 = CARTESIAN_POINT ( 'NONE',  ( -14.99811776992028634, 5.000000000000000000, 25.00119832667883202 ) ) ;
#1195 = CARTESIAN_POINT ( 'NONE',  ( 14.99811776992028989, 0.000000000000000000, -24.10119832667880146 ) ) ;
#1196 = DIRECTION ( 'NONE',  ( 0.000000000000000000, 0.000000000000000000, 1.000000000000000000 ) ) ;
#1197 = VERTEX_POINT ( 'NONE', #2562 ) ;
#1198 = CARTESIAN_POINT ( 'NONE',  ( 0.000000000000000000, 2.500000000000000000, 7.500000000000000000 ) ) ;
#1199 = CARTESIAN_POINT ( 'NONE',  ( -2.828427124746183186, 2.000000000000000000, 2.828427124746182741 ) ) ;
#1200 = CARTESIAN_POINT ( 'NONE',  ( -2.934493141924172210, -3.065506858075827790, -2.934493141924172210 ) ) ;
#1201 = LINE ( 'NONE', #2841, #737 ) ;
#1202 = CARTESIAN_POINT ( 'NONE',  ( 14.99811776992027568, 5.000000000000000000, 26.75119832667879294 ) ) ;
#1203 = ORIENTED_EDGE ( 'NONE', *, *, #176, .T. ) ;
#1204 = EDGE_CURVE ( 'NONE', #1394, #4681, #196, .T. ) ;
#1205 = DIRECTION ( 'NONE',  ( -0.000000000000000000, -1.000000000000000000, -0.000000000000000000 ) ) ;
#1206 = CARTESIAN_POINT ( 'NONE',  ( 0.000000000000000000, -10.14999999999999858, -4.150000000000000355 ) ) ;
#1207 = CARTESIAN_POINT ( 'NONE',  ( 2.145815531099355411, -2.276829247251012767, -3.723170752748987677 ) ) ;
#1208 = CARTESIAN_POINT ( 'NONE',  ( 14.99811776992027568, 5.000000000000000000, 26.75119832667879294 ) ) ;
#1209 = ORIENTED_EDGE ( 'NONE', *, *, #1401, .F. ) ;
#1210 = VERTEX_POINT ( 'NONE', #4160 ) ;
#1211 = DIRECTION ( 'NONE',  ( 0.7071067811865480168, 0.000000000000000000, -0.7071067811865470176 ) ) ;
#1212 = ORIENTED_EDGE ( 'NONE', *, *, #1178, .T. ) ;
#1213 = DIRECTION ( 'NONE',  ( 0.000000000000000000, 0.000000000000000000, -1.000000000000000000 ) ) ;
#1214 = CARTESIAN_POINT ( 'NONE',  ( -14.00000000000000178, 0.000000000000000000, -14.00000000000001243 ) ) ;
#1215 = APPLICATION_PROTOCOL_DEFINITION ( 'international standard', 'config_control_design', 1994, #1974 ) ;
#1216 = EDGE_CURVE ( 'NONE', #2631, #1918, #3376, .T. ) ;
#1217 = EDGE_LOOP ( 'NONE', ( #693, #3648 ) ) ;
#1218 = DIRECTION ( 'NONE',  ( -1.000000000000000000, 0.000000000000000000, 0.000000000000000000 ) ) ;
#1219 = DIRECTION ( 'NONE',  ( 0.000000000000000000, -1.000000000000000000, 0.000000000000000000 ) ) ;
#1220 = LINE ( 'NONE', #1525, #4098 ) ;
#1221 = ORIENTED_EDGE ( 'NONE', *, *, #3870, .T. ) ;
#1222 = ORIENTED_EDGE ( 'NONE', *, *, #579, .F. ) ;
#1223 = CARTESIAN_POINT ( 'NONE',  ( -4.149999999999999467, -4.884641426431534761, 4.149999999999999467 ) ) ;
#1224 = CARTESIAN_POINT ( 'NONE',  ( 7.500000000000000000, -11.00000000000000000, -11.50000000000000000 ) ) ;
#1225 = VERTEX_POINT ( 'NONE', #3819 ) ;
#1226 = VERTEX_POINT ( 'NONE', #2160 ) ;
#1227 = CARTESIAN_POINT ( 'NONE',  ( 11.50000000000000000, -12.00000000000000000, -7.500000000000000000 ) ) ;
#1228 = DIRECTION ( 'NONE',  ( 0.000000000000000000, 1.000000000000000000, -0.000000000000000000 ) ) ;
#1229 = DIRECTION ( 'NONE',  ( -0.000000000000000000, -1.000000000000000000, 0.000000000000000000 ) ) ;
#1230 = DIRECTION ( 'NONE',  ( 0.000000000000000000, 0.000000000000000000, -1.000000000000000000 ) ) ;
#1231 = EDGE_CURVE ( 'NONE', #2239, #3466, #4166, .T. ) ;
#1232 = CIRCLE ( 'NONE', #3388, 0.8999999999999998002 ) ;
#1233 = VECTOR ( 'NONE', #4611, 1000.000000000000000 ) ;
#1234 = ORIENTED_EDGE ( 'NONE', *, *, #751, .F. ) ;
#1235 = ORIENTED_EDGE ( 'NONE', *, *, #4946, .T. ) ;
#1236 = DIRECTION ( 'NONE',  ( 0.000000000000000000, 0.000000000000000000, 1.000000000000000000 ) ) ;
#1237 = ORIENTED_EDGE ( 'NONE', *, *, #5282, .F. ) ;
#1238 = DIRECTION ( 'NONE',  ( 0.000000000000000000, 0.000000000000000000, 1.000000000000000000 ) ) ;
#1239 = ADVANCED_FACE ( 'NONE', ( #2502, #1360 ), #2105, .F. ) ;
#1240 = CIRCLE ( 'NONE', #4690, 2.249999999999986233 ) ;
#1241 = AXIS2_PLACEMENT_3D ( 'NONE', #2153, #396, #1687 ) ;
#1242 = CARTESIAN_POINT ( 'NONE',  ( 2.828427124746168975, 2.000000000000000000, -2.828427124746160093 ) ) ;
#1243 = PERSON_AND_ORGANIZATION_ROLE ( 'creator' ) ;
#1244 = AXIS2_PLACEMENT_3D ( 'NONE', #3893, #1775, #4238 ) ;
#1245 = EDGE_LOOP ( 'NONE', ( #5046, #3542 ) ) ;
#1246 = DIRECTION ( 'NONE',  ( -0.000000000000000000, -1.000000000000000000, 0.000000000000000000 ) ) ;
#1247 = AXIS2_PLACEMENT_3D ( 'NONE', #2120, #1682, #497 ) ;
#1248 = ADVANCED_FACE ( 'NONE', ( #3408, #58 ), #4574, .T. ) ;
#1249 = DIRECTION ( 'NONE',  ( -0.000000000000000000, -1.000000000000000000, -0.000000000000000000 ) ) ;
#1250 = DIRECTION ( 'NONE',  ( 0.000000000000000000, 0.000000000000000000, -1.000000000000000000 ) ) ;
#1251 = ORIENTED_EDGE ( 'NONE', *, *, #1633, .T. ) ;
#1252 = CIRCLE ( 'NONE', #4272, 2.500000000000002220 ) ;
#1253 = CIRCLE ( 'NONE', #2802, 1.749999999999999778 ) ;
#1254 = DIRECTION ( 'NONE',  ( -1.000000000000000000, -0.000000000000000000, -0.000000000000000000 ) ) ;
#1255 = ORIENTED_EDGE ( 'NONE', *, *, #2995, .T. ) ;
#1256 = AXIS2_PLACEMENT_3D ( 'NONE', #873, #2573, #2516 ) ;
#1257 = VECTOR ( 'NONE', #4108, 1000.000000000000000 ) ;
#1258 = FACE_OUTER_BOUND ( 'NONE', #2437, .T. ) ;
#1259 = ORIENTED_EDGE ( 'NONE', *, *, #1087, .T. ) ;
#1260 = DIRECTION ( 'NONE',  ( 0.000000000000000000, 1.000000000000000000, -0.000000000000000000 ) ) ;
#1261 = CARTESIAN_POINT ( 'NONE',  ( 19.99999999999999289, 2.000000000000000000, 5.500000000000017764 ) ) ;
#1262 = VECTOR ( 'NONE', #2792, 1000.000000000000000 ) ;
#1263 = DIRECTION ( 'NONE',  ( 0.000000000000000000, 0.000000000000000000, 1.000000000000000000 ) ) ;
#1264 = DIRECTION ( 'NONE',  ( 0.000000000000000000, 0.000000000000000000, 1.000000000000000000 ) ) ;
#1265 = CIRCLE ( 'NONE', #2458, 7.000000000000000000 ) ;
#1266 = EDGE_LOOP ( 'NONE', ( #4202, #1558 ) ) ;
#1267 = ORIENTED_EDGE ( 'NONE', *, *, #1868, .T. ) ;
#1268 = ORIENTED_EDGE ( 'NONE', *, *, #3862, .F. ) ;
#1269 = CARTESIAN_POINT ( 'NONE',  ( 14.99811776992028989, 2.500000000000000000, -25.00119832667880360 ) ) ;
#1270 = ORIENTED_EDGE ( 'NONE', *, *, #3292, .F. ) ;
#1271 = FACE_OUTER_BOUND ( 'NONE', #5123, .T. ) ;
#1272 = AXIS2_PLACEMENT_3D ( 'NONE', #161, #1805, #3464 ) ;
#1273 = DIRECTION ( 'NONE',  ( -0.000000000000000000, -1.000000000000000000, -0.000000000000000000 ) ) ;
#1274 = DIRECTION ( 'NONE',  ( 0.000000000000000000, 0.000000000000000000, 1.000000000000000000 ) ) ;
#1275 = EDGE_CURVE ( 'NONE', #3536, #272, #2704, .T. ) ;
#1276 = AXIS2_PLACEMENT_3D ( 'NONE', #3178, #4834, #2630 ) ;
#1277 = EDGE_LOOP ( 'NONE', ( #3250, #4900, #4233, #1019 ) ) ;
#1278 = EDGE_LOOP ( 'NONE', ( #2372, #3757, #2471, #2896 ) ) ;
#1279 = LINE ( 'NONE', #5191, #3742 ) ;
#1280 = EDGE_CURVE ( 'NONE', #1394, #3124, #1696, .T. ) ;
#1281 = LINE ( 'NONE', #488, #315 ) ;
#1282 = CYLINDRICAL_SURFACE ( 'NONE', #4534, 2.500000000000000444 ) ;
#1283 = ORIENTED_EDGE ( 'NONE', *, *, #3663, .F. ) ;
#1284 = ORIENTED_EDGE ( 'NONE', *, *, #3176, .F. ) ;
#1285 = ORIENTED_EDGE ( 'NONE', *, *, #1810, .T. ) ;
#1286 = CARTESIAN_POINT ( 'NONE',  ( 24.06784864032193738, 2.000000000000000000, -16.10831744348034889 ) ) ;
#1287 = EDGE_LOOP ( 'NONE', ( #2908, #2150, #2347, #4110 ) ) ;
#1288 = CARTESIAN_POINT ( 'NONE',  ( 14.99811776992028989, 2.500000000000000000, -25.00119832667880360 ) ) ;
#1289 = ORIENTED_EDGE ( 'NONE', *, *, #4849, .F. ) ;
#1290 = CARTESIAN_POINT ( 'NONE',  ( 7.500000000000000888, 0.000000000000000000, -7.500000000000000000 ) ) ;
#1291 = DIRECTION ( 'NONE',  ( -0.7071067811865474617, 0.000000000000000000, -0.7071067811865475727 ) ) ;
#1292 = CARTESIAN_POINT ( 'NONE',  ( 25.03239602037398015, 0.000000000000000000, 25.03239602037399436 ) ) ;
#1293 = ORIENTED_EDGE ( 'NONE', *, *, #89, .T. ) ;
#1294 = EDGE_LOOP ( 'NONE', ( #412, #3556, #2737, #2877 ) ) ;
#1295 = DIRECTION ( 'NONE',  ( 0.000000000000000000, 1.000000000000000000, -0.000000000000000000 ) ) ;
#1296 = DIRECTION ( 'NONE',  ( -0.000000000000000000, 1.000000000000000000, -0.000000000000000000 ) ) ;
#1297 = DIRECTION ( 'NONE',  ( 0.000000000000000000, 0.000000000000000000, -1.000000000000000000 ) ) ;
#1298 = FACE_OUTER_BOUND ( 'NONE', #4458, .T. ) ;
#1299 = DIRECTION ( 'NONE',  ( -0.7071067811865476838, 0.000000000000000000, 0.7071067811865474617 ) ) ;
#1300 = DIRECTION ( 'NONE',  ( 0.000000000000000000, 0.000000000000000000, -1.000000000000000000 ) ) ;
#1301 = VERTEX_POINT ( 'NONE', #2969 ) ;
#1302 = ORIENTED_EDGE ( 'NONE', *, *, #2789, .T. ) ;
#1303 = DIRECTION ( 'NONE',  ( 0.9337070767568212970, 0.000000000000000000, 0.3580378399195142114 ) ) ;
#1304 = CARTESIAN_POINT ( 'NONE',  ( 14.99811776992028989, 5.000000000000000000, -25.00119832667880360 ) ) ;
#1305 = DIRECTION ( 'NONE',  ( -0.000000000000000000, -1.000000000000000000, -0.000000000000000000 ) ) ;
#1306 = ADVANCED_FACE ( 'NONE', ( #5038 ), #2919, .T. ) ;
#1307 = ORIENTED_EDGE ( 'NONE', *, *, #2244, .F. ) ;
#1308 = FACE_OUTER_BOUND ( 'NONE', #2926, .T. ) ;
#1309 = DIRECTION ( 'NONE',  ( -0.000000000000000000, -1.000000000000000000, -0.000000000000000000 ) ) ;
#1310 = ORIENTED_EDGE ( 'NONE', *, *, #2031, .F. ) ;
#1311 = EDGE_CURVE ( 'NONE', #80, #545, #3304, .T. ) ;
#1312 = ORIENTED_EDGE ( 'NONE', *, *, #5087, .F. ) ;
#1313 = DIRECTION ( 'NONE',  ( 0.000000000000000000, 0.000000000000000000, 1.000000000000000000 ) ) ;
#1314 = CARTESIAN_POINT ( 'NONE',  ( -13.50000000000000178, 0.000000000000000000, 7.500000000000000888 ) ) ;
#1315 = DIRECTION ( 'NONE',  ( -0.000000000000000000, 1.000000000000000000, -0.000000000000000000 ) ) ;
#1316 = EDGE_CURVE ( 'NONE', #5182, #5198, #2181, .T. ) ;
#1317 = EDGE_CURVE ( 'NONE', #791, #4836, #886, .T. ) ;
#1318 = ORIENTED_EDGE ( 'NONE', *, *, #838, .F. ) ;
#1319 = ORIENTED_EDGE ( 'NONE', *, *, #4221, .F. ) ;
#1320 = CARTESIAN_POINT ( 'NONE',  ( 25.00119832667878583, 5.000000000000000000, 14.99811776992029344 ) ) ;
#1321 = CARTESIAN_POINT ( 'NONE',  ( 14.99811776992028989, 2.500000000000000000, -25.00119832667880360 ) ) ;
#1322 = CARTESIAN_POINT ( 'NONE',  ( -14.99811776992028989, 2.500000000000000000, -25.00119832667883202 ) ) ;
#1323 = CYLINDRICAL_SURFACE ( 'NONE', #465, 0.8999999999999998002 ) ;
#1324 = VECTOR ( 'NONE', #4328, 1000.000000000000000 ) ;
#1325 = VECTOR ( 'NONE', #2595, 1000.000000000000000 ) ;
#1326 = DIRECTION ( 'NONE',  ( 0.000000000000000000, 0.000000000000000000, -1.000000000000000000 ) ) ;
#1327 = PERSON_AND_ORGANIZATION_ROLE ( 'design_owner' ) ;
#1328 = ORIENTED_EDGE ( 'NONE', *, *, #2481, .F. ) ;
#1329 = ORIENTED_EDGE ( 'NONE', *, *, #352, .T. ) ;
#1330 = AXIS2_PLACEMENT_3D ( 'NONE', #4956, #4550, #837 ) ;
#1331 = DIRECTION ( 'NONE',  ( 0.000000000000000000, 1.000000000000000000, -0.000000000000000000 ) ) ;
#1332 = AXIS2_PLACEMENT_3D ( 'NONE', #5243, #1533, #3120 ) ;
#1333 = CARTESIAN_POINT ( 'NONE',  ( 7.500000000000000000, -12.00000000000000000, 12.50000000000000000 ) ) ;
#1334 = CIRCLE ( 'NONE', #3136, 2.499999999999998668 ) ;
#1335 = CIRCLE ( 'NONE', #2796, 0.5000000000000004441 ) ;
#1336 = CARTESIAN_POINT ( 'NONE',  ( -25.00119832667881425, 5.000000000000000000, -14.99811776992030765 ) ) ;
#1337 = VERTEX_POINT ( 'NONE', #2891 ) ;
#1338 = CIRCLE ( 'NONE', #2714, 1.749999999999987566 ) ;
#1339 = ADVANCED_FACE ( 'NONE', ( #3325 ), #1782, .F. ) ;
#1340 = FACE_OUTER_BOUND ( 'NONE', #81, .T. ) ;
#1341 = VERTEX_POINT ( 'NONE', #2477 ) ;
#1342 = LINE ( 'NONE', #4642, #106 ) ;
#1343 = VECTOR ( 'NONE', #2527, 999.9999999999998863 ) ;
#1344 = VECTOR ( 'NONE', #5363, 1000.000000000000000 ) ;
#1345 = EDGE_CURVE ( 'NONE', #875, #4836, #82, .T. ) ;
#1346 = CARTESIAN_POINT ( 'NONE',  ( 12.50000000000000000, -11.00000000000000000, 7.500000000000000888 ) ) ;
#1347 = AXIS2_PLACEMENT_3D ( 'NONE', #1062, #630, #150 ) ;
#1348 = AXIS2_PLACEMENT_3D ( 'NONE', #271, #1911, #3570 ) ;
#1349 = DIRECTION ( 'NONE',  ( 0.000000000000000000, 0.000000000000000000, 1.000000000000000000 ) ) ;
#1350 = ORIENTED_EDGE ( 'NONE', *, *, #607, .F. ) ;
#1351 = ORIENTED_EDGE ( 'NONE', *, *, #682, .F. ) ;
#1352 = ORIENTED_EDGE ( 'NONE', *, *, #4913, .T. ) ;
#1353 = DIRECTION ( 'NONE',  ( 0.000000000000000000, 0.000000000000000000, -1.000000000000000000 ) ) ;
#1354 = FACE_OUTER_BOUND ( 'NONE', #4808, .T. ) ;
#1355 = DIRECTION ( 'NONE',  ( -0.000000000000000000, 1.000000000000000000, -0.000000000000000000 ) ) ;
#1356 = AXIS2_PLACEMENT_3D ( 'NONE', #1199, #1547, #379 ) ;
#1357 = ORIENTED_EDGE ( 'NONE', *, *, #682, .T. ) ;
#1358 = VERTEX_POINT ( 'NONE', #3736 ) ;
#1359 = AXIS2_PLACEMENT_3D ( 'NONE', #3630, #1909, #247 ) ;
#1360 = FACE_BOUND ( 'NONE', #2232, .T. ) ;
#1361 = DIRECTION ( 'NONE',  ( 0.000000000000000000, 0.000000000000000000, 1.000000000000000000 ) ) ;
#1362 = AXIS2_PLACEMENT_3D ( 'NONE', #5122, #2222, #1815 ) ;
#1363 = CARTESIAN_POINT ( 'NONE',  ( 11.50000000000000000, -11.00000000000000000, 7.500000000000000888 ) ) ;
#1364 = ORIENTED_EDGE ( 'NONE', *, *, #1275, .T. ) ;
#1365 = ADVANCED_FACE ( 'NONE', ( #1667 ), #22, .T. ) ;
#1366 = CARTESIAN_POINT ( 'NONE',  ( 14.99811776992027568, 2.500000000000000000, 25.00119832667880360 ) ) ;
#1367 = DIRECTION ( 'NONE',  ( 0.000000000000000000, 0.000000000000000000, 1.000000000000000000 ) ) ;
#1368 = DIRECTION ( 'NONE',  ( 0.000000000000000000, 0.000000000000000000, 1.000000000000000000 ) ) ;
#1369 = CARTESIAN_POINT ( 'NONE',  ( -25.03239602037398015, 0.000000000000000000, 29.03239602037399791 ) ) ;
#1370 = ORIENTED_EDGE ( 'NONE', *, *, #904, .T. ) ;
#1371 = EDGE_CURVE ( 'NONE', #3519, #1134, #1279, .T. ) ;
#1372 = ORIENTED_EDGE ( 'NONE', *, *, #4880, .T. ) ;
#1373 = ADVANCED_FACE ( 'NONE', ( #2733 ), #2611, .F. ) ;
#1374 = DIRECTION ( 'NONE',  ( -0.000000000000000000, -1.000000000000000000, 0.000000000000000000 ) ) ;
#1375 = CARTESIAN_POINT ( 'NONE',  ( 14.99811776992028989, 2.000000000000000000, -22.75119832667881781 ) ) ;
#1376 = ORIENTED_EDGE ( 'NONE', *, *, #2843, .F. ) ;
#1377 = LINE ( 'NONE', #558, #5124 ) ;
#1378 = CARTESIAN_POINT ( 'NONE',  ( 5.980998276113258960, 2.000000000000000000, 15.59751454687771854 ) ) ;
#1379 = ADVANCED_FACE ( 'NONE', ( #617 ), #5139, .F. ) ;
#1380 = ORIENTED_EDGE ( 'NONE', *, *, #4507, .T. ) ;
#1381 = LINE ( 'NONE', #4682, #109 ) ;
#1382 = DIRECTION ( 'NONE',  ( 0.000000000000000000, 1.000000000000000000, -0.000000000000000000 ) ) ;
#1383 = EDGE_CURVE ( 'NONE', #394, #4761, #4382, .T. ) ;
#1384 = ORIENTED_EDGE ( 'NONE', *, *, #5044, .T. ) ;
#1385 = CARTESIAN_POINT ( 'NONE',  ( -7.500000000000000888, 0.000000000000000000, 13.50000000000000178 ) ) ;
#1386 = ORIENTED_EDGE ( 'NONE', *, *, #1007, .T. ) ;
#1387 = PLANE ( 'NONE',  #5241 ) ;
#1388 = FACE_OUTER_BOUND ( 'NONE', #168, .T. ) ;
#1389 = FACE_OUTER_BOUND ( 'NONE', #5014, .T. ) ;
#1390 = CARTESIAN_POINT ( 'NONE',  ( 20.07993130715161811, 2.000000000000000000, 26.56521268139020719 ) ) ;
#1391 = ADVANCED_FACE ( 'NONE', ( #2645 ), #3106, .T. ) ;
#1392 = ORIENTED_EDGE ( 'NONE', *, *, #2884, .F. ) ;
#1393 = ORIENTED_EDGE ( 'NONE', *, *, #2834, .F. ) ;
#1394 = VERTEX_POINT ( 'NONE', #2255 ) ;
#1395 = FACE_OUTER_BOUND ( 'NONE', #2880, .T. ) ;
#1396 = DIRECTION ( 'NONE',  ( 0.000000000000000000, 0.000000000000000000, 1.000000000000000000 ) ) ;
#1397 = ADVANCED_FACE ( 'NONE', ( #3437 ), #1083, .F. ) ;
#1398 = CARTESIAN_POINT ( 'NONE',  ( 5.500000000000000000, 2.000000000000000000, 20.00000000000002487 ) ) ;
#1399 = PERSON_AND_ORGANIZATION ( #67, #4028 ) ;
#1400 = ORIENTED_EDGE ( 'NONE', *, *, #4473, .T. ) ;
#1401 = EDGE_CURVE ( 'NONE', #441, #5100, #962, .T. ) ;
#1402 = CARTESIAN_POINT ( 'NONE',  ( -5.980998276113258960, 2.000000000000000000, 15.59751454687771854 ) ) ;
#1403 = VECTOR ( 'NONE', #2930, 1000.000000000000000 ) ;
#1404 = CARTESIAN_POINT ( 'NONE',  ( -14.99811776992028634, 2.500000000000000000, 25.00119832667883202 ) ) ;
#1405 = ORIENTED_EDGE ( 'NONE', *, *, #683, .F. ) ;
#1406 = CARTESIAN_POINT ( 'NONE',  ( 0.000000000000000000, -11.00000000000000000, 11.50000000000000000 ) ) ;
#1407 = AXIS2_PLACEMENT_3D ( 'NONE', #1402, #4301, #3898 ) ;
#1408 = CIRCLE ( 'NONE', #5041, 2.000000000000001776 ) ;
#1409 = EDGE_LOOP ( 'NONE', ( #3277, #1446, #1002, #1025 ) ) ;
#1410 = EDGE_CURVE ( 'NONE', #1629, #2496, #5170, .T. ) ;
#1411 = AXIS2_PLACEMENT_3D ( 'NONE', #2070, #2910, #2879 ) ;
#1412 = LINE ( 'NONE', #4360, #2898 ) ;
#1413 = FACE_BOUND ( 'NONE', #459, .T. ) ;
#1414 = EDGE_LOOP ( 'NONE', ( #1283, #5249 ) ) ;
#1415 = VECTOR ( 'NONE', #287, 1000.000000000000000 ) ;
#1416 = CIRCLE ( 'NONE', #3577, 4.000000000000003553 ) ;
#1417 = LINE ( 'NONE', #4310, #638 ) ;
#1418 = DIRECTION ( 'NONE',  ( 0.000000000000000000, -0.000000000000000000, -1.000000000000000000 ) ) ;
#1419 = TOROIDAL_SURFACE ( 'NONE', #4444, 7.500000000000000000, 0.5000000000000000000 ) ;
#1420 = VECTOR ( 'NONE', #3686, 1000.000000000000000 ) ;
#1421 = DIRECTION ( 'NONE',  ( 0.000000000000000000, 0.000000000000000000, 1.000000000000000000 ) ) ;
#1422 = ORIENTED_EDGE ( 'NONE', *, *, #3981, .F. ) ;
#1423 = ORIENTED_EDGE ( 'NONE', *, *, #4016, .F. ) ;
#1424 = ORIENTED_EDGE ( 'NONE', *, *, #2060, .T. ) ;
#1425 = CARTESIAN_POINT ( 'NONE',  ( 25.00119832667878583, 5.000000000000000000, 16.74811776992028101 ) ) ;
#1426 = DIRECTION ( 'NONE',  ( 1.000000000000000000, 0.000000000000000000, 0.000000000000000000 ) ) ;
#1427 = VECTOR ( 'NONE', #4223, 1000.000000000000000 ) ;
#1428 = FACE_OUTER_BOUND ( 'NONE', #4502, .T. ) ;
#1429 = DIRECTION ( 'NONE',  ( 0.000000000000000000, 1.000000000000000000, -0.000000000000000000 ) ) ;
#1430 = CIRCLE ( 'NONE', #4362, 1.000000000000000888 ) ;
#1431 = CC_DESIGN_APPROVAL ( #3882, ( #3772 ) ) ;
#1432 = ORIENTED_EDGE ( 'NONE', *, *, #1173, .T. ) ;
#1433 = VERTEX_POINT ( 'NONE', #2233 ) ;
#1434 = PLANE ( 'NONE',  #1407 ) ;
#1435 = AXIS2_PLACEMENT_3D ( 'NONE', #4470, #3639, #1954 ) ;
#1436 = EDGE_CURVE ( 'NONE', #1637, #596, #2314, .T. ) ;
#1437 = DIRECTION ( 'NONE',  ( 0.000000000000000000, 0.000000000000000000, 1.000000000000000000 ) ) ;
#1438 = VERTEX_POINT ( 'NONE', #3953 ) ;
#1439 = DIRECTION ( 'NONE',  ( 0.000000000000000000, 1.000000000000000000, 0.000000000000000000 ) ) ;
#1440 = EDGE_CURVE ( 'NONE', #3444, #1609, #1381, .T. ) ;
#1441 = EDGE_LOOP ( 'NONE', ( #182, #1212 ) ) ;
#1442 = CARTESIAN_POINT ( 'NONE',  ( -7.500000000000000888, -12.00000000000000000, -7.500000000000000888 ) ) ;
#1443 = AXIS2_PLACEMENT_3D ( 'NONE', #2292, #1862, #3846 ) ;
#1444 = CARTESIAN_POINT ( 'NONE',  ( 16.10831744348034533, 2.000000000000000000, -24.06784864032195159 ) ) ;
#1445 = DIRECTION ( 'NONE',  ( 0.000000000000000000, 0.000000000000000000, 1.000000000000000000 ) ) ;
#1446 = ORIENTED_EDGE ( 'NONE', *, *, #1546, .F. ) ;
#1447 = CIRCLE ( 'NONE', #326, 2.499999999999998668 ) ;
#1448 = DIRECTION ( 'NONE',  ( 0.000000000000000000, 0.000000000000000000, -1.000000000000000000 ) ) ;
#1449 = CARTESIAN_POINT ( 'NONE',  ( 2.828427124746244914, 2.000000000000000000, 2.828427124746258237 ) ) ;
#1450 = CARTESIAN_POINT ( 'NONE',  ( 12.50000000000000000, -1.000000000000000888, 7.500000000000000888 ) ) ;
#1451 = ORIENTED_EDGE ( 'NONE', *, *, #3089, .T. ) ;
#1452 = ADVANCED_FACE ( 'NONE', ( #5109 ), #1434, .T. ) ;
#1453 = ORIENTED_EDGE ( 'NONE', *, *, #4770, .T. ) ;
#1454 = DIRECTION ( 'NONE',  ( 0.000000000000000000, 0.000000000000000000, 1.000000000000000000 ) ) ;
#1455 = CARTESIAN_POINT ( 'NONE',  ( 7.500000000000000888, -1.000000000000000888, -7.500000000000000000 ) ) ;
#1456 = CARTESIAN_POINT ( 'NONE',  ( -2.828427124746205390, 2.000000000000000000, 2.828427124746207610 ) ) ;
#1457 = CARTESIAN_POINT ( 'NONE',  ( -27.86082314512017177, 0.000000000000000000, -22.20396889562780274 ) ) ;
#1458 = DATE_TIME_ROLE ( 'classification_date' ) ;
#1459 = ORIENTED_EDGE ( 'NONE', *, *, #603, .T. ) ;
#1460 = VERTEX_POINT ( 'NONE', #1026 ) ;
#1461 = VERTEX_POINT ( 'NONE', #185 ) ;
#1462 = CARTESIAN_POINT ( 'NONE',  ( 14.99811776992028989, 2.500000000000000000, -22.75119832667881781 ) ) ;
#1463 = DIRECTION ( 'NONE',  ( 0.000000000000000000, -1.000000000000000000, 0.000000000000000000 ) ) ;
#1464 = ORIENTED_EDGE ( 'NONE', *, *, #4037, .T. ) ;
#1465 = CYLINDRICAL_SURFACE ( 'NONE', #192, 1.750000000000001554 ) ;
#1466 = EDGE_CURVE ( 'NONE', #650, #2751, #4608, .T. ) ;
#1467 = ADVANCED_FACE ( 'NONE', ( #3083 ), #2262, .F. ) ;
#1468 = DIRECTION ( 'NONE',  ( 0.000000000000000000, 1.000000000000000000, -0.000000000000000000 ) ) ;
#1469 = PLANE ( 'NONE',  #713 ) ;
#1470 = DIRECTION ( 'NONE',  ( -0.000000000000000000, -1.000000000000000000, -0.000000000000000000 ) ) ;
#1471 = CARTESIAN_POINT ( 'NONE',  ( -15.59751454687766881, 2.000000000000000000, 5.980998276113258072 ) ) ;
#1472 = EDGE_CURVE ( 'NONE', #4912, #80, #2786, .T. ) ;
#1473 = DIRECTION ( 'NONE',  ( 0.000000000000000000, 0.000000000000000000, 1.000000000000000000 ) ) ;
#1474 = ORIENTED_EDGE ( 'NONE', *, *, #1317, .T. ) ;
#1475 = EDGE_LOOP ( 'NONE', ( #4727, #3601, #3020, #5111 ) ) ;
#1476 = FACE_OUTER_BOUND ( 'NONE', #804, .T. ) ;
#1477 = CYLINDRICAL_SURFACE ( 'NONE', #1061, 4.150000000000000355 ) ;
#1478 = ORIENTED_EDGE ( 'NONE', *, *, #1089, .T. ) ;
#1479 = CARTESIAN_POINT ( 'NONE',  ( 16.10831744348034533, 2.000000000000000000, -24.06784864032195159 ) ) ;
#1480 = ADVANCED_FACE ( 'NONE', ( #246 ), #1496, .T. ) ;
#1481 = EDGE_CURVE ( 'NONE', #2470, #3332, #3659, .T. ) ;
#1482 = DIRECTION ( 'NONE',  ( -0.000000000000000000, -1.000000000000000000, -0.000000000000000000 ) ) ;
#1483 = VERTEX_POINT ( 'NONE', #3677 ) ;
#1484 = ORIENTED_EDGE ( 'NONE', *, *, #2218, .F. ) ;
#1485 = DIRECTION ( 'NONE',  ( -0.000000000000000000, -1.000000000000000000, -0.000000000000000000 ) ) ;
#1486 = DIRECTION ( 'NONE',  ( 1.000000000000000000, -0.000000000000000000, 0.000000000000000000 ) ) ;
#1487 = ORIENTED_EDGE ( 'NONE', *, *, #3278, .T. ) ;
#1488 = DIRECTION ( 'NONE',  ( 0.000000000000000000, 0.000000000000000000, 1.000000000000000000 ) ) ;
#1489 = ORIENTED_EDGE ( 'NONE', *, *, #2220, .F. ) ;
#1490 = CARTESIAN_POINT ( 'NONE',  ( -14.99811776992028989, 5.000000000000000000, -25.90119832667883415 ) ) ;
#1491 = CARTESIAN_POINT ( 'NONE',  ( 22.20396889562778853, 0.000000000000000000, -27.86082314512018598 ) ) ;
#1492 = CIRCLE ( 'NONE', #5290, 0.8999999999999998002 ) ;
#1493 = VECTOR ( 'NONE', #4169, 1000.000000000000000 ) ;
#1494 = DIRECTION ( 'NONE',  ( -1.000000000000000000, 0.000000000000000000, -0.000000000000000000 ) ) ;
#1495 = EDGE_CURVE ( 'NONE', #4180, #175, #2338, .T. ) ;
#1496 = TOROIDAL_SURFACE ( 'NONE', #4006, 4.000000000000000000, 1.000000000000000000 ) ;
#1497 = LINE ( 'NONE', #1097, #2106 ) ;
#1498 = AXIS2_PLACEMENT_3D ( 'NONE', #3481, #1426, #1021 ) ;
#1499 = DIRECTION ( 'NONE',  ( 0.000000000000000000, 1.000000000000000000, -0.000000000000000000 ) ) ;
#1500 = FACE_BOUND ( 'NONE', #1684, .T. ) ;
#1501 = ADVANCED_FACE ( 'NONE', ( #1908 ), #3566, .F. ) ;
#1502 = EDGE_LOOP ( 'NONE', ( #4605, #1064, #3367, #3303 ) ) ;
#1503 = TOROIDAL_SURFACE ( 'NONE', #3492, 2.250000000000002665, 0.5000000000000000000 ) ;
#1504 = AXIS2_PLACEMENT_3D ( 'NONE', #1977, #1071, #1105 ) ;
#1505 = ORIENTED_EDGE ( 'NONE', *, *, #4076, .T. ) ;
#1506 = ADVANCED_FACE ( 'NONE', ( #4001 ), #2778, .F. ) ;
#1507 = FACE_BOUND ( 'NONE', #5174, .T. ) ;
#1508 = CARTESIAN_POINT ( 'NONE',  ( -7.500000000000000888, -1.000000000000000888, 7.500000000000000888 ) ) ;
#1509 = EDGE_LOOP ( 'NONE', ( #94, #3297, #4379, #3457 ) ) ;
#1510 = CARTESIAN_POINT ( 'NONE',  ( -27.15099911901712915, 2.000000000000000000, 21.49414486952475301 ) ) ;
#1511 = VECTOR ( 'NONE', #4096, 1000.000000000000000 ) ;
#1512 = CARTESIAN_POINT ( 'NONE',  ( 4.150000000000000355, -5.999999999999999112, 29.03239602037399791 ) ) ;
#1513 = EDGE_LOOP ( 'NONE', ( #583, #2385, #3205, #1865, #1646, #3439, #3496, #1251 ) ) ;
#1514 = AXIS2_PLACEMENT_3D ( 'NONE', #3974, #2250, #3540 ) ;
#1515 = AXIS2_PLACEMENT_3D ( 'NONE', #3579, #333, #5229 ) ;
#1516 = ORIENTED_EDGE ( 'NONE', *, *, #1890, .F. ) ;
#1517 = FACE_OUTER_BOUND ( 'NONE', #3831, .T. ) ;
#1518 = CIRCLE ( 'NONE', #1084, 2.000000000000001776 ) ;
#1519 = CARTESIAN_POINT ( 'NONE',  ( 24.06784864032193738, 0.000000000000000000, -16.10831744348034889 ) ) ;
#1520 = DIRECTION ( 'NONE',  ( -0.3580378399195150996, 0.000000000000000000, -0.9337070767568208529 ) ) ;
#1521 = VERTEX_POINT ( 'NONE', #5219 ) ;
#1522 = CARTESIAN_POINT ( 'NONE',  ( 23.96254615851249170, 2.000000000000000000, 12.10970376029903761 ) ) ;
#1523 = CARTESIAN_POINT ( 'NONE',  ( 7.500000000000000000, -1.000000000000000888, 12.50000000000000000 ) ) ;
#1524 = AXIS2_PLACEMENT_3D ( 'NONE', #779, #2839, #3216 ) ;
#1525 = CARTESIAN_POINT ( 'NONE',  ( -15.59751454687766881, 0.000000000000000000, 5.980998276113258072 ) ) ;
#1526 = CIRCLE ( 'NONE', #63, 3.999999999999989786 ) ;
#1527 = DIRECTION ( 'NONE',  ( 0.000000000000000000, 0.000000000000000000, -1.000000000000000000 ) ) ;
#1528 = CARTESIAN_POINT ( 'NONE',  ( -14.00000000000000178, 0.000000000000000000, 16.50000000000001421 ) ) ;
#1529 = CARTESIAN_POINT ( 'NONE',  ( 25.00119832667881425, 2.000000000000000000, -14.99811776992029344 ) ) ;
#1530 = CIRCLE ( 'NONE', #454, 3.999999999999989786 ) ;
#1531 = EDGE_LOOP ( 'NONE', ( #205, #2158, #1964, #2755 ) ) ;
#1532 = CARTESIAN_POINT ( 'NONE',  ( 14.99811776992028989, 5.000000000000000000, -24.10119832667880146 ) ) ;
#1533 = DIRECTION ( 'NONE',  ( -1.000000000000000000, -0.000000000000000000, -0.000000000000000000 ) ) ;
#1534 = DIRECTION ( 'NONE',  ( -0.000000000000000000, 1.000000000000000000, -0.000000000000000000 ) ) ;
#1535 = CARTESIAN_POINT ( 'NONE',  ( 4.653479425772514944, -1.346520574227485056, -1.215506858075826147 ) ) ;
#1536 = EDGE_CURVE ( 'NONE', #500, #1609, #2870, .T. ) ;
#1537 = EDGE_CURVE ( 'NONE', #3918, #927, #1540, .T. ) ;
#1538 = ORIENTED_EDGE ( 'NONE', *, *, #3548, .T. ) ;
#1539 = ORIENTED_EDGE ( 'NONE', *, *, #1568, .T. ) ;
#1540 = LINE ( 'NONE', #4482, #4257 ) ;
#1541 = DIRECTION ( 'NONE',  ( 0.000000000000000000, -1.000000000000000000, 0.000000000000000000 ) ) ;
#1542 = EDGE_CURVE ( 'NONE', #5224, #2450, #3395, .T. ) ;
#1543 = ORIENTED_EDGE ( 'NONE', *, *, #3046, .T. ) ;
#1544 = DIRECTION ( 'NONE',  ( -0.000000000000000000, -1.000000000000000000, 0.000000000000000000 ) ) ;
#1545 = ADVANCED_FACE ( 'NONE', ( #4866 ), #2390, .F. ) ;
#1546 = EDGE_CURVE ( 'NONE', #5182, #1795, #1966, .T. ) ;
#1547 = DIRECTION ( 'NONE',  ( -0.7071067811865475727, 0.000000000000000000, 0.7071067811865474617 ) ) ;
#1548 = DIRECTION ( 'NONE',  ( -1.000000000000000000, -0.000000000000000000, -0.000000000000000000 ) ) ;
#1549 = ORIENTED_EDGE ( 'NONE', *, *, #3046, .F. ) ;
#1550 = DIRECTION ( 'NONE',  ( 1.000000000000000000, 0.000000000000000000, -0.000000000000000000 ) ) ;
#1551 = CYLINDRICAL_SURFACE ( 'NONE', #4339, 2.000000000000000000 ) ;
#1552 = DIRECTION ( 'NONE',  ( -0.000000000000000000, -1.000000000000000000, 0.000000000000000000 ) ) ;
#1553 = FACE_BOUND ( 'NONE', #4948, .T. ) ;
#1554 = ORIENTED_EDGE ( 'NONE', *, *, #1048, .T. ) ;
#1555 = CARTESIAN_POINT ( 'NONE',  ( 14.99811776992027568, 0.000000000000000000, 24.10119832667880146 ) ) ;
#1556 = LINE ( 'NONE', #717, #4448 ) ;
#1557 = VERTEX_POINT ( 'NONE', #4106 ) ;
#1558 = ORIENTED_EDGE ( 'NONE', *, *, #4189, .T. ) ;
#1559 = CARTESIAN_POINT ( 'NONE',  ( -25.00119832667881425, 5.000000000000000000, -14.99811776992030765 ) ) ;
#1560 = ADVANCED_FACE ( 'NONE', ( #1517 ), #4084, .F. ) ;
#1561 = CARTESIAN_POINT ( 'NONE',  ( -24.06784864032195159, 2.000000000000000000, 16.10831744348034889 ) ) ;
#1562 = DIRECTION ( 'NONE',  ( 0.000000000000000000, 0.000000000000000000, -1.000000000000000000 ) ) ;
#1563 = EDGE_CURVE ( 'NONE', #5113, #4962, #3747, .T. ) ;
#1564 = ORIENTED_EDGE ( 'NONE', *, *, #1173, .F. ) ;
#1565 = DIRECTION ( 'NONE',  ( 0.000000000000000000, 0.000000000000000000, -1.000000000000000000 ) ) ;
#1566 = DIRECTION ( 'NONE',  ( -1.000000000000000000, -0.000000000000000000, -0.000000000000000000 ) ) ;
#1567 = CARTESIAN_POINT ( 'NONE',  ( 27.06609133436744941, 2.000000000000000000, -18.75606001926122346 ) ) ;
#1568 = EDGE_CURVE ( 'NONE', #3060, #1433, #2525, .T. ) ;
#1569 = AXIS2_PLACEMENT_3D ( 'NONE', #2265, #2571, #3826 ) ;
#1570 = AXIS2_PLACEMENT_3D ( 'NONE', #3027, #600, #975 ) ;
#1571 = DIRECTION ( 'NONE',  ( 0.000000000000000000, 0.000000000000000000, -1.000000000000000000 ) ) ;
#1572 = DIRECTION ( 'NONE',  ( -0.000000000000000000, -1.000000000000000000, 0.000000000000000000 ) ) ;
#1573 = EDGE_LOOP ( 'NONE', ( #784, #3768, #4598, #314 ) ) ;
#1574 = AXIS2_PLACEMENT_3D ( 'NONE', #4095, #2846, #2403 ) ;
#1575 = DIRECTION ( 'NONE',  ( -0.000000000000000000, -1.000000000000000000, 0.000000000000000000 ) ) ;
#1576 = DIRECTION ( 'NONE',  ( 0.000000000000000000, 0.000000000000000000, 1.000000000000000000 ) ) ;
#1577 = ORIENTED_EDGE ( 'NONE', *, *, #211, .F. ) ;
#1578 = FACE_OUTER_BOUND ( 'NONE', #4058, .T. ) ;
#1579 = DIRECTION ( 'NONE',  ( -0.000000000000000000, -1.000000000000000000, -0.000000000000000000 ) ) ;
#1580 = VECTOR ( 'NONE', #4981, 999.9999999999998863 ) ;
#1581 = AXIS2_PLACEMENT_3D ( 'NONE', #1736, #2279, #3073 ) ;
#1582 = VERTEX_POINT ( 'NONE', #4823 ) ;
#1583 = VERTEX_POINT ( 'NONE', #366 ) ;
#1584 = VERTEX_POINT ( 'NONE', #2833 ) ;
#1585 = VECTOR ( 'NONE', #1291, 1000.000000000000000 ) ;
#1586 = FACE_OUTER_BOUND ( 'NONE', #2831, .T. ) ;
#1587 = VECTOR ( 'NONE', #785, 1000.000000000000000 ) ;
#1588 = CARTESIAN_POINT ( 'NONE',  ( -14.99811776992028989, 5.000000000000000000, -25.90119832667883415 ) ) ;
#1589 = VECTOR ( 'NONE', #3114, 1000.000000000000000 ) ;
#1590 = AXIS2_PLACEMENT_3D ( 'NONE', #4443, #1548, #3271 ) ;
#1591 = CARTESIAN_POINT ( 'NONE',  ( -25.00119832667881425, 2.000000000000000000, -14.99811776992030765 ) ) ;
#1592 = EDGE_LOOP ( 'NONE', ( #3070, #3462, #5292, #4308 ) ) ;
#1593 = DIRECTION ( 'NONE',  ( 0.000000000000000000, 0.000000000000000000, 1.000000000000000000 ) ) ;
#1594 = VECTOR ( 'NONE', #3342, 1000.000000000000000 ) ;
#1595 = CYLINDRICAL_SURFACE ( 'NONE', #140, 2.000000000000001776 ) ;
#1596 = CARTESIAN_POINT ( 'NONE',  ( 2.828427124746162313, 2.000000000000000000, -2.828427124746166310 ) ) ;
#1597 = ADVANCED_FACE ( 'NONE', ( #1586 ), #1984, .T. ) ;
#1598 = VECTOR ( 'NONE', #680, 1000.000000000000000 ) ;
#1599 = CARTESIAN_POINT ( 'NONE',  ( -14.99811776992028634, 5.000000000000000000, 26.75119832667883202 ) ) ;
#1600 = DIRECTION ( 'NONE',  ( 0.000000000000000000, 1.000000000000000000, 0.000000000000000000 ) ) ;
#1601 = CIRCLE ( 'NONE', #2736, 0.9000000000000014655 ) ;
#1602 = DIRECTION ( 'NONE',  ( -0.000000000000000000, 1.000000000000000000, -0.000000000000000000 ) ) ;
#1603 = DIRECTION ( 'NONE',  ( -1.000000000000000000, 0.000000000000000000, 0.000000000000000000 ) ) ;
#1604 = CARTESIAN_POINT ( 'NONE',  ( -27.06609133436744941, 0.000000000000000000, -18.75606001926122346 ) ) ;
#1605 = DIRECTION ( 'NONE',  ( -0.000000000000000000, -1.000000000000000000, -0.000000000000000000 ) ) ;
#1606 = ADVANCED_FACE ( 'NONE', ( #345 ), #3650, .F. ) ;
#1607 = AXIS2_PLACEMENT_3D ( 'NONE', #1529, #4392, #4724 ) ;
#1608 = ORIENTED_EDGE ( 'NONE', *, *, #2220, .T. ) ;
#1609 = VERTEX_POINT ( 'NONE', #795 ) ;
#1610 = ORIENTED_EDGE ( 'NONE', *, *, #3588, .F. ) ;
#1611 = CARTESIAN_POINT ( 'NONE',  ( 7.500000000000000000, -12.00000000000000000, -11.50000000000000000 ) ) ;
#1612 = CARTESIAN_POINT ( 'NONE',  ( -20.07993130715166075, 2.000000000000000000, 28.56521268139023562 ) ) ;
#1613 = ORIENTED_EDGE ( 'NONE', *, *, #489, .T. ) ;
#1614 = FACE_OUTER_BOUND ( 'NONE', #1127, .T. ) ;
#1615 = DIRECTION ( 'NONE',  ( 0.3580378399195142114, -0.000000000000000000, 0.9337070767568212970 ) ) ;
#1616 = DIRECTION ( 'NONE',  ( -0.3580378399195150996, 0.000000000000000000, 0.9337070767568208529 ) ) ;
#1617 = VERTEX_POINT ( 'NONE', #2442 ) ;
#1618 = ORIENTED_EDGE ( 'NONE', *, *, #5140, .F. ) ;
#1619 = EDGE_CURVE ( 'NONE', #164, #107, #890, .T. ) ;
#1620 = CARTESIAN_POINT ( 'NONE',  ( 0.000000000000000000, 2.000000000000000000, 0.000000000000000000 ) ) ;
#1621 = DIRECTION ( 'NONE',  ( 0.000000000000000000, 0.000000000000000000, 1.000000000000000000 ) ) ;
#1622 = ORIENTED_EDGE ( 'NONE', *, *, #2059, .T. ) ;
#1623 = EDGE_CURVE ( 'NONE', #596, #1438, #4216, .T. ) ;
#1624 = DIRECTION ( 'NONE',  ( 0.000000000000000000, -1.000000000000000000, 0.000000000000000000 ) ) ;
#1625 = LINE ( 'NONE', #5267, #1160 ) ;
#1626 = CARTESIAN_POINT ( 'NONE',  ( 14.99811776992028989, 2.500000000000000000, -27.25119832667879294 ) ) ;
#1627 = EDGE_CURVE ( 'NONE', #4464, #4775, #2523, .T. ) ;
#1628 = DIRECTION ( 'NONE',  ( 0.000000000000000000, 0.000000000000000000, 1.000000000000000000 ) ) ;
#1629 = VERTEX_POINT ( 'NONE', #76 ) ;
#1630 = EDGE_LOOP ( 'NONE', ( #5072, #2509, #4760, #1107 ) ) ;
#1631 = FACE_OUTER_BOUND ( 'NONE', #3917, .T. ) ;
#1632 = ORIENTED_EDGE ( 'NONE', *, *, #2688, .F. ) ;
#1633 = EDGE_CURVE ( 'NONE', #2033, #5169, #3838, .T. ) ;
#1634 = CARTESIAN_POINT ( 'NONE',  ( -14.99811776992028634, 2.500000000000000000, 25.00119832667883202 ) ) ;
#1635 = FACE_OUTER_BOUND ( 'NONE', #1502, .T. ) ;
#1636 = CARTESIAN_POINT ( 'NONE',  ( -10.11039691870838020, 2.000000000000000000, -23.90989491760782570 ) ) ;
#1637 = VERTEX_POINT ( 'NONE', #2072 ) ;
#1638 = FACE_OUTER_BOUND ( 'NONE', #4232, .T. ) ;
#1639 = CARTESIAN_POINT ( 'NONE',  ( 22.20396889562778853, 0.000000000000000000, 27.86082314512018598 ) ) ;
#1640 = CARTESIAN_POINT ( 'NONE',  ( -2.934493141924172210, -8.934493141924171766, 2.934493141924172210 ) ) ;
#1641 = ADVANCED_FACE ( 'NONE', ( #1271 ), #1503, .F. ) ;
#1642 = VERTEX_POINT ( 'NONE', #4569 ) ;
#1643 = CYLINDRICAL_SURFACE ( 'NONE', #225, 4.150000000000000355 ) ;
#1644 = CARTESIAN_POINT ( 'NONE',  ( 4.150000000000000355, -5.999999999999999112, 29.03239602037399791 ) ) ;
#1645 = ADVANCED_FACE ( 'NONE', ( #5060 ), #16, .F. ) ;
#1646 = ORIENTED_EDGE ( 'NONE', *, *, #260, .T. ) ;
#1647 = EDGE_LOOP ( 'NONE', ( #4662, #5194, #4671, #3010, #1046, #4996 ) ) ;
#1648 = EDGE_LOOP ( 'NONE', ( #1886, #2748, #4843, #4457 ) ) ;
#1649 = CARTESIAN_POINT ( 'NONE',  ( -14.99811776992028989, 5.000000000000000000, -25.00119832667883202 ) ) ;
#1650 = PLANE ( 'NONE',  #1574 ) ;
#1651 = CARTESIAN_POINT ( 'NONE',  ( 25.03239602037398015, 2.000000000000000000, -25.03239602037399436 ) ) ;
#1652 = EDGE_CURVE ( 'NONE', #1795, #5037, #2912, .T. ) ;
#1653 = DIRECTION ( 'NONE',  ( 0.000000000000000000, 1.000000000000000000, -0.000000000000000000 ) ) ;
#1654 = AXIS2_PLACEMENT_3D ( 'NONE', #5251, #2369, #4036 ) ;
#1655 = VECTOR ( 'NONE', #2978, 1000.000000000000000 ) ;
#1656 = EDGE_CURVE ( 'NONE', #4062, #394, #4155, .T. ) ;
#1657 = ORIENTED_EDGE ( 'NONE', *, *, #1691, .T. ) ;
#1658 = EDGE_LOOP ( 'NONE', ( #3834, #3863, #2328, #3374 ) ) ;
#1659 = CARTESIAN_POINT ( 'NONE',  ( 25.00119832667878583, 5.000000000000000000, 16.74811776992028101 ) ) ;
#1660 = ORIENTED_EDGE ( 'NONE', *, *, #2897, .F. ) ;
#1661 = CARTESIAN_POINT ( 'NONE',  ( 2.828427124746168975, 0.000000000000000000, -2.828427124746160093 ) ) ;
#1662 = AXIS2_PLACEMENT_3D ( 'NONE', #1320, #3812, #4925 ) ;
#1663 = DIRECTION ( 'NONE',  ( -0.000000000000000000, 1.000000000000000000, -0.000000000000000000 ) ) ;
#1664 = APPROVAL_STATUS ( 'not_yet_approved' ) ;
#1665 = AXIS2_PLACEMENT_3D ( 'NONE', #4261, #1374, #4294 ) ;
#1666 = ORIENTED_EDGE ( 'NONE', *, *, #4517, .T. ) ;
#1667 = FACE_OUTER_BOUND ( 'NONE', #2035, .T. ) ;
#1668 = CIRCLE ( 'NONE', #1247, 4.000000000000000000 ) ;
#1669 = DIRECTION ( 'NONE',  ( 0.000000000000000000, 1.000000000000000000, -0.000000000000000000 ) ) ;
#1670 = EDGE_LOOP ( 'NONE', ( #421, #5090, #4940, #3081 ) ) ;
#1671 = CARTESIAN_POINT ( 'NONE',  ( -25.00119832667881425, 5.000000000000000000, -14.99811776992030765 ) ) ;
#1672 = ORIENTED_EDGE ( 'NONE', *, *, #4845, .F. ) ;
#1673 = TOROIDAL_SURFACE ( 'NONE', #2801, 2.250000000000002665, 0.5000000000000000000 ) ;
#1674 = AXIS2_PLACEMENT_3D ( 'NONE', #1363, #2923, #61 ) ;
#1675 = CARTESIAN_POINT ( 'NONE',  ( 7.500000000000000000, -11.00000000000000000, -12.50000000000000000 ) ) ;
#1676 = CIRCLE ( 'NONE', #3236, 4.000000000000003553 ) ;
#1677 = LOCAL_TIME ( 11, 49, 44.00000000000000000, #5134 ) ;
#1678 = LINE ( 'NONE', #3420, #1834 ) ;
#1679 = DIRECTION ( 'NONE',  ( 0.000000000000000000, 0.000000000000000000, 1.000000000000000000 ) ) ;
#1680 = PLANE ( 'NONE',  #457 ) ;
#1681 = TOROIDAL_SURFACE ( 'NONE', #1176, 2.250000000000000000, 0.5000000000000000000 ) ;
#1682 = DIRECTION ( 'NONE',  ( 0.000000000000000000, -1.000000000000000000, 0.000000000000000000 ) ) ;
#1683 = AXIS2_PLACEMENT_3D ( 'NONE', #1304, #2478, #4575 ) ;
#1684 = EDGE_LOOP ( 'NONE', ( #5144, #4639 ) ) ;
#1685 = ORIENTED_EDGE ( 'NONE', *, *, #2024, .F. ) ;
#1686 = EDGE_LOOP ( 'NONE', ( #4759, #3675, #4285, #1538, #3230, #1156, #4200, #4292, #1329, #4592, #1302, #4304, #3735, #1729, #781, #5054, #4752, #1835, #4053, #3335, #431, #339, #2794, #943, #1796, #5216, #3727, #4865, #5168, #777, #2042, #2918, #1318, #920, #4373, #3722, #1780, #86, #1070, #1289, #2041, #330, #2473, #4307, #1267, #3729, #3731, #4917, #1720, #570, #4241, #2812, #3031, #2985, #1255, #4224, #5265, #3923 ) ) ;
#1687 = DIRECTION ( 'NONE',  ( 8.673617379884027583E-16, 0.000000000000000000, 1.000000000000000000 ) ) ;
#1688 = CARTESIAN_POINT ( 'NONE',  ( 25.00119832667881425, 5.000000000000000000, -14.09811776992029486 ) ) ;
#1689 = CARTESIAN_POINT ( 'NONE',  ( -23.90989491760779728, 2.000000000000000000, -10.11039691870838553 ) ) ;
#1690 = VECTOR ( 'NONE', #4904, 1000.000000000000000 ) ;
#1691 = EDGE_CURVE ( 'NONE', #4378, #3710, #2992, .T. ) ;
#1692 = DIRECTION ( 'NONE',  ( 0.000000000000000000, 0.000000000000000000, 1.000000000000000000 ) ) ;
#1693 = DATE_AND_TIME ( #2889, #5142 ) ;
#1694 = CIRCLE ( 'NONE', #1276, 1.750000000000001554 ) ;
#1695 = ORIENTED_EDGE ( 'NONE', *, *, #940, .T. ) ;
#1696 = LINE ( 'NONE', #2941, #2428 ) ;
#1697 = EDGE_CURVE ( 'NONE', #1983, #4479, #2579, .T. ) ;
#1698 = CARTESIAN_POINT ( 'NONE',  ( 13.50000000000000178, -1.000000000000000888, 12.50000000000000000 ) ) ;
#1699 = LINE ( 'NONE', #3002, #1427 ) ;
#1700 = ORIENTED_EDGE ( 'NONE', *, *, #3352, .T. ) ;
#1701 = EDGE_CURVE ( 'NONE', #3005, #2254, #1334, .T. ) ;
#1702 = EDGE_CURVE ( 'NONE', #4337, #3519, #2266, .T. ) ;
#1703 = CARTESIAN_POINT ( 'NONE',  ( -14.99811776992028989, 0.000000000000000000, -25.90119832667883415 ) ) ;
#1704 = LINE ( 'NONE', #2569, #1655 ) ;
#1705 = EDGE_LOOP ( 'NONE', ( #4417, #626, #1946, #1900 ) ) ;
#1706 = CARTESIAN_POINT ( 'NONE',  ( -25.03239602037398015, 0.000000000000000000, -25.03239602037399436 ) ) ;
#1707 = DIRECTION ( 'NONE',  ( 0.000000000000000000, 0.000000000000000000, 1.000000000000000000 ) ) ;
#1708 = CARTESIAN_POINT ( 'NONE',  ( -23.90989491760779728, 2.000000000000000000, -10.11039691870838553 ) ) ;
#1709 = ORIENTED_EDGE ( 'NONE', *, *, #218, .T. ) ;
#1710 = EDGE_LOOP ( 'NONE', ( #2997, #3769, #4074, #1719 ) ) ;
#1711 = VERTEX_POINT ( 'NONE', #3348 ) ;
#1712 = DIRECTION ( 'NONE',  ( 0.000000000000000000, 1.000000000000000000, -0.000000000000000000 ) ) ;
#1713 = DIRECTION ( 'NONE',  ( -0.000000000000000000, -1.000000000000000000, -0.000000000000000000 ) ) ;
#1714 = DIRECTION ( 'NONE',  ( 0.000000000000000000, 0.000000000000000000, 1.000000000000000000 ) ) ;
#1715 = DIRECTION ( 'NONE',  ( 0.000000000000000000, 1.000000000000000000, 0.000000000000000000 ) ) ;
#1716 = DIRECTION ( 'NONE',  ( 0.000000000000000000, 1.000000000000000000, -0.000000000000000000 ) ) ;
#1717 = CARTESIAN_POINT ( 'NONE',  ( -2.934493141924172210, -8.934493141924171766, -2.934493141924172210 ) ) ;
#1718 = ADVANCED_FACE ( 'NONE', ( #3371 ), #828, .T. ) ;
#1719 = ORIENTED_EDGE ( 'NONE', *, *, #511, .T. ) ;
#1720 = ORIENTED_EDGE ( 'NONE', *, *, #769, .T. ) ;
#1721 = DIRECTION ( 'NONE',  ( -0.000000000000000000, -1.000000000000000000, -0.000000000000000000 ) ) ;
#1722 = EDGE_CURVE ( 'NONE', #3267, #175, #3310, .T. ) ;
#1723 = DIRECTION ( 'NONE',  ( 0.000000000000000000, 1.000000000000000000, 0.000000000000000000 ) ) ;
#1724 = ORIENTED_EDGE ( 'NONE', *, *, #4352, .F. ) ;
#1725 = DIRECTION ( 'NONE',  ( -0.000000000000000000, 1.000000000000000000, -0.000000000000000000 ) ) ;
#1726 = VERTEX_POINT ( 'NONE', #4594 ) ;
#1727 = DIRECTION ( 'NONE',  ( 0.000000000000000000, 1.000000000000000000, -0.000000000000000000 ) ) ;
#1728 = DIRECTION ( 'NONE',  ( 0.000000000000000000, 0.000000000000000000, -1.000000000000000000 ) ) ;
#1729 = ORIENTED_EDGE ( 'NONE', *, *, #2591, .T. ) ;
#1730 = DIRECTION ( 'NONE',  ( -0.000000000000000000, -1.000000000000000000, -0.000000000000000000 ) ) ;
#1731 = DIRECTION ( 'NONE',  ( 0.000000000000000000, 0.000000000000000000, 1.000000000000000000 ) ) ;
#1732 = DIRECTION ( 'NONE',  ( 0.7071067811865477948, 0.000000000000000000, 0.7071067811865473507 ) ) ;
#1733 = ORIENTED_EDGE ( 'NONE', *, *, #1958, .F. ) ;
#1734 = ORIENTED_EDGE ( 'NONE', *, *, #2683, .F. ) ;
#1735 = ORIENTED_EDGE ( 'NONE', *, *, #2996, .T. ) ;
#1736 = CARTESIAN_POINT ( 'NONE',  ( 11.50000000000000000, -11.00000000000000000, 0.000000000000000000 ) ) ;
#1737 = LINE ( 'NONE', #2205, #2129 ) ;
#1738 = CARTESIAN_POINT ( 'NONE',  ( 27.86082314512016467, 2.000000000000000000, 22.20396889562780274 ) ) ;
#1739 = LINE ( 'NONE', #1884, #4628 ) ;
#1740 = AXIS2_PLACEMENT_3D ( 'NONE', #4043, #331, #1971 ) ;
#1741 = PRODUCT_DEFINITION_SHAPE ( 'NONE', 'NONE',  #765 ) ;
#1742 = AXIS2_PLACEMENT_3D ( 'NONE', #2062, #3719, #3664 ) ;
#1743 = CALENDAR_DATE ( 2026, 18, 2 ) ;
#1744 = ADVANCED_FACE ( 'NONE', ( #2936 ), #3043, .F. ) ;
#1745 = ORIENTED_EDGE ( 'NONE', *, *, #2052, .T. ) ;
#1746 = AXIS2_PLACEMENT_3D ( 'NONE', #1164, #5274, #1941 ) ;
#1747 = DIRECTION ( 'NONE',  ( 0.000000000000000000, -0.000000000000000000, 1.000000000000000000 ) ) ;
#1748 = AXIS2_PLACEMENT_3D ( 'NONE', #3699, #4530, #4475 ) ;
#1749 = DIRECTION ( 'NONE',  ( 0.000000000000000000, 0.000000000000000000, 1.000000000000000000 ) ) ;
#1750 = VECTOR ( 'NONE', #2249, 1000.000000000000000 ) ;
#1751 = CARTESIAN_POINT ( 'NONE',  ( 27.86082314512016467, 0.000000000000000000, -22.20396889562780629 ) ) ;
#1752 = VERTEX_POINT ( 'NONE', #1738 ) ;
#1753 = VECTOR ( 'NONE', #3725, 1000.000000000000000 ) ;
#1754 = EDGE_CURVE ( 'NONE', #2254, #162, #879, .T. ) ;
#1755 = EDGE_CURVE ( 'NONE', #255, #4924, #5300, .T. ) ;
#1756 = DIRECTION ( 'NONE',  ( 0.000000000000000000, 1.000000000000000000, -0.000000000000000000 ) ) ;
#1757 = EDGE_LOOP ( 'NONE', ( #3993, #3273 ) ) ;
#1758 = ADVANCED_FACE ( 'NONE', ( #4541 ), #4133, .F. ) ;
#1759 = LINE ( 'NONE', #4559, #3657 ) ;
#1760 = CIRCLE ( 'NONE', #127, 4.000000000000003553 ) ;
#1761 = VECTOR ( 'NONE', #968, 1000.000000000000000 ) ;
#1762 = ORIENTED_EDGE ( 'NONE', *, *, #2667, .F. ) ;
#1763 = CARTESIAN_POINT ( 'NONE',  ( -14.99811776992028989, 5.000000000000000000, -25.00119832667883202 ) ) ;
#1764 = DIRECTION ( 'NONE',  ( -0.000000000000000000, -1.000000000000000000, 0.000000000000000000 ) ) ;
#1765 = AXIS2_PLACEMENT_3D ( 'NONE', #4230, #70, #2906 ) ;
#1766 = AXIS2_PLACEMENT_3D ( 'NONE', #1612, #4931, #2811 ) ;
#1767 = DIRECTION ( 'NONE',  ( -0.000000000000000000, -1.000000000000000000, 0.000000000000000000 ) ) ;
#1768 = EDGE_CURVE ( 'NONE', #3536, #2696, #2962, .T. ) ;
#1769 = VERTEX_POINT ( 'NONE', #3458 ) ;
#1770 = ORIENTED_EDGE ( 'NONE', *, *, #1048, .F. ) ;
#1771 = VECTOR ( 'NONE', #3824, 1000.000000000000000 ) ;
#1772 = CARTESIAN_POINT ( 'NONE',  ( -1.115358573568465461, -10.15000000000000036, -4.149999999999999467 ) ) ;
#1773 = ORIENTED_EDGE ( 'NONE', *, *, #971, .T. ) ;
#1774 = ORIENTED_EDGE ( 'NONE', *, *, #4244, .F. ) ;
#1775 = DIRECTION ( 'NONE',  ( 1.000000000000000000, 0.000000000000000000, 1.224646799147353207E-16 ) ) ;
#1776 = ADVANCED_FACE ( 'NONE', ( #1043, #3948 ), #527, .F. ) ;
#1777 = LINE ( 'NONE', #2937, #215 ) ;
#1778 = VECTOR ( 'NONE', #4992, 1000.000000000000000 ) ;
#1779 = APPROVAL_DATE_TIME ( #3460, #2684 ) ;
#1780 = ORIENTED_EDGE ( 'NONE', *, *, #3820, .T. ) ;
#1781 = CIRCLE ( 'NONE', #3339, 4.000000000000003553 ) ;
#1782 = CYLINDRICAL_SURFACE ( 'NONE', #1330, 4.150000000000000355 ) ;
#1783 = CIRCLE ( 'NONE', #4510, 0.5000000000000004441 ) ;
#1784 = CARTESIAN_POINT ( 'NONE',  ( 25.00119832667881425, 2.500000000000000000, -14.99811776992029344 ) ) ;
#1785 = AXIS2_PLACEMENT_3D ( 'NONE', #3587, #258, #5237 ) ;
#1786 = FACE_OUTER_BOUND ( 'NONE', #909, .T. ) ;
#1787 = ORIENTED_EDGE ( 'NONE', *, *, #807, .T. ) ;
#1788 = FACE_OUTER_BOUND ( 'NONE', #1757, .T. ) ;
#1789 = EDGE_LOOP ( 'NONE', ( #4296, #1632, #5042, #3488 ) ) ;
#1790 = DIRECTION ( 'NONE',  ( -0.000000000000000000, -1.000000000000000000, 0.000000000000000000 ) ) ;
#1791 = ADVANCED_FACE ( 'NONE', ( #2175 ), #958, .F. ) ;
#1792 = CARTESIAN_POINT ( 'NONE',  ( 5.500000000000000888, 2.000000000000000000, -20.00000000000002487 ) ) ;
#1793 = CARTESIAN_POINT ( 'NONE',  ( -28.56521268139021430, 2.000000000000000000, 20.07993130715164654 ) ) ;
#1794 = ADVANCED_FACE ( 'NONE', ( #2638 ), #3432, .F. ) ;
#1795 = VERTEX_POINT ( 'NONE', #241 ) ;
#1796 = ORIENTED_EDGE ( 'NONE', *, *, #4829, .F. ) ;
#1797 = ORIENTED_EDGE ( 'NONE', *, *, #2599, .T. ) ;
#1798 = CARTESIAN_POINT ( 'NONE',  ( -21.49414486952473524, 0.000000000000000000, -27.15099911901713980 ) ) ;
#1799 = DIRECTION ( 'NONE',  ( 0.000000000000000000, 0.000000000000000000, 1.000000000000000000 ) ) ;
#1800 = CARTESIAN_POINT ( 'NONE',  ( 7.500000000000000888, -12.00000000000000000, -7.500000000000000000 ) ) ;
#1801 = PLANE ( 'NONE',  #5058 ) ;
#1802 = ADVANCED_FACE ( 'NONE', ( #2603 ), #4297, .F. ) ;
#1803 = ORIENTED_EDGE ( 'NONE', *, *, #3631, .T. ) ;
#1804 = DIRECTION ( 'NONE',  ( -0.000000000000000000, -1.000000000000000000, -0.000000000000000000 ) ) ;
#1805 = DIRECTION ( 'NONE',  ( -0.000000000000000000, -1.000000000000000000, 0.000000000000000000 ) ) ;
#1806 = ORIENTED_EDGE ( 'NONE', *, *, #5017, .F. ) ;
#1807 = ORIENTED_EDGE ( 'NONE', *, *, #3454, .T. ) ;
#1808 = CARTESIAN_POINT ( 'NONE',  ( 7.500000000000000000, -12.00000000000000000, -12.50000000000000000 ) ) ;
#1809 = ORIENTED_EDGE ( 'NONE', *, *, #2760, .T. ) ;
#1810 = EDGE_CURVE ( 'NONE', #1197, #2462, #4343, .T. ) ;
#1811 = DIRECTION ( 'NONE',  ( 0.000000000000000000, 0.000000000000000000, 1.000000000000000000 ) ) ;
#1812 = FACE_OUTER_BOUND ( 'NONE', #4670, .T. ) ;
#1813 = DIRECTION ( 'NONE',  ( 0.000000000000000000, 0.000000000000000000, 1.000000000000000000 ) ) ;
#1814 = FACE_OUTER_BOUND ( 'NONE', #3795, .T. ) ;
#1815 = DIRECTION ( 'NONE',  ( 0.000000000000000000, 0.000000000000000000, 1.000000000000000000 ) ) ;
#1816 = ORIENTED_EDGE ( 'NONE', *, *, #5361, .T. ) ;
#1817 = EDGE_LOOP ( 'NONE', ( #2671, #4835, #4969, #184, #3564, #728 ) ) ;
#1818 = ORIENTED_EDGE ( 'NONE', *, *, #866, .F. ) ;
#1819 = CARTESIAN_POINT ( 'NONE',  ( -2.934493141924172210, -8.934493141924171766, -2.934493141924172210 ) ) ;
#1820 = DIRECTION ( 'NONE',  ( 0.000000000000000000, 0.000000000000000000, 1.000000000000000000 ) ) ;
#1821 = ORIENTED_EDGE ( 'NONE', *, *, #1280, .F. ) ;
#1822 = CYLINDRICAL_SURFACE ( 'NONE', #1065, 4.000000000000003553 ) ;
#1823 = ADVANCED_FACE ( 'NONE', ( #5187 ), #1822, .T. ) ;
#1824 = DIRECTION ( 'NONE',  ( 0.000000000000000000, 0.000000000000000000, -1.000000000000000000 ) ) ;
#1825 = EDGE_CURVE ( 'NONE', #2663, #841, #3401, .T. ) ;
#1826 = COORDINATED_UNIVERSAL_TIME_OFFSET ( 8, 0, .AHEAD. ) ;
#1827 = VERTEX_POINT ( 'NONE', #129 ) ;
#1828 = EDGE_LOOP ( 'NONE', ( #4908, #2648, #2493, #2947 ) ) ;
#1829 = CARTESIAN_POINT ( 'NONE',  ( -20.07993130715166075, 0.000000000000000000, 28.56521268139023562 ) ) ;
#1830 = VECTOR ( 'NONE', #1602, 1000.000000000000000 ) ;
#1831 = AXIS2_PLACEMENT_3D ( 'NONE', #1288, #3904, #3139 ) ;
#1832 = ORIENTED_EDGE ( 'NONE', *, *, #1537, .T. ) ;
#1833 = CARTESIAN_POINT ( 'NONE',  ( -12.50000000000000000, -1.000000000000000888, -13.50000000000000178 ) ) ;
#1834 = VECTOR ( 'NONE', #493, 1000.000000000000000 ) ;
#1835 = ORIENTED_EDGE ( 'NONE', *, *, #3018, .F. ) ;
#1836 = EDGE_CURVE ( 'NONE', #545, #80, #4009, .T. ) ;
#1837 = AXIS2_PLACEMENT_3D ( 'NONE', #5085, #4263, #1396 ) ;
#1838 = DIRECTION ( 'NONE',  ( 0.000000000000000000, -1.000000000000000000, 0.000000000000000000 ) ) ;
#1839 = DIRECTION ( 'NONE',  ( 0.000000000000000000, 0.000000000000000000, -1.000000000000000000 ) ) ;
#1840 = ORIENTED_EDGE ( 'NONE', *, *, #5282, .T. ) ;
#1841 = CIRCLE ( 'NONE', #4877, 6.000000000000000888 ) ;
#1842 = DIRECTION ( 'NONE',  ( 1.224646799147353454E-16, 0.000000000000000000, -1.000000000000000000 ) ) ;
#1843 = CARTESIAN_POINT ( 'NONE',  ( 5.082284216461515156E-16, -10.14999999999999858, 4.150000000000000355 ) ) ;
#1844 = TOROIDAL_SURFACE ( 'NONE', #3502, 2.249999999999986233, 0.5000000000000000000 ) ;
#1845 = VECTOR ( 'NONE', #2260, 1000.000000000000000 ) ;
#1846 = DIRECTION ( 'NONE',  ( -0.000000000000000000, -1.000000000000000000, -0.000000000000000000 ) ) ;
#1847 = EDGE_LOOP ( 'NONE', ( #2427, #153, #2868, #5135 ) ) ;
#1848 = ORIENTED_EDGE ( 'NONE', *, *, #4, .F. ) ;
#1849 = DIRECTION ( 'NONE',  ( -0.9337070767568212970, 0.000000000000000000, -0.3580378399195142114 ) ) ;
#1850 = DIRECTION ( 'NONE',  ( -0.000000000000000000, 1.000000000000000000, -0.000000000000000000 ) ) ;
#1851 = CIRCLE ( 'NONE', #994, 2.500000000000000444 ) ;
#1852 = CYLINDRICAL_SURFACE ( 'NONE', #4702, 7.000000000000000000 ) ;
#1853 = VECTOR ( 'NONE', #4199, 1000.000000000000000 ) ;
#1854 = CIRCLE ( 'NONE', #4895, 5.000000000000000000 ) ;
#1855 = EDGE_LOOP ( 'NONE', ( #2069, #20, #4000, #1351 ) ) ;
#1856 = ORIENTED_EDGE ( 'NONE', *, *, #4405, .F. ) ;
#1857 = ORIENTED_EDGE ( 'NONE', *, *, #113, .F. ) ;
#1858 = CARTESIAN_POINT ( 'NONE',  ( 13.50000000000000178, 0.000000000000000000, -7.500000000000000000 ) ) ;
#1859 = ADVANCED_FACE ( 'NONE', ( #1428 ), #1852, .T. ) ;
#1860 = EDGE_CURVE ( 'NONE', #3477, #2494, #4701, .T. ) ;
#1861 = AXIS2_PLACEMENT_3D ( 'NONE', #974, #2621, #1811 ) ;
#1862 = DIRECTION ( 'NONE',  ( 0.000000000000000000, 1.000000000000000000, -0.000000000000000000 ) ) ;
#1863 = CARTESIAN_POINT ( 'NONE',  ( 25.00119832667881425, 2.500000000000000000, -14.99811776992029344 ) ) ;
#1864 = AXIS2_PLACEMENT_3D ( 'NONE', #4384, #2047, #4508 ) ;
#1865 = ORIENTED_EDGE ( 'NONE', *, *, #880, .T. ) ;
#1866 = DIRECTION ( 'NONE',  ( 0.7071067811865494601, 0.000000000000000000, -0.7071067811865455743 ) ) ;
#1867 = VECTOR ( 'NONE', #3036, 1000.000000000000000 ) ;
#1868 = EDGE_CURVE ( 'NONE', #2944, #2637, #1377, .T. ) ;
#1869 = VECTOR ( 'NONE', #1473, 1000.000000000000000 ) ;
#1870 = FACE_OUTER_BOUND ( 'NONE', #491, .T. ) ;
#1871 = CARTESIAN_POINT ( 'NONE',  ( -2.934493141924172210, -3.065506858075827790, 2.934493141924172210 ) ) ;
#1872 = EDGE_LOOP ( 'NONE', ( #1806, #3285, #4412, #1622 ) ) ;
#1873 = ORIENTED_EDGE ( 'NONE', *, *, #1113, .F. ) ;
#1874 = EDGE_CURVE ( 'NONE', #1210, #3531, #4787, .T. ) ;
#1875 = ADVANCED_FACE ( 'NONE', ( #5166 ), #3102, .F. ) ;
#1876 = CARTESIAN_POINT ( 'NONE',  ( -25.03239602037398015, 0.000000000000000000, 29.03239602037399791 ) ) ;
#1877 = DIRECTION ( 'NONE',  ( -0.7071067811865492381, 0.000000000000000000, 0.7071067811865457964 ) ) ;
#1878 = DIRECTION ( 'NONE',  ( 0.000000000000000000, 1.000000000000000000, -0.000000000000000000 ) ) ;
#1879 = VERTEX_POINT ( 'NONE', #156 ) ;
#1880 = VERTEX_POINT ( 'NONE', #1555 ) ;
#1881 = LINE ( 'NONE', #3537, #3498 ) ;
#1882 = FACE_OUTER_BOUND ( 'NONE', #2933, .T. ) ;
#1883 = CARTESIAN_POINT ( 'NONE',  ( -28.56521268139020719, 2.000000000000000000, -20.07993130715165719 ) ) ;
#1884 = CARTESIAN_POINT ( 'NONE',  ( -19.99999999999999289, 2.000000000000000000, 5.500000000000017764 ) ) ;
#1885 = VERTEX_POINT ( 'NONE', #5211 ) ;
#1886 = ORIENTED_EDGE ( 'NONE', *, *, #3409, .F. ) ;
#1887 = CARTESIAN_POINT ( 'NONE',  ( 7.500000000000000888, -11.00000000000000000, -7.500000000000000000 ) ) ;
#1888 = FACE_OUTER_BOUND ( 'NONE', #1987, .T. ) ;
#1889 = CYLINDRICAL_SURFACE ( 'NONE', #4103, 0.8999999999999998002 ) ;
#1890 = EDGE_CURVE ( 'NONE', #2520, #5165, #265, .T. ) ;
#1891 = ORIENTED_EDGE ( 'NONE', *, *, #436, .T. ) ;
#1892 = DIRECTION ( 'NONE',  ( 0.000000000000000000, 0.000000000000000000, 1.000000000000000000 ) ) ;
#1893 = EDGE_CURVE ( 'NONE', #2398, #4347, #2726, .T. ) ;
#1894 = DIRECTION ( 'NONE',  ( -0.000000000000000000, -1.000000000000000000, -0.000000000000000000 ) ) ;
#1895 = DIRECTION ( 'NONE',  ( -1.000000000000000000, 0.000000000000000000, 0.000000000000000000 ) ) ;
#1896 = EDGE_CURVE ( 'NONE', #423, #961, #2790, .T. ) ;
#1897 = CARTESIAN_POINT ( 'NONE',  ( -12.10970376029906248, 2.000000000000000000, 23.96254615851254144 ) ) ;
#1898 = CARTESIAN_POINT ( 'NONE',  ( -12.50000000000000000, -6.000000000000000000, 0.000000000000000000 ) ) ;
#1899 = LINE ( 'NONE', #1450, #1869 ) ;
#1900 = ORIENTED_EDGE ( 'NONE', *, *, #4243, .T. ) ;
#1901 = CARTESIAN_POINT ( 'NONE',  ( -18.75606001926123412, 2.000000000000000000, 27.06609133436747783 ) ) ;
#1902 = CARTESIAN_POINT ( 'NONE',  ( 14.00000000000000178, 2.000000000000000000, 11.50000000000001421 ) ) ;
#1903 = EDGE_LOOP ( 'NONE', ( #1393, #44, #910, #843 ) ) ;
#1904 = CYLINDRICAL_SURFACE ( 'NONE', #3581, 2.000000000000001776 ) ;
#1905 = CARTESIAN_POINT ( 'NONE',  ( -25.03239602037398015, 2.000000000000000000, -25.03239602037399436 ) ) ;
#1906 = ORIENTED_EDGE ( 'NONE', *, *, #3289, .T. ) ;
#1907 = ORIENTED_EDGE ( 'NONE', *, *, #211, .T. ) ;
#1908 = FACE_OUTER_BOUND ( 'NONE', #3895, .T. ) ;
#1909 = DIRECTION ( 'NONE',  ( -0.000000000000000000, -1.000000000000000000, 0.000000000000000000 ) ) ;
#1910 = EDGE_CURVE ( 'NONE', #2075, #921, #4792, .T. ) ;
#1911 = DIRECTION ( 'NONE',  ( 0.000000000000000000, 0.000000000000000000, -1.000000000000000000 ) ) ;
#1912 = VERTEX_POINT ( 'NONE', #4029 ) ;
#1913 = DIRECTION ( 'NONE',  ( -0.000000000000000000, -1.000000000000000000, -0.000000000000000000 ) ) ;
#1914 = DIRECTION ( 'NONE',  ( 0.000000000000000000, 0.000000000000000000, -1.000000000000000000 ) ) ;
#1915 = CIRCLE ( 'NONE', #2177, 1.749999999999999778 ) ;
#1916 = VECTOR ( 'NONE', #3550, 1000.000000000000000 ) ;
#1917 = DIRECTION ( 'NONE',  ( 0.000000000000000000, 1.000000000000000000, 0.000000000000000000 ) ) ;
#1918 = VERTEX_POINT ( 'NONE', #716 ) ;
#1919 = AXIS2_PLACEMENT_3D ( 'NONE', #1829, #3493, #3523 ) ;
#1920 = DIRECTION ( 'NONE',  ( 0.7071067811865457964, -0.000000000000000000, 0.7071067811865492381 ) ) ;
#1921 = CIRCLE ( 'NONE', #3660, 1.750000000000001554 ) ;
#1922 = ADVANCED_FACE ( 'NONE', ( #4455 ), #2773, .T. ) ;
#1923 = EDGE_CURVE ( 'NONE', #3431, #2075, #298, .T. ) ;
#1924 = EDGE_CURVE ( 'NONE', #3627, #35, #722, .T. ) ;
#1925 = DIRECTION ( 'NONE',  ( 0.000000000000000000, 0.000000000000000000, -1.000000000000000000 ) ) ;
#1926 = DIRECTION ( 'NONE',  ( -0.000000000000000000, -1.000000000000000000, -0.000000000000000000 ) ) ;
#1927 = AXIS2_PLACEMENT_3D ( 'NONE', #3238, #2010, #1213 ) ;
#1928 = AXIS2_PLACEMENT_3D ( 'NONE', #3369, #3759, #4131 ) ;
#1929 = ORIENTED_EDGE ( 'NONE', *, *, #3416, .F. ) ;
#1930 = CARTESIAN_POINT ( 'NONE',  ( 27.06609133436744941, 0.000000000000000000, -18.75606001926122346 ) ) ;
#1931 = DIRECTION ( 'NONE',  ( -0.000000000000000000, -0.000000000000000000, -1.000000000000000000 ) ) ;
#1932 = EDGE_LOOP ( 'NONE', ( #3944, #4889 ) ) ;
#1933 = CARTESIAN_POINT ( 'NONE',  ( 7.500000000000000000, -11.00000000000000000, 7.500000000000000888 ) ) ;
#1934 = EDGE_CURVE ( 'NONE', #1461, #4694, #2967, .T. ) ;
#1935 = DIRECTION ( 'NONE',  ( 0.000000000000000000, 0.000000000000000000, 1.000000000000000000 ) ) ;
#1936 = VERTEX_POINT ( 'NONE', #1510 ) ;
#1937 = AXIS2_PLACEMENT_3D ( 'NONE', #5233, #1920, #3142 ) ;
#1938 = VECTOR ( 'NONE', #733, 999.9999999999998863 ) ;
#1939 = ORIENTED_EDGE ( 'NONE', *, *, #4589, .T. ) ;
#1940 = ADVANCED_FACE ( 'NONE', ( #1578 ), #5322, .F. ) ;
#1941 = DIRECTION ( 'NONE',  ( 0.000000000000000000, 0.000000000000000000, 1.000000000000000000 ) ) ;
#1942 = AXIS2_PLACEMENT_3D ( 'NONE', #3426, #1653, #1349 ) ;
#1943 = SECURITY_CLASSIFICATION ( '', '', #4734 ) ;
#1944 = DIRECTION ( 'NONE',  ( 0.000000000000000000, 0.000000000000000000, 1.000000000000000000 ) ) ;
#1945 = DIRECTION ( 'NONE',  ( -0.000000000000000000, -1.000000000000000000, -0.000000000000000000 ) ) ;
#1946 = ORIENTED_EDGE ( 'NONE', *, *, #2651, .T. ) ;
#1947 = AXIS2_PLACEMENT_3D ( 'NONE', #3615, #708, #1995 ) ;
#1948 = DIRECTION ( 'NONE',  ( 0.000000000000000000, 0.000000000000000000, -1.000000000000000000 ) ) ;
#1949 = LINE ( 'NONE', #4388, #1598 ) ;
#1950 = AXIS2_PLACEMENT_3D ( 'NONE', #1093, #4910, #2741 ) ;
#1951 = ORIENTED_EDGE ( 'NONE', *, *, #4546, .F. ) ;
#1952 = TOROIDAL_SURFACE ( 'NONE', #323, 2.250000000000002665, 0.5000000000000000000 ) ;
#1953 = DIRECTION ( 'NONE',  ( 0.000000000000000000, 0.000000000000000000, 1.000000000000000000 ) ) ;
#1954 = DIRECTION ( 'NONE',  ( 0.000000000000000000, 0.000000000000000000, 1.000000000000000000 ) ) ;
#1955 = FACE_OUTER_BOUND ( 'NONE', #2781, .T. ) ;
#1956 = VERTEX_POINT ( 'NONE', #3231 ) ;
#1957 = AXIS2_PLACEMENT_3D ( 'NONE', #686, #5159, #606 ) ;
#1958 = EDGE_CURVE ( 'NONE', #4801, #3706, #3225, .T. ) ;
#1959 = FACE_BOUND ( 'NONE', #1040, .T. ) ;
#1960 = ORIENTED_EDGE ( 'NONE', *, *, #83, .T. ) ;
#1961 = CARTESIAN_POINT ( 'NONE',  ( 10.11039691870832513, 2.000000000000000000, 23.90989491760780794 ) ) ;
#1962 = EDGE_CURVE ( 'NONE', #2450, #4694, #2826, .T. ) ;
#1963 = DIRECTION ( 'NONE',  ( -0.000000000000000000, -1.000000000000000000, -0.000000000000000000 ) ) ;
#1964 = ORIENTED_EDGE ( 'NONE', *, *, #1495, .T. ) ;
#1965 = VERTEX_POINT ( 'NONE', #1604 ) ;
#1966 = LINE ( 'NONE', #4506, #1059 ) ;
#1967 = DIRECTION ( 'NONE',  ( -0.000000000000000000, -1.000000000000000000, -0.000000000000000000 ) ) ;
#1968 = CARTESIAN_POINT ( 'NONE',  ( -2.934493141924172210, -8.934493141924171766, 2.934493141924172210 ) ) ;
#1969 = EDGE_CURVE ( 'NONE', #4151, #2720, #4477, .T. ) ;
#1970 = ORIENTED_EDGE ( 'NONE', *, *, #3960, .T. ) ;
#1971 = DIRECTION ( 'NONE',  ( 0.000000000000000000, 0.000000000000000000, 1.000000000000000000 ) ) ;
#1972 = CARTESIAN_POINT ( 'NONE',  ( 0.000000000000000000, -1.850000000000000977, -4.150000000000000355 ) ) ;
#1973 = LINE ( 'NONE', #4085, #128 ) ;
#1974 = APPLICATION_CONTEXT ( 'configuration controlled 3d designs of mechanical parts and assemblies' ) ;
#1975 = CARTESIAN_POINT ( 'NONE',  ( -11.50000000000000000, -12.00000000000000000, 7.500000000000000888 ) ) ;
#1976 = CARTESIAN_POINT ( 'NONE',  ( 24.06784864032188054, 2.000000000000000000, 16.10831744348034889 ) ) ;
#1977 = CARTESIAN_POINT ( 'NONE',  ( 0.000000000000000000, -6.000000000000000000, 12.50000000000000000 ) ) ;
#1978 = CARTESIAN_POINT ( 'NONE',  ( 27.06609133436741388, 0.000000000000000000, 18.75606001926120214 ) ) ;
#1979 = ORIENTED_EDGE ( 'NONE', *, *, #2920, .F. ) ;
#1980 = CARTESIAN_POINT ( 'NONE',  ( -14.00000000000000178, 2.000000000000000000, 14.00000000000001243 ) ) ;
#1981 = CYLINDRICAL_SURFACE ( 'NONE', #2281, 1.749999999999986011 ) ;
#1982 = ORIENTED_EDGE ( 'NONE', *, *, #1317, .F. ) ;
#1983 = VERTEX_POINT ( 'NONE', #320 ) ;
#1984 = CYLINDRICAL_SURFACE ( 'NONE', #3919, 1.749999999999999778 ) ;
#1985 = FACE_OUTER_BOUND ( 'NONE', #3441, .T. ) ;
#1986 = CARTESIAN_POINT ( 'NONE',  ( -3.723170752748988122, -3.854184468900645921, -3.723170752748988122 ) ) ;
#1987 = EDGE_LOOP ( 'NONE', ( #4842, #3037, #1191, #403 ) ) ;
#1988 = CARTESIAN_POINT ( 'NONE',  ( 7.500000000000000888, -12.00000000000000000, -7.500000000000000000 ) ) ;
#1989 = CARTESIAN_POINT ( 'NONE',  ( -2.145815531099354523, -2.276829247251012323, -3.723170752748988122 ) ) ;
#1990 = CARTESIAN_POINT ( 'NONE',  ( -7.500000000000000888, -12.00000000000000000, 12.50000000000000000 ) ) ;
#1991 = ORIENTED_EDGE ( 'NONE', *, *, #146, .T. ) ;
#1992 = EDGE_CURVE ( 'NONE', #5198, #3613, #1157, .T. ) ;
#1993 = CIRCLE ( 'NONE', #2699, 0.5000000000000004441 ) ;
#1994 = CIRCLE ( 'NONE', #1831, 1.749999999999987566 ) ;
#1995 = DIRECTION ( 'NONE',  ( 0.000000000000000000, 0.000000000000000000, 1.000000000000000000 ) ) ;
#1996 = DIRECTION ( 'NONE',  ( 0.000000000000000000, 0.000000000000000000, -1.000000000000000000 ) ) ;
#1997 = ORIENTED_EDGE ( 'NONE', *, *, #902, .T. ) ;
#1998 = AXIS2_PLACEMENT_3D ( 'NONE', #1194, #3188, #774 ) ;
#1999 = AXIS2_PLACEMENT_3D ( 'NONE', #5186, #2636, #2722 ) ;
#2000 = DIRECTION ( 'NONE',  ( 0.000000000000000000, 0.000000000000000000, -1.000000000000000000 ) ) ;
#2001 = CARTESIAN_POINT ( 'NONE',  ( 14.99811776992027568, 2.500000000000000000, 25.00119832667880360 ) ) ;
#2002 = CARTESIAN_POINT ( 'NONE',  ( -7.500000000000000888, 0.000000000000000000, -7.500000000000000888 ) ) ;
#2003 = FACE_OUTER_BOUND ( 'NONE', #3235, .T. ) ;
#2004 = AXIS2_PLACEMENT_3D ( 'NONE', #1456, #3539, #2693 ) ;
#2005 = AXIS2_PLACEMENT_3D ( 'NONE', #4857, #3618, #5242 ) ;
#2006 = EDGE_LOOP ( 'NONE', ( #2388, #2104, #251, #2200 ) ) ;
#2007 = ORIENTED_EDGE ( 'NONE', *, *, #4049, .F. ) ;
#2008 = ORIENTED_EDGE ( 'NONE', *, *, #3820, .F. ) ;
#2009 = CIRCLE ( 'NONE', #460, 2.500000000000000444 ) ;
#2010 = DIRECTION ( 'NONE',  ( -0.000000000000000000, -1.000000000000000000, -0.000000000000000000 ) ) ;
#2011 = FACE_OUTER_BOUND ( 'NONE', #2501, .T. ) ;
#2012 = CIRCLE ( 'NONE', #4973, 2.499999999999998668 ) ;
#2013 = CIRCLE ( 'NONE', #2195, 2.000000000000001776 ) ;
#2014 = DIRECTION ( 'NONE',  ( 0.000000000000000000, 0.000000000000000000, -1.000000000000000000 ) ) ;
#2015 = ADVANCED_FACE ( 'NONE', ( #2800 ), #1904, .F. ) ;
#2016 = ORIENTED_EDGE ( 'NONE', *, *, #250, .T. ) ;
#2017 = DIRECTION ( 'NONE',  ( 0.000000000000000000, 1.000000000000000000, -0.000000000000000000 ) ) ;
#2018 = CIRCLE ( 'NONE', #131, 1.749999999999986011 ) ;
#2019 = LOCAL_TIME ( 11, 49, 44.00000000000000000, #99 ) ;
#2020 = DIRECTION ( 'NONE',  ( -0.000000000000000000, 1.000000000000000000, -0.000000000000000000 ) ) ;
#2021 = CARTESIAN_POINT ( 'NONE',  ( -19.99999999999999289, 2.000000000000000000, -5.500000000000018652 ) ) ;
#2022 = AXIS2_PLACEMENT_3D ( 'NONE', #2378, #4937, #1571 ) ;
#2023 = ORIENTED_EDGE ( 'NONE', *, *, #2728, .T. ) ;
#2024 = EDGE_CURVE ( 'NONE', #1053, #4390, #2009, .T. ) ;
#2025 = ORIENTED_EDGE ( 'NONE', *, *, #4485, .T. ) ;
#2026 = AXIS2_PLACEMENT_3D ( 'NONE', #4600, #2972, #2141 ) ;
#2027 = FACE_OUTER_BOUND ( 'NONE', #1817, .T. ) ;
#2028 = LINE ( 'NONE', #1644, #2864 ) ;
#2029 = VERTEX_POINT ( 'NONE', #3997 ) ;
#2030 = EDGE_CURVE ( 'NONE', #3005, #4736, #2405, .T. ) ;
#2031 = EDGE_CURVE ( 'NONE', #2152, #568, #4876, .T. ) ;
#2032 = EDGE_LOOP ( 'NONE', ( #1161, #4212, #5358, #2549 ) ) ;
#2033 = VERTEX_POINT ( 'NONE', #1314 ) ;
#2034 = AXIS2_PLACEMENT_3D ( 'NONE', #4107, #858, #1326 ) ;
#2035 = EDGE_LOOP ( 'NONE', ( #2641, #4494, #4033, #3513 ) ) ;
#2036 = CARTESIAN_POINT ( 'NONE',  ( -25.00119832667880004, 5.000000000000000000, 14.99811776992030765 ) ) ;
#2037 = DIRECTION ( 'NONE',  ( 0.000000000000000000, 1.000000000000000000, -0.000000000000000000 ) ) ;
#2038 = CARTESIAN_POINT ( 'NONE',  ( 14.99811776992028989, 5.000000000000000000, -25.00119832667880360 ) ) ;
#2039 = DIRECTION ( 'NONE',  ( 0.000000000000000000, 1.000000000000000000, -0.000000000000000000 ) ) ;
#2040 = CIRCLE ( 'NONE', #5074, 1.749999999999987566 ) ;
#2041 = ORIENTED_EDGE ( 'NONE', *, *, #4055, .T. ) ;
#2042 = ORIENTED_EDGE ( 'NONE', *, *, #4845, .T. ) ;
#2043 = DIRECTION ( 'NONE',  ( -1.000000000000000000, 0.000000000000000000, 0.000000000000000000 ) ) ;
#2044 = ORIENTED_EDGE ( 'NONE', *, *, #3931, .F. ) ;
#2045 = DIRECTION ( 'NONE',  ( 0.9337070767568212970, 0.000000000000000000, 0.3580378399195142114 ) ) ;
#2046 = ADVANCED_FACE ( 'NONE', ( #2466, #4619 ), #4175, .T. ) ;
#2047 = DIRECTION ( 'NONE',  ( -0.000000000000000000, -1.000000000000000000, 0.000000000000000000 ) ) ;
#2048 = LINE ( 'NONE', #831, #1257 ) ;
#2049 = VERTEX_POINT ( 'NONE', #872 ) ;
#2050 = EDGE_LOOP ( 'NONE', ( #3818, #2126, #2998, #4270 ) ) ;
#2051 = CARTESIAN_POINT ( 'NONE',  ( 14.99811776992027568, 5.000000000000000000, 25.00119832667880360 ) ) ;
#2052 = EDGE_CURVE ( 'NONE', #2337, #3453, #439, .T. ) ;
#2053 = CC_DESIGN_PERSON_AND_ORGANIZATION_ASSIGNMENT ( #1044, #995, ( #1943 ) ) ;
#2054 = FACE_OUTER_BOUND ( 'NONE', #3344, .T. ) ;
#2055 = ORIENTED_EDGE ( 'NONE', *, *, #2511, .F. ) ;
#2056 = FACE_OUTER_BOUND ( 'NONE', #4042, .T. ) ;
#2057 = ORIENTED_EDGE ( 'NONE', *, *, #3975, .T. ) ;
#2058 = ORIENTED_EDGE ( 'NONE', *, *, #1702, .T. ) ;
#2059 = EDGE_CURVE ( 'NONE', #4555, #1118, #8, .T. ) ;
#2060 = EDGE_CURVE ( 'NONE', #2236, #3262, #1668, .T. ) ;
#2061 = DIRECTION ( 'NONE',  ( 0.000000000000000000, 0.000000000000000000, 1.000000000000000000 ) ) ;
#2062 = CARTESIAN_POINT ( 'NONE',  ( -23.90989491760780439, 2.000000000000000000, 10.11039691870840151 ) ) ;
#2063 = ORIENTED_EDGE ( 'NONE', *, *, #4231, .F. ) ;
#2064 = DIRECTION ( 'NONE',  ( 0.000000000000000000, 0.000000000000000000, -1.000000000000000000 ) ) ;
#2065 = CARTESIAN_POINT ( 'NONE',  ( 2.145815531099354523, -9.723170752748989898, -3.723170752748988122 ) ) ;
#2066 = DIRECTION ( 'NONE',  ( 0.000000000000000000, 0.000000000000000000, 1.000000000000000000 ) ) ;
#2067 = CARTESIAN_POINT ( 'NONE',  ( 25.00119832667878583, 5.000000000000000000, 14.99811776992029344 ) ) ;
#2068 = ORIENTED_EDGE ( 'NONE', *, *, #1958, .T. ) ;
#2069 = ORIENTED_EDGE ( 'NONE', *, *, #5149, .F. ) ;
#2070 = CARTESIAN_POINT ( 'NONE',  ( -14.99811776992028989, 2.000000000000000000, -25.00119832667883202 ) ) ;
#2071 = ORIENTED_EDGE ( 'NONE', *, *, #121, .F. ) ;
#2072 = CARTESIAN_POINT ( 'NONE',  ( -21.49414486952473524, 2.000000000000000000, -27.15099911901713980 ) ) ;
#2073 = CARTESIAN_POINT ( 'NONE',  ( -4.150000000000004796, -6.000000000000000000, 4.150000000000000355 ) ) ;
#2074 = CARTESIAN_POINT ( 'NONE',  ( -4.149999999999999467, -7.115358573568467015, -4.149999999999999467 ) ) ;
#2075 = VERTEX_POINT ( 'NONE', #4563 ) ;
#2076 = DIRECTION ( 'NONE',  ( -0.000000000000000000, 1.000000000000000000, -0.000000000000000000 ) ) ;
#2077 = DIRECTION ( 'NONE',  ( 0.000000000000000000, 1.000000000000000000, -0.000000000000000000 ) ) ;
#2078 = CARTESIAN_POINT ( 'NONE',  ( 21.49414486952471748, 2.000000000000000000, 27.15099911901711138 ) ) ;
#2079 = VERTEX_POINT ( 'NONE', #4127 ) ;
#2080 = ORIENTED_EDGE ( 'NONE', *, *, #1768, .F. ) ;
#2081 = CARTESIAN_POINT ( 'NONE',  ( 23.90989491760779728, 2.000000000000000000, 10.11039691870838553 ) ) ;
#2082 = DIRECTION ( 'NONE',  ( 0.000000000000000000, 0.000000000000000000, 1.000000000000000000 ) ) ;
#2083 = ORIENTED_EDGE ( 'NONE', *, *, #1656, .F. ) ;
#2084 = EDGE_CURVE ( 'NONE', #657, #2696, #3050, .T. ) ;
#2085 = CARTESIAN_POINT ( 'NONE',  ( 0.000000000000000000, 2.000000000000000000, 0.000000000000000000 ) ) ;
#2086 = CARTESIAN_POINT ( 'NONE',  ( -2.828427124746183186, 2.000000000000000000, 2.828427124746182741 ) ) ;
#2087 = EDGE_CURVE ( 'NONE', #5037, #5198, #4587, .T. ) ;
#2088 = DIRECTION ( 'NONE',  ( 0.000000000000000000, 0.000000000000000000, 1.000000000000000000 ) ) ;
#2089 = VECTOR ( 'NONE', #2290, 1000.000000000000000 ) ;
#2090 = CIRCLE ( 'NONE', #1742, 2.000000000000000000 ) ;
#2091 = EDGE_LOOP ( 'NONE', ( #3823, #2625 ) ) ;
#2092 = ORIENTED_EDGE ( 'NONE', *, *, #4485, .F. ) ;
#2093 = DIRECTION ( 'NONE',  ( -1.000000000000000000, -0.000000000000000000, -0.000000000000000000 ) ) ;
#2094 = ORIENTED_EDGE ( 'NONE', *, *, #83, .F. ) ;
#2095 = EDGE_CURVE ( 'NONE', #2819, #2341, #2271, .T. ) ;
#2096 = DIRECTION ( 'NONE',  ( -0.000000000000000000, -1.000000000000000000, -0.000000000000000000 ) ) ;
#2097 = AXIS2_PLACEMENT_3D ( 'NONE', #690, #3182, #4341 ) ;
#2098 = CARTESIAN_POINT ( 'NONE',  ( 4.149999999999999467, -7.115358573568467015, 4.149999999999999467 ) ) ;
#2099 = LINE ( 'NONE', #1242, #4644 ) ;
#2100 = LINE ( 'NONE', #4597, #1085 ) ;
#2101 = EDGE_CURVE ( 'NONE', #1433, #3060, #3841, .T. ) ;
#2102 = CIRCLE ( 'NONE', #5131, 1.999999999999998224 ) ;
#2103 = EDGE_CURVE ( 'NONE', #1642, #1011, #4354, .T. ) ;
#2104 = ORIENTED_EDGE ( 'NONE', *, *, #3792, .T. ) ;
#2105 = PLANE ( 'NONE',  #369 ) ;
#2106 = VECTOR ( 'NONE', #2744, 1000.000000000000000 ) ;
#2107 = CIRCLE ( 'NONE', #3145, 1.000000000000000888 ) ;
#2108 = LINE ( 'NONE', #3377, #3077 ) ;
#2109 = ORIENTED_EDGE ( 'NONE', *, *, #2760, .F. ) ;
#2110 = CARTESIAN_POINT ( 'NONE',  ( -4.150000000000000355, -6.000000000000000000, 29.03239602037399791 ) ) ;
#2111 = EDGE_LOOP ( 'NONE', ( #5101, #3449, #3011, #794 ) ) ;
#2112 = CIRCLE ( 'NONE', #5063, 2.000000000000000000 ) ;
#2113 = AXIS2_PLACEMENT_3D ( 'NONE', #4385, #3265, #1196 ) ;
#2114 = DIRECTION ( 'NONE',  ( 0.000000000000000000, 1.000000000000000000, -0.000000000000000000 ) ) ;
#2115 = VECTOR ( 'NONE', #4056, 1000.000000000000000 ) ;
#2116 = AXIS2_PLACEMENT_3D ( 'NONE', #4005, #1945, #3606 ) ;
#2117 = DIRECTION ( 'NONE',  ( 1.000000000000000000, 0.000000000000000000, 0.000000000000000000 ) ) ;
#2118 = CARTESIAN_POINT ( 'NONE',  ( -19.99999999999999289, 0.000000000000000000, -5.500000000000018652 ) ) ;
#2119 = CIRCLE ( 'NONE', #3330, 1.749999999999987566 ) ;
#2120 = CARTESIAN_POINT ( 'NONE',  ( -7.500000000000000888, -12.00000000000000000, 7.500000000000000888 ) ) ;
#2121 = DIRECTION ( 'NONE',  ( 0.000000000000000000, 0.000000000000000000, 1.000000000000000000 ) ) ;
#2122 = EDGE_CURVE ( 'NONE', #3983, #4347, #4268, .T. ) ;
#2123 = AXIS2_PLACEMENT_3D ( 'NONE', #1444, #3932, #4329 ) ;
#2124 = ORIENTED_EDGE ( 'NONE', *, *, #2131, .T. ) ;
#2125 = ORIENTED_EDGE ( 'NONE', *, *, #902, .F. ) ;
#2126 = ORIENTED_EDGE ( 'NONE', *, *, #2834, .T. ) ;
#2127 = FACE_OUTER_BOUND ( 'NONE', #5189, .T. ) ;
#2128 = DIRECTION ( 'NONE',  ( 0.000000000000000000, 0.000000000000000000, 1.000000000000000000 ) ) ;
#2129 = VECTOR ( 'NONE', #1296, 1000.000000000000000 ) ;
#2130 = DIRECTION ( 'NONE',  ( 0.000000000000000000, 0.000000000000000000, -1.000000000000000000 ) ) ;
#2131 = EDGE_CURVE ( 'NONE', #3124, #545, #2530, .T. ) ;
#2132 = AXIS2_PLACEMENT_3D ( 'NONE', #2212, #534, #4683 ) ;
#2133 = CARTESIAN_POINT ( 'NONE',  ( -14.99811776992028634, 5.000000000000000000, 24.10119832667882989 ) ) ;
#2134 = CARTESIAN_POINT ( 'NONE',  ( 14.00000000000000178, 0.000000000000000000, 14.00000000000001243 ) ) ;
#2135 =( BOUNDED_CURVE ( )  B_SPLINE_CURVE ( 3, ( #3158, #4320, #3915, #613 ),
 .UNSPECIFIED., .F., .T. ) 
 B_SPLINE_CURVE_WITH_KNOTS ( ( 4, 4 ),
 ( 3.141592653589793116, 3.926990816987240951 ),
 .UNSPECIFIED. ) 
 CURVE ( )  GEOMETRIC_REPRESENTATION_ITEM ( )  RATIONAL_B_SPLINE_CURVE ( ( 1.000000000000000000, 0.9492530216741912330, 0.9492530216741912330, 1.000000000000000000 ) ) 
 REPRESENTATION_ITEM ( '' )  );
#2136 = CARTESIAN_POINT ( 'NONE',  ( 0.000000000000000000, 0.000000000000000000, 0.000000000000000000 ) ) ;
#2137 = VERTEX_POINT ( 'NONE', #821 ) ;
#2138 = VERTEX_POINT ( 'NONE', #3364 ) ;
#2139 = CARTESIAN_POINT ( 'NONE',  ( 14.99811776992028989, 2.000000000000000000, -25.00119832667880360 ) ) ;
#2140 = EDGE_CURVE ( 'NONE', #3153, #237, #894, .T. ) ;
#2141 = DIRECTION ( 'NONE',  ( 0.000000000000000000, 0.000000000000000000, 1.000000000000000000 ) ) ;
#2142 = ORIENTED_EDGE ( 'NONE', *, *, #3625, .T. ) ;
#2143 = CARTESIAN_POINT ( 'NONE',  ( -25.00119832667880004, 0.000000000000000000, 15.89811776992030801 ) ) ;
#2144 = ORIENTED_EDGE ( 'NONE', *, *, #1652, .F. ) ;
#2145 = DIRECTION ( 'NONE',  ( 0.000000000000000000, 0.000000000000000000, -1.000000000000000000 ) ) ;
#2146 = LINE ( 'NONE', #869, #1233 ) ;
#2147 = LINE ( 'NONE', #116, #3656 ) ;
#2148 = CARTESIAN_POINT ( 'NONE',  ( 0.000000000000000000, 2.500000000000000000, 0.000000000000000000 ) ) ;
#2149 = DIRECTION ( 'NONE',  ( -0.000000000000000000, 1.000000000000000000, -0.000000000000000000 ) ) ;
#2150 = ORIENTED_EDGE ( 'NONE', *, *, #4118, .T. ) ;
#2151 = ORIENTED_EDGE ( 'NONE', *, *, #3062, .F. ) ;
#2152 = VERTEX_POINT ( 'NONE', #4972 ) ;
#2153 = CARTESIAN_POINT ( 'NONE',  ( -16.10831744348034533, 0.000000000000000000, -24.06784864032195159 ) ) ;
#2154 = CARTESIAN_POINT ( 'NONE',  ( 4.653479425772515832, -10.65347942577251317, -1.215506858075827923 ) ) ;
#2155 = DIRECTION ( 'NONE',  ( -0.3580378399195150996, 0.000000000000000000, -0.9337070767568208529 ) ) ;
#2156 = CARTESIAN_POINT ( 'NONE',  ( -19.99999999999999289, 2.000000000000000000, 5.500000000000017764 ) ) ;
#2157 = PERSON_AND_ORGANIZATION ( #67, #4028 ) ;
#2158 = ORIENTED_EDGE ( 'NONE', *, *, #2654, .F. ) ;
#2159 = ORIENTED_EDGE ( 'NONE', *, *, #4375, .F. ) ;
#2160 = CARTESIAN_POINT ( 'NONE',  ( -16.10831744348034533, 0.000000000000000000, -28.06784864032195514 ) ) ;
#2161 = EDGE_CURVE ( 'NONE', #3160, #4976, #1075, .T. ) ;
#2162 = CARTESIAN_POINT ( 'NONE',  ( 18.75606001926117727, 0.000000000000000000, 27.06609133436745296 ) ) ;
#2163 = ORIENTED_EDGE ( 'NONE', *, *, #1188, .F. ) ;
#2164 = LINE ( 'NONE', #2925, #1771 ) ;
#2165 = DIRECTION ( 'NONE',  ( 0.000000000000000000, 0.000000000000000000, -1.000000000000000000 ) ) ;
#2166 = ORIENTED_EDGE ( 'NONE', *, *, #2382, .F. ) ;
#2167 = EDGE_CURVE ( 'NONE', #4664, #2172, #4203, .T. ) ;
#2168 = DIRECTION ( 'NONE',  ( -0.000000000000000000, -1.000000000000000000, -0.000000000000000000 ) ) ;
#2169 = CARTESIAN_POINT ( 'NONE',  ( -25.00119832667880004, 5.000000000000000000, 16.74811776992030943 ) ) ;
#2170 = CARTESIAN_POINT ( 'NONE',  ( 15.59751454687766881, 0.000000000000000000, 5.980998276113258072 ) ) ;
#2171 = EDGE_LOOP ( 'NONE', ( #2702, #4331, #5024, #411 ) ) ;
#2172 = VERTEX_POINT ( 'NONE', #3389 ) ;
#2173 = ORIENTED_EDGE ( 'NONE', *, *, #3086, .T. ) ;
#2174 = FACE_OUTER_BOUND ( 'NONE', #4315, .T. ) ;
#2175 = FACE_OUTER_BOUND ( 'NONE', #591, .T. ) ;
#2176 = CARTESIAN_POINT ( 'NONE',  ( 3.723170752748987677, -8.145815531099353635, 3.723170752748987677 ) ) ;
#2177 = AXIS2_PLACEMENT_3D ( 'NONE', #3306, #2872, #68 ) ;
#2178 = AXIS2_PLACEMENT_3D ( 'NONE', #2948, #844, #2082 ) ;
#2179 = EDGE_LOOP ( 'NONE', ( #363, #1268, #4643, #3098 ) ) ;
#2180 = VECTOR ( 'NONE', #672, 1000.000000000000000 ) ;
#2181 = LINE ( 'NONE', #4242, #290 ) ;
#2182 = CIRCLE ( 'NONE', #3572, 1.749999999999987566 ) ;
#2183 = CARTESIAN_POINT ( 'NONE',  ( -1.115358573568465239, -10.15000000000000036, 4.149999999999999467 ) ) ;
#2184 = ORIENTED_EDGE ( 'NONE', *, *, #2480, .F. ) ;
#2185 = AXIS2_PLACEMENT_3D ( 'NONE', #3228, #1552, #1183 ) ;
#2186 = CARTESIAN_POINT ( 'NONE',  ( -14.99811776992028634, 2.000000000000000000, 22.75119832667882847 ) ) ;
#2187 = EDGE_CURVE ( 'NONE', #2851, #1197, #2433, .T. ) ;
#2188 = VERTEX_POINT ( 'NONE', #391 ) ;
#2189 = AXIS2_PLACEMENT_3D ( 'NONE', #4532, #4149, #1731 ) ;
#2190 = EDGE_CURVE ( 'NONE', #1557, #740, #4528, .T. ) ;
#2191 = FACE_OUTER_BOUND ( 'NONE', #2808, .T. ) ;
#2192 = ORIENTED_EDGE ( 'NONE', *, *, #4142, .F. ) ;
#2193 = CARTESIAN_POINT ( 'NONE',  ( -25.03239602037398015, 0.000000000000000000, 25.03239602037399436 ) ) ;
#2194 = CIRCLE ( 'NONE', #1514, 0.8999999999999998002 ) ;
#2195 = AXIS2_PLACEMENT_3D ( 'NONE', #3901, #2618, #3877 ) ;
#2196 = CYLINDRICAL_SURFACE ( 'NONE', #989, 0.8999999999999998002 ) ;
#2197 = AXIS2_PLACEMENT_3D ( 'NONE', #932, #2932, #3365 ) ;
#2198 = CARTESIAN_POINT ( 'NONE',  ( 25.00119832667878583, 5.000000000000000000, 14.99811776992029344 ) ) ;
#2199 = ADVANCED_FACE ( 'NONE', ( #628 ), #4014, .T. ) ;
#2200 = ORIENTED_EDGE ( 'NONE', *, *, #1436, .T. ) ;
#2201 = ORIENTED_EDGE ( 'NONE', *, *, #3115, .T. ) ;
#2202 = VERTEX_POINT ( 'NONE', #2657 ) ;
#2203 = AXIS2_PLACEMENT_3D ( 'NONE', #3884, #3116, #1418 ) ;
#2204 = CARTESIAN_POINT ( 'NONE',  ( 14.99811776992028989, 2.000000000000000000, -27.25119832667879294 ) ) ;
#2205 = CARTESIAN_POINT ( 'NONE',  ( 27.86082314512016822, 0.000000000000000000, -22.20396889562780629 ) ) ;
#2206 = DIRECTION ( 'NONE',  ( -1.000000000000000000, 0.000000000000000000, -0.000000000000000000 ) ) ;
#2207 = CARTESIAN_POINT ( 'NONE',  ( -25.00119832667881425, 5.000000000000000000, -14.99811776992030765 ) ) ;
#2208 = EDGE_LOOP ( 'NONE', ( #4536, #1090, #495, #2306, #687, #3078 ) ) ;
#2209 = VECTOR ( 'NONE', #3022, 1000.000000000000000 ) ;
#2210 = DIRECTION ( 'NONE',  ( 0.000000000000000000, 0.000000000000000000, -1.000000000000000000 ) ) ;
#2211 = EDGE_CURVE ( 'NONE', #1912, #442, #1417, .T. ) ;
#2212 = CARTESIAN_POINT ( 'NONE',  ( 14.99811776992027568, 2.000000000000000000, 25.00119832667880360 ) ) ;
#2213 = DIRECTION ( 'NONE',  ( -1.000000000000000000, 0.000000000000000000, 0.000000000000000000 ) ) ;
#2214 = VERTEX_POINT ( 'NONE', #548 ) ;
#2215 = DIRECTION ( 'NONE',  ( -0.000000000000000000, -1.000000000000000000, 0.000000000000000000 ) ) ;
#2216 = DIRECTION ( 'NONE',  ( 0.000000000000000000, 0.000000000000000000, 1.000000000000000000 ) ) ;
#2217 = VERTEX_POINT ( 'NONE', #1876 ) ;
#2218 = EDGE_CURVE ( 'NONE', #3466, #2239, #5222, .T. ) ;
#2219 = DIRECTION ( 'NONE',  ( 0.000000000000000000, 1.000000000000000000, -0.000000000000000000 ) ) ;
#2220 = EDGE_CURVE ( 'NONE', #3983, #35, #2881, .T. ) ;
#2221 = DIRECTION ( 'NONE',  ( 0.7071067811865477948, 0.000000000000000000, 0.7071067811865473507 ) ) ;
#2222 = DIRECTION ( 'NONE',  ( 0.000000000000000000, 1.000000000000000000, -0.000000000000000000 ) ) ;
#2223 = ORIENTED_EDGE ( 'NONE', *, *, #1098, .T. ) ;
#2224 = ORIENTED_EDGE ( 'NONE', *, *, #4749, .T. ) ;
#2225 = VERTEX_POINT ( 'NONE', #520 ) ;
#2226 = DIRECTION ( 'NONE',  ( -0.000000000000000000, -1.000000000000000000, -0.000000000000000000 ) ) ;
#2227 = LINE ( 'NONE', #3971, #370 ) ;
#2228 = ORIENTED_EDGE ( 'NONE', *, *, #5239, .T. ) ;
#2229 = DIRECTION ( 'NONE',  ( 1.000000000000000000, 0.000000000000000000, 0.000000000000000000 ) ) ;
#2230 = CARTESIAN_POINT ( 'NONE',  ( 0.000000000000000000, 5.000000000000000000, -7.000000000000000000 ) ) ;
#2231 = EDGE_LOOP ( 'NONE', ( #2689, #771, #1735, #3007 ) ) ;
#2232 = EDGE_LOOP ( 'NONE', ( #2949, #721 ) ) ;
#2233 = CARTESIAN_POINT ( 'NONE',  ( 25.00119832667878583, 2.500000000000000000, 13.24811776992030765 ) ) ;
#2234 = CARTESIAN_POINT ( 'NONE',  ( -16.10831744348037375, 2.000000000000000000, 24.06784864032195159 ) ) ;
#2235 = PLANE ( 'NONE',  #382 ) ;
#2236 = VERTEX_POINT ( 'NONE', #3508 ) ;
#2237 = FACE_OUTER_BOUND ( 'NONE', #4674, .T. ) ;
#2238 = DIRECTION ( 'NONE',  ( -0.000000000000000000, -1.000000000000000000, -0.000000000000000000 ) ) ;
#2239 = VERTEX_POINT ( 'NONE', #3093 ) ;
#2240 = DIRECTION ( 'NONE',  ( 0.000000000000000000, 1.000000000000000000, -0.000000000000000000 ) ) ;
#2241 = DIRECTION ( 'NONE',  ( 1.000000000000000000, 0.000000000000000000, 0.000000000000000000 ) ) ;
#2242 = DIRECTION ( 'NONE',  ( -0.9337070767568212970, 0.000000000000000000, -0.3580378399195142114 ) ) ;
#2243 = VERTEX_POINT ( 'NONE', #1792 ) ;
#2244 = EDGE_CURVE ( 'NONE', #1965, #2944, #2102, .T. ) ;
#2245 = EDGE_CURVE ( 'NONE', #4681, #1394, #1338, .T. ) ;
#2246 = VERTEX_POINT ( 'NONE', #2169 ) ;
#2247 = LINE ( 'NONE', #1425, #2709 ) ;
#2248 = CARTESIAN_POINT ( 'NONE',  ( 0.000000000000000000, -6.000000000000000000, 29.03239602037399791 ) ) ;
#2249 = DIRECTION ( 'NONE',  ( 1.000000000000000000, -0.000000000000000000, 0.000000000000000000 ) ) ;
#2250 = DIRECTION ( 'NONE',  ( 0.000000000000000000, 1.000000000000000000, -0.000000000000000000 ) ) ;
#2251 = APPROVAL_DATE_TIME ( #3435, #3882 ) ;
#2252 = ORIENTED_EDGE ( 'NONE', *, *, #2258, .T. ) ;
#2253 = EDGE_CURVE ( 'NONE', #568, #2152, #2795, .T. ) ;
#2254 = VERTEX_POINT ( 'NONE', #3473 ) ;
#2255 = CARTESIAN_POINT ( 'NONE',  ( 14.99811776992028989, 5.000000000000000000, -26.75119832667879294 ) ) ;
#2256 = AXIS2_PLACEMENT_3D ( 'NONE', #5049, #226, #1866 ) ;
#2257 = DIRECTION ( 'NONE',  ( 0.000000000000000000, 0.000000000000000000, -1.000000000000000000 ) ) ;
#2258 = EDGE_CURVE ( 'NONE', #4625, #3347, #3939, .T. ) ;
#2259 = EDGE_LOOP ( 'NONE', ( #3196, #5217 ) ) ;
#2260 = DIRECTION ( 'NONE',  ( -0.000000000000000000, -1.000000000000000000, -0.000000000000000000 ) ) ;
#2261 = ADVANCED_FACE ( 'NONE', ( #1389 ), #2196, .F. ) ;
#2262 = TOROIDAL_SURFACE ( 'NONE', #5296, 2.250000000000000000, 0.5000000000000000000 ) ;
#2263 = AXIS2_PLACEMENT_3D ( 'NONE', #2439, #1712, #2521 ) ;
#2264 = VERTEX_POINT ( 'NONE', #1035 ) ;
#2265 = CARTESIAN_POINT ( 'NONE',  ( -14.99811776992028634, 2.000000000000000000, 25.00119832667883202 ) ) ;
#2266 = CIRCLE ( 'NONE', #3576, 2.000000000000000000 ) ;
#2267 = AXIS2_PLACEMENT_3D ( 'NONE', #714, #3119, #2358 ) ;
#2268 = PLANE ( 'NONE',  #485 ) ;
#2269 = CARTESIAN_POINT ( 'NONE',  ( 0.000000000000000000, 2.000000000000000000, 20.00000000000002487 ) ) ;
#2270 = ORIENTED_EDGE ( 'NONE', *, *, #2393, .T. ) ;
#2271 = CIRCLE ( 'NONE', #981, 4.000000000000003553 ) ;
#2272 = AXIS2_PLACEMENT_3D ( 'NONE', #2783, #3214, #3244 ) ;
#2273 = CARTESIAN_POINT ( 'NONE',  ( 14.99811776992028989, 5.000000000000000000, -25.00119832667880360 ) ) ;
#2274 = CARTESIAN_POINT ( 'NONE',  ( 25.00119832667878583, 2.500000000000000000, 16.74811776992028101 ) ) ;
#2275 = AXIS2_PLACEMENT_3D ( 'NONE', #233, #2983, #4229 ) ;
#2276 = FACE_OUTER_BOUND ( 'NONE', #1531, .T. ) ;
#2277 = VERTEX_POINT ( 'NONE', #1013 ) ;
#2278 = VERTEX_POINT ( 'NONE', #3883 ) ;
#2279 = DIRECTION ( 'NONE',  ( 0.000000000000000000, 0.000000000000000000, -1.000000000000000000 ) ) ;
#2280 = CYLINDRICAL_SURFACE ( 'NONE', #198, 4.000000000000003553 ) ;
#2281 = AXIS2_PLACEMENT_3D ( 'NONE', #2067, #4535, #1230 ) ;
#2282 = LOCAL_TIME ( 11, 49, 44.00000000000000000, #1826 ) ;
#2283 = DIRECTION ( 'NONE',  ( 0.000000000000000000, 0.000000000000000000, -1.000000000000000000 ) ) ;
#2284 = EDGE_CURVE ( 'NONE', #2278, #4707, #4092, .T. ) ;
#2285 = CARTESIAN_POINT ( 'NONE',  ( 4.653479425772514944, -1.346520574227485278, 1.215506858075826813 ) ) ;
#2286 = CIRCLE ( 'NONE', #5321, 0.8999999999999998002 ) ;
#2287 = ORIENTED_EDGE ( 'NONE', *, *, #4652, .F. ) ;
#2288 = ORIENTED_EDGE ( 'NONE', *, *, #2920, .T. ) ;
#2289 = EDGE_CURVE ( 'NONE', #2277, #4151, #2685, .T. ) ;
#2290 = DIRECTION ( 'NONE',  ( -0.000000000000000000, -1.000000000000000000, -0.000000000000000000 ) ) ;
#2291 = AXIS2_PLACEMENT_3D ( 'NONE', #889, #1669, #4222 ) ;
#2292 = CARTESIAN_POINT ( 'NONE',  ( -23.90989491760780439, 0.000000000000000000, 10.11039691870840151 ) ) ;
#2293 = FACE_OUTER_BOUND ( 'NONE', #4480, .T. ) ;
#2294 = CIRCLE ( 'NONE', #4903, 2.000000000000000000 ) ;
#2295 = ORIENTED_EDGE ( 'NONE', *, *, #2564, .T. ) ;
#2296 = DIRECTION ( 'NONE',  ( 0.000000000000000000, 1.000000000000000000, -0.000000000000000000 ) ) ;
#2297 = CIRCLE ( 'NONE', #3079, 1.999999999999998224 ) ;
#2298 = EDGE_CURVE ( 'NONE', #3123, #4850, #2366, .T. ) ;
#2299 = AXIS2_PLACEMENT_3D ( 'NONE', #4570, #982, #3264 ) ;
#2300 = DIRECTION ( 'NONE',  ( 0.000000000000000000, 1.000000000000000000, -0.000000000000000000 ) ) ;
#2301 = ORIENTED_EDGE ( 'NONE', *, *, #2580, .T. ) ;
#2302 = CARTESIAN_POINT ( 'NONE',  ( 25.00119832667881425, 2.500000000000000000, -16.74811776992029522 ) ) ;
#2303 = CARTESIAN_POINT ( 'NONE',  ( -14.99811776992028634, 2.000000000000000000, 27.25119832667883557 ) ) ;
#2304 = CARTESIAN_POINT ( 'NONE',  ( 16.10831744348034533, 2.000000000000000000, -28.06784864032195514 ) ) ;
#2305 = VERTEX_POINT ( 'NONE', #931 ) ;
#2306 = ORIENTED_EDGE ( 'NONE', *, *, #4, .T. ) ;
#2307 = FACE_BOUND ( 'NONE', #997, .T. ) ;
#2308 = DIRECTION ( 'NONE',  ( -1.000000000000000000, 0.000000000000000000, 0.000000000000000000 ) ) ;
#2309 = ORIENTED_EDGE ( 'NONE', *, *, #579, .T. ) ;
#2310 = DIRECTION ( 'NONE',  ( 0.000000000000000000, 0.000000000000000000, 1.000000000000000000 ) ) ;
#2311 = CARTESIAN_POINT ( 'NONE',  ( -18.75606001926120925, 2.000000000000000000, -27.06609133436747072 ) ) ;
#2312 = EDGE_LOOP ( 'NONE', ( #5326, #3033, #1352, #5346, #4140, #219 ) ) ;
#2313 = ORIENTED_EDGE ( 'NONE', *, *, #2688, .T. ) ;
#2314 = LINE ( 'NONE', #3920, #796 ) ;
#2315 = CARTESIAN_POINT ( 'NONE',  ( -12.50000000000000000, -11.00000000000000000, 7.500000000000000888 ) ) ;
#2316 = DIRECTION ( 'NONE',  ( -1.000000000000000000, 0.000000000000000000, 0.000000000000000000 ) ) ;
#2317 = EDGE_CURVE ( 'NONE', #383, #3952, #3321, .T. ) ;
#2318 = ORIENTED_EDGE ( 'NONE', *, *, #3733, .F. ) ;
#2319 = CARTESIAN_POINT ( 'NONE',  ( 25.00119832667878583, 2.500000000000000000, 17.24811776992028101 ) ) ;
#2320 = EDGE_CURVE ( 'NONE', #4775, #1584, #3761, .T. ) ;
#2321 = FACE_BOUND ( 'NONE', #5304, .T. ) ;
#2322 = DIRECTION ( 'NONE',  ( 0.000000000000000000, 1.000000000000000000, -0.000000000000000000 ) ) ;
#2323 = EDGE_LOOP ( 'NONE', ( #539, #1564 ) ) ;
#2324 = EDGE_CURVE ( 'NONE', #3467, #967, #850, .T. ) ;
#2325 = DIRECTION ( 'NONE',  ( -0.000000000000000000, -1.000000000000000000, 0.000000000000000000 ) ) ;
#2326 = DIRECTION ( 'NONE',  ( 3.469446951953611033E-15, 0.000000000000000000, 1.000000000000000000 ) ) ;
#2327 = FACE_OUTER_BOUND ( 'NONE', #5184, .T. ) ;
#2328 = ORIENTED_EDGE ( 'NONE', *, *, #2728, .F. ) ;
#2329 = ADVANCED_FACE ( 'NONE', ( #4667 ), #256, .T. ) ;
#2330 = ORIENTED_EDGE ( 'NONE', *, *, #5105, .T. ) ;
#2331 = ORIENTED_EDGE ( 'NONE', *, *, #1007, .F. ) ;
#2332 = FACE_OUTER_BOUND ( 'NONE', #1686, .T. ) ;
#2333 = DIRECTION ( 'NONE',  ( 0.000000000000000000, 1.000000000000000000, -0.000000000000000000 ) ) ;
#2334 = DIRECTION ( 'NONE',  ( 0.000000000000000000, 0.000000000000000000, -1.000000000000000000 ) ) ;
#2335 = DIRECTION ( 'NONE',  ( -0.000000000000000000, -1.000000000000000000, 0.000000000000000000 ) ) ;
#2336 = ORIENTED_EDGE ( 'NONE', *, *, #3561, .T. ) ;
#2337 = VERTEX_POINT ( 'NONE', #706 ) ;
#2338 = LINE ( 'NONE', #4902, #4519 ) ;
#2339 = CARTESIAN_POINT ( 'NONE',  ( 20.07993130715161811, 0.000000000000000000, 28.56521268139020364 ) ) ;
#2340 = CARTESIAN_POINT ( 'NONE',  ( 15.59751454687766881, 0.000000000000000000, -5.980998276113258072 ) ) ;
#2341 = VERTEX_POINT ( 'NONE', #1897 ) ;
#2342 = DIRECTION ( 'NONE',  ( 0.000000000000000000, 0.000000000000000000, 1.000000000000000000 ) ) ;
#2343 = ADVANCED_FACE ( 'NONE', ( #5199 ), #1419, .F. ) ;
#2344 = FACE_OUTER_BOUND ( 'NONE', #4437, .T. ) ;
#2345 = AXIS2_PLACEMENT_3D ( 'NONE', #2622, #2322, #1445 ) ;
#2346 = DIRECTION ( 'NONE',  ( -0.000000000000000000, 1.000000000000000000, -0.000000000000000000 ) ) ;
#2347 = ORIENTED_EDGE ( 'NONE', *, *, #963, .T. ) ;
#2348 = EDGE_CURVE ( 'NONE', #100, #4327, #3144, .T. ) ;
#2349 = VECTOR ( 'NONE', #4814, 1000.000000000000000 ) ;
#2350 = DIRECTION ( 'NONE',  ( 0.000000000000000000, 1.000000000000000000, -0.000000000000000000 ) ) ;
#2351 = CIRCLE ( 'NONE', #2263, 4.000000000000003553 ) ;
#2352 = DIRECTION ( 'NONE',  ( -0.000000000000000000, -1.000000000000000000, -0.000000000000000000 ) ) ;
#2353 = CARTESIAN_POINT ( 'NONE',  ( -28.56521268139021430, 0.000000000000000000, 20.07993130715164654 ) ) ;
#2354 = ORIENTED_EDGE ( 'NONE', *, *, #3280, .F. ) ;
#2355 = AXIS2_PLACEMENT_3D ( 'NONE', #4319, #1074, #2229 ) ;
#2356 = AXIS2_PLACEMENT_3D ( 'NONE', #610, #4317, #3514 ) ;
#2357 = ORIENTED_EDGE ( 'NONE', *, *, #2407, .F. ) ;
#2358 = DIRECTION ( 'NONE',  ( 0.000000000000000000, 0.000000000000000000, -1.000000000000000000 ) ) ;
#2359 = FACE_BOUND ( 'NONE', #2412, .T. ) ;
#2360 = VERTEX_POINT ( 'NONE', #4804 ) ;
#2361 = CARTESIAN_POINT ( 'NONE',  ( 29.03239602037398015, -6.000000000000000000, 4.150000000000000355 ) ) ;
#2362 = VECTOR ( 'NONE', #1186, 1000.000000000000000 ) ;
#2363 = EDGE_CURVE ( 'NONE', #4601, #3536, #1497, .T. ) ;
#2364 = DIRECTION ( 'NONE',  ( -0.000000000000000000, 0.000000000000000000, 1.000000000000000000 ) ) ;
#2365 = EDGE_LOOP ( 'NONE', ( #2662, #2799, #836, #4567 ) ) ;
#2366 = CIRCLE ( 'NONE', #2275, 4.150000000000000355 ) ;
#2367 = CIRCLE ( 'NONE', #2624, 2.500000000000000444 ) ;
#2368 = ORIENTED_EDGE ( 'NONE', *, *, #2506, .F. ) ;
#2369 = DIRECTION ( 'NONE',  ( 0.000000000000000000, 1.000000000000000000, 0.000000000000000000 ) ) ;
#2370 = CYLINDRICAL_SURFACE ( 'NONE', #4726, 0.9000000000000014655 ) ;
#2371 = CARTESIAN_POINT ( 'NONE',  ( -14.99811776992028634, 5.000000000000000000, 25.90119832667883415 ) ) ;
#2372 = ORIENTED_EDGE ( 'NONE', *, *, #4649, .F. ) ;
#2373 = VECTOR ( 'NONE', #4019, 1000.000000000000000 ) ;
#2374 = DIRECTION ( 'NONE',  ( 0.000000000000000000, 0.000000000000000000, 1.000000000000000000 ) ) ;
#2375 = CARTESIAN_POINT ( 'NONE',  ( 0.000000000000000000, 2.000000000000000000, 0.000000000000000000 ) ) ;
#2376 = CARTESIAN_POINT ( 'NONE',  ( 5.082284216461515156E-16, 5.000000000000000000, 4.150000000000000355 ) ) ;
#2377 = CIRCLE ( 'NONE', #3864, 2.000000000000000000 ) ;
#2378 = CARTESIAN_POINT ( 'NONE',  ( 14.99811776992027568, 5.000000000000000000, 25.00119832667880360 ) ) ;
#2379 = DIRECTION ( 'NONE',  ( -0.000000000000000000, -1.000000000000000000, -0.000000000000000000 ) ) ;
#2380 = ADVANCED_FACE ( 'NONE', ( #658 ), #1844, .F. ) ;
#2381 = AXIS2_PLACEMENT_3D ( 'NONE', #482, #78, #1299 ) ;
#2382 = EDGE_CURVE ( 'NONE', #2409, #3478, #2887, .T. ) ;
#2383 = LINE ( 'NONE', #1901, #4703 ) ;
#2384 = DIRECTION ( 'NONE',  ( 0.000000000000000000, 1.000000000000000000, -0.000000000000000000 ) ) ;
#2385 = ORIENTED_EDGE ( 'NONE', *, *, #845, .T. ) ;
#2386 = DIRECTION ( 'NONE',  ( -0.000000000000000000, 0.000000000000000000, 1.000000000000000000 ) ) ;
#2387 = CARTESIAN_POINT ( 'NONE',  ( 2.934493141924172210, -3.065506858075827790, 2.934493141924172210 ) ) ;
#2388 = ORIENTED_EDGE ( 'NONE', *, *, #1623, .T. ) ;
#2389 = ORIENTED_EDGE ( 'NONE', *, *, #530, .F. ) ;
#2390 = CYLINDRICAL_SURFACE ( 'NONE', #540, 2.000000000000000000 ) ;
#2391 = DIRECTION ( 'NONE',  ( 0.000000000000000000, 1.000000000000000000, -0.000000000000000000 ) ) ;
#2392 = DIRECTION ( 'NONE',  ( -0.9337070767568212970, 0.000000000000000000, 0.3580378399195142114 ) ) ;
#2393 = EDGE_CURVE ( 'NONE', #859, #1637, #302, .T. ) ;
#2394 = ORIENTED_EDGE ( 'NONE', *, *, #4473, .F. ) ;
#2395 = PLANE ( 'NONE',  #895 ) ;
#2396 = CARTESIAN_POINT ( 'NONE',  ( -23.90989491760779728, 2.000000000000000000, -12.11039691870838553 ) ) ;
#2397 = CARTESIAN_POINT ( 'NONE',  ( -4.653479425772514944, -1.346520574227485056, -1.215506858075828367 ) ) ;
#2398 = VERTEX_POINT ( 'NONE', #3990 ) ;
#2399 = CARTESIAN_POINT ( 'NONE',  ( -25.00119832667880004, 0.000000000000000000, 14.09811776992030907 ) ) ;
#2400 = DIRECTION ( 'NONE',  ( 0.000000000000000000, 0.000000000000000000, -1.000000000000000000 ) ) ;
#2401 = VERTEX_POINT ( 'NONE', #1060 ) ;
#2402 = FACE_BOUND ( 'NONE', #1266, .T. ) ;
#2403 = DIRECTION ( 'NONE',  ( -0.3580378399195150996, 0.000000000000000000, 0.9337070767568208529 ) ) ;
#2404 = ORIENTED_EDGE ( 'NONE', *, *, #3954, .F. ) ;
#2405 = LINE ( 'NONE', #3621, #1415 ) ;
#2406 = CARTESIAN_POINT ( 'NONE',  ( -23.96254615851250946, 2.000000000000000000, -12.10970376029903939 ) ) ;
#2407 = EDGE_CURVE ( 'NONE', #3706, #2305, #2715, .T. ) ;
#2408 = EDGE_CURVE ( 'NONE', #1617, #3160, #1123, .T. ) ;
#2409 = VERTEX_POINT ( 'NONE', #2302 ) ;
#2410 = VERTEX_POINT ( 'NONE', #4656 ) ;
#2411 = ORIENTED_EDGE ( 'NONE', *, *, #2897, .T. ) ;
#2412 = EDGE_LOOP ( 'NONE', ( #474, #3314 ) ) ;
#2413 = DIRECTION ( 'NONE',  ( 0.000000000000000000, 1.000000000000000000, 0.000000000000000000 ) ) ;
#2414 = DIRECTION ( 'NONE',  ( -0.000000000000000000, 1.000000000000000000, -0.000000000000000000 ) ) ;
#2415 = EDGE_CURVE ( 'NONE', #2079, #500, #3349, .T. ) ;
#2416 = CYLINDRICAL_SURFACE ( 'NONE', #1172, 2.500000000000002220 ) ;
#2417 = ORIENTED_EDGE ( 'NONE', *, *, #2551, .F. ) ;
#2418 = CARTESIAN_POINT ( 'NONE',  ( 25.00119832667878583, 5.000000000000000000, 14.99811776992029344 ) ) ;
#2419 = ADVANCED_FACE ( 'NONE', ( #2994, #1298 ), #1801, .F. ) ;
#2420 = EDGE_CURVE ( 'NONE', #2202, #3386, #4165, .T. ) ;
#2421 = DIRECTION ( 'NONE',  ( -0.000000000000000000, -1.000000000000000000, -0.000000000000000000 ) ) ;
#2422 = CARTESIAN_POINT ( 'NONE',  ( 5.980998276113258960, 0.000000000000000000, 15.59751454687771854 ) ) ;
#2423 = ORIENTED_EDGE ( 'NONE', *, *, #4243, .F. ) ;
#2424 = AXIS2_PLACEMENT_3D ( 'NONE', #778, #2017, #2374 ) ;
#2425 = DIRECTION ( 'NONE',  ( -0.000000000000000000, -1.000000000000000000, 0.000000000000000000 ) ) ;
#2426 = CARTESIAN_POINT ( 'NONE',  ( 14.99811776992027568, 5.000000000000000000, 25.00119832667880360 ) ) ;
#2427 = ORIENTED_EDGE ( 'NONE', *, *, #4122, .T. ) ;
#2428 = VECTOR ( 'NONE', #4220, 1000.000000000000000 ) ;
#2429 = VERTEX_POINT ( 'NONE', #2604 ) ;
#2430 = CIRCLE ( 'NONE', #4258, 4.150000000000000355 ) ;
#2431 = CYLINDRICAL_SURFACE ( 'NONE', #3755, 0.8999999999999998002 ) ;
#2432 = DIRECTION ( 'NONE',  ( 0.000000000000000000, 1.000000000000000000, 0.000000000000000000 ) ) ;
#2433 = LINE ( 'NONE', #3282, #1511 ) ;
#2434 = DIRECTION ( 'NONE',  ( 0.000000000000000000, 1.000000000000000000, 0.000000000000000000 ) ) ;
#2435 = AXIS2_PLACEMENT_3D ( 'NONE', #991, #2206, #2666 ) ;
#2436 = DESIGN_CONTEXT ( 'detailed design', #5120, 'design' ) ;
#2437 = EDGE_LOOP ( 'NONE', ( #4673, #4648, #1237, #4211 ) ) ;
#2438 = EDGE_LOOP ( 'NONE', ( #1762, #2201, #3902, #3910 ) ) ;
#2439 = CARTESIAN_POINT ( 'NONE',  ( 25.03239602037398015, 2.000000000000000000, 25.03239602037399436 ) ) ;
#2440 = ORIENTED_EDGE ( 'NONE', *, *, #3224, .T. ) ;
#2441 = AXIS2_PLACEMENT_3D ( 'NONE', #4070, #38, #2066 ) ;
#2442 = CARTESIAN_POINT ( 'NONE',  ( -25.00119832667880004, 5.000000000000000000, 14.09811776992030907 ) ) ;
#2443 = ADVANCED_FACE ( 'NONE', ( #941 ), #1673, .F. ) ;
#2444 = LINE ( 'NONE', #4187, #922 ) ;
#2445 = CIRCLE ( 'NONE', #4097, 1.750000000000001554 ) ;
#2446 = AXIS2_PLACEMENT_3D ( 'NONE', #1671, #2537, #430 ) ;
#2447 = DIRECTION ( 'NONE',  ( 0.000000000000000000, -1.000000000000000000, 0.000000000000000000 ) ) ;
#2448 = EDGE_CURVE ( 'NONE', #2494, #3397, #77, .T. ) ;
#2449 = ORIENTED_EDGE ( 'NONE', *, *, #2981, .T. ) ;
#2450 = VERTEX_POINT ( 'NONE', #2133 ) ;
#2451 = FACE_OUTER_BOUND ( 'NONE', #2365, .T. ) ;
#2452 = AXIS2_PLACEMENT_3D ( 'NONE', #1898, #170, #3966 ) ;
#2453 = CC_DESIGN_APPROVAL ( #4846, ( #765 ) ) ;
#2454 = FACE_OUTER_BOUND ( 'NONE', #1509, .T. ) ;
#2455 = LINE ( 'NONE', #5339, #4273 ) ;
#2456 = CIRCLE ( 'NONE', #137, 1.999999999999998224 ) ;
#2457 = ORIENTED_EDGE ( 'NONE', *, *, #2683, .T. ) ;
#2458 = AXIS2_PLACEMENT_3D ( 'NONE', #3443, #5114, #228 ) ;
#2459 = DIRECTION ( 'NONE',  ( 0.000000000000000000, 0.000000000000000000, 1.000000000000000000 ) ) ;
#2460 = LINE ( 'NONE', #4916, #3871 ) ;
#2461 = ORIENTED_EDGE ( 'NONE', *, *, #1860, .T. ) ;
#2462 = VERTEX_POINT ( 'NONE', #2156 ) ;
#2463 = AXIS2_PLACEMENT_3D ( 'NONE', #1404, #4711, #1001 ) ;
#2464 = DIRECTION ( 'NONE',  ( 0.000000000000000000, 1.000000000000000000, -0.000000000000000000 ) ) ;
#2465 = DIRECTION ( 'NONE',  ( 0.000000000000000000, -0.000000000000000000, 1.000000000000000000 ) ) ;
#2466 = FACE_OUTER_BOUND ( 'NONE', #694, .T. ) ;
#2467 = CARTESIAN_POINT ( 'NONE',  ( -25.00119832667881425, 2.500000000000000000, -12.74811776992030765 ) ) ;
#2468 = AXIS2_PLACEMENT_3D ( 'NONE', #1224, #739, #1996 ) ;
#2469 =( BOUNDED_CURVE ( )  B_SPLINE_CURVE ( 3, ( #1972, #304, #1989, #332 ),
 .UNSPECIFIED., .F., .T. ) 
 B_SPLINE_CURVE_WITH_KNOTS ( ( 4, 4 ),
 ( 0.000000000000000000, 0.7853981633974483900 ),
 .UNSPECIFIED. ) 
 CURVE ( )  GEOMETRIC_REPRESENTATION_ITEM ( )  RATIONAL_B_SPLINE_CURVE ( ( 1.000000000000000000, 0.9492530216741911220, 0.9492530216741911220, 1.000000000000000000 ) ) 
 REPRESENTATION_ITEM ( '' )  );
#2470 = VERTEX_POINT ( 'NONE', #4218 ) ;
#2471 = ORIENTED_EDGE ( 'NONE', *, *, #2766, .T. ) ;
#2472 = CARTESIAN_POINT ( 'NONE',  ( 29.03239602037398015, -6.000000000000000000, 0.000000000000000000 ) ) ;
#2473 = ORIENTED_EDGE ( 'NONE', *, *, #3625, .F. ) ;
#2474 = FACE_OUTER_BOUND ( 'NONE', #3293, .T. ) ;
#2475 = DIRECTION ( 'NONE',  ( -8.673617379884027583E-16, 0.000000000000000000, 1.000000000000000000 ) ) ;
#2476 = EDGE_LOOP ( 'NONE', ( #1112, #1376, #2957, #172 ) ) ;
#2477 = CARTESIAN_POINT ( 'NONE',  ( 23.96254615851250946, 0.000000000000000000, -12.10970376029904116 ) ) ;
#2478 = DIRECTION ( 'NONE',  ( -0.000000000000000000, -1.000000000000000000, -0.000000000000000000 ) ) ;
#2479 = CARTESIAN_POINT ( 'NONE',  ( -2.934493141924172210, -8.934493141924171766, -2.934493141924172210 ) ) ;
#2480 = EDGE_CURVE ( 'NONE', #162, #4736, #5136, .T. ) ;
#2481 = EDGE_CURVE ( 'NONE', #1912, #2360, #3670, .T. ) ;
#2482 = ORIENTED_EDGE ( 'NONE', *, *, #1069, .F. ) ;
#2483 = ORIENTED_EDGE ( 'NONE', *, *, #2511, .T. ) ;
#2484 = CARTESIAN_POINT ( 'NONE',  ( 14.99811776992027568, 5.000000000000000000, 25.00119832667880360 ) ) ;
#2485 = LINE ( 'NONE', #4666, #1325 ) ;
#2486 = EDGE_CURVE ( 'NONE', #2851, #3407, #1777, .T. ) ;
#2487 = DIRECTION ( 'NONE',  ( -0.000000000000000000, 1.000000000000000000, -0.000000000000000000 ) ) ;
#2488 = DIRECTION ( 'NONE',  ( 0.000000000000000000, 0.000000000000000000, 1.000000000000000000 ) ) ;
#2489 = DIRECTION ( 'NONE',  ( 0.000000000000000000, 1.000000000000000000, -0.000000000000000000 ) ) ;
#2490 = CARTESIAN_POINT ( 'NONE',  ( 2.934493141924172210, -3.065506858075827790, -2.934493141924172210 ) ) ;
#2491 = ADVANCED_FACE ( 'NONE', ( #3434 ), #1323, .F. ) ;
#2492 = VERTEX_POINT ( 'NONE', #4677 ) ;
#2493 = ORIENTED_EDGE ( 'NONE', *, *, #250, .F. ) ;
#2494 = VERTEX_POINT ( 'NONE', #1398 ) ;
#2495 = CARTESIAN_POINT ( 'NONE',  ( 12.10970376029903584, 0.000000000000000000, -23.96254615851253433 ) ) ;
#2496 = VERTEX_POINT ( 'NONE', #3793 ) ;
#2497 = CARTESIAN_POINT ( 'NONE',  ( 5.980998276113258960, 2.000000000000000000, -15.59751454687771854 ) ) ;
#2498 = DIRECTION ( 'NONE',  ( 0.000000000000000000, 0.000000000000000000, 1.000000000000000000 ) ) ;
#2499 = CARTESIAN_POINT ( 'NONE',  ( -16.10831744348037375, 0.000000000000000000, 24.06784864032195159 ) ) ;
#2500 = CALENDAR_DATE ( 2026, 18, 2 ) ;
#2501 = EDGE_LOOP ( 'NONE', ( #5006, #4164, #1848, #5287, #1657, #3696 ) ) ;
#2502 = FACE_OUTER_BOUND ( 'NONE', #1245, .T. ) ;
#2503 = FACE_OUTER_BOUND ( 'NONE', #1855, .T. ) ;
#2504 = LINE ( 'NONE', #5068, #4445 ) ;
#2505 = ORIENTED_EDGE ( 'NONE', *, *, #4584, .F. ) ;
#2506 = EDGE_CURVE ( 'NONE', #4736, #162, #2012, .T. ) ;
#2507 = DIRECTION ( 'NONE',  ( 0.000000000000000000, 0.000000000000000000, -1.000000000000000000 ) ) ;
#2508 = DIRECTION ( 'NONE',  ( -0.000000000000000000, 1.000000000000000000, 0.000000000000000000 ) ) ;
#2509 = ORIENTED_EDGE ( 'NONE', *, *, #3148, .F. ) ;
#2510 = VERTEX_POINT ( 'NONE', #447 ) ;
#2511 = EDGE_CURVE ( 'NONE', #2049, #2137, #2964, .T. ) ;
#2512 = CARTESIAN_POINT ( 'NONE',  ( 7.500000000000000000, 0.000000000000000000, 7.500000000000000888 ) ) ;
#2513 = AXIS2_PLACEMENT_3D ( 'NONE', #2319, #1054, #5225 ) ;
#2514 = DIRECTION ( 'NONE',  ( 0.000000000000000000, 1.000000000000000000, -0.000000000000000000 ) ) ;
#2515 = CIRCLE ( 'NONE', #4957, 1.749999999999999778 ) ;
#2516 = DIRECTION ( 'NONE',  ( 0.000000000000000000, 0.000000000000000000, 1.000000000000000000 ) ) ;
#2517 = AXIS2_PLACEMENT_3D ( 'NONE', #2139, #945, #2586 ) ;
#2518 = AXIS2_PLACEMENT_3D ( 'NONE', #2934, #4153, #4593 ) ;
#2519 = ORIENTED_EDGE ( 'NONE', *, *, #4880, .F. ) ;
#2520 = VERTEX_POINT ( 'NONE', #3372 ) ;
#2521 = DIRECTION ( 'NONE',  ( 0.000000000000000000, 0.000000000000000000, 1.000000000000000000 ) ) ;
#2522 = DIRECTION ( 'NONE',  ( 0.000000000000000000, 1.000000000000000000, -0.000000000000000000 ) ) ;
#2523 = LINE ( 'NONE', #4630, #546 ) ;
#2524 = EDGE_CURVE ( 'NONE', #107, #3153, #3410, .T. ) ;
#2525 = CIRCLE ( 'NONE', #4264, 1.749999999999986011 ) ;
#2526 = CIRCLE ( 'NONE', #2518, 5.000000000000000000 ) ;
#2527 = DIRECTION ( 'NONE',  ( 0.9337070767568212970, 0.000000000000000000, -0.3580378399195142114 ) ) ;
#2528 = CARTESIAN_POINT ( 'NONE',  ( -14.00000000000000178, -1.000000000000000000, 16.50000000000001421 ) ) ;
#2529 =( NAMED_UNIT ( * ) PLANE_ANGLE_UNIT ( ) SI_UNIT ( $, .RADIAN. ) );
#2530 = CIRCLE ( 'NONE', #120, 0.5000000000000004441 ) ;
#2531 = VECTOR ( 'NONE', #154, 1000.000000000000000 ) ;
#2532 = ORIENTED_EDGE ( 'NONE', *, *, #814, .T. ) ;
#2533 = DIRECTION ( 'NONE',  ( 0.000000000000000000, 1.000000000000000000, 0.000000000000000000 ) ) ;
#2534 =( BOUNDED_CURVE ( )  B_SPLINE_CURVE ( 3, ( #526, #2154, #2959, #3813 ),
 .UNSPECIFIED., .F., .T. ) 
 B_SPLINE_CURVE_WITH_KNOTS ( ( 4, 4 ),
 ( 2.356194490192344837, 3.926990816987241395 ),
 .UNSPECIFIED. ) 
 CURVE ( )  GEOMETRIC_REPRESENTATION_ITEM ( )  RATIONAL_B_SPLINE_CURVE ( ( 1.000000000000000000, 0.8047378541243649375, 0.8047378541243649375, 1.000000000000000000 ) ) 
 REPRESENTATION_ITEM ( '' )  );
#2535 = AXIS2_PLACEMENT_3D ( 'NONE', #2572, #5077, #3860 ) ;
#2536 = FACE_OUTER_BOUND ( 'NONE', #1630, .T. ) ;
#2537 = DIRECTION ( 'NONE',  ( 0.000000000000000000, 1.000000000000000000, 0.000000000000000000 ) ) ;
#2538 = VERTEX_POINT ( 'NONE', #98 ) ;
#2539 = CIRCLE ( 'NONE', #1256, 0.8999999999999998002 ) ;
#2540 = APPROVAL_PERSON_ORGANIZATION ( #3351, #3882, #3323 ) ;
#2541 = LINE ( 'NONE', #2568, #1853 ) ;
#2542 = CIRCLE ( 'NONE', #4543, 2.250000000000000444 ) ;
#2543 = CARTESIAN_POINT ( 'NONE',  ( 14.99811776992028989, 5.000000000000000000, -25.90119832667880573 ) ) ;
#2544 = EDGE_LOOP ( 'NONE', ( #3414, #3855, #4558, #1203 ) ) ;
#2545 = CYLINDRICAL_SURFACE ( 'NONE', #536, 1.999999999999998224 ) ;
#2546 = CIRCLE ( 'NONE', #1005, 2.500000000000002220 ) ;
#2547 = CARTESIAN_POINT ( 'NONE',  ( 1.115358573568465461, -1.850000000000001199, -4.149999999999999467 ) ) ;
#2548 = CARTESIAN_POINT ( 'NONE',  ( 0.000000000000000000, 5.000000000000000000, -7.000000000000000000 ) ) ;
#2549 = ORIENTED_EDGE ( 'NONE', *, *, #963, .F. ) ;
#2550 = VECTOR ( 'NONE', #4077, 1000.000000000000000 ) ;
#2551 = EDGE_CURVE ( 'NONE', #4873, #3477, #3840, .T. ) ;
#2552 = ORIENTED_EDGE ( 'NONE', *, *, #2659, .T. ) ;
#2553 = ORIENTED_EDGE ( 'NONE', *, *, #1768, .T. ) ;
#2554 = AXIS2_PLACEMENT_3D ( 'NONE', #4372, #636, #3100 ) ;
#2555 = FACE_OUTER_BOUND ( 'NONE', #3741, .T. ) ;
#2556 = LINE ( 'NONE', #3370, #1867 ) ;
#2557 = AXIS2_PLACEMENT_3D ( 'NONE', #1321, #4236, #877 ) ;
#2558 = AXIS2_PLACEMENT_3D ( 'NONE', #401, #2886, #830 ) ;
#2559 = DIRECTION ( 'NONE',  ( -0.000000000000000000, -1.000000000000000000, -0.000000000000000000 ) ) ;
#2560 = APPLICATION_PROTOCOL_DEFINITION ( 'international standard', 'config_control_design', 1994, #5120 ) ;
#2561 = VERTEX_POINT ( 'NONE', #480 ) ;
#2562 = CARTESIAN_POINT ( 'NONE',  ( -22.04248076409415802, 2.000000000000000000, 10.82647259854743105 ) ) ;
#2563 = CYLINDRICAL_SURFACE ( 'NONE', #2026, 2.499999999999998668 ) ;
#2564 = EDGE_CURVE ( 'NONE', #2360, #5293, #4186, .T. ) ;
#2565 = LINE ( 'NONE', #2110, #1344 ) ;
#2566 = PRODUCT ( '\X2\673a67b675358def677f\X0\', '\X2\673a67b675358def677f\X0\', '', ( #4511 ) ) ;
#2567 = ORIENTED_EDGE ( 'NONE', *, *, #5303, .T. ) ;
#2568 = CARTESIAN_POINT ( 'NONE',  ( 27.06609133436744941, 2.000000000000000000, -18.75606001926122346 ) ) ;
#2569 = CARTESIAN_POINT ( 'NONE',  ( 19.99999999999999289, 2.000000000000000000, -5.500000000000018652 ) ) ;
#2570 = ORIENTED_EDGE ( 'NONE', *, *, #3380, .T. ) ;
#2571 = DIRECTION ( 'NONE',  ( -0.000000000000000000, -1.000000000000000000, 0.000000000000000000 ) ) ;
#2572 = CARTESIAN_POINT ( 'NONE',  ( 14.99811776992028989, 0.000000000000000000, -25.00119832667880360 ) ) ;
#2573 = DIRECTION ( 'NONE',  ( 0.000000000000000000, 1.000000000000000000, 0.000000000000000000 ) ) ;
#2574 = ORIENTED_EDGE ( 'NONE', *, *, #589, .F. ) ;
#2575 = ORIENTED_EDGE ( 'NONE', *, *, #964, .F. ) ;
#2576 = ORIENTED_EDGE ( 'NONE', *, *, #1563, .T. ) ;
#2577 = DIRECTION ( 'NONE',  ( -1.000000000000000000, 0.000000000000000000, 0.000000000000000000 ) ) ;
#2578 = FACE_OUTER_BOUND ( 'NONE', #3897, .T. ) ;
#2579 = LINE ( 'NONE', #479, #30 ) ;
#2580 = EDGE_CURVE ( 'NONE', #2462, #3407, #1739, .T. ) ;
#2581 = DIRECTION ( 'NONE',  ( 0.000000000000000000, 0.000000000000000000, 1.000000000000000000 ) ) ;
#2582 = CALENDAR_DATE ( 2026, 18, 2 ) ;
#2583 = ORIENTED_EDGE ( 'NONE', *, *, #5173, .F. ) ;
#2584 = EDGE_CURVE ( 'NONE', #3347, #3298, #2135, .T. ) ;
#2585 = ORIENTED_EDGE ( 'NONE', *, *, #2850, .F. ) ;
#2586 = DIRECTION ( 'NONE',  ( 0.000000000000000000, 0.000000000000000000, 1.000000000000000000 ) ) ;
#2587 = EDGE_CURVE ( 'NONE', #2137, #1918, #2194, .T. ) ;
#2588 = DIRECTION ( 'NONE',  ( 0.000000000000000000, 1.000000000000000000, -0.000000000000000000 ) ) ;
#2589 = LINE ( 'NONE', #5040, #3059 ) ;
#2590 = EDGE_LOOP ( 'NONE', ( #1734, #3080, #3383, #4357, #2252, #898, #944 ) ) ;
#2591 = EDGE_CURVE ( 'NONE', #319, #1521, #4533, .T. ) ;
#2592 = EDGE_CURVE ( 'NONE', #2188, #859, #5133, .T. ) ;
#2593 = CARTESIAN_POINT ( 'NONE',  ( 7.500000000000000000, 0.000000000000000000, -13.50000000000000178 ) ) ;
#2594 = VERTEX_POINT ( 'NONE', #5188 ) ;
#2595 = DIRECTION ( 'NONE',  ( -0.000000000000000000, -1.000000000000000000, -0.000000000000000000 ) ) ;
#2596 = EDGE_LOOP ( 'NONE', ( #4293, #1709, #5271, #2583 ) ) ;
#2597 = DIRECTION ( 'NONE',  ( 0.000000000000000000, -1.000000000000000000, 0.000000000000000000 ) ) ;
#2598 = CARTESIAN_POINT ( 'NONE',  ( 7.500000000000000000, -12.00000000000000000, 11.50000000000000000 ) ) ;
#2599 = EDGE_CURVE ( 'NONE', #3298, #4664, #4483, .T. ) ;
#2600 = ORIENTED_EDGE ( 'NONE', *, *, #3651, .F. ) ;
#2601 = DIRECTION ( 'NONE',  ( 1.000000000000000000, 0.000000000000000000, 1.224646799147353207E-16 ) ) ;
#2602 = CARTESIAN_POINT ( 'NONE',  ( 9.184850993605147944E-16, 2.000000000000000000, -7.500000000000000000 ) ) ;
#2603 = FACE_OUTER_BOUND ( 'NONE', #3429, .T. ) ;
#2604 = CARTESIAN_POINT ( 'NONE',  ( -14.99811776992028989, 2.000000000000000000, -27.25119832667883557 ) ) ;
#2605 = AXIS2_PLACEMENT_3D ( 'NONE', #5195, #2296, #1892 ) ;
#2606 = AXIS2_PLACEMENT_3D ( 'NONE', #3506, #4689, #1095 ) ;
#2607 = EDGE_CURVE ( 'NONE', #202, #5353, #4183, .T. ) ;
#2608 = VERTEX_POINT ( 'NONE', #1077 ) ;
#2609 = EDGE_LOOP ( 'NONE', ( #4583, #2057, #3976, #4573 ) ) ;
#2610 = VECTOR ( 'NONE', #2076, 1000.000000000000000 ) ;
#2611 = PLANE ( 'NONE',  #3040 ) ;
#2612 = ADVANCED_FACE ( 'NONE', ( #3517 ), #4376, .T. ) ;
#2613 = DIRECTION ( 'NONE',  ( -1.000000000000000000, 0.000000000000000000, 0.000000000000000000 ) ) ;
#2614 = ORIENTED_EDGE ( 'NONE', *, *, #2245, .F. ) ;
#2615 = AXIS2_PLACEMENT_3D ( 'NONE', #2960, #504, #1238 ) ;
#2617 = ORIENTED_EDGE ( 'NONE', *, *, #3187, .T. ) ;
#2616 = CIRCLE ( 'NONE', #1504, 4.150000000000000355 ) ;
#2618 = DIRECTION ( 'NONE',  ( -0.000000000000000000, -1.000000000000000000, 0.000000000000000000 ) ) ;
#2619 = EDGE_CURVE ( 'NONE', #4100, #3386, #266, .T. ) ;
#2620 = ORIENTED_EDGE ( 'NONE', *, *, #2730, .F. ) ;
#2621 = DIRECTION ( 'NONE',  ( 0.000000000000000000, 1.000000000000000000, -0.000000000000000000 ) ) ;
#2622 = CARTESIAN_POINT ( 'NONE',  ( -24.06784864032193738, 2.000000000000000000, -16.10831744348034889 ) ) ;
#2623 = VECTOR ( 'NONE', #2559, 1000.000000000000000 ) ;
#2624 = AXIS2_PLACEMENT_3D ( 'NONE', #4911, #4853, #4411 ) ;
#2625 = ORIENTED_EDGE ( 'NONE', *, *, #2668, .T. ) ;
#2626 = CARTESIAN_POINT ( 'NONE',  ( 25.00119832667881425, 0.000000000000000000, -14.99811776992029344 ) ) ;
#2627 = AXIS2_PLACEMENT_3D ( 'NONE', #3204, #788, #4099 ) ;
#2628 = AXIS2_PLACEMENT_3D ( 'NONE', #4906, #3209, #3680 ) ;
#2629 = CARTESIAN_POINT ( 'NONE',  ( -25.00119832667881425, 2.000000000000000000, -17.24811776992030943 ) ) ;
#2630 = DIRECTION ( 'NONE',  ( 0.000000000000000000, 0.000000000000000000, 1.000000000000000000 ) ) ;
#2631 = VERTEX_POINT ( 'NONE', #5167 ) ;
#2632 = VERTEX_POINT ( 'NONE', #289 ) ;
#2633 = ORIENTED_EDGE ( 'NONE', *, *, #3227, .F. ) ;
#2634 = AXIS2_PLACEMENT_3D ( 'NONE', #434, #4641, #2459 ) ;
#2635 = CYLINDRICAL_SURFACE ( 'NONE', #3839, 4.000000000000003553 ) ;
#2636 = DIRECTION ( 'NONE',  ( -0.000000000000000000, -1.000000000000000000, -0.000000000000000000 ) ) ;
#2637 = VERTEX_POINT ( 'NONE', #1457 ) ;
#2638 = FACE_OUTER_BOUND ( 'NONE', #620, .T. ) ;
#2639 = CARTESIAN_POINT ( 'NONE',  ( -14.99811776992028634, 5.000000000000000000, 25.00119832667883202 ) ) ;
#2640 = AXIS2_PLACEMENT_3D ( 'NONE', #3684, #1566, #5338 ) ;
#2641 = ORIENTED_EDGE ( 'NONE', *, *, #42, .T. ) ;
#2642 = ORIENTED_EDGE ( 'NONE', *, *, #1923, .T. ) ;
#2643 = ORIENTED_EDGE ( 'NONE', *, *, #1371, .T. ) ;
#2644 = VECTOR ( 'NONE', #1486, 1000.000000000000000 ) ;
#2645 = FACE_OUTER_BOUND ( 'NONE', #5030, .T. ) ;
#2646 = FACE_OUTER_BOUND ( 'NONE', #3909, .T. ) ;
#2647 = VECTOR ( 'NONE', #2660, 1000.000000000000000 ) ;
#2648 = ORIENTED_EDGE ( 'NONE', *, *, #880, .F. ) ;
#2649 = DIRECTION ( 'NONE',  ( 0.000000000000000000, 0.000000000000000000, 1.000000000000000000 ) ) ;
#2650 = ORIENTED_EDGE ( 'NONE', *, *, #352, .F. ) ;
#2651 = EDGE_CURVE ( 'NONE', #568, #4327, #590, .T. ) ;
#2652 = EDGE_CURVE ( 'NONE', #3952, #383, #4359, .T. ) ;
#2653 = LINE ( 'NONE', #1491, #3682 ) ;
#2654 = EDGE_CURVE ( 'NONE', #4180, #3179, #2445, .T. ) ;
#2655 = DIRECTION ( 'NONE',  ( 0.000000000000000000, 0.000000000000000000, 1.000000000000000000 ) ) ;
#2656 = ORIENTED_EDGE ( 'NONE', *, *, #2087, .T. ) ;
#2657 = CARTESIAN_POINT ( 'NONE',  ( 2.934493141924172210, -8.934493141924171766, 2.934493141924172210 ) ) ;
#2658 = DIRECTION ( 'NONE',  ( -0.000000000000000000, 0.000000000000000000, 1.000000000000000000 ) ) ;
#2659 = EDGE_CURVE ( 'NONE', #56, #1118, #1760, .T. ) ;
#2660 = DIRECTION ( 'NONE',  ( 0.000000000000000000, 1.000000000000000000, 0.000000000000000000 ) ) ;
#2661 = ORIENTED_EDGE ( 'NONE', *, *, #4122, .F. ) ;
#2662 = ORIENTED_EDGE ( 'NONE', *, *, #274, .T. ) ;
#2663 = VERTEX_POINT ( 'NONE', #2753 ) ;
#2664 = CARTESIAN_POINT ( 'NONE',  ( 27.15099911901711494, 2.000000000000000000, -21.49414486952474945 ) ) ;
#2665 = CYLINDRICAL_SURFACE ( 'NONE', #4435, 1.000000000000000888 ) ;
#2666 = DIRECTION ( 'NONE',  ( 0.000000000000000000, 0.000000000000000000, 1.000000000000000000 ) ) ;
#2667 = EDGE_CURVE ( 'NONE', #2246, #4601, #3844, .T. ) ;
#2668 = EDGE_CURVE ( 'NONE', #3260, #3272, #1252, .T. ) ;
#2669 = CARTESIAN_POINT ( 'NONE',  ( 28.56521268139017522, 0.000000000000000000, 20.07993130715162877 ) ) ;
#2670 = PERSON_AND_ORGANIZATION ( #67, #4028 ) ;
#2671 = ORIENTED_EDGE ( 'NONE', *, *, #3465, .F. ) ;
#2672 = VERTEX_POINT ( 'NONE', #2230 ) ;
#2673 = CARTESIAN_POINT ( 'NONE',  ( 25.00119832667881425, 2.500000000000000000, -14.99811776992029344 ) ) ;
#2674 = CARTESIAN_POINT ( 'NONE',  ( 12.50000000000000000, -5.999999999999999112, -4.150000000000000355 ) ) ;
#2675 = ORIENTED_EDGE ( 'NONE', *, *, #3442, .F. ) ;
#2676 = DIRECTION ( 'NONE',  ( -0.000000000000000000, -1.000000000000000000, -0.000000000000000000 ) ) ;
#2677 = EDGE_LOOP ( 'NONE', ( #2862, #3028, #2940, #3501 ) ) ;
#2678 = LINE ( 'NONE', #1522, #1324 ) ;
#2679 = FACE_OUTER_BOUND ( 'NONE', #4269, .T. ) ;
#2680 = CARTESIAN_POINT ( 'NONE',  ( 14.99811776992027568, 2.500000000000000000, 27.25119832667879294 ) ) ;
#2681 =( BOUNDED_CURVE ( )  B_SPLINE_CURVE ( 3, ( #280, #4833, #1223, #3584 ),
 .UNSPECIFIED., .F., .T. ) 
 B_SPLINE_CURVE_WITH_KNOTS ( ( 4, 4 ),
 ( 5.497787143782137953, 6.283185307179586232 ),
 .UNSPECIFIED. ) 
 CURVE ( )  GEOMETRIC_REPRESENTATION_ITEM ( )  RATIONAL_B_SPLINE_CURVE ( ( 1.000000000000000000, 0.9492530216741911220, 0.9492530216741911220, 1.000000000000000000 ) ) 
 REPRESENTATION_ITEM ( '' )  );
#2682 = ORIENTED_EDGE ( 'NONE', *, *, #4016, .T. ) ;
#2683 = EDGE_CURVE ( 'NONE', #1582, #3386, #5213, .T. ) ;
#2684 = APPROVAL ( #4678, 'æœª' ) ;
#2685 = LINE ( 'NONE', #3938, #3765 ) ;
#2686 = CARTESIAN_POINT ( 'NONE',  ( -2.828427124746205390, 0.000000000000000000, 2.828427124746207610 ) ) ;
#2687 = CARTESIAN_POINT ( 'NONE',  ( 14.00000000000000178, 2.000000000000000000, -11.50000000000001421 ) ) ;
#2688 = EDGE_CURVE ( 'NONE', #3968, #1769, #1518, .T. ) ;
#2689 = ORIENTED_EDGE ( 'NONE', *, *, #2659, .F. ) ;
#2690 = ORIENTED_EDGE ( 'NONE', *, *, #1874, .F. ) ;
#2691 = DIRECTION ( 'NONE',  ( 0.000000000000000000, 1.000000000000000000, -0.000000000000000000 ) ) ;
#2692 = DIRECTION ( 'NONE',  ( 1.000000000000000000, 0.000000000000000000, 0.000000000000000000 ) ) ;
#2693 = DIRECTION ( 'NONE',  ( -0.7071067811865477948, 0.000000000000000000, -0.7071067811865473507 ) ) ;
#2694 = DIRECTION ( 'NONE',  ( 0.000000000000000000, 0.000000000000000000, 1.000000000000000000 ) ) ;
#2695 = VERTEX_POINT ( 'NONE', #3894 ) ;
#2696 = VERTEX_POINT ( 'NONE', #2803 ) ;
#2697 = ORIENTED_EDGE ( 'NONE', *, *, #471, .T. ) ;
#2698 = DIRECTION ( 'NONE',  ( -0.000000000000000000, -1.000000000000000000, -0.000000000000000000 ) ) ;
#2699 = AXIS2_PLACEMENT_3D ( 'NONE', #1198, #5257, #301 ) ;
#2700 = CIRCLE ( 'NONE', #284, 0.9000000000000014655 ) ;
#2701 = DIRECTION ( 'NONE',  ( 0.000000000000000000, 1.000000000000000000, -0.000000000000000000 ) ) ;
#2702 = ORIENTED_EDGE ( 'NONE', *, *, #1923, .F. ) ;
#2703 = CYLINDRICAL_SURFACE ( 'NONE', #2888, 1.000000000000000888 ) ;
#2704 = CIRCLE ( 'NONE', #4959, 1.749999999999999778 ) ;
#2705 = AXIS2_PLACEMENT_3D ( 'NONE', #611, #3307, #2873 ) ;
#2706 = VERTEX_POINT ( 'NONE', #322 ) ;
#2707 = CARTESIAN_POINT ( 'NONE',  ( 5.500000000000000888, 2.000000000000000000, -20.00000000000002487 ) ) ;
#2708 = VECTOR ( 'NONE', #209, 1000.000000000000000 ) ;
#2709 = VECTOR ( 'NONE', #2226, 1000.000000000000000 ) ;
#2710 = DIRECTION ( 'NONE',  ( 0.000000000000000000, 0.000000000000000000, -1.000000000000000000 ) ) ;
#2711 = LINE ( 'NONE', #4720, #1916 ) ;
#2712 = ORIENTED_EDGE ( 'NONE', *, *, #3062, .T. ) ;
#2713 = EDGE_CURVE ( 'NONE', #3386, #3298, #243, .T. ) ;
#2714 = AXIS2_PLACEMENT_3D ( 'NONE', #2273, #4286, #4722 ) ;
#2715 = LINE ( 'NONE', #4771, #381 ) ;
#2716 = AXIS2_PLACEMENT_3D ( 'NONE', #3103, #1110, #3949 ) ;
#2717 = VECTOR ( 'NONE', #597, 1000.000000000000000 ) ;
#2718 = DIRECTION ( 'NONE',  ( 0.000000000000000000, 0.000000000000000000, 1.000000000000000000 ) ) ;
#2719 = ORIENTED_EDGE ( 'NONE', *, *, #533, .T. ) ;
#2720 = VERTEX_POINT ( 'NONE', #3701 ) ;
#2721 = DIRECTION ( 'NONE',  ( -0.000000000000000000, -1.000000000000000000, 0.000000000000000000 ) ) ;
#2722 = DIRECTION ( 'NONE',  ( 0.000000000000000000, 0.000000000000000000, -1.000000000000000000 ) ) ;
#2723 = ORIENTED_EDGE ( 'NONE', *, *, #3289, .F. ) ;
#2724 = VECTOR ( 'NONE', #908, 1000.000000000000000 ) ;
#2725 = AXIS2_PLACEMENT_3D ( 'NONE', #1636, #5036, #2475 ) ;
#2726 = LINE ( 'NONE', #3203, #718 ) ;
#2727 = DIRECTION ( 'NONE',  ( 0.000000000000000000, 1.000000000000000000, 0.000000000000000000 ) ) ;
#2728 = EDGE_CURVE ( 'NONE', #3936, #4337, #1132, .T. ) ;
#2729 = AXIS2_PLACEMENT_3D ( 'NONE', #868, #3417, #64 ) ;
#2730 = EDGE_CURVE ( 'NONE', #1918, #2137, #734, .T. ) ;
#2731 = VERTEX_POINT ( 'NONE', #2774 ) ;
#2732 = EDGE_LOOP ( 'NONE', ( #1489, #2675, #2223, #73 ) ) ;
#2733 = FACE_OUTER_BOUND ( 'NONE', #4859, .T. ) ;
#2734 = DIRECTION ( 'NONE',  ( -0.000000000000000000, -1.000000000000000000, 0.000000000000000000 ) ) ;
#2735 = DIRECTION ( 'NONE',  ( -0.000000000000000000, 1.000000000000000000, -0.000000000000000000 ) ) ;
#2736 = AXIS2_PLACEMENT_3D ( 'NONE', #3679, #4952, #449 ) ;
#2737 = ORIENTED_EDGE ( 'NONE', *, *, #187, .F. ) ;
#2738 = DIRECTION ( 'NONE',  ( -0.000000000000000000, -1.000000000000000000, -0.000000000000000000 ) ) ;
#2739 = EDGE_CURVE ( 'NONE', #164, #237, #306, .T. ) ;
#2740 = VECTOR ( 'NONE', #1926, 1000.000000000000000 ) ;
#2741 = DIRECTION ( 'NONE',  ( 0.000000000000000000, 0.000000000000000000, -1.000000000000000000 ) ) ;
#2742 = DIRECTION ( 'NONE',  ( 0.000000000000000000, 0.000000000000000000, -1.000000000000000000 ) ) ;
#2743 = ORIENTED_EDGE ( 'NONE', *, *, #5330, .T. ) ;
#2744 = DIRECTION ( 'NONE',  ( -0.000000000000000000, -1.000000000000000000, -0.000000000000000000 ) ) ;
#2745 = CYLINDRICAL_SURFACE ( 'NONE', #566, 4.000000000000003553 ) ;
#2746 = DIRECTION ( 'NONE',  ( 0.000000000000000000, -0.000000000000000000, 1.000000000000000000 ) ) ;
#2747 = ORIENTED_EDGE ( 'NONE', *, *, #3355, .T. ) ;
#2748 = ORIENTED_EDGE ( 'NONE', *, *, #4018, .T. ) ;
#2749 = DIRECTION ( 'NONE',  ( 0.000000000000000000, 0.000000000000000000, 1.000000000000000000 ) ) ;
#2750 = FACE_OUTER_BOUND ( 'NONE', #1592, .T. ) ;
#2751 = VERTEX_POINT ( 'NONE', #3259 ) ;
#2752 = CARTESIAN_POINT ( 'NONE',  ( -14.99811776992028634, 0.000000000000000000, 25.00119832667883202 ) ) ;
#2753 = CARTESIAN_POINT ( 'NONE',  ( 7.500000000000000000, -12.00000000000000000, -11.50000000000000000 ) ) ;
#2754 = EDGE_LOOP ( 'NONE', ( #1126, #750, #4386, #4947 ) ) ;
#2755 = ORIENTED_EDGE ( 'NONE', *, *, #3886, .T. ) ;
#2756 = CARTESIAN_POINT ( 'NONE',  ( 10.11039691870838020, 2.000000000000000000, -23.90989491760782570 ) ) ;
#2757 = EDGE_CURVE ( 'NONE', #1583, #319, #3622, .T. ) ;
#2758 = DIRECTION ( 'NONE',  ( -0.000000000000000000, -1.000000000000000000, 0.000000000000000000 ) ) ;
#2759 = CYLINDRICAL_SURFACE ( 'NONE', #2116, 4.150000000000000355 ) ;
#2760 = EDGE_CURVE ( 'NONE', #4420, #2214, #5270, .T. ) ;
#2761 = VERTEX_POINT ( 'NONE', #360 ) ;
#2762 = FACE_OUTER_BOUND ( 'NONE', #2677, .T. ) ;
#2763 = DIRECTION ( 'NONE',  ( -1.000000000000000000, 0.000000000000000000, -0.000000000000000000 ) ) ;
#2764 = CYLINDRICAL_SURFACE ( 'NONE', #5310, 0.9000000000000014655 ) ;
#2765 = ORIENTED_EDGE ( 'NONE', *, *, #4076, .F. ) ;
#2766 = EDGE_CURVE ( 'NONE', #1521, #2401, #1189, .T. ) ;
#2767 = CARTESIAN_POINT ( 'NONE',  ( 14.00000000000000178, 2.000000000000000000, -14.00000000000001243 ) ) ;
#2768 = FACE_OUTER_BOUND ( 'NONE', #5347, .T. ) ;
#2769 = CARTESIAN_POINT ( 'NONE',  ( 2.828427124746162313, 2.000000000000000000, -2.828427124746166310 ) ) ;
#2770 = ORIENTED_EDGE ( 'NONE', *, *, #2587, .F. ) ;
#2771 = CARTESIAN_POINT ( 'NONE',  ( -2.828427124746113464, 2.000000000000000000, -2.828427124746129007 ) ) ;
#2772 = FACE_BOUND ( 'NONE', #960, .T. ) ;
#2773 = CYLINDRICAL_SURFACE ( 'NONE', #4706, 4.000000000000003553 ) ;
#2774 = CARTESIAN_POINT ( 'NONE',  ( 22.04248076409415447, 0.000000000000000000, 10.82647259854741684 ) ) ;
#2775 = EDGE_CURVE ( 'NONE', #324, #3905, #3850, .T. ) ;
#2776 = EDGE_LOOP ( 'NONE', ( #4073, #4513, #5160, #2656 ) ) ;
#2777 = ORIENTED_EDGE ( 'NONE', *, *, #1874, .T. ) ;
#2778 = CYLINDRICAL_SURFACE ( 'NONE', #1998, 0.9000000000000014655 ) ;
#2779 = DIRECTION ( 'NONE',  ( 0.000000000000000000, 0.000000000000000000, -1.000000000000000000 ) ) ;
#2780 = CARTESIAN_POINT ( 'NONE',  ( -22.20396889562780629, 2.000000000000000000, 27.86082314512018243 ) ) ;
#2781 = EDGE_LOOP ( 'NONE', ( #264, #2924, #214, #1474 ) ) ;
#2782 = AXIS2_PLACEMENT_3D ( 'NONE', #678, #519, #3422 ) ;
#2783 = CARTESIAN_POINT ( 'NONE',  ( 20.07993130715161811, 0.000000000000000000, 28.56521268139020364 ) ) ;
#2784 = ADVANCED_FACE ( 'NONE', ( #2003 ), #1981, .T. ) ;
#2785 = DIRECTION ( 'NONE',  ( 0.9337070767568212970, 0.000000000000000000, -0.3580378399195142114 ) ) ;
#2786 = CIRCLE ( 'NONE', #3832, 0.5000000000000004441 ) ;
#2787 = CIRCLE ( 'NONE', #3829, 4.000000000000003553 ) ;
#2788 = DIRECTION ( 'NONE',  ( 0.000000000000000000, 0.000000000000000000, -1.000000000000000000 ) ) ;
#2789 = EDGE_CURVE ( 'NONE', #2731, #4962, #816, .T. ) ;
#2790 = CIRCLE ( 'NONE', #4871, 5.000000000000000000 ) ;
#2791 = CIRCLE ( 'NONE', #3494, 2.500000000000000444 ) ;
#2792 = DIRECTION ( 'NONE',  ( 0.000000000000000000, 0.000000000000000000, 1.000000000000000000 ) ) ;
#2793 = DIRECTION ( 'NONE',  ( 0.000000000000000000, 1.000000000000000000, -0.000000000000000000 ) ) ;
#2794 = ORIENTED_EDGE ( 'NONE', *, *, #538, .T. ) ;
#2795 = CIRCLE ( 'NONE', #3497, 2.499999999999998668 ) ;
#2796 = AXIS2_PLACEMENT_3D ( 'NONE', #4890, #3642, #2749 ) ;
#2797 = FACE_BOUND ( 'NONE', #5117, .T. ) ;
#2798 = CARTESIAN_POINT ( 'NONE',  ( 19.99999999999999289, 0.000000000000000000, -0.000000000000000000 ) ) ;
#2799 = ORIENTED_EDGE ( 'NONE', *, *, #51, .T. ) ;
#2800 = FACE_OUTER_BOUND ( 'NONE', #3162, .T. ) ;
#2801 = AXIS2_PLACEMENT_3D ( 'NONE', #3403, #857, #959 ) ;
#2802 = AXIS2_PLACEMENT_3D ( 'NONE', #1863, #3499, #3957 ) ;
#2803 = CARTESIAN_POINT ( 'NONE',  ( -25.00119832667880360, 2.000000000000000000, 12.74811776992030765 ) ) ;
#2804 = ADVANCED_FACE ( 'NONE', ( #2849 ), #5351, .T. ) ;
#2805 = ORIENTED_EDGE ( 'NONE', *, *, #2140, .T. ) ;
#2806 = AXIS2_PLACEMENT_3D ( 'NONE', #2467, #4498, #2875 ) ;
#2807 = AXIS2_PLACEMENT_3D ( 'NONE', #223, #4765, #1488 ) ;
#2808 = EDGE_LOOP ( 'NONE', ( #4585, #4995, #3381, #217 ) ) ;
#2809 = DIRECTION ( 'NONE',  ( 0.000000000000000000, 1.000000000000000000, -0.000000000000000000 ) ) ;
#2810 = CARTESIAN_POINT ( 'NONE',  ( 14.99811776992027568, 5.000000000000000000, 25.00119832667880360 ) ) ;
#2811 = DIRECTION ( 'NONE',  ( -1.734723475976805517E-15, 0.000000000000000000, 1.000000000000000000 ) ) ;
#2812 = ORIENTED_EDGE ( 'NONE', *, *, #1316, .T. ) ;
#2813 = AXIS2_PLACEMENT_3D ( 'NONE', #3253, #2865, #4090 ) ;
#2814 = DIRECTION ( 'NONE',  ( -0.000000000000000000, -1.000000000000000000, -0.000000000000000000 ) ) ;
#2815 = AXIS2_PLACEMENT_3D ( 'NONE', #1508, #4396, #1820 ) ;
#2816 = DIRECTION ( 'NONE',  ( -0.000000000000000000, -1.000000000000000000, -0.000000000000000000 ) ) ;
#2817 = CIRCLE ( 'NONE', #3243, 4.000000000000000000 ) ;
#2818 = CARTESIAN_POINT ( 'NONE',  ( 2.828427124746244914, 0.000000000000000000, 2.828427124746258237 ) ) ;
#2819 = VERTEX_POINT ( 'NONE', #10 ) ;
#2820 = CIRCLE ( 'NONE', #1272, 2.000000000000000000 ) ;
#2821 = EDGE_CURVE ( 'NONE', #3069, #2492, #4841, .T. ) ;
#2822 = LINE ( 'NONE', #3222, #476 ) ;
#2823 = DIRECTION ( 'NONE',  ( -0.000000000000000000, -1.000000000000000000, -0.000000000000000000 ) ) ;
#2824 = DIRECTION ( 'NONE',  ( 0.000000000000000000, -1.000000000000000000, 0.000000000000000000 ) ) ;
#2825 = CARTESIAN_POINT ( 'NONE',  ( 1.115358573568465683, -10.15000000000000036, -4.149999999999999467 ) ) ;
#2826 = LINE ( 'NONE', #4860, #2362 ) ;
#2827 = EDGE_CURVE ( 'NONE', #1584, #970, #3646, .T. ) ;
#2828 = CARTESIAN_POINT ( 'NONE',  ( -16.10831744348034533, 2.000000000000000000, -28.06784864032195514 ) ) ;
#2829 = ORIENTED_EDGE ( 'NONE', *, *, #2363, .T. ) ;
#2830 = EDGE_LOOP ( 'NONE', ( #1047, #2163, #3049, #2697 ) ) ;
#2831 = EDGE_LOOP ( 'NONE', ( #4259, #4728, #1700, #3427 ) ) ;
#2832 = ADVANCED_FACE ( 'NONE', ( #822 ), #3233, .T. ) ;
#2833 = CARTESIAN_POINT ( 'NONE',  ( 18.75606001926121280, 2.000000000000000000, -27.06609133436747072 ) ) ;
#2834 = EDGE_CURVE ( 'NONE', #2844, #1226, #1556, .T. ) ;
#2835 = CARTESIAN_POINT ( 'NONE',  ( 14.99811776992027568, 5.000000000000000000, 25.90119832667880573 ) ) ;
#2836 = DIRECTION ( 'NONE',  ( 0.000000000000000000, 0.000000000000000000, 1.000000000000000000 ) ) ;
#2837 = ORIENTED_EDGE ( 'NONE', *, *, #1701, .T. ) ;
#2838 = CARTESIAN_POINT ( 'NONE',  ( 24.06784864032188054, 2.000000000000000000, 12.10831744348034711 ) ) ;
#2839 = DIRECTION ( 'NONE',  ( 0.000000000000000000, 1.000000000000000000, -0.000000000000000000 ) ) ;
#2840 = DIRECTION ( 'NONE',  ( -0.7071067811865492381, 0.000000000000000000, 0.7071067811865457964 ) ) ;
#2841 = CARTESIAN_POINT ( 'NONE',  ( -7.500000000000000888, -1.000000000000000888, 12.50000000000000000 ) ) ;
#2842 = FACE_OUTER_BOUND ( 'NONE', #5272, .T. ) ;
#2843 = EDGE_CURVE ( 'NONE', #3453, #3918, #4071, .T. ) ;
#2844 = VERTEX_POINT ( 'NONE', #2828 ) ;
#2845 = LINE ( 'NONE', #4495, #1587 ) ;
#2846 = DIRECTION ( 'NONE',  ( -0.9337070767568208529, 0.000000000000000000, -0.3580378399195150996 ) ) ;
#2847 = CARTESIAN_POINT ( 'NONE',  ( 0.000000000000000000, -1.850000000000000977, -4.150000000000000355 ) ) ;
#2848 = EDGE_CURVE ( 'NONE', #3519, #2520, #2112, .T. ) ;
#2849 = FACE_OUTER_BOUND ( 'NONE', #3859, .T. ) ;
#2850 = EDGE_CURVE ( 'NONE', #5353, #2538, #5004, .T. ) ;
#2851 = VERTEX_POINT ( 'NONE', #118 ) ;
#2852 = ORIENTED_EDGE ( 'NONE', *, *, #1481, .T. ) ;
#2853 = CARTESIAN_POINT ( 'NONE',  ( 20.07993130715161811, 2.000000000000000000, 28.56521268139020364 ) ) ;
#2854 = ORIENTED_EDGE ( 'NONE', *, *, #108, .T. ) ;
#2855 = DIRECTION ( 'NONE',  ( -0.000000000000000000, -1.000000000000000000, -0.000000000000000000 ) ) ;
#2856 = CYLINDRICAL_SURFACE ( 'NONE', #2558, 1.749999999999999778 ) ;
#2857 = CARTESIAN_POINT ( 'NONE',  ( -4.150000000000004796, -5.999999999999999112, -4.150000000000000355 ) ) ;
#2858 = ORIENTED_EDGE ( 'NONE', *, *, #4516, .F. ) ;
#2859 = DIRECTION ( 'NONE',  ( 0.3580378399195142114, 0.000000000000000000, -0.9337070767568212970 ) ) ;
#2860 = DIRECTION ( 'NONE',  ( 0.000000000000000000, 0.000000000000000000, -1.000000000000000000 ) ) ;
#2861 = ORIENTED_EDGE ( 'NONE', *, *, #119, .T. ) ;
#2862 = ORIENTED_EDGE ( 'NONE', *, *, #4288, .F. ) ;
#2863 = CIRCLE ( 'NONE', #2424, 4.000000000000003553 ) ;
#2864 = VECTOR ( 'NONE', #3302, 1000.000000000000000 ) ;
#2865 = DIRECTION ( 'NONE',  ( -0.000000000000000000, -1.000000000000000000, 0.000000000000000000 ) ) ;
#2866 = FACE_OUTER_BOUND ( 'NONE', #1278, .T. ) ;
#2867 = EDGE_CURVE ( 'NONE', #2844, #1711, #46, .T. ) ;
#2868 = ORIENTED_EDGE ( 'NONE', *, *, #4409, .F. ) ;
#2869 = ORIENTED_EDGE ( 'NONE', *, *, #4335, .T. ) ;
#2870 = CIRCLE ( 'NONE', #5043, 1.750000000000001554 ) ;
#2871 = AXIS2_PLACEMENT_3D ( 'NONE', #4562, #848, #2488 ) ;
#2872 = DIRECTION ( 'NONE',  ( 0.000000000000000000, 1.000000000000000000, -0.000000000000000000 ) ) ;
#2873 = DIRECTION ( 'NONE',  ( -1.000000000000000000, 0.000000000000000000, 0.000000000000000000 ) ) ;
#2874 = DIRECTION ( 'NONE',  ( -0.000000000000000000, -1.000000000000000000, 0.000000000000000000 ) ) ;
#2875 = DIRECTION ( 'NONE',  ( 0.000000000000000000, 0.000000000000000000, 1.000000000000000000 ) ) ;
#2876 = AXIS2_PLACEMENT_3D ( 'NONE', #587, #637, #2283 ) ;
#2877 = ORIENTED_EDGE ( 'NONE', *, *, #1436, .F. ) ;
#2878 = ORIENTED_EDGE ( 'NONE', *, *, #3688, .T. ) ;
#2879 = DIRECTION ( 'NONE',  ( 0.000000000000000000, 0.000000000000000000, 1.000000000000000000 ) ) ;
#2880 = EDGE_LOOP ( 'NONE', ( #1951, #4634, #3602, #1284 ) ) ;
#2881 = CIRCLE ( 'NONE', #3405, 0.5000000000000004441 ) ;
#2882 = DIRECTION ( 'NONE',  ( 1.734723475976805517E-15, 0.000000000000000000, 1.000000000000000000 ) ) ;
#2883 = EDGE_CURVE ( 'NONE', #1583, #1111, #4799, .T. ) ;
#2884 = EDGE_CURVE ( 'NONE', #2217, #1122, #4975, .T. ) ;
#2885 = ADVANCED_FACE ( 'NONE', ( #4647 ), #4176, .T. ) ;
#2886 = DIRECTION ( 'NONE',  ( -0.000000000000000000, -1.000000000000000000, -0.000000000000000000 ) ) ;
#2887 = CIRCLE ( 'NONE', #899, 0.5000000000000004441 ) ;
#2888 = AXIS2_PLACEMENT_3D ( 'NONE', #1406, #5145, #4303 ) ;
#2889 = CALENDAR_DATE ( 2026, 18, 2 ) ;
#2890 = EDGE_LOOP ( 'NONE', ( #3234, #2643, #508, #1516 ) ) ;
#2891 = CARTESIAN_POINT ( 'NONE',  ( -27.06609133436745296, 0.000000000000000000, 18.75606001926120925 ) ) ;
#2892 = AXIS2_PLACEMENT_3D ( 'NONE', #1292, #2149, #2954 ) ;
#2893 = EDGE_CURVE ( 'NONE', #2672, #3983, #4620, .T. ) ;
#2894 = FACE_OUTER_BOUND ( 'NONE', #4179, .T. ) ;
#2895 = ORIENTED_EDGE ( 'NONE', *, *, #3802, .F. ) ;
#2896 = ORIENTED_EDGE ( 'NONE', *, *, #4921, .T. ) ;
#2897 = EDGE_CURVE ( 'NONE', #5055, #4523, #4588, .T. ) ;
#2898 = VECTOR ( 'NONE', #599, 1000.000000000000000 ) ;
#2899 = CARTESIAN_POINT ( 'NONE',  ( -2.934493141924172210, -8.934493141924171766, -2.934493141924172210 ) ) ;
#2900 = ORIENTED_EDGE ( 'NONE', *, *, #2289, .F. ) ;
#2901 = CARTESIAN_POINT ( 'NONE',  ( 25.00119832667881425, 5.000000000000000000, -14.99811776992029344 ) ) ;
#2902 = AXIS2_PLACEMENT_3D ( 'NONE', #3544, #1541, #5276 ) ;
#2903 = ORIENTED_EDGE ( 'NONE', *, *, #572, .F. ) ;
#2904 = CARTESIAN_POINT ( 'NONE',  ( 14.99811776992027568, 5.000000000000000000, 23.25119832667881781 ) ) ;
#2905 = CARTESIAN_POINT ( 'NONE',  ( -11.50000000000000000, -12.00000000000000000, -7.500000000000000000 ) ) ;
#2906 = DIRECTION ( 'NONE',  ( 0.000000000000000000, 0.000000000000000000, -1.000000000000000000 ) ) ;
#2907 = VECTOR ( 'NONE', #2242, 999.9999999999998863 ) ;
#2908 = ORIENTED_EDGE ( 'NONE', *, *, #4742, .F. ) ;
#2909 = VERTEX_POINT ( 'NONE', #472 ) ;
#2910 = DIRECTION ( 'NONE',  ( -0.000000000000000000, -1.000000000000000000, 0.000000000000000000 ) ) ;
#2911 = ORIENTED_EDGE ( 'NONE', *, *, #4352, .T. ) ;
#2912 = LINE ( 'NONE', #2497, #4616 ) ;
#2913 = PLANE ( 'NONE',  #2381 ) ;
#2914 = COORDINATED_UNIVERSAL_TIME_OFFSET ( 8, 0, .AHEAD. ) ;
#2915 = EDGE_CURVE ( 'NONE', #4936, #5053, #3391, .T. ) ;
#2916 = CC_DESIGN_DATE_AND_TIME_ASSIGNMENT ( #529, #1458, ( #1943 ) ) ;
#2917 = ORIENTED_EDGE ( 'NONE', *, *, #1311, .F. ) ;
#2918 = ORIENTED_EDGE ( 'NONE', *, *, #4546, .T. ) ;
#2919 = CYLINDRICAL_SURFACE ( 'NONE', #452, 4.000000000000003553 ) ;
#2920 = EDGE_CURVE ( 'NONE', #2631, #2049, #2539, .T. ) ;
#2921 = CYLINDRICAL_SURFACE ( 'NONE', #1683, 1.749999999999987566 ) ;
#2922 = ORIENTED_EDGE ( 'NONE', *, *, #419, .T. ) ;
#2923 = DIRECTION ( 'NONE',  ( 0.000000000000000000, 0.000000000000000000, -1.000000000000000000 ) ) ;
#2924 = ORIENTED_EDGE ( 'NONE', *, *, #313, .F. ) ;
#2925 = CARTESIAN_POINT ( 'NONE',  ( -25.00119832667881425, 5.000000000000000000, -16.74811776992030943 ) ) ;
#2926 = EDGE_LOOP ( 'NONE', ( #1392, #1672, #1891, #1029 ) ) ;
#2927 = DIRECTION ( 'NONE',  ( 0.000000000000000000, 1.000000000000000000, -0.000000000000000000 ) ) ;
#2928 = EDGE_CURVE ( 'NONE', #5179, #5089, #4279, .T. ) ;
#2929 = ORIENTED_EDGE ( 'NONE', *, *, #4383, .T. ) ;
#2930 = DIRECTION ( 'NONE',  ( -0.000000000000000000, -1.000000000000000000, -0.000000000000000000 ) ) ;
#2931 = CARTESIAN_POINT ( 'NONE',  ( -16.10831744348037375, 2.000000000000000000, 24.06784864032195159 ) ) ;
#2932 = DIRECTION ( 'NONE',  ( -0.000000000000000000, -1.000000000000000000, 0.000000000000000000 ) ) ;
#2933 = EDGE_LOOP ( 'NONE', ( #4522, #2025, #3849, #4290, #3958, #2719, #5028 ) ) ;
#2934 = CARTESIAN_POINT ( 'NONE',  ( -7.500000000000000888, -11.00000000000000000, 7.500000000000000888 ) ) ;
#2935 = LINE ( 'NONE', #987, #4204 ) ;
#2936 = FACE_OUTER_BOUND ( 'NONE', #2111, .T. ) ;
#2937 = CARTESIAN_POINT ( 'NONE',  ( -15.59751454687766881, 0.000000000000000000, -5.980998276113258072 ) ) ;
#2938 = CARTESIAN_POINT ( 'NONE',  ( -12.10970376029906248, 2.000000000000000000, 23.96254615851254144 ) ) ;
#2939 = CARTESIAN_POINT ( 'NONE',  ( -14.00000000000000178, 2.000000000000000000, 14.00000000000001243 ) ) ;
#2940 = ORIENTED_EDGE ( 'NONE', *, *, #5239, .F. ) ;
#2941 = CARTESIAN_POINT ( 'NONE',  ( 14.99811776992028989, 5.000000000000000000, -26.75119832667879294 ) ) ;
#2942 = DIRECTION ( 'NONE',  ( 0.000000000000000000, 0.000000000000000000, 1.000000000000000000 ) ) ;
#2943 = DIRECTION ( 'NONE',  ( 0.7071067811865480168, 0.000000000000000000, 0.7071067811865470176 ) ) ;
#2944 = VERTEX_POINT ( 'NONE', #498 ) ;
#2945 = ADVANCED_FACE ( 'NONE', ( #5051 ), #4633, .F. ) ;
#2946 = CARTESIAN_POINT ( 'NONE',  ( -14.99811776992028634, 0.000000000000000000, 25.00119832667883202 ) ) ;
#2947 = ORIENTED_EDGE ( 'NONE', *, *, #146, .F. ) ;
#2948 = CARTESIAN_POINT ( 'NONE',  ( 23.90989491760779728, 2.000000000000000000, -10.11039691870838553 ) ) ;
#2949 = ORIENTED_EDGE ( 'NONE', *, *, #1139, .F. ) ;
#2950 = ORIENTED_EDGE ( 'NONE', *, *, #1139, .T. ) ;
#2951 = LINE ( 'NONE', #3667, #1830 ) ;
#2952 = AXIS2_PLACEMENT_3D ( 'NONE', #1290, #2464, #3723 ) ;
#2953 = CARTESIAN_POINT ( 'NONE',  ( -25.00119832667881425, 2.000000000000000000, -14.99811776992030765 ) ) ;
#2954 = DIRECTION ( 'NONE',  ( 0.000000000000000000, 0.000000000000000000, 1.000000000000000000 ) ) ;
#2955 = AXIS2_PLACEMENT_3D ( 'NONE', #48, #4214, #3287 ) ;
#2956 = VERTEX_POINT ( 'NONE', #2598 ) ;
#2957 = ORIENTED_EDGE ( 'NONE', *, *, #1089, .F. ) ;
#2958 = DIRECTION ( 'NONE',  ( -0.000000000000000000, -1.000000000000000000, -0.000000000000000000 ) ) ;
#2959 = CARTESIAN_POINT ( 'NONE',  ( 4.653479425772515832, -10.65347942577251317, 1.215506858075826813 ) ) ;
#2960 = CARTESIAN_POINT ( 'NONE',  ( -7.500000000000000888, -1.000000000000000888, 7.500000000000000888 ) ) ;
#2961 = ADVANCED_FACE ( 'NONE', ( #2984 ), #3786, .F. ) ;
#2962 = CIRCLE ( 'NONE', #1244, 0.5000000000000004441 ) ;
#2963 = CIRCLE ( 'NONE', #204, 1.000000000000000888 ) ;
#2964 = LINE ( 'NONE', #52, #3058 ) ;
#2965 = DIRECTION ( 'NONE',  ( 0.000000000000000000, 0.000000000000000000, 1.000000000000000000 ) ) ;
#2966 = CARTESIAN_POINT ( 'NONE',  ( -2.934493141924172210, -3.065506858075827790, -2.934493141924172210 ) ) ;
#2967 = CIRCLE ( 'NONE', #3317, 0.9000000000000014655 ) ;
#2968 = ORIENTED_EDGE ( 'NONE', *, *, #2161, .T. ) ;
#2969 = CARTESIAN_POINT ( 'NONE',  ( -7.500000000000000888, -12.00000000000000000, -11.50000000000000000 ) ) ;
#2970 = VECTOR ( 'NONE', #3998, 1000.000000000000000 ) ;
#2971 = AXIS2_PLACEMENT_3D ( 'NONE', #103, #864, #3413 ) ;
#2972 = DIRECTION ( 'NONE',  ( -0.000000000000000000, 1.000000000000000000, -0.000000000000000000 ) ) ;
#2973 = CARTESIAN_POINT ( 'NONE',  ( 25.00119832667878583, 2.000000000000000000, 14.99811776992029344 ) ) ;
#2974 = ORIENTED_EDGE ( 'NONE', *, *, #2317, .F. ) ;
#2975 = AXIS2_PLACEMENT_3D ( 'NONE', #5299, #4826, #3167 ) ;
#2976 = DIRECTION ( 'NONE',  ( -0.000000000000000000, -1.000000000000000000, -0.000000000000000000 ) ) ;
#2977 = VECTOR ( 'NONE', #1894, 1000.000000000000000 ) ;
#2978 = DIRECTION ( 'NONE',  ( -0.000000000000000000, -1.000000000000000000, -0.000000000000000000 ) ) ;
#2979 = ADVANCED_FACE ( 'NONE', ( #521 ), #5078, .F. ) ;
#2980 = CARTESIAN_POINT ( 'NONE',  ( 16.10831744348034533, 0.000000000000000000, -28.06784864032195514 ) ) ;
#2981 = EDGE_CURVE ( 'NONE', #2360, #1912, #993, .T. ) ;
#2982 = CIRCLE ( 'NONE', #2291, 4.000000000000003553 ) ;
#2983 = DIRECTION ( 'NONE',  ( 0.000000000000000000, 1.000000000000000000, 0.000000000000000000 ) ) ;
#2984 = FACE_OUTER_BOUND ( 'NONE', #4565, .T. ) ;
#2985 = ORIENTED_EDGE ( 'NONE', *, *, #4356, .F. ) ;
#2986 = AXIS2_PLACEMENT_3D ( 'NONE', #4325, #222, #1437 ) ;
#2987 = ORIENTED_EDGE ( 'NONE', *, *, #4817, .F. ) ;
#2988 = ORIENTED_EDGE ( 'NONE', *, *, #1216, .F. ) ;
#2989 = CARTESIAN_POINT ( 'NONE',  ( -25.00119832667880004, 2.000000000000000000, 17.24811776992030943 ) ) ;
#2990 = DIRECTION ( 'NONE',  ( 0.000000000000000000, 1.000000000000000000, -0.000000000000000000 ) ) ;
#2991 = EDGE_CURVE ( 'NONE', #4664, #3467, #3000, .T. ) ;
#2992 = LINE ( 'NONE', #5356, #3220 ) ;
#2993 = CIRCLE ( 'NONE', #1362, 2.000000000000001776 ) ;
#2994 = FACE_BOUND ( 'NONE', #3758, .T. ) ;
#2995 = EDGE_CURVE ( 'NONE', #1483, #441, #5141, .T. ) ;
#2996 = EDGE_CURVE ( 'NONE', #1438, #2637, #1676, .T. ) ;
#2997 = ORIENTED_EDGE ( 'NONE', *, *, #3654, .F. ) ;
#2998 = ORIENTED_EDGE ( 'NONE', *, *, #769, .F. ) ;
#2999 = DIRECTION ( 'NONE',  ( 0.000000000000000000, 1.000000000000000000, 0.000000000000000000 ) ) ;
#3000 =( BOUNDED_CURVE ( )  B_SPLINE_CURVE ( 3, ( #2490, #4150, #440, #3753 ),
 .UNSPECIFIED., .F., .T. ) 
 B_SPLINE_CURVE_WITH_KNOTS ( ( 4, 4 ),
 ( 2.356194490192345281, 3.141592653589793116 ),
 .UNSPECIFIED. ) 
 CURVE ( )  GEOMETRIC_REPRESENTATION_ITEM ( )  RATIONAL_B_SPLINE_CURVE ( ( 1.000000000000000000, 0.9492530216741912330, 0.9492530216741912330, 1.000000000000000000 ) ) 
 REPRESENTATION_ITEM ( '' )  );
#3001 = DIRECTION ( 'NONE',  ( 0.000000000000000000, 0.000000000000000000, 1.000000000000000000 ) ) ;
#3002 = CARTESIAN_POINT ( 'NONE',  ( -27.86082314512017177, 0.000000000000000000, -22.20396889562780274 ) ) ;
#3003 = EDGE_LOOP ( 'NONE', ( #2368, #2184 ) ) ;
#3004 = FACE_OUTER_BOUND ( 'NONE', #5108, .T. ) ;
#3005 = VERTEX_POINT ( 'NONE', #605 ) ;
#3006 = CYLINDRICAL_SURFACE ( 'NONE', #624, 5.000000000000000000 ) ;
#3007 = ORIENTED_EDGE ( 'NONE', *, *, #5017, .T. ) ;
#3008 = DIRECTION ( 'NONE',  ( 0.000000000000000000, 0.000000000000000000, 1.000000000000000000 ) ) ;
#3009 = EDGE_CURVE ( 'NONE', #841, #2470, #1430, .T. ) ;
#3010 = ORIENTED_EDGE ( 'NONE', *, *, #1691, .F. ) ;
#3011 = ORIENTED_EDGE ( 'NONE', *, *, #4770, .F. ) ;
#3012 = DIRECTION ( 'NONE',  ( -1.000000000000000000, 0.000000000000000000, 0.000000000000000000 ) ) ;
#3013 = DIRECTION ( 'NONE',  ( -0.000000000000000000, -1.000000000000000000, 0.000000000000000000 ) ) ;
#3014 = ORIENTED_EDGE ( 'NONE', *, *, #5337, .F. ) ;
#3015 = DIRECTION ( 'NONE',  ( -0.000000000000000000, -0.000000000000000000, -1.000000000000000000 ) ) ;
#3016 = EDGE_CURVE ( 'NONE', #2632, #2720, #4716, .T. ) ;
#3017 = DIRECTION ( 'NONE',  ( -0.000000000000000000, -1.000000000000000000, -0.000000000000000000 ) ) ;
#3018 = EDGE_CURVE ( 'NONE', #2138, #5064, #3030, .T. ) ;
#3019 = PERSON_AND_ORGANIZATION ( #67, #4028 ) ;
#3020 = ORIENTED_EDGE ( 'NONE', *, *, #351, .T. ) ;
#3021 = DIRECTION ( 'NONE',  ( 0.000000000000000000, -0.000000000000000000, -1.000000000000000000 ) ) ;
#3022 = DIRECTION ( 'NONE',  ( -0.000000000000000000, 1.000000000000000000, -0.000000000000000000 ) ) ;
#3023 = ORIENTED_EDGE ( 'NONE', *, *, #1934, .F. ) ;
#3024 = CARTESIAN_POINT ( 'NONE',  ( -12.10970376029903584, 2.000000000000000000, -23.96254615851253433 ) ) ;
#3025 = EDGE_LOOP ( 'NONE', ( #1979, #3956 ) ) ;
#3026 = CARTESIAN_POINT ( 'NONE',  ( -14.99811776992028989, 5.000000000000000000, -25.00119832667883202 ) ) ;
#3027 = CARTESIAN_POINT ( 'NONE',  ( 15.59751454687766881, 2.000000000000000000, 5.980998276113258072 ) ) ;
#3028 = ORIENTED_EDGE ( 'NONE', *, *, #2524, .T. ) ;
#3029 = DIRECTION ( 'NONE',  ( 0.000000000000000000, 0.000000000000000000, 1.000000000000000000 ) ) ;
#3030 = LINE ( 'NONE', #2686, #906 ) ;
#3031 = ORIENTED_EDGE ( 'NONE', *, *, #1992, .T. ) ;
#3032 = ORIENTED_EDGE ( 'NONE', *, *, #3954, .T. ) ;
#3033 = ORIENTED_EDGE ( 'NONE', *, *, #5317, .T. ) ;
#3034 = CIRCLE ( 'NONE', #361, 1.749999999999999778 ) ;
#3035 = CARTESIAN_POINT ( 'NONE',  ( -2.145815531099355411, -9.723170752748988122, -3.723170752748987677 ) ) ;
#3036 = DIRECTION ( 'NONE',  ( -1.000000000000000000, 0.000000000000000000, -0.000000000000000000 ) ) ;
#3037 = ORIENTED_EDGE ( 'NONE', *, *, #2060, .F. ) ;
#3038 = DIRECTION ( 'NONE',  ( -0.000000000000000000, -1.000000000000000000, -0.000000000000000000 ) ) ;
#3039 = CARTESIAN_POINT ( 'NONE',  ( 14.00000000000000178, 2.000000000000000000, 14.00000000000001243 ) ) ;
#3040 = AXIS2_PLACEMENT_3D ( 'NONE', #269, #3978, #4762 ) ;
#3041 = CIRCLE ( 'NONE', #537, 0.9000000000000014655 ) ;
#3042 = ORIENTED_EDGE ( 'NONE', *, *, #1087, .F. ) ;
#3043 = TOROIDAL_SURFACE ( 'NONE', #2615, 6.000000000000000000, 1.000000000000000000 ) ;
#3044 = DIRECTION ( 'NONE',  ( 0.000000000000000000, 0.000000000000000000, -1.000000000000000000 ) ) ;
#3045 = AXIS2_PLACEMENT_3D ( 'NONE', #4295, #585, #4780 ) ;
#3046 = EDGE_CURVE ( 'NONE', #3968, #5320, #5098, .T. ) ;
#3047 = ADVANCED_FACE ( 'NONE', ( #234 ), #3474, .F. ) ;
#3048 = DIRECTION ( 'NONE',  ( 0.000000000000000000, 1.000000000000000000, -0.000000000000000000 ) ) ;
#3049 = ORIENTED_EDGE ( 'NONE', *, *, #4590, .T. ) ;
#3050 = CIRCLE ( 'NONE', #3754, 2.250000000000000444 ) ;
#3051 = ORIENTED_EDGE ( 'NONE', *, *, #3219, .F. ) ;
#3052 = CARTESIAN_POINT ( 'NONE',  ( 10.82647259854735466, 2.000000000000000000, 22.04248076409416157 ) ) ;
#3053 = ORIENTED_EDGE ( 'NONE', *, *, #4818, .T. ) ;
#3054 = AXIS2_PLACEMENT_3D ( 'NONE', #979, #2597, #1448 ) ;
#3055 = ADVANCED_FACE ( 'NONE', ( #578, #4333 ), #3533, .T. ) ;
#3056 = CARTESIAN_POINT ( 'NONE',  ( 25.00119832667881425, 0.000000000000000000, -15.89811776992029380 ) ) ;
#3057 = CARTESIAN_POINT ( 'NONE',  ( -20.07993130715166075, 2.000000000000000000, 28.56521268139023562 ) ) ;
#3058 = VECTOR ( 'NONE', #5086, 1000.000000000000000 ) ;
#3059 = VECTOR ( 'NONE', #3357, 1000.000000000000000 ) ;
#3060 = VERTEX_POINT ( 'NONE', #2274 ) ;
#3061 = ORIENTED_EDGE ( 'NONE', *, *, #4579, .F. ) ;
#3062 = EDGE_CURVE ( 'NONE', #451, #1726, #2018, .T. ) ;
#3063 = ADVANCED_FACE ( 'NONE', ( #4723, #4806 ), #257, .T. ) ;
#3064 = CARTESIAN_POINT ( 'NONE',  ( 25.00119832667878583, 5.000000000000000000, 14.99811776992029344 ) ) ;
#3065 = AXIS2_PLACEMENT_3D ( 'NONE', #92, #4668, #3809 ) ;
#3066 = CIRCLE ( 'NONE', #3851, 0.5000000000000004441 ) ;
#3067 = CARTESIAN_POINT ( 'NONE',  ( 11.50000000000000000, -11.00000000000000000, -7.500000000000000000 ) ) ;
#3068 = LINE ( 'NONE', #1016, #4732 ) ;
#3069 = VERTEX_POINT ( 'NONE', #1390 ) ;
#3070 = ORIENTED_EDGE ( 'NONE', *, *, #9, .F. ) ;
#3071 = ORIENTED_EDGE ( 'NONE', *, *, #2211, .F. ) ;
#3072 = AXIS2_PLACEMENT_3D ( 'NONE', #842, #517, #5000 ) ;
#3073 = DIRECTION ( 'NONE',  ( -1.000000000000000000, 0.000000000000000000, 0.000000000000000000 ) ) ;
#3074 = DIRECTION ( 'NONE',  ( 0.000000000000000000, 0.000000000000000000, 1.000000000000000000 ) ) ;
#3075 = DIRECTION ( 'NONE',  ( -0.000000000000000000, -1.000000000000000000, -0.000000000000000000 ) ) ;
#3076 = CARTESIAN_POINT ( 'NONE',  ( 29.03239602037398015, -6.000000000000000000, 4.150000000000000355 ) ) ;
#3077 = VECTOR ( 'NONE', #406, 1000.000000000000000 ) ;
#3078 = ORIENTED_EDGE ( 'NONE', *, *, #2619, .F. ) ;
#3079 = AXIS2_PLACEMENT_3D ( 'NONE', #75, #3013, #1799 ) ;
#3080 = ORIENTED_EDGE ( 'NONE', *, *, #679, .F. ) ;
#3081 = ORIENTED_EDGE ( 'NONE', *, *, #5337, .T. ) ;
#3082 = VECTOR ( 'NONE', #1967, 1000.000000000000000 ) ;
#3083 = FACE_OUTER_BOUND ( 'NONE', #5341, .T. ) ;
#3084 = CIRCLE ( 'NONE', #752, 2.499999999999998668 ) ;
#3085 = DIRECTION ( 'NONE',  ( 0.000000000000000000, 0.000000000000000000, 1.000000000000000000 ) ) ;
#3086 = EDGE_CURVE ( 'NONE', #1879, #1936, #820, .T. ) ;
#3087 = ORIENTED_EDGE ( 'NONE', *, *, #4803, .T. ) ;
#3088 = CARTESIAN_POINT ( 'NONE',  ( 2.934493141924172210, -8.934493141924171766, -2.934493141924172210 ) ) ;
#3089 = EDGE_CURVE ( 'NONE', #2202, #1983, #3626, .T. ) ;
#3090 = DIRECTION ( 'NONE',  ( -3.469446951953617344E-15, 0.000000000000000000, 1.000000000000000000 ) ) ;
#3091 = CARTESIAN_POINT ( 'NONE',  ( -14.99811776992028989, 5.000000000000000000, -24.10119832667882989 ) ) ;
#3092 = EDGE_LOOP ( 'NONE', ( #1484, #4234 ) ) ;
#3093 = CARTESIAN_POINT ( 'NONE',  ( 25.00119832667881425, 0.000000000000000000, -14.09811776992029486 ) ) ;
#3094 = CARTESIAN_POINT ( 'NONE',  ( 14.99811776992028989, 2.500000000000000000, -26.75119832667879294 ) ) ;
#3095 =( BOUNDED_CURVE ( )  B_SPLINE_CURVE ( 3, ( #3268, #5305, #4487, #759 ),
 .UNSPECIFIED., .F., .T. ) 
 B_SPLINE_CURVE_WITH_KNOTS ( ( 4, 4 ),
 ( 0.000000000000000000, 0.7853981633974483900 ),
 .UNSPECIFIED. ) 
 CURVE ( )  GEOMETRIC_REPRESENTATION_ITEM ( )  RATIONAL_B_SPLINE_CURVE ( ( 1.000000000000000000, 0.9492530216741911220, 0.9492530216741911220, 1.000000000000000000 ) ) 
 REPRESENTATION_ITEM ( '' )  );
#3096 = CARTESIAN_POINT ( 'NONE',  ( -11.50000000000000000, -12.00000000000000000, -7.500000000000000000 ) ) ;
#3097 = ORIENTED_EDGE ( 'NONE', *, *, #3964, .T. ) ;
#3098 = ORIENTED_EDGE ( 'NONE', *, *, #574, .T. ) ;
#3099 = CARTESIAN_POINT ( 'NONE',  ( -25.00119832667880004, 5.000000000000000000, 15.89811776992030801 ) ) ;
#3100 = DIRECTION ( 'NONE',  ( 0.000000000000000000, 0.000000000000000000, -1.000000000000000000 ) ) ;
#3101 = ORIENTED_EDGE ( 'NONE', *, *, #2928, .T. ) ;
#3102 = CYLINDRICAL_SURFACE ( 'NONE', #25, 4.150000000000000355 ) ;
#3103 = CARTESIAN_POINT ( 'NONE',  ( 14.99811776992028989, 0.000000000000000000, -25.00119832667880360 ) ) ;
#3104 = ORIENTED_EDGE ( 'NONE', *, *, #4749, .F. ) ;
#3105 = ORIENTED_EDGE ( 'NONE', *, *, #4743, .F. ) ;
#3106 = CYLINDRICAL_SURFACE ( 'NONE', #4695, 1.749999999999987566 ) ;
#3107 = DIRECTION ( 'NONE',  ( 0.000000000000000000, 1.000000000000000000, -0.000000000000000000 ) ) ;
#3108 = CARTESIAN_POINT ( 'NONE',  ( 12.10970376029903584, 2.000000000000000000, -23.96254615851253433 ) ) ;
#3109 = ORIENTED_EDGE ( 'NONE', *, *, #1860, .F. ) ;
#3110 = CARTESIAN_POINT ( 'NONE',  ( 27.86082314512016822, 2.000000000000000000, -22.20396889562780629 ) ) ;
#3111 = CARTESIAN_POINT ( 'NONE',  ( -14.99811776992028989, 5.000000000000000000, -26.75119832667883202 ) ) ;
#3112 = CARTESIAN_POINT ( 'NONE',  ( 27.86082314512016467, 0.000000000000000000, 22.20396889562780274 ) ) ;
#3113 = ORIENTED_EDGE ( 'NONE', *, *, #698, .F. ) ;
#3114 = DIRECTION ( 'NONE',  ( -0.000000000000000000, -1.000000000000000000, -0.000000000000000000 ) ) ;
#3115 = EDGE_CURVE ( 'NONE', #2246, #272, #3553, .T. ) ;
#3116 = DIRECTION ( 'NONE',  ( 0.000000000000000000, -1.000000000000000000, 0.000000000000000000 ) ) ;
#3117 = DIRECTION ( 'NONE',  ( 0.000000000000000000, 1.000000000000000000, -0.000000000000000000 ) ) ;
#3118 = VERTEX_POINT ( 'NONE', #199 ) ;
#3119 = DIRECTION ( 'NONE',  ( -0.000000000000000000, -1.000000000000000000, -0.000000000000000000 ) ) ;
#3120 = DIRECTION ( 'NONE',  ( 0.000000000000000000, 0.000000000000000000, 1.000000000000000000 ) ) ;
#3121 = DIRECTION ( 'NONE',  ( 0.000000000000000000, -1.000000000000000000, 0.000000000000000000 ) ) ;
#3122 = CARTESIAN_POINT ( 'NONE',  ( 2.934493141924172210, -3.065506858075827790, -2.934493141924172210 ) ) ;
#3123 = VERTEX_POINT ( 'NONE', #5203 ) ;
#3124 = VERTEX_POINT ( 'NONE', #3094 ) ;
#3125 = ADVANCED_FACE ( 'NONE', ( #1814 ), #2745, .T. ) ;
#3126 = CARTESIAN_POINT ( 'NONE',  ( -14.00000000000000178, -1.000000000000000000, 14.00000000000001243 ) ) ;
#3127 = AXIS2_PLACEMENT_3D ( 'NONE', #1706, #2487, #1313 ) ;
#3128 = AXIS2_PLACEMENT_3D ( 'NONE', #2901, #435, #4966 ) ;
#3129 = CARTESIAN_POINT ( 'NONE',  ( 14.99811776992027568, 0.000000000000000000, 25.00119832667880360 ) ) ;
#3130 = VERTEX_POINT ( 'NONE', #2303 ) ;
#3131 = CARTESIAN_POINT ( 'NONE',  ( 14.99811776992027568, 2.000000000000000000, 22.75119832667881781 ) ) ;
#3132 = AXIS2_PLACEMENT_3D ( 'NONE', #3354, #2999, #486 ) ;
#3133 = CIRCLE ( 'NONE', #5125, 1.999999999999998224 ) ;
#3134 = ORIENTED_EDGE ( 'NONE', *, *, #288, .F. ) ;
#3135 = DIRECTION ( 'NONE',  ( 0.000000000000000000, 0.000000000000000000, -1.000000000000000000 ) ) ;
#3136 = AXIS2_PLACEMENT_3D ( 'NONE', #3762, #50, #3814 ) ;
#3137 = CIRCLE ( 'NONE', #4089, 1.000000000000000888 ) ;
#3138 = CARTESIAN_POINT ( 'NONE',  ( -24.06784864032195159, 2.000000000000000000, 12.10831744348036132 ) ) ;
#3139 = DIRECTION ( 'NONE',  ( 0.000000000000000000, 0.000000000000000000, 1.000000000000000000 ) ) ;
#3140 = ORIENTED_EDGE ( 'NONE', *, *, #5061, .T. ) ;
#3141 = VECTOR ( 'NONE', #4943, 1000.000000000000000 ) ;
#3142 = DIRECTION ( 'NONE',  ( 0.7071067811865492381, 0.000000000000000000, -0.7071067811865457964 ) ) ;
#3143 = DIRECTION ( 'NONE',  ( 0.000000000000000000, 0.000000000000000000, 1.000000000000000000 ) ) ;
#3144 = CIRCLE ( 'NONE', #39, 2.499999999999998668 ) ;
#3145 = AXIS2_PLACEMENT_3D ( 'NONE', #490, #3715, #458 ) ;
#3146 = PLANE ( 'NONE',  #4556 ) ;
#3147 = ORIENTED_EDGE ( 'NONE', *, *, #4829, .T. ) ;
#3148 = EDGE_CURVE ( 'NONE', #1337, #1879, #1037, .T. ) ;
#3149 = PRODUCT_RELATED_PRODUCT_CATEGORY ( 'detail', '', ( #2566 ) ) ;
#3150 = ORIENTED_EDGE ( 'NONE', *, *, #4983, .T. ) ;
#3151 = DIRECTION ( 'NONE',  ( 0.000000000000000000, 0.000000000000000000, 1.000000000000000000 ) ) ;
#3152 = DIRECTION ( 'NONE',  ( 0.000000000000000000, 0.000000000000000000, 1.000000000000000000 ) ) ;
#3153 = VERTEX_POINT ( 'NONE', #2629 ) ;
#3154 = VECTOR ( 'NONE', #4399, 1000.000000000000000 ) ;
#3155 = CIRCLE ( 'NONE', #2113, 0.9000000000000014655 ) ;
#3156 = DIRECTION ( 'NONE',  ( 0.000000000000000000, 0.000000000000000000, -1.000000000000000000 ) ) ;
#3157 = EDGE_CURVE ( 'NONE', #757, #3905, #4287, .T. ) ;
#3158 = CARTESIAN_POINT ( 'NONE',  ( 5.082284216461515156E-16, -1.850000000000000977, 4.150000000000000355 ) ) ;
#3159 = TOROIDAL_SURFACE ( 'NONE', #4638, 6.000000000000000000, 1.000000000000000000 ) ;
#3160 = VERTEX_POINT ( 'NONE', #2399 ) ;
#3161 = ADVANCED_FACE ( 'NONE', ( #3197 ), #5312, .F. ) ;
#3162 = EDGE_LOOP ( 'NONE', ( #3892, #616, #375, #5210 ) ) ;
#3163 = DIRECTION ( 'NONE',  ( 0.000000000000000000, 1.000000000000000000, -0.000000000000000000 ) ) ;
#3164 = AXIS2_PLACEMENT_3D ( 'NONE', #839, #924, #3328 ) ;
#3165 = CARTESIAN_POINT ( 'NONE',  ( 25.00119832667881425, 5.000000000000000000, -13.24811776992029522 ) ) ;
#3166 = EDGE_CURVE ( 'NONE', #4625, #4151, #2681, .T. ) ;
#3167 = DIRECTION ( 'NONE',  ( 0.000000000000000000, 0.000000000000000000, 1.000000000000000000 ) ) ;
#3168 = EDGE_CURVE ( 'NONE', #4062, #2731, #1124, .T. ) ;
#3169 = AXIS2_PLACEMENT_3D ( 'NONE', #647, #2588, #2257 ) ;
#3170 = ORIENTED_EDGE ( 'NONE', *, *, #4277, .T. ) ;
#3171 = LINE ( 'NONE', #1092, #1147 ) ;
#3172 = CIRCLE ( 'NONE', #1607, 2.250000000000000444 ) ;
#3173 = CYLINDRICAL_SURFACE ( 'NONE', #4989, 0.8999999999999998002 ) ;
#3174 = FACE_OUTER_BOUND ( 'NONE', #4407, .T. ) ;
#3175 = DIRECTION ( 'NONE',  ( 0.000000000000000000, 0.000000000000000000, -1.000000000000000000 ) ) ;
#3176 = EDGE_CURVE ( 'NONE', #688, #3608, #311, .T. ) ;
#3177 = CARTESIAN_POINT ( 'NONE',  ( 10.82647259854735466, 0.000000000000000000, 22.04248076409416157 ) ) ;
#3178 = CARTESIAN_POINT ( 'NONE',  ( -14.99811776992028989, 2.500000000000000000, -25.00119832667883202 ) ) ;
#3179 = VERTEX_POINT ( 'NONE', #1599 ) ;
#3180 = ORIENTED_EDGE ( 'NONE', *, *, #1701, .F. ) ;
#3181 = LINE ( 'NONE', #4837, #5048 ) ;
#3182 = DIRECTION ( 'NONE',  ( -0.000000000000000000, -1.000000000000000000, 0.000000000000000000 ) ) ;
#3183 = DIRECTION ( 'NONE',  ( -1.000000000000000000, -0.000000000000000000, -0.000000000000000000 ) ) ;
#3184 = DIRECTION ( 'NONE',  ( 0.000000000000000000, 0.000000000000000000, -1.000000000000000000 ) ) ;
#3185 = ORIENTED_EDGE ( 'NONE', *, *, #119, .F. ) ;
#3186 = ORIENTED_EDGE ( 'NONE', *, *, #489, .F. ) ;
#3187 = EDGE_CURVE ( 'NONE', #3531, #3899, #1201, .T. ) ;
#3188 = DIRECTION ( 'NONE',  ( -0.000000000000000000, -1.000000000000000000, -0.000000000000000000 ) ) ;
#3189 = EDGE_CURVE ( 'NONE', #2401, #1583, #3856, .T. ) ;
#3190 = CARTESIAN_POINT ( 'NONE',  ( 22.04248076409415447, 2.000000000000000000, -10.82647259854741684 ) ) ;
#3191 = DIRECTION ( 'NONE',  ( -0.000000000000000000, -1.000000000000000000, -0.000000000000000000 ) ) ;
#3192 = EDGE_LOOP ( 'NONE', ( #2142, #2023, #3105, #3728 ) ) ;
#3193 = DIRECTION ( 'NONE',  ( 0.000000000000000000, 0.000000000000000000, 1.000000000000000000 ) ) ;
#3194 = CARTESIAN_POINT ( 'NONE',  ( -27.86082314512017177, 2.000000000000000000, 22.20396889562778853 ) ) ;
#3195 = CYLINDRICAL_SURFACE ( 'NONE', #1590, 4.150000000000000355 ) ;
#3196 = ORIENTED_EDGE ( 'NONE', *, *, #2298, .F. ) ;
#3197 = FACE_OUTER_BOUND ( 'NONE', #3690, .T. ) ;
#3198 = DIRECTION ( 'NONE',  ( 0.7071067811865471286, 0.000000000000000000, -0.7071067811865480168 ) ) ;
#3199 = ORIENTED_EDGE ( 'NONE', *, *, #3009, .F. ) ;
#3200 = DIRECTION ( 'NONE',  ( 0.000000000000000000, 0.000000000000000000, -1.000000000000000000 ) ) ;
#3201 = DIRECTION ( 'NONE',  ( 0.000000000000000000, 0.000000000000000000, 1.000000000000000000 ) ) ;
#3202 = EDGE_LOOP ( 'NONE', ( #2159, #4581, #292, #3104 ) ) ;
#3203 = CARTESIAN_POINT ( 'NONE',  ( 8.572527594031473190E-16, 5.000000000000000000, 7.000000000000000000 ) ) ;
#3204 = CARTESIAN_POINT ( 'NONE',  ( -25.00119832667881425, 0.000000000000000000, -14.99811776992030765 ) ) ;
#3205 = ORIENTED_EDGE ( 'NONE', *, *, #1410, .T. ) ;
#3206 = ORIENTED_EDGE ( 'NONE', *, *, #1231, .T. ) ;
#3207 = DIRECTION ( 'NONE',  ( -0.000000000000000000, -1.000000000000000000, -0.000000000000000000 ) ) ;
#3208 = DIRECTION ( 'NONE',  ( 0.000000000000000000, 1.000000000000000000, -0.000000000000000000 ) ) ;
#3209 = DIRECTION ( 'NONE',  ( -0.000000000000000000, -1.000000000000000000, -0.000000000000000000 ) ) ;
#3210 = EDGE_CURVE ( 'NONE', #1521, #2594, #2822, .T. ) ;
#3211 = EDGE_CURVE ( 'NONE', #5320, #1122, #3239, .T. ) ;
#3212 = ORIENTED_EDGE ( 'NONE', *, *, #2739, .T. ) ;
#3213 = AXIS2_PLACEMENT_3D ( 'NONE', #1442, #4645, #930 ) ;
#3214 = DIRECTION ( 'NONE',  ( 0.000000000000000000, 1.000000000000000000, -0.000000000000000000 ) ) ;
#3215 = CIRCLE ( 'NONE', #2345, 4.000000000000003553 ) ;
#3216 = DIRECTION ( 'NONE',  ( 0.000000000000000000, 0.000000000000000000, 1.000000000000000000 ) ) ;
#3217 = CIRCLE ( 'NONE', #1332, 4.150000000000000355 ) ;
#3218 = DIRECTION ( 'NONE',  ( 0.3580378399195150996, 0.000000000000000000, 0.9337070767568208529 ) ) ;
#3219 = EDGE_CURVE ( 'NONE', #921, #2033, #4884, .T. ) ;
#3220 = VECTOR ( 'NONE', #915, 1000.000000000000000 ) ;
#3221 = CIRCLE ( 'NONE', #1928, 4.000000000000003553 ) ;
#3222 = CARTESIAN_POINT ( 'NONE',  ( 2.828427124746162313, 0.000000000000000000, -2.828427124746166310 ) ) ;
#3223 = CYLINDRICAL_SURFACE ( 'NONE', #4120, 1.749999999999987566 ) ;
#3224 = EDGE_CURVE ( 'NONE', #2695, #3478, #2542, .T. ) ;
#3225 = CIRCLE ( 'NONE', #550, 1.999999999999998224 ) ;
#3226 = AXIS2_PLACEMENT_3D ( 'NONE', #4626, #502, #793 ) ;
#3227 = EDGE_CURVE ( 'NONE', #3324, #3353, #651, .T. ) ;
#3228 = CARTESIAN_POINT ( 'NONE',  ( 16.10831744348029204, 0.000000000000000000, 24.06784864032195159 ) ) ;
#3229 = FACE_OUTER_BOUND ( 'NONE', #3878, .T. ) ;
#3230 = ORIENTED_EDGE ( 'NONE', *, *, #3931, .T. ) ;
#3231 = CARTESIAN_POINT ( 'NONE',  ( 14.99811776992027568, 2.500000000000000000, 23.25119832667881781 ) ) ;
#3232 = VECTOR ( 'NONE', #4046, 1000.000000000000000 ) ;
#3233 = CYLINDRICAL_SURFACE ( 'NONE', #645, 3.999999999999989786 ) ;
#3234 = ORIENTED_EDGE ( 'NONE', *, *, #2848, .F. ) ;
#3235 = EDGE_LOOP ( 'NONE', ( #1350, #581, #2861, #3368 ) ) ;
#3236 = AXIS2_PLACEMENT_3D ( 'NONE', #3448, #1499, #4772 ) ;
#3237 = ORIENTED_EDGE ( 'NONE', *, *, #1825, .T. ) ;
#3238 = CARTESIAN_POINT ( 'NONE',  ( 10.11039691870832513, 2.000000000000000000, 23.90989491760780794 ) ) ;
#3239 = CIRCLE ( 'NONE', #4893, 4.000000000000003553 ) ;
#3240 = LINE ( 'NONE', #3165, #1690 ) ;
#3241 = CYLINDRICAL_SURFACE ( 'NONE', #3674, 0.8999999999999998002 ) ;
#3242 = ORIENTED_EDGE ( 'NONE', *, *, #113, .T. ) ;
#3243 = AXIS2_PLACEMENT_3D ( 'NONE', #3922, #1463, #4302 ) ;
#3244 = DIRECTION ( 'NONE',  ( 0.000000000000000000, 0.000000000000000000, 1.000000000000000000 ) ) ;
#3245 = EDGE_CURVE ( 'NONE', #3444, #2079, #3777, .T. ) ;
#3246 = DIRECTION ( 'NONE',  ( 0.000000000000000000, 0.000000000000000000, -1.000000000000000000 ) ) ;
#3247 = CIRCLE ( 'NONE', #2132, 2.249999999999988010 ) ;
#3248 = CARTESIAN_POINT ( 'NONE',  ( 21.49414486952473879, 2.000000000000000000, -27.15099911901713625 ) ) ;
#3249 = AXIS2_PLACEMENT_3D ( 'NONE', #5057, #2990, #5032 ) ;
#3250 = ORIENTED_EDGE ( 'NONE', *, *, #3189, .F. ) ;
#3251 = EDGE_CURVE ( 'NONE', #2761, #394, #4491, .T. ) ;
#3252 = AXIS2_PLACEMENT_3D ( 'NONE', #3908, #1846, #200 ) ;
#3253 = CARTESIAN_POINT ( 'NONE',  ( 28.56521268139017522, 2.000000000000000000, 20.07993130715162877 ) ) ;
#3254 = DIRECTION ( 'NONE',  ( -0.7071067811865479058, 0.000000000000000000, -0.7071067811865470176 ) ) ;
#3255 = CARTESIAN_POINT ( 'NONE',  ( -13.50000000000000178, 0.000000000000000000, -7.500000000000000000 ) ) ;
#3256 = DIRECTION ( 'NONE',  ( 0.000000000000000000, -1.000000000000000000, 0.000000000000000000 ) ) ;
#3257 = CARTESIAN_POINT ( 'NONE',  ( -7.500000000000000888, -1.000000000000000888, -13.50000000000000178 ) ) ;
#3258 = ADVANCED_FACE ( 'NONE', ( #2768 ), #355, .F. ) ;
#3259 = CARTESIAN_POINT ( 'NONE',  ( -21.49414486952474590, 0.000000000000000000, 27.15099911901713270 ) ) ;
#3260 = VERTEX_POINT ( 'NONE', #4047 ) ;
#3261 = ORIENTED_EDGE ( 'NONE', *, *, #2122, .F. ) ;
#3262 = VERTEX_POINT ( 'NONE', #1975 ) ;
#3263 = CARTESIAN_POINT ( 'NONE',  ( 24.06784864032188054, 0.000000000000000000, 16.10831744348034889 ) ) ;
#3264 = DIRECTION ( 'NONE',  ( 0.000000000000000000, 0.000000000000000000, 1.000000000000000000 ) ) ;
#3265 = DIRECTION ( 'NONE',  ( -0.000000000000000000, -1.000000000000000000, 0.000000000000000000 ) ) ;
#3266 = ORIENTED_EDGE ( 'NONE', *, *, #3654, .T. ) ;
#3267 = VERTEX_POINT ( 'NONE', #384 ) ;
#3268 = CARTESIAN_POINT ( 'NONE',  ( -4.150000000000004796, -6.000000000000000000, 4.150000000000000355 ) ) ;
#3269 = ADVANCED_FACE ( 'NONE', ( #2027 ), #5344, .F. ) ;
#3270 = CARTESIAN_POINT ( 'NONE',  ( 5.980998276113258960, 2.000000000000000000, -15.59751454687771854 ) ) ;
#3271 = DIRECTION ( 'NONE',  ( 0.000000000000000000, 0.000000000000000000, 1.000000000000000000 ) ) ;
#3272 = VERTEX_POINT ( 'NONE', #1528 ) ;
#3273 = ORIENTED_EDGE ( 'NONE', *, *, #183, .T. ) ;
#3274 = DIRECTION ( 'NONE',  ( 1.734723475976805517E-15, 0.000000000000000000, 1.000000000000000000 ) ) ;
#3275 = CARTESIAN_POINT ( 'NONE',  ( 12.50000000000000000, -12.00000000000000000, -7.500000000000000000 ) ) ;
#3276 = VERTEX_POINT ( 'NONE', #3177 ) ;
#3277 = ORIENTED_EDGE ( 'NONE', *, *, #5361, .F. ) ;
#3278 = EDGE_CURVE ( 'NONE', #1358, #2236, #5066, .T. ) ;
#3279 = DIRECTION ( 'NONE',  ( 0.000000000000000000, 0.000000000000000000, -1.000000000000000000 ) ) ;
#3280 = EDGE_CURVE ( 'NONE', #1111, #3406, #4283, .T. ) ;
#3281 = CARTESIAN_POINT ( 'NONE',  ( 22.20396889562778853, 0.000000000000000000, -27.86082314512018598 ) ) ;
#3282 = CARTESIAN_POINT ( 'NONE',  ( -22.04248076409415802, 2.000000000000000000, 10.82647259854743282 ) ) ;
#3283 = ADVANCED_FACE ( 'NONE', ( #1308 ), #492, .T. ) ;
#3284 = CARTESIAN_POINT ( 'NONE',  ( -14.99811776992028989, 5.000000000000000000, -25.00119832667883202 ) ) ;
#3285 = ORIENTED_EDGE ( 'NONE', *, *, #1868, .F. ) ;
#3286 = ORIENTED_EDGE ( 'NONE', *, *, #4335, .F. ) ;
#3287 = DIRECTION ( 'NONE',  ( 0.000000000000000000, 0.000000000000000000, 1.000000000000000000 ) ) ;
#3288 = ORIENTED_EDGE ( 'NONE', *, *, #3312, .F. ) ;
#3289 = EDGE_CURVE ( 'NONE', #4420, #827, #2119, .T. ) ;
#3290 = DIRECTION ( 'NONE',  ( -0.000000000000000000, -1.000000000000000000, 0.000000000000000000 ) ) ;
#3291 = DIRECTION ( 'NONE',  ( -0.000000000000000000, 1.000000000000000000, -0.000000000000000000 ) ) ;
#3292 = EDGE_CURVE ( 'NONE', #2398, #2672, #5151, .T. ) ;
#3293 = EDGE_LOOP ( 'NONE', ( #3810, #3655, #3662, #5083 ) ) ;
#3294 = DIRECTION ( 'NONE',  ( -0.000000000000000000, -1.000000000000000000, -0.000000000000000000 ) ) ;
#3295 = LINE ( 'NONE', #1639, #4549 ) ;
#3296 = DIRECTION ( 'NONE',  ( 0.000000000000000000, 0.000000000000000000, 1.000000000000000000 ) ) ;
#3297 = ORIENTED_EDGE ( 'NONE', *, *, #1204, .F. ) ;
#3298 = VERTEX_POINT ( 'NONE', #896 ) ;
#3299 = CIRCLE ( 'NONE', #2782, 2.250000000000001776 ) ;
#3300 = CIRCLE ( 'NONE', #193, 1.000000000000000888 ) ;
#3301 = DIRECTION ( 'NONE',  ( -0.000000000000000000, -1.000000000000000000, 0.000000000000000000 ) ) ;
#3302 = DIRECTION ( 'NONE',  ( -0.000000000000000000, -0.000000000000000000, -1.000000000000000000 ) ) ;
#3303 = ORIENTED_EDGE ( 'NONE', *, *, #1627, .T. ) ;
#3304 = CIRCLE ( 'NONE', #2517, 2.249999999999988010 ) ;
#3305 = CIRCLE ( 'NONE', #291, 0.9000000000000014655 ) ;
#3306 = CARTESIAN_POINT ( 'NONE',  ( -25.00119832667880004, 5.000000000000000000, 14.99811776992030765 ) ) ;
#3307 = DIRECTION ( 'NONE',  ( 0.000000000000000000, 0.000000000000000000, -1.000000000000000000 ) ) ;
#3308 = DIRECTION ( 'NONE',  ( 0.000000000000000000, 0.000000000000000000, -1.000000000000000000 ) ) ;
#3309 = DIRECTION ( 'NONE',  ( 0.000000000000000000, 1.000000000000000000, 0.000000000000000000 ) ) ;
#3310 = CIRCLE ( 'NONE', #1159, 1.750000000000001554 ) ;
#3311 = AXIS2_PLACEMENT_3D ( 'NONE', #1649, #4147, #2064 ) ;
#3312 = EDGE_CURVE ( 'NONE', #4694, #1461, #911, .T. ) ;
#3313 = ORIENTED_EDGE ( 'NONE', *, *, #4680, .F. ) ;
#3314 = ORIENTED_EDGE ( 'NONE', *, *, #3817, .T. ) ;
#3315 = DIRECTION ( 'NONE',  ( 0.000000000000000000, 0.000000000000000000, 1.000000000000000000 ) ) ;
#3316 = ORIENTED_EDGE ( 'NONE', *, *, #5105, .F. ) ;
#3317 = AXIS2_PLACEMENT_3D ( 'NONE', #2752, #691, #4054 ) ;
#3318 = DIRECTION ( 'NONE',  ( 0.000000000000000000, 1.000000000000000000, -0.000000000000000000 ) ) ;
#3319 = ADVANCED_FACE ( 'NONE', ( #3744 ), #3419, .F. ) ;
#3320 = CARTESIAN_POINT ( 'NONE',  ( -14.99811776992028634, 5.000000000000000000, 23.25119832667883202 ) ) ;
#3321 = CIRCLE ( 'NONE', #2535, 0.9000000000000014655 ) ;
#3322 = CIRCLE ( 'NONE', #990, 5.000000000000000000 ) ;
#3323 = APPROVAL_ROLE ( '' ) ;
#3324 = VERTEX_POINT ( 'NONE', #1703 ) ;
#3325 = FACE_OUTER_BOUND ( 'NONE', #2590, .T. ) ;
#3326 = VECTOR ( 'NONE', #1315, 1000.000000000000000 ) ;
#3327 = ADVANCED_FACE ( 'NONE', ( #3004 ), #4144, .F. ) ;
#3328 = DIRECTION ( 'NONE',  ( 0.000000000000000000, 0.000000000000000000, -1.000000000000000000 ) ) ;
#3329 = LINE ( 'NONE', #892, #3930 ) ;
#3330 = AXIS2_PLACEMENT_3D ( 'NONE', #2484, #87, #3382 ) ;
#3331 = ORIENTED_EDGE ( 'NONE', *, *, #2827, .F. ) ;
#3332 = VERTEX_POINT ( 'NONE', #1675 ) ;
#3333 = AXIS2_PLACEMENT_3D ( 'NONE', #3658, #2421, #732 ) ;
#3334 = CARTESIAN_POINT ( 'NONE',  ( 5.082284216461515156E-16, -1.850000000000000977, 4.150000000000000355 ) ) ;
#3335 = ORIENTED_EDGE ( 'NONE', *, *, #1151, .T. ) ;
#3336 = LINE ( 'NONE', #3825, #1493 ) ;
#3337 = TOROIDAL_SURFACE ( 'NONE', #1100, 2.250000000000002665, 0.5000000000000000000 ) ;
#3338 = VERTEX_POINT ( 'NONE', #2899 ) ;
#3339 = AXIS2_PLACEMENT_3D ( 'NONE', #3438, #5143, #3001 ) ;
#3340 = CARTESIAN_POINT ( 'NONE',  ( 0.000000000000000000, 5.000000000000000000, 0.000000000000000000 ) ) ;
#3341 = DIRECTION ( 'NONE',  ( 1.000000000000000000, 0.000000000000000000, 1.224646799147353207E-16 ) ) ;
#3342 = DIRECTION ( 'NONE',  ( 0.000000000000000000, 1.000000000000000000, 0.000000000000000000 ) ) ;
#3343 = CIRCLE ( 'NONE', #3693, 4.000000000000003553 ) ;
#3344 = EDGE_LOOP ( 'NONE', ( #2016, #4505, #543, #1774 ) ) ;
#3345 = ORIENTED_EDGE ( 'NONE', *, *, #1969, .F. ) ;
#3346 = CYLINDRICAL_SURFACE ( 'NONE', #888, 4.150000000000000355 ) ;
#3347 = VERTEX_POINT ( 'NONE', #3334 ) ;
#3348 = CARTESIAN_POINT ( 'NONE',  ( -12.10970376029903584, 2.000000000000000000, -23.96254615851253433 ) ) ;
#3349 = LINE ( 'NONE', #5062, #5309 ) ;
#3350 = LINE ( 'NONE', #2938, #2647 ) ;
#3351 = PERSON_AND_ORGANIZATION ( #67, #4028 ) ;
#3352 = EDGE_CURVE ( 'NONE', #1885, #107, #2164, .T. ) ;
#3353 = VERTEX_POINT ( 'NONE', #111 ) ;
#3354 = CARTESIAN_POINT ( 'NONE',  ( 14.99811776992028989, 5.000000000000000000, -25.00119832667880360 ) ) ;
#3355 = EDGE_CURVE ( 'NONE', #4839, #2706, #4984, .T. ) ;
#3356 = DIRECTION ( 'NONE',  ( 0.000000000000000000, 0.000000000000000000, -1.000000000000000000 ) ) ;
#3357 = DIRECTION ( 'NONE',  ( 0.000000000000000000, 0.000000000000000000, 1.000000000000000000 ) ) ;
#3358 = ORIENTED_EDGE ( 'NONE', *, *, #278, .T. ) ;
#3359 = FACE_OUTER_BOUND ( 'NONE', #2171, .T. ) ;
#3360 = CARTESIAN_POINT ( 'NONE',  ( 0.000000000000000000, -11.00000000000000000, -11.50000000000000000 ) ) ;
#3361 = ORIENTED_EDGE ( 'NONE', *, *, #5311, .T. ) ;
#3362 = ADVANCED_FACE ( 'NONE', ( #3359 ), #3940, .F. ) ;
#3363 = CYLINDRICAL_SURFACE ( 'NONE', #3127, 4.000000000000003553 ) ;
#3364 = CARTESIAN_POINT ( 'NONE',  ( 21.49414486952471748, 0.000000000000000000, 27.15099911901711138 ) ) ;
#3365 = DIRECTION ( 'NONE',  ( 8.673617379884027583E-16, 0.000000000000000000, 1.000000000000000000 ) ) ;
#3366 = EDGE_LOOP ( 'NONE', ( #3261, #1608, #1104, #4278 ) ) ;
#3367 = ORIENTED_EDGE ( 'NONE', *, *, #3450, .F. ) ;
#3368 = ORIENTED_EDGE ( 'NONE', *, *, #2101, .T. ) ;
#3369 = CARTESIAN_POINT ( 'NONE',  ( 24.06784864032188054, 0.000000000000000000, 16.10831744348034889 ) ) ;
#3370 = CARTESIAN_POINT ( 'NONE',  ( -7.500000000000000888, -11.00000000000000000, -12.50000000000000000 ) ) ;
#3371 = FACE_OUTER_BOUND ( 'NONE', #2050, .T. ) ;
#3372 = CARTESIAN_POINT ( 'NONE',  ( -22.04248076409415447, 2.000000000000000000, -10.82647259854741684 ) ) ;
#3373 = DIRECTION ( 'NONE',  ( -0.7071067811865464625, 0.000000000000000000, -0.7071067811865486830 ) ) ;
#3374 = ORIENTED_EDGE ( 'NONE', *, *, #4030, .F. ) ;
#3375 = EDGE_LOOP ( 'NONE', ( #4950, #3703 ) ) ;
#3376 = LINE ( 'NONE', #4599, #21 ) ;
#3377 = CARTESIAN_POINT ( 'NONE',  ( 0.000000000000000000, 0.000000000000000000, 20.00000000000002487 ) ) ;
#3378 = CYLINDRICAL_SURFACE ( 'NONE', #4882, 1.749999999999999778 ) ;
#3379 = ADVANCED_FACE ( 'NONE', ( #1340 ), #4167, .F. ) ;
#3380 = EDGE_CURVE ( 'NONE', #711, #4839, #2541, .T. ) ;
#3381 = ORIENTED_EDGE ( 'NONE', *, *, #5075, .T. ) ;
#3382 = DIRECTION ( 'NONE',  ( 0.000000000000000000, 0.000000000000000000, -1.000000000000000000 ) ) ;
#3383 = ORIENTED_EDGE ( 'NONE', *, *, #2289, .T. ) ;
#3384 = LINE ( 'NONE', #2543, #23 ) ;
#3385 = ADVANCED_FACE ( 'NONE', ( #4225 ), #1681, .F. ) ;
#3386 = VERTEX_POINT ( 'NONE', #3718 ) ;
#3387 = PLANE ( 'NONE',  #2256 ) ;
#3388 = AXIS2_PLACEMENT_3D ( 'NONE', #4408, #3712, #4111 ) ;
#3389 = CARTESIAN_POINT ( 'NONE',  ( 0.000000000000000000, -1.850000000000000977, -4.150000000000000355 ) ) ;
#3390 = AXIS2_PLACEMENT_3D ( 'NONE', #3360, #5023, #1367 ) ;
#3391 = LINE ( 'NONE', #4208, #1594 ) ;
#3392 = ADVANCED_FACE ( 'NONE', ( #1 ), #1643, .F. ) ;
#3393 = EDGE_CURVE ( 'NONE', #1617, #634, #2286, .T. ) ;
#3394 = ORIENTED_EDGE ( 'NONE', *, *, #3009, .T. ) ;
#3395 = CIRCLE ( 'NONE', #1654, 0.9000000000000014655 ) ;
#3396 = EDGE_LOOP ( 'NONE', ( #863, #4159, #1222, #985 ) ) ;
#3397 = VERTEX_POINT ( 'NONE', #4305 ) ;
#3398 = DIRECTION ( 'NONE',  ( -0.000000000000000000, -1.000000000000000000, -0.000000000000000000 ) ) ;
#3399 = CARTESIAN_POINT ( 'NONE',  ( -22.20396889562778142, 2.000000000000000000, -27.86082314512018598 ) ) ;
#3400 = CARTESIAN_POINT ( 'NONE',  ( 14.00000000000000178, -1.000000000000000000, 11.50000000000001421 ) ) ;
#3401 = CIRCLE ( 'NONE', #977, 4.000000000000000000 ) ;
#3402 = AXIS2_PLACEMENT_3D ( 'NONE', #3912, #4653, #986 ) ;
#3403 = CARTESIAN_POINT ( 'NONE',  ( -14.99811776992028634, 2.500000000000000000, 25.00119832667883202 ) ) ;
#3404 = DATE_AND_TIME ( #1743, #2019 ) ;
#3405 = AXIS2_PLACEMENT_3D ( 'NONE', #148, #4747, #1842 ) ;
#3406 = VERTEX_POINT ( 'NONE', #4718 ) ;
#3407 = VERTEX_POINT ( 'NONE', #166 ) ;
#3408 = FACE_OUTER_BOUND ( 'NONE', #4764, .T. ) ;
#3409 = EDGE_CURVE ( 'NONE', #344, #324, #5150, .T. ) ;
#3410 = CIRCLE ( 'NONE', #1167, 0.5000000000000004441 ) ;
#3411 = CIRCLE ( 'NONE', #4629, 0.8999999999999998002 ) ;
#3412 = CARTESIAN_POINT ( 'NONE',  ( 28.56521268139020719, 2.000000000000000000, -20.07993130715165719 ) ) ;
#3413 = DIRECTION ( 'NONE',  ( -1.000000000000000000, 0.000000000000000000, 0.000000000000000000 ) ) ;
#3414 = ORIENTED_EDGE ( 'NONE', *, *, #933, .F. ) ;
#3415 = VECTOR ( 'NONE', #1963, 1000.000000000000000 ) ;
#3416 = EDGE_CURVE ( 'NONE', #4555, #1827, #2456, .T. ) ;
#3417 = DIRECTION ( 'NONE',  ( 0.000000000000000000, 1.000000000000000000, -0.000000000000000000 ) ) ;
#3418 = EDGE_LOOP ( 'NONE', ( #2837, #3512 ) ) ;
#3419 = TOROIDAL_SURFACE ( 'NONE', #1091, 2.249999999999989342, 0.5000000000000000000 ) ;
#3420 = CARTESIAN_POINT ( 'NONE',  ( 27.15099911901711494, 2.000000000000000000, -21.49414486952475301 ) ) ;
#3421 = ADVANCED_FACE ( 'NONE', ( #1870 ), #3159, .F. ) ;
#3422 = DIRECTION ( 'NONE',  ( 0.000000000000000000, 0.000000000000000000, 1.000000000000000000 ) ) ;
#3423 = AXIS2_PLACEMENT_3D ( 'NONE', #4636, #1219, #4958 ) ;
#3424 = CARTESIAN_POINT ( 'NONE',  ( 5.082284216461515156E-16, -1.850000000000000977, 4.150000000000000355 ) ) ;
#3425 = EDGE_CURVE ( 'NONE', #970, #4464, #4810, .T. ) ;
#3426 = CARTESIAN_POINT ( 'NONE',  ( -25.00119832667880004, 2.500000000000000000, 14.99811776992030765 ) ) ;
#3427 = ORIENTED_EDGE ( 'NONE', *, *, #4288, .T. ) ;
#3428 = CIRCLE ( 'NONE', #143, 0.9000000000000014655 ) ;
#3429 = EDGE_LOOP ( 'NONE', ( #1929, #4954, #1307, #998 ) ) ;
#3430 = CARTESIAN_POINT ( 'NONE',  ( 0.000000000000000000, -10.14999999999999858, -4.150000000000000355 ) ) ;
#3431 = VERTEX_POINT ( 'NONE', #3471 ) ;
#3432 = PLANE ( 'NONE',  #2004 ) ;
#3433 = VECTOR ( 'NONE', #4938, 1000.000000000000000 ) ;
#3434 = FACE_OUTER_BOUND ( 'NONE', #509, .T. ) ;
#3435 = DATE_AND_TIME ( #2500, #5148 ) ;
#3436 = EDGE_LOOP ( 'NONE', ( #2228, #2805 ) ) ;
#3437 = FACE_OUTER_BOUND ( 'NONE', #123, .T. ) ;
#3438 = CARTESIAN_POINT ( 'NONE',  ( 16.10831744348034533, 2.000000000000000000, -24.06784864032195159 ) ) ;
#3439 = ORIENTED_EDGE ( 'NONE', *, *, #1910, .T. ) ;
#3440 = CARTESIAN_POINT ( 'NONE',  ( -22.04248076409415447, 0.000000000000000000, -10.82647259854741684 ) ) ;
#3441 = EDGE_LOOP ( 'NONE', ( #3594, #996, #55, #1386 ) ) ;
#3442 = EDGE_CURVE ( 'NONE', #4347, #3983, #1265, .T. ) ;
#3443 = CARTESIAN_POINT ( 'NONE',  ( 0.000000000000000000, 2.500000000000000000, 0.000000000000000000 ) ) ;
#3444 = VERTEX_POINT ( 'NONE', #3111 ) ;
#3445 = DIRECTION ( 'NONE',  ( 0.000000000000000000, 0.000000000000000000, 1.000000000000000000 ) ) ;
#3446 = ORIENTED_EDGE ( 'NONE', *, *, #2253, .T. ) ;
#3447 = DIRECTION ( 'NONE',  ( 0.000000000000000000, 0.000000000000000000, 1.000000000000000000 ) ) ;
#3448 = CARTESIAN_POINT ( 'NONE',  ( -25.03239602037398015, 0.000000000000000000, -25.03239602037399436 ) ) ;
#3449 = ORIENTED_EDGE ( 'NONE', *, *, #142, .F. ) ;
#3450 = EDGE_CURVE ( 'NONE', #4464, #255, #1412, .T. ) ;
#3451 = ADVANCED_FACE ( 'NONE', ( #253 ), #949, .F. ) ;
#3452 = VERTEX_POINT ( 'NONE', #2593 ) ;
#3453 = VERTEX_POINT ( 'NONE', #5196 ) ;
#3454 = EDGE_CURVE ( 'NONE', #255, #1642, #2653, .T. ) ;
#3455 = CARTESIAN_POINT ( 'NONE',  ( -11.50000000000000000, -11.00000000000000000, 7.500000000000000888 ) ) ;
#3456 = DIRECTION ( 'NONE',  ( -0.000000000000000000, -1.000000000000000000, 0.000000000000000000 ) ) ;
#3457 = ORIENTED_EDGE ( 'NONE', *, *, #4579, .T. ) ;
#3458 = CARTESIAN_POINT ( 'NONE',  ( -20.07993130715166075, 2.000000000000000000, 26.56521268139023206 ) ) ;
#3459 = CARTESIAN_POINT ( 'NONE',  ( 4.150000000000001243, -6.000000000000000000, 4.150000000000000355 ) ) ;
#3460 = DATE_AND_TIME ( #2582, #2282 ) ;
#3461 = ADVANCED_FACE ( 'NONE', ( #2237 ), #4688, .F. ) ;
#3462 = ORIENTED_EDGE ( 'NONE', *, *, #2821, .T. ) ;
#3463 = DIRECTION ( 'NONE',  ( 0.000000000000000000, 0.000000000000000000, 1.000000000000000000 ) ) ;
#3464 = DIRECTION ( 'NONE',  ( 0.000000000000000000, 0.000000000000000000, 1.000000000000000000 ) ) ;
#3465 = EDGE_CURVE ( 'NONE', #4850, #3347, #4282, .T. ) ;
#3466 = VERTEX_POINT ( 'NONE', #3056 ) ;
#3467 = VERTEX_POINT ( 'NONE', #3879 ) ;
#3468 = FACE_OUTER_BOUND ( 'NONE', #4072, .T. ) ;
#3469 = ADVANCED_FACE ( 'NONE', ( #2191 ), #3854, .T. ) ;
#3470 = EDGE_LOOP ( 'NONE', ( #3237, #586, #598, #2878, #1424, #3681, #1787, #1505 ) ) ;
#3471 = CARTESIAN_POINT ( 'NONE',  ( -7.500000000000000888, -1.000000000000000888, -12.50000000000000000 ) ) ;
#3472 = CARTESIAN_POINT ( 'NONE',  ( 19.99999999999999289, 0.000000000000000000, 5.500000000000017764 ) ) ;
#3473 = CARTESIAN_POINT ( 'NONE',  ( 14.00000000000000178, 0.000000000000000000, 11.50000000000001421 ) ) ;
#3474 = PLANE ( 'NONE',  #3934 ) ;
#3475 =( BOUNDED_CURVE ( )  B_SPLINE_CURVE ( 3, ( #1206, #2825, #2065, #767 ),
 .UNSPECIFIED., .F., .T. ) 
 B_SPLINE_CURVE_WITH_KNOTS ( ( 4, 4 ),
 ( 0.000000000000000000, 0.7853981633974483900 ),
 .UNSPECIFIED. ) 
 CURVE ( )  GEOMETRIC_REPRESENTATION_ITEM ( )  RATIONAL_B_SPLINE_CURVE ( ( 1.000000000000000000, 0.9492530216741911220, 0.9492530216741911220, 1.000000000000000000 ) ) 
 REPRESENTATION_ITEM ( '' )  );
#3476 = LINE ( 'NONE', #3096, #4998 ) ;
#3477 = VERTEX_POINT ( 'NONE', #573 ) ;
#3478 = VERTEX_POINT ( 'NONE', #3903 ) ;
#3479 = ORIENTED_EDGE ( 'NONE', *, *, #1893, .F. ) ;
#3480 = CYLINDRICAL_SURFACE ( 'NONE', #2356, 1.749999999999987566 ) ;
#3481 = CARTESIAN_POINT ( 'NONE',  ( -12.50000000000000000, -1.000000000000000888, 13.50000000000000178 ) ) ;
#3482 = VERTEX_POINT ( 'NONE', #144 ) ;
#3483 = DIRECTION ( 'NONE',  ( -0.000000000000000000, -1.000000000000000000, -0.000000000000000000 ) ) ;
#3484 = ADVANCED_FACE ( 'NONE', ( #1788, #5095 ), #1387, .F. ) ;
#3485 = DIRECTION ( 'NONE',  ( 0.000000000000000000, 1.000000000000000000, -0.000000000000000000 ) ) ;
#3486 = AXIS2_PLACEMENT_3D ( 'NONE', #4990, #1721, #4635 ) ;
#3487 = AXIS2_PLACEMENT_3D ( 'NONE', #4527, #414, #386 ) ;
#3488 = ORIENTED_EDGE ( 'NONE', *, *, #1466, .F. ) ;
#3489 = ORIENTED_EDGE ( 'NONE', *, *, #807, .F. ) ;
#3490 = ADVANCED_FACE ( 'NONE', ( #2679 ), #2268, .F. ) ;
#3491 = ORIENTED_EDGE ( 'NONE', *, *, #1109, .T. ) ;
#3492 = AXIS2_PLACEMENT_3D ( 'NONE', #1322, #3791, #3732 ) ;
#3493 = DIRECTION ( 'NONE',  ( 0.000000000000000000, 1.000000000000000000, -0.000000000000000000 ) ) ;
#3494 = AXIS2_PLACEMENT_3D ( 'NONE', #318, #2037, #3643 ) ;
#3495 = CARTESIAN_POINT ( 'NONE',  ( -2.145815531099354523, -9.723170752748988122, 3.723170752748988122 ) ) ;
#3496 = ORIENTED_EDGE ( 'NONE', *, *, #3219, .T. ) ;
#3497 = AXIS2_PLACEMENT_3D ( 'NONE', #3906, #197, #3447 ) ;
#3498 = VECTOR ( 'NONE', #1154, 1000.000000000000000 ) ;
#3499 = DIRECTION ( 'NONE',  ( 0.000000000000000000, 1.000000000000000000, -0.000000000000000000 ) ) ;
#3500 = MANIFOLD_SOLID_BREP ( 'Ô²½Ç4', #321 ) ;
#3501 = ORIENTED_EDGE ( 'NONE', *, *, #2739, .F. ) ;
#3502 = AXIS2_PLACEMENT_3D ( 'NONE', #3583, #2350, #3614 ) ;
#3503 = VECTOR ( 'NONE', #2943, 1000.000000000000000 ) ;
#3504 = ADVANCED_FACE ( 'NONE', ( #5258 ), #702, .T. ) ;
#3505 = CARTESIAN_POINT ( 'NONE',  ( 5.082284216461515156E-16, 2.000000000000000000, 4.150000000000000355 ) ) ;
#3506 = CARTESIAN_POINT ( 'NONE',  ( 2.828427124746162313, 2.000000000000000000, 2.828427124746166310 ) ) ;
#3507 = VECTOR ( 'NONE', #1732, 1000.000000000000000 ) ;
#3508 = CARTESIAN_POINT ( 'NONE',  ( -7.500000000000000888, -12.00000000000000000, 11.50000000000000000 ) ) ;
#3509 = AXIS2_PLACEMENT_3D ( 'NONE', #2081, #3803, #2507 ) ;
#3510 = DIRECTION ( 'NONE',  ( 0.000000000000000000, 0.000000000000000000, 1.000000000000000000 ) ) ;
#3511 = DIRECTION ( 'NONE',  ( 0.000000000000000000, 1.000000000000000000, -0.000000000000000000 ) ) ;
#3512 = ORIENTED_EDGE ( 'NONE', *, *, #4142, .T. ) ;
#3513 = ORIENTED_EDGE ( 'NONE', *, *, #2915, .T. ) ;
#3514 = DIRECTION ( 'NONE',  ( 0.000000000000000000, 0.000000000000000000, -1.000000000000000000 ) ) ;
#3515 = CARTESIAN_POINT ( 'NONE',  ( -25.00119832667881425, 2.500000000000000000, -13.24811776992030765 ) ) ;
#3516 = DIRECTION ( 'NONE',  ( -0.7071067811865474617, 0.000000000000000000, -0.7071067811865475727 ) ) ;
#3517 = FACE_OUTER_BOUND ( 'NONE', #1847, .T. ) ;
#3518 = AXIS2_PLACEMENT_3D ( 'NONE', #4045, #2020, #4011 ) ;
#3519 = VERTEX_POINT ( 'NONE', #2396 ) ;
#3520 = VERTEX_POINT ( 'NONE', #3637 ) ;
#3521 = ORIENTED_EDGE ( 'NONE', *, *, #942, .F. ) ;
#3522 = CIRCLE ( 'NONE', #4291, 1.999999999999998224 ) ;
#3523 = DIRECTION ( 'NONE',  ( 0.000000000000000000, 0.000000000000000000, 1.000000000000000000 ) ) ;
#3524 = CARTESIAN_POINT ( 'NONE',  ( -2.934493141924172210, -8.934493141924171766, 2.934493141924172210 ) ) ;
#3525 = LINE ( 'NONE', #3052, #5137 ) ;
#3526 = ADVANCED_FACE ( 'NONE', ( #4064 ), #1174, .F. ) ;
#3527 = ORIENTED_EDGE ( 'NONE', *, *, #1481, .F. ) ;
#3528 = CARTESIAN_POINT ( 'NONE',  ( 25.00119832667878583, 0.000000000000000000, 14.99811776992029344 ) ) ;
#3529 = CARTESIAN_POINT ( 'NONE',  ( 7.500000000000000000, -1.000000000000000888, 7.500000000000000888 ) ) ;
#3530 = DIRECTION ( 'NONE',  ( 0.000000000000000000, 1.000000000000000000, -0.000000000000000000 ) ) ;
#3531 = VERTEX_POINT ( 'NONE', #1523 ) ;
#3532 = DIRECTION ( 'NONE',  ( 1.000000000000000000, 0.000000000000000000, 1.224646799147353207E-16 ) ) ;
#3533 = PLANE ( 'NONE',  #1347 ) ;
#3534 = LINE ( 'NONE', #1063, #2907 ) ;
#3535 = ADVANCED_FACE ( 'NONE', ( #5228 ), #3173, .F. ) ;
#3536 = VERTEX_POINT ( 'NONE', #1120 ) ;
#3537 = CARTESIAN_POINT ( 'NONE',  ( -12.50000000000000000, -1.000000000000000888, -7.500000000000000000 ) ) ;
#3538 = DIRECTION ( 'NONE',  ( -0.000000000000000000, -1.000000000000000000, 0.000000000000000000 ) ) ;
#3539 = DIRECTION ( 'NONE',  ( 0.7071067811865473507, 0.000000000000000000, -0.7071067811865477948 ) ) ;
#3540 = DIRECTION ( 'NONE',  ( 0.000000000000000000, 0.000000000000000000, 1.000000000000000000 ) ) ;
#3541 = VERTEX_POINT ( 'NONE', #4488 ) ;
#3542 = ORIENTED_EDGE ( 'NONE', *, *, #1138, .T. ) ;
#3543 = CARTESIAN_POINT ( 'NONE',  ( 7.500000000000000000, -11.00000000000000000, 7.500000000000000888 ) ) ;
#3544 = CARTESIAN_POINT ( 'NONE',  ( -7.500000000000000888, -11.00000000000000000, 7.500000000000000888 ) ) ;
#3545 = CARTESIAN_POINT ( 'NONE',  ( -25.00119832667881425, 5.000000000000000000, -14.99811776992030765 ) ) ;
#3546 = ORIENTED_EDGE ( 'NONE', *, *, #2848, .T. ) ;
#3547 = DIRECTION ( 'NONE',  ( 0.000000000000000000, 1.000000000000000000, -0.000000000000000000 ) ) ;
#3548 = EDGE_CURVE ( 'NONE', #2264, #711, #4460, .T. ) ;
#3549 = CARTESIAN_POINT ( 'NONE',  ( -28.56521268139020719, 2.000000000000000000, -20.07993130715165719 ) ) ;
#3550 = DIRECTION ( 'NONE',  ( -0.000000000000000000, -1.000000000000000000, -0.000000000000000000 ) ) ;
#3551 = ADVANCED_FACE ( 'NONE', ( #4083 ), #5307, .T. ) ;
#3552 = CARTESIAN_POINT ( 'NONE',  ( 4.149999999999999467, -7.115358573568464351, -4.149999999999999467 ) ) ;
#3553 = LINE ( 'NONE', #1014, #4366 ) ;
#3554 = ADVANCED_FACE ( 'NONE', ( #2344 ), #760, .F. ) ;
#3555 = LINE ( 'NONE', #2304, #4907 ) ;
#3556 = ORIENTED_EDGE ( 'NONE', *, *, #2592, .F. ) ;
#3557 = CARTESIAN_POINT ( 'NONE',  ( -27.86082314512017177, 0.000000000000000000, 22.20396889562778853 ) ) ;
#3558 = FACE_OUTER_BOUND ( 'NONE', #4086, .T. ) ;
#3559 = ORIENTED_EDGE ( 'NONE', *, *, #4825, .T. ) ;
#3560 = CARTESIAN_POINT ( 'NONE',  ( 0.000000000000000000, 2.000000000000000000, 0.000000000000000000 ) ) ;
#3561 = EDGE_CURVE ( 'NONE', #2172, #1162, #2469, .T. ) ;
#3562 = EDGE_CURVE ( 'NONE', #3778, #4100, #3604, .T. ) ;
#3563 = DIRECTION ( 'NONE',  ( 0.000000000000000000, 1.000000000000000000, -0.000000000000000000 ) ) ;
#3564 = ORIENTED_EDGE ( 'NONE', *, *, #2599, .F. ) ;
#3565 = ORIENTED_EDGE ( 'NONE', *, *, #408, .T. ) ;
#3566 = CYLINDRICAL_SURFACE ( 'NONE', #4345, 2.000000000000001776 ) ;
#3567 = CIRCLE ( 'NONE', #4426, 1.749999999999986011 ) ;
#3568 = CIRCLE ( 'NONE', #3487, 2.000000000000000000 ) ;
#3569 = DIRECTION ( 'NONE',  ( 0.000000000000000000, 0.000000000000000000, 1.000000000000000000 ) ) ;
#3570 = DIRECTION ( 'NONE',  ( -1.000000000000000000, 0.000000000000000000, 0.000000000000000000 ) ) ;
#3571 = AXIS2_PLACEMENT_3D ( 'NONE', #4659, #2533, #1747 ) ;
#3572 = AXIS2_PLACEMENT_3D ( 'NONE', #2001, #1228, #5349 ) ;
#3573 = ORIENTED_EDGE ( 'NONE', *, *, #436, .F. ) ;
#3574 = ADVANCED_FACE ( 'NONE', ( #5280 ), #1595, .F. ) ;
#3575 = CARTESIAN_POINT ( 'NONE',  ( 11.50000000000000000, -12.00000000000000000, 7.500000000000000888 ) ) ;
#3576 = AXIS2_PLACEMENT_3D ( 'NONE', #1689, #3290, #399 ) ;
#3577 = AXIS2_PLACEMENT_3D ( 'NONE', #4779, #2721, #4371 ) ;
#3578 = CARTESIAN_POINT ( 'NONE',  ( 12.50000000000000000, -12.00000000000000000, 12.50000000000000000 ) ) ;
#3579 = CARTESIAN_POINT ( 'NONE',  ( -25.03239602037398015, 0.000000000000000000, 25.03239602037399436 ) ) ;
#3580 = ORIENTED_EDGE ( 'NONE', *, *, #3380, .F. ) ;
#3581 = AXIS2_PLACEMENT_3D ( 'NONE', #3645, #340, #3156 ) ;
#3582 = EDGE_CURVE ( 'NONE', #1433, #4024, #393, .T. ) ;
#3583 = CARTESIAN_POINT ( 'NONE',  ( 25.00119832667878583, 2.500000000000000000, 14.99811776992029344 ) ) ;
#3584 = CARTESIAN_POINT ( 'NONE',  ( -4.150000000000004796, -6.000000000000000000, 4.150000000000000355 ) ) ;
#3585 = AXIS2_PLACEMENT_3D ( 'NONE', #4344, #3563, #242 ) ;
#3586 = VECTOR ( 'NONE', #4713, 1000.000000000000000 ) ;
#3587 = CARTESIAN_POINT ( 'NONE',  ( -14.99811776992028634, 5.000000000000000000, 25.00119832667883202 ) ) ;
#3588 = EDGE_CURVE ( 'NONE', #3778, #3467, #1949, .T. ) ;
#3589 = ORIENTED_EDGE ( 'NONE', *, *, #1472, .T. ) ;
#3590 = ORIENTED_EDGE ( 'NONE', *, *, #9, .T. ) ;
#3591 = ADVANCED_FACE ( 'NONE', ( #2321, #4410 ), #3986, .F. ) ;
#3592 = DIRECTION ( 'NONE',  ( 0.000000000000000000, 0.000000000000000000, 1.000000000000000000 ) ) ;
#3593 = CARTESIAN_POINT ( 'NONE',  ( 23.90989491760779728, 0.000000000000000000, -12.11039691870838553 ) ) ;
#3594 = ORIENTED_EDGE ( 'NONE', *, *, #1992, .F. ) ;
#3595 = VECTOR ( 'NONE', #1158, 1000.000000000000000 ) ;
#3596 = TOROIDAL_SURFACE ( 'NONE', #2807, 2.249999999999989342, 0.5000000000000000000 ) ;
#3597 = DIRECTION ( 'NONE',  ( 0.000000000000000000, 0.000000000000000000, 1.000000000000000000 ) ) ;
#3598 = DIRECTION ( 'NONE',  ( 0.000000000000000000, 0.000000000000000000, 1.000000000000000000 ) ) ;
#3599 = VECTOR ( 'NONE', #815, 1000.000000000000000 ) ;
#3600 = AXIS2_PLACEMENT_3D ( 'NONE', #3913, #1850, #207 ) ;
#3601 = ORIENTED_EDGE ( 'NONE', *, *, #746, .F. ) ;
#3602 = ORIENTED_EDGE ( 'NONE', *, *, #398, .T. ) ;
#3603 = DIRECTION ( 'NONE',  ( -0.000000000000000000, 1.000000000000000000, -0.000000000000000000 ) ) ;
#3604 = CIRCLE ( 'NONE', #2640, 4.150000000000000355 ) ;
#3605 = CARTESIAN_POINT ( 'NONE',  ( 25.00119832667878228, 2.000000000000000000, 12.74811776992030765 ) ) ;
#3606 = DIRECTION ( 'NONE',  ( 0.000000000000000000, 0.000000000000000000, -1.000000000000000000 ) ) ;
#3607 = CIRCLE ( 'NONE', #3169, 1.749999999999999778 ) ;
#3608 = VERTEX_POINT ( 'NONE', #3194 ) ;
#3609 = CARTESIAN_POINT ( 'NONE',  ( 25.00119832667878583, 2.000000000000000000, 14.99811776992029344 ) ) ;
#3610 = AXIS2_PLACEMENT_3D ( 'NONE', #4750, #3992, #4807 ) ;
#3611 = DIRECTION ( 'NONE',  ( -0.000000000000000000, 0.000000000000000000, 1.000000000000000000 ) ) ;
#3612 = CARTESIAN_POINT ( 'NONE',  ( -4.653479425772516720, -1.346520574227483946, 1.215506858075827479 ) ) ;
#3613 = VERTEX_POINT ( 'NONE', #4852 ) ;
#3614 = DIRECTION ( 'NONE',  ( 0.000000000000000000, 0.000000000000000000, 1.000000000000000000 ) ) ;
#3615 = CARTESIAN_POINT ( 'NONE',  ( 29.03239602037398015, -6.000000000000000000, 0.000000000000000000 ) ) ;
#3616 = CYLINDRICAL_SURFACE ( 'NONE', #4777, 2.500000000000000444 ) ;
#3617 = EDGE_LOOP ( 'NONE', ( #2723, #1809, #4393, #2125 ) ) ;
#3618 = DIRECTION ( 'NONE',  ( 1.000000000000000000, 0.000000000000000000, -0.000000000000000000 ) ) ;
#3619 = CARTESIAN_POINT ( 'NONE',  ( -24.06784864032195159, 2.000000000000000000, 12.10831744348036132 ) ) ;
#3620 = EDGE_LOOP ( 'NONE', ( #3521, #3087, #2600, #3873 ) ) ;
#3621 = CARTESIAN_POINT ( 'NONE',  ( 14.00000000000000178, -1.000000000000000000, 16.50000000000001066 ) ) ;
#3622 = LINE ( 'NONE', #418, #2115 ) ;
#3623 = ADVANCED_FACE ( 'NONE', ( #1143 ), #2563, .F. ) ;
#3624 = EDGE_CURVE ( 'NONE', #740, #3952, #1281, .T. ) ;
#3625 = EDGE_CURVE ( 'NONE', #1965, #3936, #2982, .T. ) ;
#3626 =( BOUNDED_CURVE ( )  B_SPLINE_CURVE ( 3, ( #5121, #659, #5157, #1843 ),
 .UNSPECIFIED., .F., .T. ) 
 B_SPLINE_CURVE_WITH_KNOTS ( ( 4, 4 ),
 ( 2.356194490192344837, 3.141592653589793116 ),
 .UNSPECIFIED. ) 
 CURVE ( )  GEOMETRIC_REPRESENTATION_ITEM ( )  RATIONAL_B_SPLINE_CURVE ( ( 1.000000000000000000, 0.9492530216741911220, 0.9492530216741911220, 1.000000000000000000 ) ) 
 REPRESENTATION_ITEM ( '' )  );
#3627 = VERTEX_POINT ( 'NONE', #3713 ) ;
#3628 = EDGE_LOOP ( 'NONE', ( #3394, #865, #11, #427 ) ) ;
#3629 = DIRECTION ( 'NONE',  ( 0.000000000000000000, 0.000000000000000000, 1.000000000000000000 ) ) ;
#3630 = CARTESIAN_POINT ( 'NONE',  ( -25.00119832667880004, 2.000000000000000000, 14.99811776992030765 ) ) ;
#3631 = EDGE_CURVE ( 'NONE', #5064, #4523, #3295, .T. ) ;
#3632 = LINE ( 'NONE', #4462, #5231 ) ;
#3633 = EDGE_LOOP ( 'NONE', ( #1982, #2519 ) ) ;
#3634 = LINE ( 'NONE', #1170, #283 ) ;
#3635 = EDGE_CURVE ( 'NONE', #3272, #3260, #2546, .T. ) ;
#3636 = ADVANCED_FACE ( 'NONE', ( #2894 ), #57, .F. ) ;
#3637 = CARTESIAN_POINT ( 'NONE',  ( -22.20396889562780629, 0.000000000000000000, 27.86082314512018243 ) ) ;
#3638 = DIRECTION ( 'NONE',  ( 0.000000000000000000, 0.000000000000000000, 1.000000000000000000 ) ) ;
#3639 = DIRECTION ( 'NONE',  ( -0.000000000000000000, -1.000000000000000000, 0.000000000000000000 ) ) ;
#3640 = DIRECTION ( 'NONE',  ( 0.000000000000000000, 0.000000000000000000, 1.000000000000000000 ) ) ;
#3641 = ORIENTED_EDGE ( 'NONE', *, *, #5343, .T. ) ;
#3642 = DIRECTION ( 'NONE',  ( -1.000000000000000000, 0.000000000000000000, 0.000000000000000000 ) ) ;
#3643 = DIRECTION ( 'NONE',  ( 0.000000000000000000, 0.000000000000000000, 1.000000000000000000 ) ) ;
#3644 = EDGE_LOOP ( 'NONE', ( #632, #582, #4316, #1807 ) ) ;
#3645 = CARTESIAN_POINT ( 'NONE',  ( -10.11039691870840862, 2.000000000000000000, 23.90989491760783636 ) ) ;
#3646 = LINE ( 'NONE', #5289, #4102 ) ;
#3647 = ORIENTED_EDGE ( 'NONE', *, *, #2095, .T. ) ;
#3648 = ORIENTED_EDGE ( 'NONE', *, *, #2587, .T. ) ;
#3649 = EDGE_LOOP ( 'NONE', ( #2192, #1078, #4572, #3804 ) ) ;
#3650 = CYLINDRICAL_SURFACE ( 'NONE', #1927, 1.999999999999998224 ) ;
#3651 = EDGE_CURVE ( 'NONE', #423, #3531, #5039, .T. ) ;
#3652 = CARTESIAN_POINT ( 'NONE',  ( 20.07993130715161811, 2.000000000000000000, 28.56521268139020364 ) ) ;
#3653 = DIRECTION ( 'NONE',  ( -0.000000000000000000, -1.000000000000000000, -0.000000000000000000 ) ) ;
#3654 = EDGE_CURVE ( 'NONE', #1111, #5113, #808, .T. ) ;
#3655 = ORIENTED_EDGE ( 'NONE', *, *, #4446, .T. ) ;
#3656 = VECTOR ( 'NONE', #1730, 1000.000000000000000 ) ;
#3657 = VECTOR ( 'NONE', #1309, 1000.000000000000000 ) ;
#3658 = CARTESIAN_POINT ( 'NONE',  ( -25.00119832667880004, 5.000000000000000000, 14.99811776992030765 ) ) ;
#3659 = CIRCLE ( 'NONE', #4430, 5.000000000000000888 ) ;
#3660 = AXIS2_PLACEMENT_3D ( 'NONE', #1106, #3947, #240 ) ;
#3661 = LINE ( 'NONE', #1596, #3503 ) ;
#3662 = ORIENTED_EDGE ( 'NONE', *, *, #4516, .T. ) ;
#3663 = EDGE_CURVE ( 'NONE', #3710, #4479, #4038, .T. ) ;
#3664 = DIRECTION ( 'NONE',  ( -3.469446951953614189E-15, 0.000000000000000000, 1.000000000000000000 ) ) ;
#3665 = AXIS2_PLACEMENT_3D ( 'NONE', #2626, #5118, #3029 ) ;
#3666 = ORIENTED_EDGE ( 'NONE', *, *, #3393, .T. ) ;
#3667 = CARTESIAN_POINT ( 'NONE',  ( -14.00000000000000178, -1.000000000000000000, -11.50000000000001243 ) ) ;
#3668 = DIRECTION ( 'NONE',  ( 0.000000000000000000, 0.000000000000000000, -1.000000000000000000 ) ) ;
#3669 = DIRECTION ( 'NONE',  ( -0.000000000000000000, -1.000000000000000000, 0.000000000000000000 ) ) ;
#3670 = CIRCLE ( 'NONE', #4709, 0.8999999999999998002 ) ;
#3671 = CIRCLE ( 'NONE', #1674, 1.000000000000000888 ) ;
#3672 = ORIENTED_EDGE ( 'NONE', *, *, #3292, .T. ) ;
#3673 = VECTOR ( 'NONE', #1877, 1000.000000000000000 ) ;
#3674 = AXIS2_PLACEMENT_3D ( 'NONE', #4078, #3191, #2014 ) ;
#3675 = ORIENTED_EDGE ( 'NONE', *, *, #1755, .T. ) ;
#3676 = ADVANCED_FACE ( 'NONE', ( #2536 ), #4194, .F. ) ;
#3677 = CARTESIAN_POINT ( 'NONE',  ( 10.82647259854740973, 0.000000000000000000, -22.04248076409418289 ) ) ;
#3678 = AXIS2_PLACEMENT_3D ( 'NONE', #5262, #1550, #2145 ) ;
#3679 = CARTESIAN_POINT ( 'NONE',  ( -14.99811776992028989, 5.000000000000000000, -25.00119832667883202 ) ) ;
#3680 = DIRECTION ( 'NONE',  ( 0.000000000000000000, 0.000000000000000000, -1.000000000000000000 ) ) ;
#3681 = ORIENTED_EDGE ( 'NONE', *, *, #4281, .T. ) ;
#3682 = VECTOR ( 'NONE', #4251, 1000.000000000000000 ) ;
#3683 = CARTESIAN_POINT ( 'NONE',  ( -23.90989491760779728, 0.000000000000000000, -12.11039691870838553 ) ) ;
#3684 = CARTESIAN_POINT ( 'NONE',  ( 12.50000000000000000, -6.000000000000000000, 0.000000000000000000 ) ) ;
#3685 = CIRCLE ( 'NONE', #4041, 1.999999999999998224 ) ;
#3686 = DIRECTION ( 'NONE',  ( -0.000000000000000000, -1.000000000000000000, -0.000000000000000000 ) ) ;
#3687 = ADVANCED_FACE ( 'NONE', ( #2454 ), #2921, .T. ) ;
#3688 = EDGE_CURVE ( 'NONE', #2956, #2236, #429, .T. ) ;
#3689 = ADVANCED_FACE ( 'NONE', ( #2503 ), #4721, .F. ) ;
#3690 = EDGE_LOOP ( 'NONE', ( #3711, #1970, #3150, #1464 ) ) ;
#3691 = VECTOR ( 'NONE', #126, 1000.000000000000000 ) ;
#3692 = ORIENTED_EDGE ( 'NONE', *, *, #3960, .F. ) ;
#3693 = AXIS2_PLACEMENT_3D ( 'NONE', #661, #3117, #4773 ) ;
#3694 = DIRECTION ( 'NONE',  ( 0.7071067811865480168, 0.000000000000000000, 0.7071067811865470176 ) ) ;
#3695 = CARTESIAN_POINT ( 'NONE',  ( 14.99811776992027568, 2.500000000000000000, 25.00119832667880360 ) ) ;
#3696 = ORIENTED_EDGE ( 'NONE', *, *, #3663, .T. ) ;
#3697 = VERTEX_POINT ( 'NONE', #5018 ) ;
#3698 = CARTESIAN_POINT ( 'NONE',  ( 25.00119832667878583, 0.000000000000000000, 14.99811776992029344 ) ) ;
#3699 = CARTESIAN_POINT ( 'NONE',  ( 16.10831744348034533, 2.000000000000000000, -24.06784864032195159 ) ) ;
#3700 = DIRECTION ( 'NONE',  ( 0.000000000000000000, 1.000000000000000000, 0.000000000000000000 ) ) ;
#3701 = CARTESIAN_POINT ( 'NONE',  ( -12.50000000000000000, -6.000000000000000000, 4.150000000000000355 ) ) ;
#3702 = EDGE_CURVE ( 'NONE', #4980, #3397, #2108, .T. ) ;
#3703 = ORIENTED_EDGE ( 'NONE', *, *, #2245, .T. ) ;
#3704 = ORIENTED_EDGE ( 'NONE', *, *, #640, .F. ) ;
#3705 = CARTESIAN_POINT ( 'NONE',  ( 25.00119832667878583, 0.000000000000000000, 15.89811776992029380 ) ) ;
#3706 = VERTEX_POINT ( 'NONE', #4161 ) ;
#3707 = DIRECTION ( 'NONE',  ( -0.000000000000000000, -1.000000000000000000, 0.000000000000000000 ) ) ;
#3708 = CARTESIAN_POINT ( 'NONE',  ( 12.50000000000000000, -6.000000000000000000, 4.150000000000000355 ) ) ;
#3709 = APPROVAL_DATE_TIME ( #3404, #4846 ) ;
#3710 = VERTEX_POINT ( 'NONE', #3773 ) ;
#3711 = ORIENTED_EDGE ( 'NONE', *, *, #51, .F. ) ;
#3712 = DIRECTION ( 'NONE',  ( 0.000000000000000000, 1.000000000000000000, -0.000000000000000000 ) ) ;
#3713 = CARTESIAN_POINT ( 'NONE',  ( 0.000000000000000000, 2.000000000000000000, 7.500000000000000000 ) ) ;
#3714 = ORIENTED_EDGE ( 'NONE', *, *, #2928, .F. ) ;
#3715 = DIRECTION ( 'NONE',  ( 1.000000000000000000, 0.000000000000000000, 0.000000000000000000 ) ) ;
#3716 = ORIENTED_EDGE ( 'NONE', *, *, #679, .T. ) ;
#3717 = ADVANCED_FACE ( 'NONE', ( #102 ), #3821, .T. ) ;
#3718 = CARTESIAN_POINT ( 'NONE',  ( 4.150000000000001243, -6.000000000000000000, 4.150000000000000355 ) ) ;
#3719 = DIRECTION ( 'NONE',  ( -0.000000000000000000, -1.000000000000000000, 0.000000000000000000 ) ) ;
#3720 = ORIENTED_EDGE ( 'NONE', *, *, #942, .T. ) ;
#3721 = ADVANCED_FACE ( 'NONE', ( #2054 ), #59, .F. ) ;
#3722 = ORIENTED_EDGE ( 'NONE', *, *, #2775, .T. ) ;
#3723 = DIRECTION ( 'NONE',  ( 0.000000000000000000, 0.000000000000000000, 1.000000000000000000 ) ) ;
#3724 = FACE_BOUND ( 'NONE', #4136, .T. ) ;
#3725 = DIRECTION ( 'NONE',  ( -0.000000000000000000, -1.000000000000000000, -0.000000000000000000 ) ) ;
#3726 = DIRECTION ( 'NONE',  ( 0.000000000000000000, 0.000000000000000000, -1.000000000000000000 ) ) ;
#3727 = ORIENTED_EDGE ( 'NONE', *, *, #4143, .F. ) ;
#3728 = ORIENTED_EDGE ( 'NONE', *, *, #4676, .T. ) ;
#3729 = ORIENTED_EDGE ( 'NONE', *, *, #2996, .F. ) ;
#3730 = CARTESIAN_POINT ( 'NONE',  ( 0.000000000000000000, 2.000000000000000000, -4.150000000000000355 ) ) ;
#3731 = ORIENTED_EDGE ( 'NONE', *, *, #1623, .F. ) ;
#3732 = DIRECTION ( 'NONE',  ( 0.000000000000000000, 0.000000000000000000, 1.000000000000000000 ) ) ;
#3733 = EDGE_CURVE ( 'NONE', #1033, #2956, #2817, .T. ) ;
#3734 = DIRECTION ( 'NONE',  ( 0.000000000000000000, 0.000000000000000000, 1.000000000000000000 ) ) ;
#3735 = ORIENTED_EDGE ( 'NONE', *, *, #511, .F. ) ;
#3736 = CARTESIAN_POINT ( 'NONE',  ( -7.500000000000000888, -11.00000000000000000, 12.50000000000000000 ) ) ;
#3737 = DIRECTION ( 'NONE',  ( 0.000000000000000000, 0.000000000000000000, 1.000000000000000000 ) ) ;
#3738 = DIRECTION ( 'NONE',  ( 0.000000000000000000, 0.000000000000000000, -1.000000000000000000 ) ) ;
#3739 = AXIS2_PLACEMENT_3D ( 'NONE', #2051, #3294, #1119 ) ;
#3740 = ORIENTED_EDGE ( 'NONE', *, *, #4615, .F. ) ;
#3741 = EDGE_LOOP ( 'NONE', ( #4650, #3782, #4237, #644 ) ) ;
#3742 = VECTOR ( 'NONE', #1485, 1000.000000000000000 ) ;
#3743 = VECTOR ( 'NONE', #681, 1000.000000000000000 ) ;
#3744 = FACE_OUTER_BOUND ( 'NONE', #3202, .T. ) ;
#3745 = DIRECTION ( 'NONE',  ( -0.000000000000000000, 1.000000000000000000, -0.000000000000000000 ) ) ;
#3746 = EDGE_LOOP ( 'NONE', ( #4397, #365, #3109, #1554 ) ) ;
#3747 = CIRCLE ( 'NONE', #4171, 4.000000000000003553 ) ;
#3748 = CIRCLE ( 'NONE', #1411, 2.250000000000001776 ) ;
#3749 = CARTESIAN_POINT ( 'NONE',  ( -15.59751454687766881, 2.000000000000000000, 5.980998276113258072 ) ) ;
#3750 = FACE_BOUND ( 'NONE', #3633, .T. ) ;
#3751 = DIRECTION ( 'NONE',  ( 1.734723475976805517E-15, 0.000000000000000000, 1.000000000000000000 ) ) ;
#3752 = ADVANCED_FACE ( 'NONE', ( #966 ), #917, .F. ) ;
#3753 = CARTESIAN_POINT ( 'NONE',  ( 4.150000000000001243, -5.999999999999999112, -4.150000000000000355 ) ) ;
#3754 = AXIS2_PLACEMENT_3D ( 'NONE', #5026, #1229, #468 ) ;
#3755 = AXIS2_PLACEMENT_3D ( 'NONE', #2036, #36, #3279 ) ;
#3756 = EDGE_CURVE ( 'NONE', #3541, #2632, #1050, .T. ) ;
#3757 = ORIENTED_EDGE ( 'NONE', *, *, #3210, .F. ) ;
#3758 = EDGE_LOOP ( 'NONE', ( #3134, #4314 ) ) ;
#3759 = DIRECTION ( 'NONE',  ( 0.000000000000000000, 1.000000000000000000, -0.000000000000000000 ) ) ;
#3760 = ORIENTED_EDGE ( 'NONE', *, *, #2190, .T. ) ;
#3761 = CIRCLE ( 'NONE', #4881, 1.999999999999998224 ) ;
#3762 = CARTESIAN_POINT ( 'NONE',  ( 14.00000000000000178, 0.000000000000000000, 14.00000000000001243 ) ) ;
#3763 = CARTESIAN_POINT ( 'NONE',  ( 14.00000000000000178, 2.000000000000000000, 14.00000000000001243 ) ) ;
#3764 = DIRECTION ( 'NONE',  ( 0.000000000000000000, 1.000000000000000000, -0.000000000000000000 ) ) ;
#3765 = VECTOR ( 'NONE', #5156, 1000.000000000000000 ) ;
#3766 = VECTOR ( 'NONE', #1305, 1000.000000000000000 ) ;
#3767 =( LENGTH_UNIT ( ) NAMED_UNIT ( * ) SI_UNIT ( .MILLI., .METRE. ) );
#3768 = ORIENTED_EDGE ( 'NONE', *, *, #446, .T. ) ;
#3769 = ORIENTED_EDGE ( 'NONE', *, *, #2883, .F. ) ;
#3770 = CARTESIAN_POINT ( 'NONE',  ( -25.00119832667880004, 2.500000000000000000, 14.99811776992030765 ) ) ;
#3771 = VECTOR ( 'NONE', #2364, 1000.000000000000000 ) ;
#3772 = PRODUCT_DEFINITION_FORMATION_WITH_SPECIFIED_SOURCE ( 'ä»', '', #2566, .NOT_KNOWN. ) ;
#3773 = CARTESIAN_POINT ( 'NONE',  ( 0.000000000000000000, -12.00000000000000000, -4.150000000000000355 ) ) ;
#3774 = EDGE_CURVE ( 'NONE', #1341, #202, #5161, .T. ) ;
#3775 = ORIENTED_EDGE ( 'NONE', *, *, #3312, .T. ) ;
#3776 = CARTESIAN_POINT ( 'NONE',  ( -4.653479425772514944, -10.65347942577251317, 1.215506858075828367 ) ) ;
#3777 = CIRCLE ( 'NONE', #1000, 1.750000000000001554 ) ;
#3778 = VERTEX_POINT ( 'NONE', #2674 ) ;
#3779 = DIRECTION ( 'NONE',  ( 0.000000000000000000, 0.000000000000000000, 1.000000000000000000 ) ) ;
#3780 = DIRECTION ( 'NONE',  ( 0.000000000000000000, 0.000000000000000000, 1.000000000000000000 ) ) ;
#3781 = ORIENTED_EDGE ( 'NONE', *, *, #227, .F. ) ;
#3782 = ORIENTED_EDGE ( 'NONE', *, *, #3964, .F. ) ;
#3783 = CIRCLE ( 'NONE', #2986, 7.500000000000000000 ) ;
#3784 = CARTESIAN_POINT ( 'NONE',  ( -2.828427124746113464, 0.000000000000000000, -2.828427124746129007 ) ) ;
#3785 = CARTESIAN_POINT ( 'NONE',  ( -25.00119832667880004, 0.000000000000000000, 14.99811776992030765 ) ) ;
#3786 = CYLINDRICAL_SURFACE ( 'NONE', #1765, 1.999999999999998224 ) ;
#3787 = ORIENTED_EDGE ( 'NONE', *, *, #2713, .T. ) ;
#3788 = ORIENTED_EDGE ( 'NONE', *, *, #2883, .T. ) ;
#3789 = FACE_BOUND ( 'NONE', #4576, .T. ) ;
#3790 = ORIENTED_EDGE ( 'NONE', *, *, #19, .F. ) ;
#3791 = DIRECTION ( 'NONE',  ( 0.000000000000000000, 1.000000000000000000, -0.000000000000000000 ) ) ;
#3792 = EDGE_CURVE ( 'NONE', #1438, #56, #4351, .T. ) ;
#3793 = CARTESIAN_POINT ( 'NONE',  ( 13.50000000000000178, 0.000000000000000000, -7.500000000000000000 ) ) ;
#3794 = LINE ( 'NONE', #1611, #2550 ) ;
#3795 = EDGE_LOOP ( 'NONE', ( #2747, #4219, #2044, #2570 ) ) ;
#3796 = DIRECTION ( 'NONE',  ( 0.000000000000000000, 0.000000000000000000, 1.000000000000000000 ) ) ;
#3797 = EDGE_CURVE ( 'NONE', #846, #3482, #3607, .T. ) ;
#3798 = CARTESIAN_POINT ( 'NONE',  ( -7.500000000000000888, -12.00000000000000000, 11.50000000000000000 ) ) ;
#3799 = DIRECTION ( 'NONE',  ( -0.000000000000000000, -1.000000000000000000, -0.000000000000000000 ) ) ;
#3800 = EDGE_LOOP ( 'NONE', ( #151, #2553, #4684, #792 ) ) ;
#3801 = EDGE_CURVE ( 'NONE', #634, #4976, #946, .T. ) ;
#3802 = EDGE_CURVE ( 'NONE', #4839, #648, #748, .T. ) ;
#3803 = DIRECTION ( 'NONE',  ( -0.000000000000000000, -1.000000000000000000, -0.000000000000000000 ) ) ;
#3804 = ORIENTED_EDGE ( 'NONE', *, *, #2030, .F. ) ;
#3805 = FACE_OUTER_BOUND ( 'NONE', #4490, .T. ) ;
#3806 = ORIENTED_EDGE ( 'NONE', *, *, #3857, .F. ) ;
#3807 = FACE_OUTER_BOUND ( 'NONE', #1475, .T. ) ;
#3808 = DIRECTION ( 'NONE',  ( 0.000000000000000000, 1.000000000000000000, 0.000000000000000000 ) ) ;
#3809 = DIRECTION ( 'NONE',  ( 0.000000000000000000, 0.000000000000000000, 1.000000000000000000 ) ) ;
#3810 = ORIENTED_EDGE ( 'NONE', *, *, #3624, .F. ) ;
#3811 = EDGE_LOOP ( 'NONE', ( #2288, #2483, #2620, #2988 ) ) ;
#3812 = DIRECTION ( 'NONE',  ( -0.000000000000000000, -1.000000000000000000, -0.000000000000000000 ) ) ;
#3813 = CARTESIAN_POINT ( 'NONE',  ( 2.934493141924172210, -8.934493141924171766, 2.934493141924172210 ) ) ;
#3814 = DIRECTION ( 'NONE',  ( 0.000000000000000000, 0.000000000000000000, 1.000000000000000000 ) ) ;
#3815 = CARTESIAN_POINT ( 'NONE',  ( -12.50000000000000000, -12.00000000000000000, 12.50000000000000000 ) ) ;
#3816 = APPROVAL_ROLE ( '' ) ;
#3817 = EDGE_CURVE ( 'NONE', #35, #3627, #3783, .T. ) ;
#3818 = ORIENTED_EDGE ( 'NONE', *, *, #530, .T. ) ;
#3819 = CARTESIAN_POINT ( 'NONE',  ( 7.500000000000000000, -1.000000000000000888, -12.50000000000000000 ) ) ;
#3820 = EDGE_CURVE ( 'NONE', #3905, #2851, #4114, .T. ) ;
#3821 = PLANE ( 'NONE',  #741 ) ;
#3822 = FACE_OUTER_BOUND ( 'NONE', #2438, .T. ) ;
#3823 = ORIENTED_EDGE ( 'NONE', *, *, #3635, .T. ) ;
#3824 = DIRECTION ( 'NONE',  ( -0.000000000000000000, -1.000000000000000000, -0.000000000000000000 ) ) ;
#3825 = CARTESIAN_POINT ( 'NONE',  ( -2.828427124746200949, 2.000000000000000000, -2.828427124746201837 ) ) ;
#3826 = DIRECTION ( 'NONE',  ( 0.000000000000000000, 0.000000000000000000, 1.000000000000000000 ) ) ;
#3827 = CIRCLE ( 'NONE', #623, 1.000000000000000888 ) ;
#3828 = CARTESIAN_POINT ( 'NONE',  ( 20.07993130715164298, 2.000000000000000000, -28.56521268139023206 ) ) ;
#3829 = AXIS2_PLACEMENT_3D ( 'NONE', #2193, #1790, #929 ) ;
#3830 = CARTESIAN_POINT ( 'NONE',  ( -2.828427124746205390, 2.000000000000000000, 2.828427124746207610 ) ) ;
#3831 = EDGE_LOOP ( 'NONE', ( #834, #4658, #3212, #870 ) ) ;
#3832 = AXIS2_PLACEMENT_3D ( 'NONE', #1462, #565, #4737 ) ;
#3833 = EDGE_LOOP ( 'NONE', ( #1733, #3316, #4564, #2357 ) ) ;
#3834 = ORIENTED_EDGE ( 'NONE', *, *, #1371, .F. ) ;
#3835 = PLANE ( 'NONE',  #802 ) ;
#3836 = DIRECTION ( 'NONE',  ( -0.000000000000000000, -1.000000000000000000, 0.000000000000000000 ) ) ;
#3837 = CARTESIAN_POINT ( 'NONE',  ( -15.59751454687766881, 2.000000000000000000, -5.980998276113258072 ) ) ;
#3838 = CIRCLE ( 'NONE', #456, 6.000000000000000888 ) ;
#3839 = AXIS2_PLACEMENT_3D ( 'NONE', #4340, #3398, #1353 ) ;
#3840 = LINE ( 'NONE', #1378, #1343 ) ;
#3841 = CIRCLE ( 'NONE', #2189, 1.749999999999986011 ) ;
#3842 = ORIENTED_EDGE ( 'NONE', *, *, #603, .F. ) ;
#3843 = CARTESIAN_POINT ( 'NONE',  ( -14.00000000000000178, 2.000000000000000000, -14.00000000000001243 ) ) ;
#3844 = CIRCLE ( 'NONE', #3585, 1.749999999999999778 ) ;
#3845 = VECTOR ( 'NONE', #2840, 1000.000000000000000 ) ;
#3846 = DIRECTION ( 'NONE',  ( 0.000000000000000000, 0.000000000000000000, 1.000000000000000000 ) ) ;
#3847 = ORIENTED_EDGE ( 'NONE', *, *, #754, .T. ) ;
#3848 = CYLINDRICAL_SURFACE ( 'NONE', #646, 4.000000000000003553 ) ;
#3849 = ORIENTED_EDGE ( 'NONE', *, *, #5302, .T. ) ;
#3850 = CIRCLE ( 'NONE', #385, 3.999999999999989786 ) ;
#3851 = AXIS2_PLACEMENT_3D ( 'NONE', #675, #2316, #4848 ) ;
#3852 = EDGE_CURVE ( 'NONE', #1983, #5268, #4342, .T. ) ;
#3853 = ADVANCED_FACE ( 'NONE', ( #3955 ), #1952, .F. ) ;
#3854 = CYLINDRICAL_SURFACE ( 'NONE', #2123, 4.000000000000003553 ) ;
#3855 = ORIENTED_EDGE ( 'NONE', *, *, #964, .T. ) ;
#3856 = CIRCLE ( 'NONE', #2813, 1.999999999999998224 ) ;
#3857 = EDGE_CURVE ( 'NONE', #852, #2409, #1096, .T. ) ;
#3858 = CARTESIAN_POINT ( 'NONE',  ( 10.82647259854740973, 2.000000000000000000, -22.04248076409418289 ) ) ;
#3859 = EDGE_LOOP ( 'NONE', ( #4784, #699, #308, #4669 ) ) ;
#3860 = DIRECTION ( 'NONE',  ( 0.000000000000000000, 0.000000000000000000, 1.000000000000000000 ) ) ;
#3861 = DIRECTION ( 'NONE',  ( -0.000000000000000000, -1.000000000000000000, 0.000000000000000000 ) ) ;
#3862 = EDGE_CURVE ( 'NONE', #1584, #2561, #1781, .T. ) ;
#3863 = ORIENTED_EDGE ( 'NONE', *, *, #1702, .F. ) ;
#3864 = AXIS2_PLACEMENT_3D ( 'NONE', #755, #2391, #4060 ) ;
#3865 = VERTEX_POINT ( 'NONE', #4660 ) ;
#3866 = ORIENTED_EDGE ( 'NONE', *, *, #2131, .F. ) ;
#3867 = DIRECTION ( 'NONE',  ( 0.000000000000000000, 0.000000000000000000, -1.000000000000000000 ) ) ;
#3868 = ORIENTED_EDGE ( 'NONE', *, *, #4309, .T. ) ;
#3869 = DIRECTION ( 'NONE',  ( -1.000000000000000000, 0.000000000000000000, 0.000000000000000000 ) ) ;
#3870 = EDGE_CURVE ( 'NONE', #5089, #5179, #3247, .T. ) ;
#3871 = VECTOR ( 'NONE', #2379, 1000.000000000000000 ) ;
#3872 = DIRECTION ( 'NONE',  ( 0.000000000000000000, 0.000000000000000000, -1.000000000000000000 ) ) ;
#3873 = ORIENTED_EDGE ( 'NONE', *, *, #1896, .T. ) ;
#3874 = CARTESIAN_POINT ( 'NONE',  ( 14.99811776992028989, 5.000000000000000000, -25.00119832667880360 ) ) ;
#3875 = CARTESIAN_POINT ( 'NONE',  ( 5.082284216461515156E-16, -10.14999999999999858, 4.150000000000000355 ) ) ;
#3876 = ORIENTED_EDGE ( 'NONE', *, *, #2030, .T. ) ;
#3877 = DIRECTION ( 'NONE',  ( 0.000000000000000000, 0.000000000000000000, 1.000000000000000000 ) ) ;
#3878 = EDGE_LOOP ( 'NONE', ( #5325, #2712 ) ) ;
#3879 = CARTESIAN_POINT ( 'NONE',  ( 4.150000000000001243, -5.999999999999999112, -4.150000000000000355 ) ) ;
#3880 = FACE_OUTER_BOUND ( 'NONE', #1789, .T. ) ;
#3881 = EDGE_CURVE ( 'NONE', #1073, #2706, #2820, .T. ) ;
#3882 = APPROVAL ( #4545, 'æœª' ) ;
#3883 = CARTESIAN_POINT ( 'NONE',  ( -10.82647259854743815, 0.000000000000000000, 22.04248076409419355 ) ) ;
#3884 = CARTESIAN_POINT ( 'NONE',  ( 0.000000000000000000, -12.00000000000000000, 0.000000000000000000 ) ) ;
#3885 = DIRECTION ( 'NONE',  ( 0.000000000000000000, 1.000000000000000000, 0.000000000000000000 ) ) ;
#3886 = EDGE_CURVE ( 'NONE', #175, #3267, #4816, .T. ) ;
#3887 = ORIENTED_EDGE ( 'NONE', *, *, #4606, .F. ) ;
#3888 = ORIENTED_EDGE ( 'NONE', *, *, #3251, .T. ) ;
#3889 = EDGE_LOOP ( 'NONE', ( #1478, #2575, #4613, #3489 ) ) ;
#3890 = CARTESIAN_POINT ( 'NONE',  ( 16.10831744348034533, 0.000000000000000000, -24.06784864032195159 ) ) ;
#3891 = DIRECTION ( 'NONE',  ( 1.000000000000000000, -0.000000000000000000, -0.000000000000000000 ) ) ;
#3892 = ORIENTED_EDGE ( 'NONE', *, *, #5061, .F. ) ;
#3893 = CARTESIAN_POINT ( 'NONE',  ( -25.00119832667880004, 2.500000000000000000, 12.74811776992030765 ) ) ;
#3894 = CARTESIAN_POINT ( 'NONE',  ( 25.00119832667881425, 2.000000000000000000, -12.74811776992029344 ) ) ;
#3895 = EDGE_LOOP ( 'NONE', ( #1857, #1209, #4124, #3042 ) ) ;
#3896 = ADVANCED_FACE ( 'NONE', ( #2646 ), #594, .T. ) ;
#3897 = EDGE_LOOP ( 'NONE', ( #4486, #853, #874, #3704 ) ) ;
#3898 = DIRECTION ( 'NONE',  ( 0.9337070767568212970, 0.000000000000000000, 0.3580378399195142114 ) ) ;
#3899 = VERTEX_POINT ( 'NONE', #1116 ) ;
#3900 = ORIENTED_EDGE ( 'NONE', *, *, #2481, .T. ) ;
#3901 = CARTESIAN_POINT ( 'NONE',  ( -10.11039691870840862, 2.000000000000000000, 23.90989491760783636 ) ) ;
#3902 = ORIENTED_EDGE ( 'NONE', *, *, #4680, .T. ) ;
#3903 = CARTESIAN_POINT ( 'NONE',  ( 25.00119832667881425, 2.000000000000000000, -17.24811776992029522 ) ) ;
#3904 = DIRECTION ( 'NONE',  ( 0.000000000000000000, 1.000000000000000000, -0.000000000000000000 ) ) ;
#3905 = VERTEX_POINT ( 'NONE', #4847 ) ;
#3906 = CARTESIAN_POINT ( 'NONE',  ( 14.00000000000000178, 0.000000000000000000, -14.00000000000001243 ) ) ;
#3907 = DIRECTION ( 'NONE',  ( 0.9337070767568208529, 0.000000000000000000, -0.3580378399195150996 ) ) ;
#3908 = CARTESIAN_POINT ( 'NONE',  ( 25.00119832667878583, 5.000000000000000000, 14.99811776992029344 ) ) ;
#3909 = EDGE_LOOP ( 'NONE', ( #4191, #93, #134, #4299 ) ) ;
#3910 = ORIENTED_EDGE ( 'NONE', *, *, #2363, .F. ) ;
#3911 = AXIS2_PLACEMENT_3D ( 'NONE', #2680, #3987, #5096 ) ;
#3912 = CARTESIAN_POINT ( 'NONE',  ( -14.99811776992028989, 2.500000000000000000, -22.75119832667882847 ) ) ;
#3913 = CARTESIAN_POINT ( 'NONE',  ( -25.03239602037398015, 0.000000000000000000, 25.03239602037399436 ) ) ;
#3914 = DIRECTION ( 'NONE',  ( 0.000000000000000000, 0.000000000000000000, -1.000000000000000000 ) ) ;
#3915 = CARTESIAN_POINT ( 'NONE',  ( 2.145815531099353635, -2.276829247251010990, 3.723170752748988566 ) ) ;
#3916 = ADVANCED_FACE ( 'NONE', ( #1985 ), #3979, .T. ) ;
#3917 = EDGE_LOOP ( 'NONE', ( #2449, #5335, #343, #325 ) ) ;
#3918 = VERTEX_POINT ( 'NONE', #2315 ) ;
#3919 = AXIS2_PLACEMENT_3D ( 'NONE', #1559, #3207, #4059 ) ;
#3920 = CARTESIAN_POINT ( 'NONE',  ( -21.49414486952473524, 2.000000000000000000, -27.15099911901713980 ) ) ;
#3921 = AXIS2_PLACEMENT_3D ( 'NONE', #4811, #337, #3151 ) ;
#3922 = CARTESIAN_POINT ( 'NONE',  ( 7.500000000000000000, -12.00000000000000000, 7.500000000000000888 ) ) ;
#3923 = ORIENTED_EDGE ( 'NONE', *, *, #3425, .T. ) ;
#3924 = AXIS2_PLACEMENT_3D ( 'NONE', #3257, #4374, #4894 ) ;
#3925 = TOROIDAL_SURFACE ( 'NONE', #1740, 2.250000000000000000, 0.5000000000000000000 ) ;
#3926 = CARTESIAN_POINT ( 'NONE',  ( -14.99811776992028634, 2.500000000000000000, 27.25119832667883557 ) ) ;
#3927 = EDGE_LOOP ( 'NONE', ( #4132, #4321, #667, #494 ) ) ;
#3928 = CARTESIAN_POINT ( 'NONE',  ( -14.00000000000000178, 2.000000000000000000, 11.50000000000001243 ) ) ;
#3929 = AXIS2_PLACEMENT_3D ( 'NONE', #169, #2240, #1813 ) ;
#3930 = VECTOR ( 'NONE', #4195, 1000.000000000000000 ) ;
#3931 = EDGE_CURVE ( 'NONE', #711, #1341, #1190, .T. ) ;
#3932 = DIRECTION ( 'NONE',  ( -0.000000000000000000, -1.000000000000000000, -0.000000000000000000 ) ) ;
#3933 = DIRECTION ( 'NONE',  ( 0.000000000000000000, 0.000000000000000000, -1.000000000000000000 ) ) ;
#3934 = AXIS2_PLACEMENT_3D ( 'NONE', #1471, #3907, #1099 ) ;
#3935 = CC_DESIGN_APPROVAL ( #2684, ( #1943 ) ) ;
#3936 = VERTEX_POINT ( 'NONE', #5253 ) ;
#3937 = EDGE_LOOP ( 'NONE', ( #3866, #3740, #3589, #3999 ) ) ;
#3938 = CARTESIAN_POINT ( 'NONE',  ( -4.150000000000000355, -6.000000000000000000, 29.03239602037399791 ) ) ;
#3939 =( BOUNDED_CURVE ( )  B_SPLINE_CURVE ( 3, ( #117, #577, #5097, #3424 ),
 .UNSPECIFIED., .F., .T. ) 
 B_SPLINE_CURVE_WITH_KNOTS ( ( 4, 4 ),
 ( 2.356194490192345281, 3.141592653589793116 ),
 .UNSPECIFIED. ) 
 CURVE ( )  GEOMETRIC_REPRESENTATION_ITEM ( )  RATIONAL_B_SPLINE_CURVE ( ( 1.000000000000000000, 0.9492530216741912330, 0.9492530216741912330, 1.000000000000000000 ) ) 
 REPRESENTATION_ITEM ( '' )  );
#3940 = TOROIDAL_SURFACE ( 'NONE', #4032, 6.000000000000000000, 1.000000000000000000 ) ;
#3941 = DIRECTION ( 'NONE',  ( 0.000000000000000000, 1.000000000000000000, 0.000000000000000000 ) ) ;
#3942 = CARTESIAN_POINT ( 'NONE',  ( 14.00000000000000178, 2.000000000000000000, -14.00000000000001243 ) ) ;
#3943 = ORIENTED_EDGE ( 'NONE', *, *, #2408, .F. ) ;
#3944 = ORIENTED_EDGE ( 'NONE', *, *, #799, .T. ) ;
#3945 = AXIS2_PLACEMENT_3D ( 'NONE', #5067, #3107, #1027 ) ;
#3946 = FACE_OUTER_BOUND ( 'NONE', #3628, .T. ) ;
#3947 = DIRECTION ( 'NONE',  ( 0.000000000000000000, 1.000000000000000000, -0.000000000000000000 ) ) ;
#3948 = FACE_OUTER_BOUND ( 'NONE', #238, .T. ) ;
#3949 = DIRECTION ( 'NONE',  ( 0.000000000000000000, 0.000000000000000000, 1.000000000000000000 ) ) ;
#3950 = EDGE_LOOP ( 'NONE', ( #4141, #1192, #4248, #4883, #3358, #3242, #3361, #1618, #2144, #1816, #4554, #2389, #2270, #913, #2552, #4794, #4013, #4057, #2058, #3546, #1370, #1840, #4712, #1400, #4007, #2661, #2173, #5205, #4766, #4256, #1549, #2313, #524, #3647, #3140, #893, #2461, #2063, #2068, #5232, #3097, #3590, #2411, #3565, #3170, #4751, #4476, #3788, #159, #4820, #261, #420, #4369, #1939, #5352, #4300, #4657, #901 ) ) ;
#3951 = CIRCLE ( 'NONE', #660, 2.000000000000001776 ) ;
#3952 = VERTEX_POINT ( 'NONE', #1195 ) ;
#3953 = CARTESIAN_POINT ( 'NONE',  ( -22.20396889562778142, 0.000000000000000000, -27.86082314512018243 ) ) ;
#3954 = EDGE_CURVE ( 'NONE', #5224, #1461, #4004, .T. ) ;
#3955 = FACE_OUTER_BOUND ( 'NONE', #2596, .T. ) ;
#3956 = ORIENTED_EDGE ( 'NONE', *, *, #4785, .F. ) ;
#3957 = DIRECTION ( 'NONE',  ( 0.000000000000000000, 0.000000000000000000, 1.000000000000000000 ) ) ;
#3958 = ORIENTED_EDGE ( 'NONE', *, *, #5342, .F. ) ;
#3959 = CARTESIAN_POINT ( 'NONE',  ( 18.75606001926121280, 0.000000000000000000, -27.06609133436747072 ) ) ;
#3960 = EDGE_CURVE ( 'NONE', #3989, #2029, #3428, .T. ) ;
#3961 = DIRECTION ( 'NONE',  ( 0.000000000000000000, 0.000000000000000000, 1.000000000000000000 ) ) ;
#3962 = DIRECTION ( 'NONE',  ( -1.000000000000000000, 0.000000000000000000, -0.000000000000000000 ) ) ;
#3963 = ORIENTED_EDGE ( 'NONE', *, *, #4118, .F. ) ;
#3964 = EDGE_CURVE ( 'NONE', #5053, #3069, #3685, .T. ) ;
#3965 = CARTESIAN_POINT ( 'NONE',  ( 3.723170752748988566, -8.145815531099353635, -3.723170752748988566 ) ) ;
#3966 = DIRECTION ( 'NONE',  ( 0.000000000000000000, 0.000000000000000000, 1.000000000000000000 ) ) ;
#3967 = CARTESIAN_POINT ( 'NONE',  ( -25.00119832667881425, 2.500000000000000000, -14.99811776992030765 ) ) ;
#3968 = VERTEX_POINT ( 'NONE', #4039 ) ;
#3969 = VERTEX_POINT ( 'NONE', #3190 ) ;
#3970 = FACE_BOUND ( 'NONE', #1932, .T. ) ;
#3971 = CARTESIAN_POINT ( 'NONE',  ( 7.500000000000000000, 0.000000000000000000, 13.50000000000000178 ) ) ;
#3972 = VERTEX_POINT ( 'NONE', #1588 ) ;
#3973 = CARTESIAN_POINT ( 'NONE',  ( 0.000000000000000000, 0.000000000000000000, -20.00000000000002487 ) ) ;
#3974 = CARTESIAN_POINT ( 'NONE',  ( -25.00119832667881425, 0.000000000000000000, -14.99811776992030765 ) ) ;
#3975 = EDGE_CURVE ( 'NONE', #3260, #1053, #725, .T. ) ;
#3976 = ORIENTED_EDGE ( 'NONE', *, *, #2024, .T. ) ;
#3977 = ORIENTED_EDGE ( 'NONE', *, *, #4590, .F. ) ;
#3978 = DIRECTION ( 'NONE',  ( -0.3580378399195142114, 0.000000000000000000, -0.9337070767568212970 ) ) ;
#3979 = PLANE ( 'NONE',  #1182 ) ;
#3980 = CARTESIAN_POINT ( 'NONE',  ( 25.00119832667878583, 0.000000000000000000, 14.09811776992029486 ) ) ;
#3981 = EDGE_CURVE ( 'NONE', #3482, #852, #3240, .T. ) ;
#3982 = CC_DESIGN_DATE_AND_TIME_ASSIGNMENT ( #1693, #4571, ( #765 ) ) ;
#3983 = VERTEX_POINT ( 'NONE', #270 ) ;
#3984 = LINE ( 'NONE', #2707, #4603 ) ;
#3985 = ADVANCED_FACE ( 'NONE', ( #4869 ), #2370, .F. ) ;
#3986 = PLANE ( 'NONE',  #4898 ) ;
#3987 = DIRECTION ( 'NONE',  ( -1.000000000000000000, 0.000000000000000000, 0.000000000000000000 ) ) ;
#3988 = EDGE_CURVE ( 'NONE', #2138, #2492, #3522, .T. ) ;
#3989 = VERTEX_POINT ( 'NONE', #2835 ) ;
#3990 = CARTESIAN_POINT ( 'NONE',  ( 8.572527594031473190E-16, 5.000000000000000000, 7.000000000000000000 ) ) ;
#3991 = DIRECTION ( 'NONE',  ( -0.000000000000000000, -1.000000000000000000, -0.000000000000000000 ) ) ;
#3992 = DIRECTION ( 'NONE',  ( 0.000000000000000000, 0.000000000000000000, -1.000000000000000000 ) ) ;
#3993 = ORIENTED_EDGE ( 'NONE', *, *, #3245, .T. ) ;
#3994 = ORIENTED_EDGE ( 'NONE', *, *, #736, .F. ) ;
#3995 = CARTESIAN_POINT ( 'NONE',  ( 0.000000000000000000, -12.00000000000000000, 0.000000000000000000 ) ) ;
#3996 = CARTESIAN_POINT ( 'NONE',  ( -20.07993130715163943, 0.000000000000000000, -28.56521268139023206 ) ) ;
#3997 = CARTESIAN_POINT ( 'NONE',  ( 14.99811776992027568, 5.000000000000000000, 24.10119832667880146 ) ) ;
#3998 = DIRECTION ( 'NONE',  ( -1.000000000000000000, -0.000000000000000000, -0.000000000000000000 ) ) ;
#3999 = ORIENTED_EDGE ( 'NONE', *, *, #1836, .F. ) ;
#4000 = ORIENTED_EDGE ( 'NONE', *, *, #3224, .F. ) ;
#4001 = FACE_OUTER_BOUND ( 'NONE', #4809, .T. ) ;
#4002 = CIRCLE ( 'NONE', #2605, 1.999999999999998224 ) ;
#4003 = CIRCLE ( 'NONE', #5291, 2.000000000000001776 ) ;
#4004 = LINE ( 'NONE', #297, #3082 ) ;
#4005 = CARTESIAN_POINT ( 'NONE',  ( 0.000000000000000000, 2.000000000000000000, 0.000000000000000000 ) ) ;
#4006 = AXIS2_PLACEMENT_3D ( 'NONE', #3543, #4271, #2210 ) ;
#4007 = ORIENTED_EDGE ( 'NONE', *, *, #4018, .F. ) ;
#4008 = DIRECTION ( 'NONE',  ( 0.000000000000000000, 1.000000000000000000, -0.000000000000000000 ) ) ;
#4009 = CIRCLE ( 'NONE', #1837, 2.249999999999988010 ) ;
#4010 = AXIS2_PLACEMENT_3D ( 'NONE', #3698, #1260, #4529 ) ;
#4011 = DIRECTION ( 'NONE',  ( 0.000000000000000000, 0.000000000000000000, 1.000000000000000000 ) ) ;
#4012 = DIRECTION ( 'NONE',  ( -0.000000000000000000, -1.000000000000000000, -0.000000000000000000 ) ) ;
#4013 = ORIENTED_EDGE ( 'NONE', *, *, #3416, .T. ) ;
#4014 = TOROIDAL_SURFACE ( 'NONE', #3054, 4.000000000000000000, 1.000000000000000000 ) ;
#4015 = CARTESIAN_POINT ( 'NONE',  ( -25.00119832667880004, 5.000000000000000000, 14.09811776992030907 ) ) ;
#4016 = EDGE_CURVE ( 'NONE', #2696, #657, #4377, .T. ) ;
#4017 = ADVANCED_FACE ( 'NONE', ( #1888 ), #4205, .T. ) ;
#4018 = EDGE_CURVE ( 'NONE', #344, #757, #1008, .T. ) ;
#4019 = DIRECTION ( 'NONE',  ( -0.000000000000000000, -1.000000000000000000, -0.000000000000000000 ) ) ;
#4020 = AXIS2_PLACEMENT_3D ( 'NONE', #4832, #2325, #5261 ) ;
#4021 = CIRCLE ( 'NONE', #900, 2.249999999999986233 ) ;
#4022 = PLANE ( 'NONE',  #5207 ) ;
#4023 = EDGE_LOOP ( 'NONE', ( #3666, #609, #860, #3943 ) ) ;
#4024 = VERTEX_POINT ( 'NONE', #3605 ) ;
#4025 = PLANE ( 'NONE',  #3921 ) ;
#4026 = FACE_BOUND ( 'NONE', #1130, .T. ) ;
#4027 = AXIS2_PLACEMENT_3D ( 'NONE', #2198, #3309, #1264 ) ;
#4028 = ORGANIZATION ( 'æœª', 'æœª', '' ) ;
#4029 = CARTESIAN_POINT ( 'NONE',  ( 25.00119832667878583, 5.000000000000000000, 15.89811776992029380 ) ) ;
#4030 = EDGE_CURVE ( 'NONE', #1134, #3936, #2377, .T. ) ;
#4031 = CARTESIAN_POINT ( 'NONE',  ( -24.06784864032195159, 2.000000000000000000, 16.10831744348034889 ) ) ;
#4032 = AXIS2_PLACEMENT_3D ( 'NONE', #462, #2114, #5022 ) ;
#4033 = ORIENTED_EDGE ( 'NONE', *, *, #701, .F. ) ;
#4034 = ORIENTED_EDGE ( 'NONE', *, *, #4584, .T. ) ;
#4035 = EDGE_CURVE ( 'NONE', #3431, #1225, #346, .T. ) ;
#4036 = DIRECTION ( 'NONE',  ( 0.000000000000000000, 0.000000000000000000, 1.000000000000000000 ) ) ;
#4037 = EDGE_CURVE ( 'NONE', #1880, #5327, #571, .T. ) ;
#4038 = CIRCLE ( 'NONE', #3423, 4.150000000000000355 ) ;
#4039 = CARTESIAN_POINT ( 'NONE',  ( -21.49414486952474590, 2.000000000000000000, 27.15099911901713270 ) ) ;
#4040 = DIRECTION ( 'NONE',  ( 0.000000000000000000, 0.000000000000000000, 1.000000000000000000 ) ) ;
#4041 = AXIS2_PLACEMENT_3D ( 'NONE', #3652, #4403, #3569 ) ;
#4042 = EDGE_LOOP ( 'NONE', ( #387, #563, #1372, #514 ) ) ;
#4043 = CARTESIAN_POINT ( 'NONE',  ( -25.00119832667881425, 2.500000000000000000, -14.99811776992030765 ) ) ;
#4044 = CIRCLE ( 'NONE', #5250, 4.000000000000003553 ) ;
#4045 = CARTESIAN_POINT ( 'NONE',  ( 14.00000000000000178, -1.000000000000000000, -14.00000000000001243 ) ) ;
#4046 = DIRECTION ( 'NONE',  ( -0.000000000000000000, -1.000000000000000000, -0.000000000000000000 ) ) ;
#4047 = CARTESIAN_POINT ( 'NONE',  ( -14.00000000000000178, 0.000000000000000000, 11.50000000000001243 ) ) ;
#4048 = DIRECTION ( 'NONE',  ( 0.000000000000000000, 0.000000000000000000, 1.000000000000000000 ) ) ;
#4049 = EDGE_CURVE ( 'NONE', #4976, #3160, #4552, .T. ) ;
#4050 = CC_DESIGN_PERSON_AND_ORGANIZATION_ASSIGNMENT ( #79, #1327, ( #2566 ) ) ;
#4051 = FACE_BOUND ( 'NONE', #4472, .T. ) ;
#4052 = CARTESIAN_POINT ( 'NONE',  ( 0.000000000000000000, 2.500000000000000000, 0.000000000000000000 ) ) ;
#4053 = ORIENTED_EDGE ( 'NONE', *, *, #3988, .T. ) ;
#4054 = DIRECTION ( 'NONE',  ( 0.000000000000000000, 0.000000000000000000, 1.000000000000000000 ) ) ;
#4055 = EDGE_CURVE ( 'NONE', #5165, #1134, #2294, .T. ) ;
#4056 = DIRECTION ( 'NONE',  ( -0.000000000000000000, -1.000000000000000000, -0.000000000000000000 ) ) ;
#4057 = ORIENTED_EDGE ( 'NONE', *, *, #4743, .T. ) ;
#4058 = EDGE_LOOP ( 'NONE', ( #3868, #1234, #5005, #3051 ) ) ;
#4059 = DIRECTION ( 'NONE',  ( 0.000000000000000000, 0.000000000000000000, -1.000000000000000000 ) ) ;
#4060 = DIRECTION ( 'NONE',  ( 0.000000000000000000, 0.000000000000000000, 1.000000000000000000 ) ) ;
#4061 = CARTESIAN_POINT ( 'NONE',  ( -4.150000000000004796, -5.999999999999999112, -4.150000000000000355 ) ) ;
#4062 = VERTEX_POINT ( 'NONE', #4596 ) ;
#4063 = DIRECTION ( 'NONE',  ( 0.000000000000000000, -1.000000000000000000, 0.000000000000000000 ) ) ;
#4064 = FACE_OUTER_BOUND ( 'NONE', #4101, .T. ) ;
#4065 = DIRECTION ( 'NONE',  ( -0.000000000000000000, -1.000000000000000000, -0.000000000000000000 ) ) ;
#4066 = DIRECTION ( 'NONE',  ( 0.000000000000000000, 0.000000000000000000, -1.000000000000000000 ) ) ;
#4067 = CARTESIAN_POINT ( 'NONE',  ( -24.06784864032195159, 0.000000000000000000, 16.10831744348034889 ) ) ;
#4068 = FACE_OUTER_BOUND ( 'NONE', #4023, .T. ) ;
#4069 = FACE_OUTER_BOUND ( 'NONE', #1102, .T. ) ;
#4070 = CARTESIAN_POINT ( 'NONE',  ( 14.00000000000000178, 0.000000000000000000, -14.00000000000001243 ) ) ;
#4071 = LINE ( 'NONE', #4896, #3771 ) ;
#4072 = EDGE_LOOP ( 'NONE', ( #1487, #5365, #3994, #803 ) ) ;
#4073 = ORIENTED_EDGE ( 'NONE', *, *, #1316, .F. ) ;
#4074 = ORIENTED_EDGE ( 'NONE', *, *, #2757, .T. ) ;
#4075 = DIRECTION ( 'NONE',  ( 0.000000000000000000, 0.000000000000000000, 1.000000000000000000 ) ) ;
#4076 = EDGE_CURVE ( 'NONE', #1301, #2663, #3794, .T. ) ;
#4077 = DIRECTION ( 'NONE',  ( 1.000000000000000000, 0.000000000000000000, -0.000000000000000000 ) ) ;
#4078 = CARTESIAN_POINT ( 'NONE',  ( -25.00119832667880004, 5.000000000000000000, 14.99811776992030765 ) ) ;
#4079 = ORIENTED_EDGE ( 'NONE', *, *, #5013, .T. ) ;
#4080 = CIRCLE ( 'NONE', #1569, 2.250000000000001776 ) ;
#4081 = CARTESIAN_POINT ( 'NONE',  ( -27.86082314512017177, 2.000000000000000000, -22.20396889562780274 ) ) ;
#4082 = AXIS2_PLACEMENT_3D ( 'NONE', #1976, #4887, #4856 ) ;
#4083 = FACE_OUTER_BOUND ( 'NONE', #1872, .T. ) ;
#4084 = TOROIDAL_SURFACE ( 'NONE', #1746, 2.250000000000000000, 0.5000000000000000000 ) ;
#4085 = CARTESIAN_POINT ( 'NONE',  ( 25.03239602037398015, 0.000000000000000000, 29.03239602037399791 ) ) ;
#4086 = EDGE_LOOP ( 'NONE', ( #749, #1293, #4827, #1017 ) ) ;
#4087 = EDGE_CURVE ( 'NONE', #3272, #4390, #5035, .T. ) ;
#4088 = AXIS2_PLACEMENT_3D ( 'NONE', #4675, #3075, #5104 ) ;
#4089 = AXIS2_PLACEMENT_3D ( 'NONE', #3455, #1454, #1020 ) ;
#4090 = DIRECTION ( 'NONE',  ( -1.734723475976808672E-15, 0.000000000000000000, 1.000000000000000000 ) ) ;
#4091 = DIRECTION ( 'NONE',  ( 0.000000000000000000, 0.000000000000000000, -1.000000000000000000 ) ) ;
#4092 = CIRCLE ( 'NONE', #3929, 2.000000000000001776 ) ;
#4093 = ORIENTED_EDGE ( 'NONE', *, *, #3425, .F. ) ;
#4094 = DIRECTION ( 'NONE',  ( 0.000000000000000000, 1.000000000000000000, -0.000000000000000000 ) ) ;
#4095 = CARTESIAN_POINT ( 'NONE',  ( -15.59751454687766881, 2.000000000000000000, -5.980998276113258072 ) ) ;
#4096 = DIRECTION ( 'NONE',  ( 0.000000000000000000, 1.000000000000000000, 0.000000000000000000 ) ) ;
#4097 = AXIS2_PLACEMENT_3D ( 'NONE', #2639, #4815, #1023 ) ;
#4098 = VECTOR ( 'NONE', #3218, 1000.000000000000000 ) ;
#4099 = DIRECTION ( 'NONE',  ( 0.000000000000000000, 0.000000000000000000, 1.000000000000000000 ) ) ;
#4100 = VERTEX_POINT ( 'NONE', #3708 ) ;
#4101 = EDGE_LOOP ( 'NONE', ( #4275, #1145, #4427, #4469, #5099, #4821 ) ) ;
#4102 = VECTOR ( 'NONE', #1579, 1000.000000000000000 ) ;
#4103 = AXIS2_PLACEMENT_3D ( 'NONE', #3545, #2676, #4247 ) ;
#4104 = CARTESIAN_POINT ( 'NONE',  ( 0.000000000000000000, -6.000000000000000000, 29.03239602037399791 ) ) ;
#4105 = ORIENTED_EDGE ( 'NONE', *, *, #1542, .F. ) ;
#4106 = CARTESIAN_POINT ( 'NONE',  ( 14.99811776992028989, 5.000000000000000000, -25.90119832667880573 ) ) ;
#4107 = CARTESIAN_POINT ( 'NONE',  ( 0.000000000000000000, 2.000000000000000000, 0.000000000000000000 ) ) ;
#4108 = DIRECTION ( 'NONE',  ( -0.000000000000000000, -0.000000000000000000, -1.000000000000000000 ) ) ;
#4109 = EDGE_CURVE ( 'NONE', #2944, #4555, #2444, .T. ) ;
#4110 = ORIENTED_EDGE ( 'NONE', *, *, #3227, .T. ) ;
#4111 = DIRECTION ( 'NONE',  ( 0.000000000000000000, 0.000000000000000000, -1.000000000000000000 ) ) ;
#4112 = ADVANCED_FACE ( 'NONE', ( #2011 ), #371, .F. ) ;
#4113 = CARTESIAN_POINT ( 'NONE',  ( 25.00119832667878583, 2.500000000000000000, 14.99811776992029344 ) ) ;
#4114 = CIRCLE ( 'NONE', #1443, 2.000000000000000000 ) ;
#4115 = CARTESIAN_POINT ( 'NONE',  ( -10.82647259854743815, 0.000000000000000000, 22.04248076409419355 ) ) ;
#4116 = ORIENTED_EDGE ( 'NONE', *, *, #2187, .F. ) ;
#4117 = VECTOR ( 'NONE', #478, 1000.000000000000000 ) ;
#4118 = EDGE_CURVE ( 'NONE', #2225, #3972, #1601, .T. ) ;
#4119 = ORIENTED_EDGE ( 'NONE', *, *, #736, .T. ) ;
#4120 = AXIS2_PLACEMENT_3D ( 'NONE', #2426, #2823, #4091 ) ;
#4121 = FACE_OUTER_BOUND ( 'NONE', #1710, .T. ) ;
#4122 = EDGE_CURVE ( 'NONE', #1879, #344, #1526, .T. ) ;
#4123 = ADVANCED_FACE ( 'NONE', ( #1635 ), #2913, .T. ) ;
#4124 = ORIENTED_EDGE ( 'NONE', *, *, #2995, .F. ) ;
#4125 = CARTESIAN_POINT ( 'NONE',  ( -25.00119832667881425, 5.000000000000000000, -13.24811776992030765 ) ) ;
#4126 = LINE ( 'NONE', #2798, #5215 ) ;
#4127 = CARTESIAN_POINT ( 'NONE',  ( -14.99811776992028989, 5.000000000000000000, -23.25119832667883202 ) ) ;
#4128 = CARTESIAN_POINT ( 'NONE',  ( 4.150000000000001243, -6.000000000000000000, 4.150000000000000355 ) ) ;
#4129 = ORIENTED_EDGE ( 'NONE', *, *, #1036, .T. ) ;
#4130 = ORIENTED_EDGE ( 'NONE', *, *, #3168, .F. ) ;
#4131 = DIRECTION ( 'NONE',  ( 0.000000000000000000, 0.000000000000000000, 1.000000000000000000 ) ) ;
#4132 = ORIENTED_EDGE ( 'NONE', *, *, #2101, .F. ) ;
#4133 = CYLINDRICAL_SURFACE ( 'NONE', #2876, 2.000000000000001776 ) ;
#4134 = CARTESIAN_POINT ( 'NONE',  ( 14.99811776992028989, 5.000000000000000000, -25.00119832667880360 ) ) ;
#4135 = ORIENTED_EDGE ( 'NONE', *, *, #1836, .T. ) ;
#4136 = EDGE_LOOP ( 'NONE', ( #2922, #1695 ) ) ;
#4137 = CARTESIAN_POINT ( 'NONE',  ( -14.00000000000000178, -1.000000000000000000, -16.50000000000001421 ) ) ;
#4138 = CARTESIAN_POINT ( 'NONE',  ( -14.00000000000000178, 0.000000000000000000, 14.00000000000001243 ) ) ;
#4139 = CYLINDRICAL_SURFACE ( 'NONE', #812, 1.749999999999999778 ) ;
#4140 = ORIENTED_EDGE ( 'NONE', *, *, #1969, .T. ) ;
#4141 = ORIENTED_EDGE ( 'NONE', *, *, #2103, .F. ) ;
#4142 = EDGE_CURVE ( 'NONE', #2254, #3005, #3084, .T. ) ;
#4143 = EDGE_CURVE ( 'NONE', #3697, #4707, #4044, .T. ) ;
#4144 = CYLINDRICAL_SURFACE ( 'NONE', #3509, 2.000000000000000000 ) ;
#4145 = CARTESIAN_POINT ( 'NONE',  ( -19.99999999999999289, 2.000000000000000000, 0.000000000000000000 ) ) ;
#4146 = ORIENTED_EDGE ( 'NONE', *, *, #867, .T. ) ;
#4147 = DIRECTION ( 'NONE',  ( -0.000000000000000000, -1.000000000000000000, -0.000000000000000000 ) ) ;
#4148 = FACE_OUTER_BOUND ( 'NONE', #3950, .T. ) ;
#4149 = DIRECTION ( 'NONE',  ( 0.000000000000000000, 1.000000000000000000, -0.000000000000000000 ) ) ;
#4150 = CARTESIAN_POINT ( 'NONE',  ( 3.723170752748987677, -3.854184468900646809, -3.723170752748987677 ) ) ;
#4151 = VERTEX_POINT ( 'NONE', #2073 ) ;
#4152 = ORIENTED_EDGE ( 'NONE', *, *, #3442, .T. ) ;
#4153 = DIRECTION ( 'NONE',  ( -0.000000000000000000, 1.000000000000000000, -0.000000000000000000 ) ) ;
#4154 = ORIENTED_EDGE ( 'NONE', *, *, #4985, .T. ) ;
#4155 = LINE ( 'NONE', #445, #4963 ) ;
#4156 = DIRECTION ( 'NONE',  ( 0.000000000000000000, 0.000000000000000000, -1.000000000000000000 ) ) ;
#4157 = CARTESIAN_POINT ( 'NONE',  ( 12.50000000000000000, -1.000000000000000888, -7.500000000000000000 ) ) ;
#4158 = DIRECTION ( 'NONE',  ( 0.000000000000000000, 1.000000000000000000, -0.000000000000000000 ) ) ;
#4159 = ORIENTED_EDGE ( 'NONE', *, *, #4589, .F. ) ;
#4160 = CARTESIAN_POINT ( 'NONE',  ( 7.500000000000000000, 0.000000000000000000, 13.50000000000000178 ) ) ;
#4161 = CARTESIAN_POINT ( 'NONE',  ( 12.10970376029897899, 2.000000000000000000, 23.96254615851252012 ) ) ;
#4162 = DIRECTION ( 'NONE',  ( -0.000000000000000000, -1.000000000000000000, -0.000000000000000000 ) ) ;
#4163 = AXIS2_PLACEMENT_3D ( 'NONE', #903, #357, #2000 ) ;
#4164 = ORIENTED_EDGE ( 'NONE', *, *, #3089, .F. ) ;
#4165 =( BOUNDED_CURVE ( )  B_SPLINE_CURVE ( 3, ( #157, #2176, #2098, #3459 ),
 .UNSPECIFIED., .F., .T. ) 
 B_SPLINE_CURVE_WITH_KNOTS ( ( 4, 4 ),
 ( 2.356194490192345281, 3.141592653589793116 ),
 .UNSPECIFIED. ) 
 CURVE ( )  GEOMETRIC_REPRESENTATION_ITEM ( )  RATIONAL_B_SPLINE_CURVE ( ( 1.000000000000000000, 0.9492530216741912330, 0.9492530216741912330, 1.000000000000000000 ) ) 
 REPRESENTATION_ITEM ( '' )  );
#4166 = CIRCLE ( 'NONE', #4867, 0.8999999999999998002 ) ;
#4167 = CYLINDRICAL_SURFACE ( 'NONE', #4719, 2.000000000000000000 ) ;
#4168 = VERTEX_POINT ( 'NONE', #4157 ) ;
#4169 = DIRECTION ( 'NONE',  ( 0.7071067811865476838, 0.000000000000000000, -0.7071067811865474617 ) ) ;
#4170 = EDGE_LOOP ( 'NONE', ( #2092, #720, #404, #2336, #4740, #4079, #1177 ) ) ;
#4171 = AXIS2_PLACEMENT_3D ( 'NONE', #3263, #4402, #3629 ) ;
#4172 = TOROIDAL_SURFACE ( 'NONE', #719, 2.249999999999989342, 0.5000000000000000000 ) ;
#4173 = EDGE_CURVE ( 'NONE', #1637, #56, #2099, .T. ) ;
#4174 = FACE_OUTER_BOUND ( 'NONE', #2231, .T. ) ;
#4175 = PLANE ( 'NONE',  #5052 ) ;
#4176 = CYLINDRICAL_SURFACE ( 'NONE', #2892, 4.000000000000003553 ) ;
#4177 = AXIS2_PLACEMENT_3D ( 'NONE', #3560, #3669, #2310 ) ;
#4178 = VECTOR ( 'NONE', #4618, 1000.000000000000227 ) ;
#4179 = EDGE_LOOP ( 'NONE', ( #835, #5015, #4423, #5080 ) ) ;
#4180 = VERTEX_POINT ( 'NONE', #3320 ) ;
#4181 = CARTESIAN_POINT ( 'NONE',  ( 7.500000000000000000, -11.00000000000000000, 12.50000000000000000 ) ) ;
#4182 = CARTESIAN_POINT ( 'NONE',  ( 14.99811776992027568, 2.500000000000000000, 22.75119832667881781 ) ) ;
#4183 = CIRCLE ( 'NONE', #4796, 2.000000000000000000 ) ;
#4184 = ADVANCED_FACE ( 'NONE', ( #5331 ), #5011, .T. ) ;
#4185 = CARTESIAN_POINT ( 'NONE',  ( -7.500000000000000888, 0.000000000000000000, 7.500000000000000888 ) ) ;
#4186 = LINE ( 'NONE', #916, #2623 ) ;
#4187 = CARTESIAN_POINT ( 'NONE',  ( -27.15099911901711849, 2.000000000000000000, -21.49414486952475301 ) ) ;
#4188 = CIRCLE ( 'NONE', #2725, 2.000000000000001776 ) ;
#4189 = EDGE_CURVE ( 'NONE', #875, #1460, #147, .T. ) ;
#4190 = ADVANCED_FACE ( 'NONE', ( #4544 ), #2856, .T. ) ;
#4191 = ORIENTED_EDGE ( 'NONE', *, *, #4143, .T. ) ;
#4192 = CARTESIAN_POINT ( 'NONE',  ( 25.00119832667881425, 5.000000000000000000, -14.99811776992029344 ) ) ;
#4193 = AXIS2_PLACEMENT_3D ( 'NONE', #1620, #3991, #1925 ) ;
#4194 = CYLINDRICAL_SURFACE ( 'NONE', #3164, 2.000000000000001776 ) ;
#4195 = DIRECTION ( 'NONE',  ( -0.000000000000000000, -1.000000000000000000, -0.000000000000000000 ) ) ;
#4196 = VECTOR ( 'NONE', #1723, 1000.000000000000000 ) ;
#4197 = ORIENTED_EDGE ( 'NONE', *, *, #2187, .T. ) ;
#4198 = AXIS2_PLACEMENT_3D ( 'NONE', #3129, #2734, #4790 ) ;
#4199 = DIRECTION ( 'NONE',  ( 0.000000000000000000, 1.000000000000000000, 0.000000000000000000 ) ) ;
#4200 = ORIENTED_EDGE ( 'NONE', *, *, #2607, .T. ) ;
#4201 = CYLINDRICAL_SURFACE ( 'NONE', #5119, 2.000000000000000000 ) ;
#4202 = ORIENTED_EDGE ( 'NONE', *, *, #313, .T. ) ;
#4203 =( BOUNDED_CURVE ( )  B_SPLINE_CURVE ( 3, ( #69, #1207, #2547, #2847 ),
 .UNSPECIFIED., .F., .T. ) 
 B_SPLINE_CURVE_WITH_KNOTS ( ( 4, 4 ),
 ( 5.497787143782137953, 6.283185307179586232 ),
 .UNSPECIFIED. ) 
 CURVE ( )  GEOMETRIC_REPRESENTATION_ITEM ( )  RATIONAL_B_SPLINE_CURVE ( ( 1.000000000000000000, 0.9492530216741911220, 0.9492530216741911220, 1.000000000000000000 ) ) 
 REPRESENTATION_ITEM ( '' )  );
#4204 = VECTOR ( 'NONE', #1713, 1000.000000000000000 ) ;
#4205 = TOROIDAL_SURFACE ( 'NONE', #2902, 4.000000000000000000, 1.000000000000000000 ) ;
#4206 = CARTESIAN_POINT ( 'NONE',  ( -20.07993130715163943, 2.000000000000000000, -28.56521268139023206 ) ) ;
#4207 = DIRECTION ( 'NONE',  ( 0.000000000000000000, -0.000000000000000000, 1.000000000000000000 ) ) ;
#4208 = CARTESIAN_POINT ( 'NONE',  ( 18.75606001926117727, 2.000000000000000000, 27.06609133436745296 ) ) ;
#4209 = ADVANCED_FACE ( 'NONE', ( #2474 ), #425, .F. ) ;
#4210 = CC_DESIGN_PERSON_AND_ORGANIZATION_ASSIGNMENT ( #426, #1243, ( #765 ) ) ;
#4211 = ORIENTED_EDGE ( 'NONE', *, *, #4817, .T. ) ;
#4212 = ORIENTED_EDGE ( 'NONE', *, *, #4742, .T. ) ;
#4213 = ORIENTED_EDGE ( 'NONE', *, *, #4875, .F. ) ;
#4214 = DIRECTION ( 'NONE',  ( 0.000000000000000000, 1.000000000000000000, 0.000000000000000000 ) ) ;
#4215 = DIRECTION ( 'NONE',  ( -4.336808689942013792E-15, 0.000000000000000000, 1.000000000000000000 ) ) ;
#4216 = LINE ( 'NONE', #1661, #1580 ) ;
#4217 = EDGE_CURVE ( 'NONE', #4707, #2341, #3350, .T. ) ;
#4218 = CARTESIAN_POINT ( 'NONE',  ( 12.50000000000000000, -11.00000000000000000, -7.500000000000000000 ) ) ;
#4219 = ORIENTED_EDGE ( 'NONE', *, *, #4606, .T. ) ;
#4220 = DIRECTION ( 'NONE',  ( -0.000000000000000000, -1.000000000000000000, -0.000000000000000000 ) ) ;
#4221 = EDGE_CURVE ( 'NONE', #3972, #2225, #5334, .T. ) ;
#4222 = DIRECTION ( 'NONE',  ( 0.000000000000000000, 0.000000000000000000, 1.000000000000000000 ) ) ;
#4223 = DIRECTION ( 'NONE',  ( -0.000000000000000000, 1.000000000000000000, -0.000000000000000000 ) ) ;
#4224 = ORIENTED_EDGE ( 'NONE', *, *, #5075, .F. ) ;
#4225 = FACE_OUTER_BOUND ( 'NONE', #397, .T. ) ;
#4226 = PLANE ( 'NONE',  #883 ) ;
#4227 = EDGE_LOOP ( 'NONE', ( #1319, #3963 ) ) ;
#4228 = CARTESIAN_POINT ( 'NONE',  ( -7.500000000000000888, -11.00000000000000000, -7.500000000000000888 ) ) ;
#4229 = DIRECTION ( 'NONE',  ( 0.000000000000000000, 0.000000000000000000, 1.000000000000000000 ) ) ;
#4230 = CARTESIAN_POINT ( 'NONE',  ( 20.07993130715164298, 2.000000000000000000, -28.56521268139023206 ) ) ;
#4231 = EDGE_CURVE ( 'NONE', #4801, #2494, #3534, .T. ) ;
#4232 = EDGE_LOOP ( 'NONE', ( #522, #2852, #1312, #1991 ) ) ;
#4233 = ORIENTED_EDGE ( 'NONE', *, *, #2591, .F. ) ;
#4234 = ORIENTED_EDGE ( 'NONE', *, *, #1231, .F. ) ;
#4235 = CARTESIAN_POINT ( 'NONE',  ( 7.500000000000000000, -1.000000000000000888, -13.50000000000000178 ) ) ;
#4236 = DIRECTION ( 'NONE',  ( 0.000000000000000000, 1.000000000000000000, -0.000000000000000000 ) ) ;
#4237 = ORIENTED_EDGE ( 'NONE', *, *, #2915, .F. ) ;
#4238 = DIRECTION ( 'NONE',  ( 0.000000000000000000, 0.000000000000000000, -1.000000000000000000 ) ) ;
#4239 = DIRECTION ( 'NONE',  ( 1.000000000000000000, 0.000000000000000000, 1.224646799147353207E-16 ) ) ;
#4240 = CALENDAR_DATE ( 2026, 18, 2 ) ;
#4241 = ORIENTED_EDGE ( 'NONE', *, *, #4661, .T. ) ;
#4242 = CARTESIAN_POINT ( 'NONE',  ( 5.980998276113258960, 0.000000000000000000, -15.59751454687771854 ) ) ;
#4243 = EDGE_CURVE ( 'NONE', #4327, #100, #1447, .T. ) ;
#4244 = EDGE_CURVE ( 'NONE', #4168, #5029, #1899, .T. ) ;
#4245 = EDGE_CURVE ( 'NONE', #2561, #934, #3555, .T. ) ;
#4246 = CARTESIAN_POINT ( 'NONE',  ( -25.00119832667880004, 5.000000000000000000, 15.89811776992030801 ) ) ;
#4247 = DIRECTION ( 'NONE',  ( 0.000000000000000000, 0.000000000000000000, -1.000000000000000000 ) ) ;
#4248 = ORIENTED_EDGE ( 'NONE', *, *, #2320, .T. ) ;
#4249 = ORIENTED_EDGE ( 'NONE', *, *, #2348, .T. ) ;
#4250 = EDGE_CURVE ( 'NONE', #1073, #202, #4368, .T. ) ;
#4251 = DIRECTION ( 'NONE',  ( -0.000000000000000000, 1.000000000000000000, -0.000000000000000000 ) ) ;
#4252 = CARTESIAN_POINT ( 'NONE',  ( -27.15099911901711849, 2.000000000000000000, -21.49414486952475301 ) ) ;
#4253 = ADVANCED_FACE ( 'NONE', ( #2327 ), #4313, .T. ) ;
#4254 = CIRCLE ( 'NONE', #2513, 0.5000000000000004441 ) ;
#4255 = CARTESIAN_POINT ( 'NONE',  ( 14.00000000000000178, -1.000000000000000000, -14.00000000000001243 ) ) ;
#4256 = ORIENTED_EDGE ( 'NONE', *, *, #3211, .F. ) ;
#4257 = VECTOR ( 'NONE', #723, 1000.000000000000000 ) ;
#4258 = AXIS2_PLACEMENT_3D ( 'NONE', #743, #1603, #1576 ) ;
#4259 = ORIENTED_EDGE ( 'NONE', *, *, #814, .F. ) ;
#4260 = ORIENTED_EDGE ( 'NONE', *, *, #4405, .T. ) ;
#4261 = CARTESIAN_POINT ( 'NONE',  ( -16.10831744348034533, 2.000000000000000000, -24.06784864032195159 ) ) ;
#4262 = CARTESIAN_POINT ( 'NONE',  ( -25.00119832667881425, 2.500000000000000000, -16.74811776992030943 ) ) ;
#4263 = DIRECTION ( 'NONE',  ( -0.000000000000000000, -1.000000000000000000, 0.000000000000000000 ) ) ;
#4264 = AXIS2_PLACEMENT_3D ( 'NONE', #4928, #2809, #4075 ) ;
#4265 = CIRCLE ( 'NONE', #210, 4.150000000000000355 ) ;
#4266 = CARTESIAN_POINT ( 'NONE',  ( 5.500000000000000000, 2.000000000000000000, 20.00000000000002487 ) ) ;
#4267 = SHAPE_DEFINITION_REPRESENTATION ( #1741, #4717 ) ;
#4268 = CIRCLE ( 'NONE', #4439, 7.000000000000000000 ) ;
#4269 = EDGE_LOOP ( 'NONE', ( #1193, #1259, #4705, #2331 ) ) ;
#4270 = ORIENTED_EDGE ( 'NONE', *, *, #2592, .T. ) ;
#4271 = DIRECTION ( 'NONE',  ( 0.000000000000000000, -1.000000000000000000, 0.000000000000000000 ) ) ;
#4272 = AXIS2_PLACEMENT_3D ( 'NONE', #4298, #3485, #1935 ) ;
#4273 = VECTOR ( 'NONE', #1616, 1000.000000000000000 ) ;
#4274 = CARTESIAN_POINT ( 'NONE',  ( -22.20396889562778142, 0.000000000000000000, -27.86082314512018598 ) ) ;
#4275 = ORIENTED_EDGE ( 'NONE', *, *, #2298, .T. ) ;
#4276 = FACE_OUTER_BOUND ( 'NONE', #2006, .T. ) ;
#4277 = EDGE_CURVE ( 'NONE', #3865, #1752, #3343, .T. ) ;
#4278 = ORIENTED_EDGE ( 'NONE', *, *, #1098, .F. ) ;
#4279 = CIRCLE ( 'NONE', #221, 2.249999999999988010 ) ;
#4280 = APPROVAL_PERSON_ORGANIZATION ( #2157, #4846, #3816 ) ;
#4281 = EDGE_CURVE ( 'NONE', #3262, #395, #3476, .T. ) ;
#4282 = LINE ( 'NONE', #3505, #481 ) ;
#4283 = CIRCLE ( 'NONE', #2729, 4.000000000000003553 ) ;
#4284 = CARTESIAN_POINT ( 'NONE',  ( -7.500000000000000888, -1.000000000000000000, 13.50000000000000178 ) ) ;
#4285 = ORIENTED_EDGE ( 'NONE', *, *, #471, .F. ) ;
#4286 = DIRECTION ( 'NONE',  ( 0.000000000000000000, 1.000000000000000000, 0.000000000000000000 ) ) ;
#4287 = LINE ( 'NONE', #334, #2373 ) ;
#4288 = EDGE_CURVE ( 'NONE', #107, #164, #832, .T. ) ;
#4289 = CARTESIAN_POINT ( 'NONE',  ( -23.96254615851250946, 2.000000000000000000, -12.10970376029904116 ) ) ;
#4290 = ORIENTED_EDGE ( 'NONE', *, *, #5013, .F. ) ;
#4291 = AXIS2_PLACEMENT_3D ( 'NONE', #2339, #1136, #1944 ) ;
#4292 = ORIENTED_EDGE ( 'NONE', *, *, #2850, .T. ) ;
#4293 = ORIENTED_EDGE ( 'NONE', *, *, #3886, .F. ) ;
#4294 = DIRECTION ( 'NONE',  ( 0.000000000000000000, 0.000000000000000000, 1.000000000000000000 ) ) ;
#4295 = CARTESIAN_POINT ( 'NONE',  ( -14.99811776992028634, 2.500000000000000000, 22.75119832667882847 ) ) ;
#4296 = ORIENTED_EDGE ( 'NONE', *, *, #5154, .F. ) ;
#4297 = CYLINDRICAL_SURFACE ( 'NONE', #294, 1.999999999999998224 ) ;
#4298 = CARTESIAN_POINT ( 'NONE',  ( -14.00000000000000178, 0.000000000000000000, 14.00000000000001243 ) ) ;
#4299 = ORIENTED_EDGE ( 'NONE', *, *, #683, .T. ) ;
#4300 = ORIENTED_EDGE ( 'NONE', *, *, #3355, .F. ) ;
#4301 = DIRECTION ( 'NONE',  ( -0.3580378399195142114, 0.000000000000000000, 0.9337070767568212970 ) ) ;
#4302 = DIRECTION ( 'NONE',  ( 0.000000000000000000, 0.000000000000000000, -1.000000000000000000 ) ) ;
#4303 = DIRECTION ( 'NONE',  ( 0.000000000000000000, 0.000000000000000000, -1.000000000000000000 ) ) ;
#4304 = ORIENTED_EDGE ( 'NONE', *, *, #1563, .F. ) ;
#4305 = CARTESIAN_POINT ( 'NONE',  ( 5.500000000000000000, 0.000000000000000000, 20.00000000000002487 ) ) ;
#4306 = PLANE ( 'NONE',  #1570 ) ;
#4307 = ORIENTED_EDGE ( 'NONE', *, *, #2244, .T. ) ;
#4308 = ORIENTED_EDGE ( 'NONE', *, *, #5343, .F. ) ;
#4309 = EDGE_CURVE ( 'NONE', #921, #2337, #576, .T. ) ;
#4310 = CARTESIAN_POINT ( 'NONE',  ( 25.00119832667878583, 5.000000000000000000, 15.89811776992029380 ) ) ;
#4311 = ADVANCED_FACE ( 'NONE', ( #2276 ), #281, .T. ) ;
#4312 = DIRECTION ( 'NONE',  ( -0.000000000000000000, -1.000000000000000000, -0.000000000000000000 ) ) ;
#4313 = CYLINDRICAL_SURFACE ( 'NONE', #3252, 1.749999999999986011 ) ;
#4314 = ORIENTED_EDGE ( 'NONE', *, *, #3016, .F. ) ;
#4315 = EDGE_LOOP ( 'NONE', ( #2083, #43, #2567, #5359 ) ) ;
#4316 = ORIENTED_EDGE ( 'NONE', *, *, #1755, .F. ) ;
#4317 = DIRECTION ( 'NONE',  ( -0.000000000000000000, -1.000000000000000000, -0.000000000000000000 ) ) ;
#4318 = CARTESIAN_POINT ( 'NONE',  ( -11.50000000000000000, -11.00000000000000000, 0.000000000000000000 ) ) ;
#4319 = CARTESIAN_POINT ( 'NONE',  ( -12.50000000000000000, -12.00000000000000000, -12.50000000000000000 ) ) ;
#4320 = CARTESIAN_POINT ( 'NONE',  ( 1.115358573568464129, -1.850000000000000533, 4.149999999999999467 ) ) ;
#4321 = ORIENTED_EDGE ( 'NONE', *, *, #3582, .T. ) ;
#4322 = ORIENTED_EDGE ( 'NONE', *, *, #5273, .F. ) ;
#4323 = ADVANCED_FACE ( 'NONE', ( #631, #1500 ), #3146, .T. ) ;
#4324 = DIRECTION ( 'NONE',  ( 0.000000000000000000, 1.000000000000000000, -0.000000000000000000 ) ) ;
#4325 = CARTESIAN_POINT ( 'NONE',  ( 0.000000000000000000, 2.000000000000000000, 0.000000000000000000 ) ) ;
#4326 = LINE ( 'NONE', #5193, #1845 ) ;
#4327 = VERTEX_POINT ( 'NONE', #2687 ) ;
#4328 = DIRECTION ( 'NONE',  ( 0.000000000000000000, 1.000000000000000000, 0.000000000000000000 ) ) ;
#4329 = DIRECTION ( 'NONE',  ( 0.000000000000000000, 0.000000000000000000, -1.000000000000000000 ) ) ;
#4330 = PLANE ( 'NONE',  #2606 ) ;
#4331 = ORIENTED_EDGE ( 'NONE', *, *, #176, .F. ) ;
#4332 = DIRECTION ( 'NONE',  ( -0.000000000000000000, -1.000000000000000000, -0.000000000000000000 ) ) ;
#4333 = FACE_BOUND ( 'NONE', #3025, .T. ) ;
#4334 = CARTESIAN_POINT ( 'NONE',  ( -25.00119832667881425, 5.000000000000000000, -14.99811776992030765 ) ) ;
#4335 = EDGE_CURVE ( 'NONE', #3478, #2695, #3172, .T. ) ;
#4336 = EDGE_CURVE ( 'NONE', #1609, #500, #1694, .T. ) ;
#4337 = VERTEX_POINT ( 'NONE', #4289 ) ;
#4338 = AXIS2_PLACEMENT_3D ( 'NONE', #1988, #4874, #2342 ) ;
#4339 = AXIS2_PLACEMENT_3D ( 'NONE', #356, #4471, #2400 ) ;
#4340 = CARTESIAN_POINT ( 'NONE',  ( -16.10831744348034533, 2.000000000000000000, -24.06784864032195159 ) ) ;
#4341 = DIRECTION ( 'NONE',  ( 0.000000000000000000, 0.000000000000000000, 1.000000000000000000 ) ) ;
#4342 =( BOUNDED_CURVE ( )  B_SPLINE_CURVE ( 3, ( #3875, #2183, #3495, #3524 ),
 .UNSPECIFIED., .F., .T. ) 
 B_SPLINE_CURVE_WITH_KNOTS ( ( 4, 4 ),
 ( 3.141592653589793116, 3.926990816987241395 ),
 .UNSPECIFIED. ) 
 CURVE ( )  GEOMETRIC_REPRESENTATION_ITEM ( )  RATIONAL_B_SPLINE_CURVE ( ( 1.000000000000000000, 0.9492530216741911220, 0.9492530216741911220, 1.000000000000000000 ) ) 
 REPRESENTATION_ITEM ( '' )  );
#4343 = LINE ( 'NONE', #3837, #2708 ) ;
#4344 = CARTESIAN_POINT ( 'NONE',  ( -25.00119832667880004, 5.000000000000000000, 14.99811776992030765 ) ) ;
#4345 = AXIS2_PLACEMENT_3D ( 'NONE', #2756, #2855, #5328 ) ;
#4346 = VECTOR ( 'NONE', #1211, 1000.000000000000000 ) ;
#4347 = VERTEX_POINT ( 'NONE', #580 ) ;
#4348 = EDGE_CURVE ( 'NONE', #3697, #650, #2993, .T. ) ;
#4349 = ORIENTED_EDGE ( 'NONE', *, *, #3797, .F. ) ;
#4350 = CIRCLE ( 'NONE', #1665, 4.000000000000003553 ) ;
#4351 = LINE ( 'NONE', #4274, #2209 ) ;
#4352 = EDGE_CURVE ( 'NONE', #2510, #1885, #663, .T. ) ;
#4353 = ORIENTED_EDGE ( 'NONE', *, *, #4897, .T. ) ;
#4354 = CIRCLE ( 'NONE', #378, 4.000000000000003553 ) ;
#4355 = CARTESIAN_POINT ( 'NONE',  ( 0.000000000000000000, 2.000000000000000000, -20.00000000000002487 ) ) ;
#4356 = EDGE_CURVE ( 'NONE', #1483, #3613, #3068, .T. ) ;
#4357 = ORIENTED_EDGE ( 'NONE', *, *, #3166, .F. ) ;
#4358 = CYLINDRICAL_SURFACE ( 'NONE', #3213, 5.000000000000000000 ) ;
#4359 = CIRCLE ( 'NONE', #2716, 0.9000000000000014655 ) ;
#4360 = CARTESIAN_POINT ( 'NONE',  ( -2.828427124746200949, 0.000000000000000000, -2.828427124746201837 ) ) ;
#4361 = LINE ( 'NONE', #3112, #4863 ) ;
#4362 = AXIS2_PLACEMENT_3D ( 'NONE', #3067, #2658, #2241 ) ;
#4363 = AXIS2_PLACEMENT_3D ( 'NONE', #4433, #3653, #1562 ) ;
#4364 = ORIENTED_EDGE ( 'NONE', *, *, #5173, .T. ) ;
#4365 = CARTESIAN_POINT ( 'NONE',  ( 0.000000000000000000, 2.500000000000000000, 0.000000000000000000 ) ) ;
#4366 = VECTOR ( 'NONE', #4312, 1000.000000000000000 ) ;
#4367 = CARTESIAN_POINT ( 'NONE',  ( 24.06784864032193738, 2.000000000000000000, -16.10831744348034889 ) ) ;
#4368 = LINE ( 'NONE', #5204, #2740 ) ;
#4369 = ORIENTED_EDGE ( 'NONE', *, *, #4818, .F. ) ;
#4370 = ORIENTED_EDGE ( 'NONE', *, *, #3115, .F. ) ;
#4371 = DIRECTION ( 'NONE',  ( 0.000000000000000000, 0.000000000000000000, 1.000000000000000000 ) ) ;
#4372 = CARTESIAN_POINT ( 'NONE',  ( 19.99999999999999289, 2.000000000000000000, 0.000000000000000000 ) ) ;
#4373 = ORIENTED_EDGE ( 'NONE', *, *, #4409, .T. ) ;
#4374 = DIRECTION ( 'NONE',  ( -1.000000000000000000, 0.000000000000000000, 0.000000000000000000 ) ) ;
#4375 = EDGE_CURVE ( 'NONE', #1956, #2214, #2040, .T. ) ;
#4376 = CYLINDRICAL_SURFACE ( 'NONE', #730, 3.999999999999989786 ) ;
#4377 = CIRCLE ( 'NONE', #1359, 2.250000000000000444 ) ;
#4378 = VERTEX_POINT ( 'NONE', #1125 ) ;
#4379 = ORIENTED_EDGE ( 'NONE', *, *, #1280, .T. ) ;
#4380 = ADVANCED_FACE ( 'NONE', ( #2842 ), #3223, .T. ) ;
#4381 = AXIS2_PLACEMENT_3D ( 'NONE', #4334, #3885, #1421 ) ;
#4382 = LINE ( 'NONE', #4708, #2089 ) ;
#4383 = EDGE_CURVE ( 'NONE', #2470, #4168, #5315, .T. ) ;
#4384 = CARTESIAN_POINT ( 'NONE',  ( -25.00119832667880004, 0.000000000000000000, 14.99811776992030765 ) ) ;
#4385 = CARTESIAN_POINT ( 'NONE',  ( 14.99811776992027568, 0.000000000000000000, 25.00119832667880360 ) ) ;
#4386 = ORIENTED_EDGE ( 'NONE', *, *, #1440, .T. ) ;
#4387 = DIRECTION ( 'NONE',  ( 0.000000000000000000, 0.000000000000000000, -1.000000000000000000 ) ) ;
#4388 = CARTESIAN_POINT ( 'NONE',  ( 29.03239602037398015, -5.999999999999999112, -4.150000000000000355 ) ) ;
#4389 = LINE ( 'NONE', #3091, #3743 ) ;
#4390 = VERTEX_POINT ( 'NONE', #709 ) ;
#4391 = DIRECTION ( 'NONE',  ( -0.000000000000000000, -1.000000000000000000, -0.000000000000000000 ) ) ;
#4392 = DIRECTION ( 'NONE',  ( -0.000000000000000000, -1.000000000000000000, 0.000000000000000000 ) ) ;
#4393 = ORIENTED_EDGE ( 'NONE', *, *, #347, .T. ) ;
#4394 = ORIENTED_EDGE ( 'NONE', *, *, #5342, .T. ) ;
#4395 = FACE_BOUND ( 'NONE', #4450, .T. ) ;
#4396 = DIRECTION ( 'NONE',  ( -0.000000000000000000, -1.000000000000000000, 0.000000000000000000 ) ) ;
#4397 = ORIENTED_EDGE ( 'NONE', *, *, #3702, .T. ) ;
#4398 = DIRECTION ( 'NONE',  ( 1.000000000000000000, -0.000000000000000000, 0.000000000000000000 ) ) ;
#4399 = DIRECTION ( 'NONE',  ( -0.000000000000000000, -0.000000000000000000, -1.000000000000000000 ) ) ;
#4400 = EDGE_LOOP ( 'NONE', ( #1724, #2532, #553, #62 ) ) ;
#4401 = ORIENTED_EDGE ( 'NONE', *, *, #1934, .T. ) ;
#4402 = DIRECTION ( 'NONE',  ( 0.000000000000000000, 1.000000000000000000, -0.000000000000000000 ) ) ;
#4403 = DIRECTION ( 'NONE',  ( -0.000000000000000000, -1.000000000000000000, 0.000000000000000000 ) ) ;
#4404 = FACE_OUTER_BOUND ( 'NONE', #2609, .T. ) ;
#4405 = EDGE_CURVE ( 'NONE', #2663, #3332, #4822, .T. ) ;
#4406 = EDGE_CURVE ( 'NONE', #3179, #3267, #2460, .T. ) ;
#4407 = EDGE_LOOP ( 'NONE', ( #2404, #4560, #5264, #3023 ) ) ;
#4408 = CARTESIAN_POINT ( 'NONE',  ( 25.00119832667881425, 5.000000000000000000, -14.99811776992029344 ) ) ;
#4409 = EDGE_CURVE ( 'NONE', #1337, #324, #1530, .T. ) ;
#4410 = FACE_OUTER_BOUND ( 'NONE', #114, .T. ) ;
#4411 = DIRECTION ( 'NONE',  ( 0.000000000000000000, 0.000000000000000000, 1.000000000000000000 ) ) ;
#4412 = ORIENTED_EDGE ( 'NONE', *, *, #4109, .T. ) ;
#4413 = ADVANCED_FACE ( 'NONE', ( #2866 ), #4022, .T. ) ;
#4414 = CARTESIAN_POINT ( 'NONE',  ( 2.934493141924172210, -8.934493141924171766, -2.934493141924172210 ) ) ;
#4415 = CARTESIAN_POINT ( 'NONE',  ( -27.86082314512017177, 0.000000000000000000, 22.20396889562778853 ) ) ;
#4416 = DIRECTION ( 'NONE',  ( 0.000000000000000000, 0.000000000000000000, -1.000000000000000000 ) ) ;
#4417 = ORIENTED_EDGE ( 'NONE', *, *, #4507, .F. ) ;
#4418 = EDGE_CURVE ( 'NONE', #3406, #4062, #3568, .T. ) ;
#4419 = ADVANCED_FACE ( 'NONE', ( #4121 ), #817, .T. ) ;
#4420 = VERTEX_POINT ( 'NONE', #1202 ) ;
#4421 = CYLINDRICAL_SURFACE ( 'NONE', #2267, 1.750000000000001554 ) ;
#4422 = FACE_BOUND ( 'NONE', #4453, .T. ) ;
#4423 = ORIENTED_EDGE ( 'NONE', *, *, #965, .T. ) ;
#4424 = CARTESIAN_POINT ( 'NONE',  ( 25.03239602037398015, 0.000000000000000000, -25.03239602037399436 ) ) ;
#4425 = CARTESIAN_POINT ( 'NONE',  ( 23.90989491760779728, 0.000000000000000000, 10.11039691870838553 ) ) ;
#4426 = AXIS2_PLACEMENT_3D ( 'NONE', #2418, #4465, #1593 ) ;
#4427 = ORIENTED_EDGE ( 'NONE', *, *, #2258, .F. ) ;
#4428 = ORIENTED_EDGE ( 'NONE', *, *, #2506, .T. ) ;
#4429 = DIRECTION ( 'NONE',  ( 0.000000000000000000, 0.000000000000000000, 1.000000000000000000 ) ) ;
#4430 = AXIS2_PLACEMENT_3D ( 'NONE', #1887, #3603, #1135 ) ;
#4431 = AXIS2_PLACEMENT_3D ( 'NONE', #312, #4416, #1149 ) ;
#4432 = CARTESIAN_POINT ( 'NONE',  ( 0.000000000000000000, 2.000000000000000000, -20.00000000000002487 ) ) ;
#4433 = CARTESIAN_POINT ( 'NONE',  ( 0.000000000000000000, 5.000000000000000000, 0.000000000000000000 ) ) ;
#4434 = VECTOR ( 'NONE', #1355, 1000.000000000000000 ) ;
#4435 = AXIS2_PLACEMENT_3D ( 'NONE', #4318, #5164, #2692 ) ;
#4436 = ORIENTED_EDGE ( 'NONE', *, *, #3562, .T. ) ;
#4437 = EDGE_LOOP ( 'NONE', ( #1310, #1380, #4249, #4813 ) ) ;
#4438 = CARTESIAN_POINT ( 'NONE',  ( 2.828427124746162313, 2.000000000000000000, 2.828427124746166310 ) ) ;
#4439 = AXIS2_PLACEMENT_3D ( 'NONE', #2148, #2514, #1707 ) ;
#4440 = AXIS2_PLACEMENT_3D ( 'NONE', #5, #1624, #467 ) ;
#4441 = EDGE_CURVE ( 'NONE', #195, #5238, #790, .T. ) ;
#4442 = DIRECTION ( 'NONE',  ( 0.000000000000000000, 0.000000000000000000, -1.000000000000000000 ) ) ;
#4443 = CARTESIAN_POINT ( 'NONE',  ( 29.03239602037398015, -6.000000000000000000, 0.000000000000000000 ) ) ;
#4444 = AXIS2_PLACEMENT_3D ( 'NONE', #4365, #279, #1953 ) ;
#4445 = VECTOR ( 'NONE', #4994, 1000.000000000000000 ) ;
#4446 = EDGE_CURVE ( 'NONE', #740, #1557, #2700, .T. ) ;
#4447 = CARTESIAN_POINT ( 'NONE',  ( 22.04248076409415447, 0.000000000000000000, 10.82647259854741506 ) ) ;
#4448 = VECTOR ( 'NONE', #770, 1000.000000000000000 ) ;
#4449 = DIRECTION ( 'NONE',  ( 0.000000000000000000, 0.000000000000000000, 1.000000000000000000 ) ) ;
#4450 = EDGE_LOOP ( 'NONE', ( #4988, #2007 ) ) ;
#4451 = FACE_BOUND ( 'NONE', #3418, .T. ) ;
#4452 = FACE_BOUND ( 'NONE', #349, .T. ) ;
#4453 = EDGE_LOOP ( 'NONE', ( #1169, #2682 ) ) ;
#4454 = CIRCLE ( 'NONE', #2975, 4.150000000000000355 ) ;
#4455 = FACE_OUTER_BOUND ( 'NONE', #3644, .T. ) ;
#4456 = CARTESIAN_POINT ( 'NONE',  ( 4.149999999999999467, -4.884641426431534761, 4.149999999999999467 ) ) ;
#4457 = ORIENTED_EDGE ( 'NONE', *, *, #2775, .F. ) ;
#4458 = EDGE_LOOP ( 'NONE', ( #1745, #671, #1832, #710 ) ) ;
#4459 = DIRECTION ( 'NONE',  ( 0.000000000000000000, 1.000000000000000000, -0.000000000000000000 ) ) ;
#4460 = CIRCLE ( 'NONE', #1524, 1.999999999999998224 ) ;
#4461 = DIRECTION ( 'NONE',  ( 0.000000000000000000, 0.000000000000000000, 1.000000000000000000 ) ) ;
#4462 = CARTESIAN_POINT ( 'NONE',  ( -19.99999999999999289, 2.000000000000000000, 0.000000000000000000 ) ) ;
#4463 = AXIS2_PLACEMENT_3D ( 'NONE', #1784, #1382, #1749 ) ;
#4464 = VERTEX_POINT ( 'NONE', #335 ) ;
#4465 = DIRECTION ( 'NONE',  ( 0.000000000000000000, 1.000000000000000000, 0.000000000000000000 ) ) ;
#4466 = EDGE_CURVE ( 'NONE', #2410, #1337, #4003, .T. ) ;
#4467 = DIRECTION ( 'NONE',  ( -0.000000000000000000, -1.000000000000000000, -0.000000000000000000 ) ) ;
#4468 = CARTESIAN_POINT ( 'NONE',  ( 25.00119832667881425, 5.000000000000000000, -15.89811776992029380 ) ) ;
#4469 = ORIENTED_EDGE ( 'NONE', *, *, #4913, .F. ) ;
#4470 = CARTESIAN_POINT ( 'NONE',  ( -14.99811776992028989, 0.000000000000000000, -25.00119832667883202 ) ) ;
#4471 = DIRECTION ( 'NONE',  ( -0.000000000000000000, -1.000000000000000000, -0.000000000000000000 ) ) ;
#4472 = EDGE_LOOP ( 'NONE', ( #3775, #4401 ) ) ;
#4473 = EDGE_CURVE ( 'NONE', #1197, #757, #2090, .T. ) ;
#4474 = LINE ( 'NONE', #2771, #5220 ) ;
#4475 = DIRECTION ( 'NONE',  ( 0.000000000000000000, 0.000000000000000000, 1.000000000000000000 ) ) ;
#4476 = ORIENTED_EDGE ( 'NONE', *, *, #3189, .T. ) ;
#4477 = LINE ( 'NONE', #2361, #34 ) ;
#4478 = CARTESIAN_POINT ( 'NONE',  ( 3.723170752748988566, -3.854184468900646809, 3.723170752748988566 ) ) ;
#4479 = VERTEX_POINT ( 'NONE', #2 ) ;
#4480 = EDGE_LOOP ( 'NONE', ( #2642, #1140, #245, #231 ) ) ;
#4481 = EDGE_LOOP ( 'NONE', ( #2650, #642, #3888, #336 ) ) ;
#4482 = CARTESIAN_POINT ( 'NONE',  ( -12.50000000000000000, -12.00000000000000000, 7.500000000000000888 ) ) ;
#4483 =( BOUNDED_CURVE ( )  B_SPLINE_CURVE ( 3, ( #212, #2285, #1535, #3122 ),
 .UNSPECIFIED., .F., .T. ) 
 B_SPLINE_CURVE_WITH_KNOTS ( ( 4, 4 ),
 ( 2.356194490192345281, 3.926990816987240951 ),
 .UNSPECIFIED. ) 
 CURVE ( )  GEOMETRIC_REPRESENTATION_ITEM ( )  RATIONAL_B_SPLINE_CURVE ( ( 1.000000000000000000, 0.8047378541243652705, 0.8047378541243652705, 1.000000000000000000 ) ) 
 REPRESENTATION_ITEM ( '' )  );
#4484 = CARTESIAN_POINT ( 'NONE',  ( 4.150000000000000355, -5.999999999999999112, -12.50000000000000000 ) ) ;
#4485 = EDGE_CURVE ( 'NONE', #3467, #5238, #2028, .T. ) ;
#4486 = ORIENTED_EDGE ( 'NONE', *, *, #4336, .F. ) ;
#4487 = CARTESIAN_POINT ( 'NONE',  ( -3.723170752748988122, -8.145815531099355411, 3.723170752748988122 ) ) ;
#4488 = CARTESIAN_POINT ( 'NONE',  ( -4.150000000000004796, -5.999999999999999112, -4.150000000000000355 ) ) ;
#4489 = FACE_OUTER_BOUND ( 'NONE', #2312, .T. ) ;
#4490 = EDGE_LOOP ( 'NONE', ( #1422, #4349, #4034, #432 ) ) ;
#4491 = LINE ( 'NONE', #4915, #1262 ) ;
#4492 = CARTESIAN_POINT ( 'NONE',  ( 14.99811776992028989, 5.000000000000000000, -25.00119832667880360 ) ) ;
#4493 = EDGE_LOOP ( 'NONE', ( #810, #208, #3, #2505 ) ) ;
#4494 = ORIENTED_EDGE ( 'NONE', *, *, #2407, .T. ) ;
#4495 = CARTESIAN_POINT ( 'NONE',  ( -7.500000000000000888, -12.00000000000000000, -12.50000000000000000 ) ) ;
#4496 = FACE_BOUND ( 'NONE', #3436, .T. ) ;
#4497 = CARTESIAN_POINT ( 'NONE',  ( 0.000000000000000000, 5.000000000000000000, 0.000000000000000000 ) ) ;
#4498 = DIRECTION ( 'NONE',  ( -1.000000000000000000, 0.000000000000000000, 0.000000000000000000 ) ) ;
#4499 = ADVANCED_FACE ( 'NONE', ( #1955 ), #3616, .F. ) ;
#4500 = ADVANCED_FACE ( 'NONE', ( #5263 ), #1551, .F. ) ;
#4501 = UNCERTAINTY_MEASURE_WITH_UNIT (LENGTH_MEASURE( 1.000000000000000082E-05 ), #3767, 'distance_accuracy_value', 'NONE');
#4502 = EDGE_LOOP ( 'NONE', ( #3479, #1818, #71, #4623 ) ) ;
#4503 = ORIENTED_EDGE ( 'NONE', *, *, #538, .F. ) ;
#4504 = PLANE ( 'NONE',  #3226 ) ;
#4505 = ORIENTED_EDGE ( 'NONE', *, *, #1410, .F. ) ;
#4506 = CARTESIAN_POINT ( 'NONE',  ( -10.82647259854740973, 2.000000000000000000, -22.04248076409418289 ) ) ;
#4507 = EDGE_CURVE ( 'NONE', #2152, #100, #1342, .T. ) ;
#4508 = DIRECTION ( 'NONE',  ( 0.000000000000000000, 0.000000000000000000, 1.000000000000000000 ) ) ;
#4509 = EDGE_CURVE ( 'NONE', #825, #3407, #2146, .T. ) ;
#4510 = AXIS2_PLACEMENT_3D ( 'NONE', #4182, #5103, #4700 ) ;
#4511 = MECHANICAL_CONTEXT ( 'NONE', #1974, 'mechanical' ) ;
#4512 = ORIENTED_EDGE ( 'NONE', *, *, #1216, .T. ) ;
#4513 = ORIENTED_EDGE ( 'NONE', *, *, #1546, .T. ) ;
#4514 = CARTESIAN_POINT ( 'NONE',  ( -25.00119832667880004, 5.000000000000000000, 14.99811776992030765 ) ) ;
#4515 = CIRCLE ( 'NONE', #4692, 1.749999999999987566 ) ;
#4516 = EDGE_CURVE ( 'NONE', #1557, #383, #3384, .T. ) ;
#4517 = EDGE_CURVE ( 'NONE', #2761, #2538, #1704, .T. ) ;
#4518 = DIRECTION ( 'NONE',  ( -0.9337070767568212970, 0.000000000000000000, -0.3580378399195142114 ) ) ;
#4519 = VECTOR ( 'NONE', #5295, 1000.000000000000000 ) ;
#4520 = AXIS2_PLACEMENT_3D ( 'NONE', #819, #2432, #2465 ) ;
#4521 = CARTESIAN_POINT ( 'NONE',  ( 10.82647259854735466, 2.000000000000000000, 22.04248076409416157 ) ) ;
#4522 = ORIENTED_EDGE ( 'NONE', *, *, #2324, .F. ) ;
#4523 = VERTEX_POINT ( 'NONE', #464 ) ;
#4524 = AXIS2_PLACEMENT_3D ( 'NONE', #1114, #3163, #695 ) ;
#4525 = AXIS2_PLACEMENT_3D ( 'NONE', #5285, #1575, #3592 ) ;
#4526 = CARTESIAN_POINT ( 'NONE',  ( 25.00119832667881425, 2.000000000000000000, -14.99811776992029344 ) ) ;
#4527 = CARTESIAN_POINT ( 'NONE',  ( 23.90989491760779728, 2.000000000000000000, 10.11039691870838553 ) ) ;
#4528 = CIRCLE ( 'NONE', #806, 0.9000000000000014655 ) ;
#4529 = DIRECTION ( 'NONE',  ( 0.000000000000000000, 0.000000000000000000, 1.000000000000000000 ) ) ;
#4530 = DIRECTION ( 'NONE',  ( 0.000000000000000000, 1.000000000000000000, -0.000000000000000000 ) ) ;
#4531 = ADVANCED_FACE ( 'NONE', ( #1258 ), #4226, .F. ) ;
#4532 = CARTESIAN_POINT ( 'NONE',  ( 25.00119832667878583, 2.500000000000000000, 14.99811776992029344 ) ) ;
#4533 = CIRCLE ( 'NONE', #556, 1.999999999999998224 ) ;
#4534 = AXIS2_PLACEMENT_3D ( 'NONE', #840, #1725, #3296 ) ;
#4535 = DIRECTION ( 'NONE',  ( -0.000000000000000000, -1.000000000000000000, -0.000000000000000000 ) ) ;
#4536 = ORIENTED_EDGE ( 'NONE', *, *, #3562, .F. ) ;
#4537 = VECTOR ( 'NONE', #2434, 1000.000000000000000 ) ;
#4538 = AXIS2_PLACEMENT_3D ( 'NONE', #3926, #2213, #569 ) ;
#4539 = CARTESIAN_POINT ( 'NONE',  ( 25.00119832667881425, 5.000000000000000000, -14.09811776992029486 ) ) ;
#4540 = EDGE_LOOP ( 'NONE', ( #885, #354, #190, #2987 ) ) ;
#4541 = FACE_OUTER_BOUND ( 'NONE', #1068, .T. ) ;
#4542 = ADVANCED_FACE ( 'NONE', ( #5001 ), #4201, .F. ) ;
#4543 = AXIS2_PLACEMENT_3D ( 'NONE', #4526, #5235, #4855 ) ;
#4544 = FACE_OUTER_BOUND ( 'NONE', #4493, .T. ) ;
#4545 = APPROVAL_STATUS ( 'not_yet_approved' ) ;
#4546 = EDGE_CURVE ( 'NONE', #2217, #688, #2787, .T. ) ;
#4547 = VERTEX_POINT ( 'NONE', #3858 ) ;
#4548 = EDGE_LOOP ( 'NONE', ( #1543, #3573, #983, #3847 ) ) ;
#4549 = VECTOR ( 'NONE', #862, 1000.000000000000000 ) ;
#4550 = DIRECTION ( 'NONE',  ( -0.000000000000000000, -0.000000000000000000, -1.000000000000000000 ) ) ;
#4551 = ADVANCED_FACE ( 'NONE', ( #518 ), #3006, .T. ) ;
#4552 = CIRCLE ( 'NONE', #1864, 0.8999999999999998002 ) ;
#4553 = CARTESIAN_POINT ( 'NONE',  ( -4.653479425772516720, -10.65347942577251317, -1.215506858075827479 ) ) ;
#4554 = ORIENTED_EDGE ( 'NONE', *, *, #2867, .F. ) ;
#4555 = VERTEX_POINT ( 'NONE', #4252 ) ;
#4556 = AXIS2_PLACEMENT_3D ( 'NONE', #1101, #1038, #2746 ) ;
#4557 = DIRECTION ( 'NONE',  ( 0.000000000000000000, 0.000000000000000000, 1.000000000000000000 ) ) ;
#4558 = ORIENTED_EDGE ( 'NONE', *, *, #2052, .F. ) ;
#4559 = CARTESIAN_POINT ( 'NONE',  ( 25.00119832667881425, 5.000000000000000000, -16.74811776992029522 ) ) ;
#4560 = ORIENTED_EDGE ( 'NONE', *, *, #1542, .T. ) ;
#4561 = CARTESIAN_POINT ( 'NONE',  ( 14.99811776992027568, 5.000000000000000000, 23.25119832667881781 ) ) ;
#4562 = CARTESIAN_POINT ( 'NONE',  ( -25.03239602037398015, 2.000000000000000000, 25.03239602037399436 ) ) ;
#4563 = CARTESIAN_POINT ( 'NONE',  ( -7.500000000000000888, 0.000000000000000000, -13.50000000000000178 ) ) ;
#4564 = ORIENTED_EDGE ( 'NONE', *, *, #953, .F. ) ;
#4565 = EDGE_LOOP ( 'NONE', ( #5260, #158, #4093, #3331 ) ) ;
#4566 = FACE_OUTER_BOUND ( 'NONE', #4170, .T. ) ;
#4567 = ORIENTED_EDGE ( 'NONE', *, *, #4983, .F. ) ;
#4568 = EDGE_CURVE ( 'NONE', #4775, #1642, #3336, .T. ) ;
#4569 = CARTESIAN_POINT ( 'NONE',  ( 22.20396889562778853, 2.000000000000000000, -27.86082314512018598 ) ) ;
#4570 = CARTESIAN_POINT ( 'NONE',  ( 7.500000000000000000, -12.00000000000000000, 7.500000000000000888 ) ) ;
#4571 = DATE_TIME_ROLE ( 'creation_date' ) ;
#4572 = ORIENTED_EDGE ( 'NONE', *, *, #2480, .T. ) ;
#4573 = ORIENTED_EDGE ( 'NONE', *, *, #4087, .F. ) ;
#4574 = PLANE ( 'NONE',  #3571 ) ;
#4575 = DIRECTION ( 'NONE',  ( 0.000000000000000000, 0.000000000000000000, -1.000000000000000000 ) ) ;
#4576 = EDGE_LOOP ( 'NONE', ( #4932, #3692 ) ) ;
#4577 = CARTESIAN_POINT ( 'NONE',  ( -5.500000000000000888, 0.000000000000000000, 20.00000000000002487 ) ) ;
#4578 = ADVANCED_FACE ( 'NONE', ( #3805 ), #66, .T. ) ;
#4579 = EDGE_CURVE ( 'NONE', #3124, #4912, #4515, .T. ) ;
#4580 = ADVANCED_FACE ( 'NONE', ( #33 ), #4582, .T. ) ;
#4581 = ORIENTED_EDGE ( 'NONE', *, *, #121, .T. ) ;
#4582 = CYLINDRICAL_SURFACE ( 'NONE', #3390, 1.000000000000000888 ) ;
#4583 = ORIENTED_EDGE ( 'NONE', *, *, #2668, .F. ) ;
#4584 = EDGE_CURVE ( 'NONE', #846, #2409, #1759, .T. ) ;
#4585 = ORIENTED_EDGE ( 'NONE', *, *, #278, .F. ) ;
#4586 = CARTESIAN_POINT ( 'NONE',  ( 25.00119832667881425, 2.500000000000000000, -13.24811776992029522 ) ) ;
#4587 = LINE ( 'NONE', #849, #1753 ) ;
#4588 = LINE ( 'NONE', #3830, #3507 ) ;
#4589 = EDGE_CURVE ( 'NONE', #3969, #1073, #4604, .T. ) ;
#4590 = EDGE_CURVE ( 'NONE', #648, #2264, #1678, .T. ) ;
#4591 = VERTEX_POINT ( 'NONE', #5073 ) ;
#4592 = ORIENTED_EDGE ( 'NONE', *, *, #5303, .F. ) ;
#4593 = DIRECTION ( 'NONE',  ( 0.000000000000000000, 0.000000000000000000, -1.000000000000000000 ) ) ;
#4594 = CARTESIAN_POINT ( 'NONE',  ( 25.00119832667878583, 5.000000000000000000, 13.24811776992030765 ) ) ;
#4595 = DIRECTION ( 'NONE',  ( 0.000000000000000000, 1.000000000000000000, 0.000000000000000000 ) ) ;
#4596 = CARTESIAN_POINT ( 'NONE',  ( 22.04248076409415447, 2.000000000000000000, 10.82647259854741684 ) ) ;
#4597 = CARTESIAN_POINT ( 'NONE',  ( 21.49414486952471748, 2.000000000000000000, 27.15099911901711138 ) ) ;
#4598 = ORIENTED_EDGE ( 'NONE', *, *, #4897, .F. ) ;
#4599 = CARTESIAN_POINT ( 'NONE',  ( -25.00119832667881425, 5.000000000000000000, -15.89811776992030801 ) ) ;
#4600 = CARTESIAN_POINT ( 'NONE',  ( 14.00000000000000178, -1.000000000000000000, 14.00000000000001243 ) ) ;
#4601 = VERTEX_POINT ( 'NONE', #88 ) ;
#4602 = CARTESIAN_POINT ( 'NONE',  ( 23.96254615851249170, 0.000000000000000000, 12.10970376029903761 ) ) ;
#4603 = VECTOR ( 'NONE', #2738, 1000.000000000000000 ) ;
#4604 = CIRCLE ( 'NONE', #2178, 2.000000000000000000 ) ;
#4605 = ORIENTED_EDGE ( 'NONE', *, *, #4568, .T. ) ;
#4606 = EDGE_CURVE ( 'NONE', #2706, #1341, #2485, .T. ) ;
#4607 = CC_DESIGN_PERSON_AND_ORGANIZATION_ASSIGNMENT ( #3019, #213, ( #3772 ) ) ;
#4608 = CIRCLE ( 'NONE', #1919, 2.000000000000001776 ) ;
#4609 = CIRCLE ( 'NONE', #2955, 0.9000000000000014655 ) ;
#4610 = DIRECTION ( 'NONE',  ( 0.000000000000000000, 0.000000000000000000, -1.000000000000000000 ) ) ;
#4611 = DIRECTION ( 'NONE',  ( 0.000000000000000000, 0.000000000000000000, 1.000000000000000000 ) ) ;
#4612 = ORIENTED_EDGE ( 'NONE', *, *, #2619, .T. ) ;
#4613 = ORIENTED_EDGE ( 'NONE', *, *, #4991, .F. ) ;
#4614 = ORIENTED_EDGE ( 'NONE', *, *, #19, .T. ) ;
#4615 = EDGE_CURVE ( 'NONE', #4912, #3124, #1994, .T. ) ;
#4616 = VECTOR ( 'NONE', #2045, 999.9999999999998863 ) ;
#4617 = CIRCLE ( 'NONE', #2185, 4.000000000000003553 ) ;
#4618 = DIRECTION ( 'NONE',  ( -0.7071067811865494601, 0.000000000000000000, 0.7071067811865455743 ) ) ;
#4619 = FACE_BOUND ( 'NONE', #2259, .T. ) ;
#4620 = LINE ( 'NONE', #2548, #2724 ) ;
#4621 = VECTOR ( 'NONE', #4398, 1000.000000000000000 ) ;
#4622 = CIRCLE ( 'NONE', #2272, 1.999999999999998224 ) ;
#4623 = ORIENTED_EDGE ( 'NONE', *, *, #2122, .T. ) ;
#4624 = ORIENTED_EDGE ( 'NONE', *, *, #1495, .F. ) ;
#4625 = VERTEX_POINT ( 'NONE', #1871 ) ;
#4626 = CARTESIAN_POINT ( 'NONE',  ( 14.99811776992027568, 5.000000000000000000, 25.00119832667880360 ) ) ;
#4627 = CARTESIAN_POINT ( 'NONE',  ( -14.99811776992028989, 2.500000000000000000, -25.00119832667883202 ) ) ;
#4628 = VECTOR ( 'NONE', #1482, 1000.000000000000000 ) ;
#4629 = AXIS2_PLACEMENT_3D ( 'NONE', #380, #1917, #3638 ) ;
#4630 = CARTESIAN_POINT ( 'NONE',  ( 21.49414486952473879, 2.000000000000000000, -27.15099911901713625 ) ) ;
#4631 = DIRECTION ( 'NONE',  ( 0.000000000000000000, 0.000000000000000000, -1.000000000000000000 ) ) ;
#4632 = DIRECTION ( 'NONE',  ( 0.000000000000000000, 1.000000000000000000, -0.000000000000000000 ) ) ;
#4633 = TOROIDAL_SURFACE ( 'NONE', #1942, 2.250000000000000000, 0.5000000000000000000 ) ;
#4634 = ORIENTED_EDGE ( 'NONE', *, *, #2884, .T. ) ;
#4635 = DIRECTION ( 'NONE',  ( 0.000000000000000000, 0.000000000000000000, -1.000000000000000000 ) ) ;
#4636 = CARTESIAN_POINT ( 'NONE',  ( 0.000000000000000000, -12.00000000000000000, 0.000000000000000000 ) ) ;
#4637 = DIRECTION ( 'NONE',  ( -0.000000000000000000, -1.000000000000000000, 0.000000000000000000 ) ) ;
#4638 = AXIS2_PLACEMENT_3D ( 'NONE', #3529, #1468, #622 ) ;
#4639 = ORIENTED_EDGE ( 'NONE', *, *, #4446, .F. ) ;
#4640 = AXIS2_PLACEMENT_3D ( 'NONE', #1561, #1166, #4461 ) ;
#4641 = DIRECTION ( 'NONE',  ( -0.000000000000000000, 1.000000000000000000, -0.000000000000000000 ) ) ;
#4642 = CARTESIAN_POINT ( 'NONE',  ( 14.00000000000000178, -1.000000000000000000, -16.50000000000001066 ) ) ;
#4643 = ORIENTED_EDGE ( 'NONE', *, *, #2827, .T. ) ;
#4644 = VECTOR ( 'NONE', #3373, 999.9999999999998863 ) ;
#4645 = DIRECTION ( 'NONE',  ( 0.000000000000000000, 1.000000000000000000, -0.000000000000000000 ) ) ;
#4646 = DIRECTION ( 'NONE',  ( 0.000000000000000000, 0.000000000000000000, -1.000000000000000000 ) ) ;
#4647 = FACE_OUTER_BOUND ( 'NONE', #948, .T. ) ;
#4648 = ORIENTED_EDGE ( 'NONE', *, *, #2580, .F. ) ;
#4649 = EDGE_CURVE ( 'NONE', #2594, #1752, #4361, .T. ) ;
#4650 = ORIENTED_EDGE ( 'NONE', *, *, #2821, .F. ) ;
#4651 = ORIENTED_EDGE ( 'NONE', *, *, #4348, .F. ) ;
#4652 = EDGE_CURVE ( 'NONE', #3353, #3324, #3041, .T. ) ;
#4653 = DIRECTION ( 'NONE',  ( -1.000000000000000000, 0.000000000000000000, 0.000000000000000000 ) ) ;
#4654 = LINE ( 'NONE', #1688, #4117 ) ;
#4655 = CARTESIAN_POINT ( 'NONE',  ( 25.03239602037398015, 0.000000000000000000, -25.03239602037399436 ) ) ;
#4656 = CARTESIAN_POINT ( 'NONE',  ( -27.15099911901712915, 0.000000000000000000, 21.49414486952475301 ) ) ;
#4657 = ORIENTED_EDGE ( 'NONE', *, *, #3802, .T. ) ;
#4658 = ORIENTED_EDGE ( 'NONE', *, *, #1619, .F. ) ;
#4659 = CARTESIAN_POINT ( 'NONE',  ( -14.99811776992028634, 5.000000000000000000, 25.00119832667883202 ) ) ;
#4660 = CARTESIAN_POINT ( 'NONE',  ( 25.03239602037398015, 2.000000000000000000, 29.03239602037399791 ) ) ;
#4661 = EDGE_CURVE ( 'NONE', #5021, #5182, #1408, .T. ) ;
#4662 = ORIENTED_EDGE ( 'NONE', *, *, #3852, .F. ) ;
#4663 = CARTESIAN_POINT ( 'NONE',  ( -5.500000000000000000, 2.000000000000000000, -20.00000000000002487 ) ) ;
#4664 = VERTEX_POINT ( 'NONE', #276 ) ;
#4665 = DIRECTION ( 'NONE',  ( -3.469446951953611033E-15, 0.000000000000000000, 1.000000000000000000 ) ) ;
#4666 = CARTESIAN_POINT ( 'NONE',  ( 23.96254615851250946, 2.000000000000000000, -12.10970376029903939 ) ) ;
#4667 = FACE_OUTER_BOUND ( 'NONE', #4548, .T. ) ;
#4668 = DIRECTION ( 'NONE',  ( 0.000000000000000000, 1.000000000000000000, -0.000000000000000000 ) ) ;
#4669 = ORIENTED_EDGE ( 'NONE', *, *, #1440, .F. ) ;
#4670 = EDGE_LOOP ( 'NONE', ( #4353, #4154, #4791, #2617 ) ) ;
#4671 = ORIENTED_EDGE ( 'NONE', *, *, #704, .T. ) ;
#4672 = CARTESIAN_POINT ( 'NONE',  ( -14.99811776992028989, 2.500000000000000000, -27.25119832667883557 ) ) ;
#4673 = ORIENTED_EDGE ( 'NONE', *, *, #4509, .T. ) ;
#4674 = EDGE_LOOP ( 'NONE', ( #4679, #3180, #3876, #4428 ) ) ;
#4675 = CARTESIAN_POINT ( 'NONE',  ( 25.00119832667881425, 5.000000000000000000, -14.99811776992029344 ) ) ;
#4676 = EDGE_CURVE ( 'NONE', #1827, #1965, #2711, .T. ) ;
#4677 = CARTESIAN_POINT ( 'NONE',  ( 20.07993130715161811, 0.000000000000000000, 26.56521268139020719 ) ) ;
#4678 = APPROVAL_STATUS ( 'not_yet_approved' ) ;
#4679 = ORIENTED_EDGE ( 'NONE', *, *, #1754, .F. ) ;
#4680 = EDGE_CURVE ( 'NONE', #272, #3536, #2515, .T. ) ;
#4681 = VERTEX_POINT ( 'NONE', #167 ) ;
#4682 = CARTESIAN_POINT ( 'NONE',  ( -14.99811776992028989, 5.000000000000000000, -26.75119832667883202 ) ) ;
#4683 = DIRECTION ( 'NONE',  ( 0.000000000000000000, 0.000000000000000000, 1.000000000000000000 ) ) ;
#4684 = ORIENTED_EDGE ( 'NONE', *, *, #2084, .F. ) ;
#4685 = DIRECTION ( 'NONE',  ( 0.7071067811865464625, 0.000000000000000000, 0.7071067811865486830 ) ) ;
#4686 = ORIENTED_EDGE ( 'NONE', *, *, #1896, .F. ) ;
#4687 = ADVANCED_FACE ( 'NONE', ( #194 ), #1469, .F. ) ;
#4688 = CYLINDRICAL_SURFACE ( 'NONE', #1179, 2.499999999999998668 ) ;
#4689 = DIRECTION ( 'NONE',  ( -0.7071067811865471286, 0.000000000000000000, -0.7071067811865480168 ) ) ;
#4690 = AXIS2_PLACEMENT_3D ( 'NONE', #3609, #1544, #3193 ) ;
#4691 = DIRECTION ( 'NONE',  ( -0.000000000000000000, -1.000000000000000000, -0.000000000000000000 ) ) ;
#4692 = AXIS2_PLACEMENT_3D ( 'NONE', #112, #2927, #897 ) ;
#4693 = CARTESIAN_POINT ( 'NONE',  ( -27.06609133436745651, 2.000000000000000000, 18.75606001926120925 ) ) ;
#4694 = VERTEX_POINT ( 'NONE', #230 ) ;
#4695 = AXIS2_PLACEMENT_3D ( 'NONE', #3874, #2698, #3044 ) ;
#4696 = CIRCLE ( 'NONE', #3045, 0.5000000000000004441 ) ;
#4697 = ORIENTED_EDGE ( 'NONE', *, *, #2654, .T. ) ;
#4698 = ORIENTED_EDGE ( 'NONE', *, *, #5087, .T. ) ;
#4699 = CARTESIAN_POINT ( 'NONE',  ( 22.04248076409415447, 2.000000000000000000, -10.82647259854741506 ) ) ;
#4700 = DIRECTION ( 'NONE',  ( 0.000000000000000000, 0.000000000000000000, -1.000000000000000000 ) ) ;
#4701 = LINE ( 'NONE', #1022, #1750 ) ;
#4702 = AXIS2_PLACEMENT_3D ( 'NONE', #612, #3038, #4781 ) ;
#4703 = VECTOR ( 'NONE', #285, 1000.000000000000000 ) ;
#4704 = CARTESIAN_POINT ( 'NONE',  ( 23.90989491760779728, 0.000000000000000000, -10.11039691870838553 ) ) ;
#4705 = ORIENTED_EDGE ( 'NONE', *, *, #4356, .T. ) ;
#4706 = AXIS2_PLACEMENT_3D ( 'NONE', #4424, #1534, #1108 ) ;
#4707 = VERTEX_POINT ( 'NONE', #1058 ) ;
#4708 = CARTESIAN_POINT ( 'NONE',  ( 19.99999999999999289, 2.000000000000000000, 5.500000000000017764 ) ) ;
#4709 = AXIS2_PLACEMENT_3D ( 'NONE', #5034, #1715, #2581 ) ;
#4710 = ADVANCED_FACE ( 'NONE', ( #1413, #1812 ), #254, .F. ) ;
#4711 = DIRECTION ( 'NONE',  ( 0.000000000000000000, 1.000000000000000000, -0.000000000000000000 ) ) ;
#4712 = ORIENTED_EDGE ( 'NONE', *, *, #1810, .F. ) ;
#4713 = DIRECTION ( 'NONE',  ( 1.000000000000000000, -0.000000000000000000, 0.000000000000000000 ) ) ;
#4714 = ADVANCED_FACE ( 'NONE', ( #1032 ), #4330, .F. ) ;
#4715 = ORIENTED_EDGE ( 'NONE', *, *, #347, .F. ) ;
#4716 = CIRCLE ( 'NONE', #2452, 4.150000000000000355 ) ;
#4717 = ADVANCED_BREP_SHAPE_REPRESENTATION ( '\X2\673a67b675358def677f\X0\', ( #3500, #4886 ), #4800 ) ;
#4718 = CARTESIAN_POINT ( 'NONE',  ( 23.96254615851249170, 2.000000000000000000, 12.10970376029903761 ) ) ;
#4719 = AXIS2_PLACEMENT_3D ( 'NONE', #928, #2976, #4610 ) ;
#4720 = CARTESIAN_POINT ( 'NONE',  ( -27.06609133436744941, 2.000000000000000000, -18.75606001926122346 ) ) ;
#4721 = TOROIDAL_SURFACE ( 'NONE', #5155, 2.250000000000000000, 0.5000000000000000000 ) ;
#4722 = DIRECTION ( 'NONE',  ( 0.000000000000000000, 0.000000000000000000, 1.000000000000000000 ) ) ;
#4723 = FACE_OUTER_BOUND ( 'NONE', #3470, .T. ) ;
#4724 = DIRECTION ( 'NONE',  ( 0.000000000000000000, 0.000000000000000000, 1.000000000000000000 ) ) ;
#4725 = EDGE_CURVE ( 'NONE', #2033, #927, #3300, .T. ) ;
#4726 = AXIS2_PLACEMENT_3D ( 'NONE', #4824, #1086, #775 ) ;
#4727 = ORIENTED_EDGE ( 'NONE', *, *, #3176, .T. ) ;
#4728 = ORIENTED_EDGE ( 'NONE', *, *, #4946, .F. ) ;
#4729 = DIRECTION ( 'NONE',  ( 0.000000000000000000, 0.000000000000000000, -1.000000000000000000 ) ) ;
#4730 = FACE_OUTER_BOUND ( 'NONE', #277, .T. ) ;
#4731 = DIRECTION ( 'NONE',  ( 0.000000000000000000, 0.000000000000000000, -1.000000000000000000 ) ) ;
#4732 = VECTOR ( 'NONE', #763, 999.9999999999998863 ) ;
#4733 = CARTESIAN_POINT ( 'NONE',  ( 14.00000000000000178, -1.000000000000000000, -11.50000000000001421 ) ) ;
#4734 = SECURITY_CLASSIFICATION_LEVEL ( 'unclassified' ) ;
#4735 = EDGE_LOOP ( 'NONE', ( #1773, #608 ) ) ;
#4736 = VERTEX_POINT ( 'NONE', #5152 ) ;
#4737 = DIRECTION ( 'NONE',  ( 0.000000000000000000, 0.000000000000000000, 1.000000000000000000 ) ) ;
#4738 = CARTESIAN_POINT ( 'NONE',  ( 23.90989491760779728, 0.000000000000000000, -10.11039691870838553 ) ) ;
#4739 = LINE ( 'NONE', #3024, #2717 ) ;
#4740 = ORIENTED_EDGE ( 'NONE', *, *, #5317, .F. ) ;
#4741 = CARTESIAN_POINT ( 'NONE',  ( 25.03239602037398015, 0.000000000000000000, 29.03239602037399791 ) ) ;
#4742 = EDGE_CURVE ( 'NONE', #2225, #3353, #4389, .T. ) ;
#4743 = EDGE_CURVE ( 'NONE', #1827, #4337, #3215, .T. ) ;
#4744 = DIRECTION ( 'NONE',  ( -0.000000000000000000, 1.000000000000000000, -0.000000000000000000 ) ) ;
#4745 = DIRECTION ( 'NONE',  ( -0.000000000000000000, 1.000000000000000000, -0.000000000000000000 ) ) ;
#4746 = ORIENTED_EDGE ( 'NONE', *, *, #607, .T. ) ;
#4747 = DIRECTION ( 'NONE',  ( 1.000000000000000000, 0.000000000000000000, 1.224646799147353207E-16 ) ) ;
#4748 = CARTESIAN_POINT ( 'NONE',  ( 25.00119832667878583, 5.000000000000000000, 14.99811776992029344 ) ) ;
#4749 = EDGE_CURVE ( 'NONE', #2214, #5089, #969, .T. ) ;
#4750 = CARTESIAN_POINT ( 'NONE',  ( -13.50000000000000178, -1.000000000000000000, -7.500000000000000000 ) ) ;
#4751 = ORIENTED_EDGE ( 'NONE', *, *, #4921, .F. ) ;
#4752 = ORIENTED_EDGE ( 'NONE', *, *, #1109, .F. ) ;
#4753 = CARTESIAN_POINT ( 'NONE',  ( -20.07993130715166075, 0.000000000000000000, 26.56521268139023206 ) ) ;
#4754 = CARTESIAN_POINT ( 'NONE',  ( 25.03239602037398015, 0.000000000000000000, 25.03239602037399436 ) ) ;
#4755 = ORIENTED_EDGE ( 'NONE', *, *, #3624, .T. ) ;
#4756 = CARTESIAN_POINT ( 'NONE',  ( 0.000000000000000000, -6.000000000000000000, 29.03239602037399791 ) ) ;
#4757 = ADVANCED_FACE ( 'NONE', ( #1388 ), #4306, .T. ) ;
#4758 = DIRECTION ( 'NONE',  ( 0.000000000000000000, 1.000000000000000000, -0.000000000000000000 ) ) ;
#4759 = ORIENTED_EDGE ( 'NONE', *, *, #3450, .T. ) ;
#4760 = ORIENTED_EDGE ( 'NONE', *, *, #4466, .F. ) ;
#4761 = VERTEX_POINT ( 'NONE', #3472 ) ;
#4762 = DIRECTION ( 'NONE',  ( -0.9337070767568212970, 0.000000000000000000, 0.3580378399195142114 ) ) ;
#4763 = CARTESIAN_POINT ( 'NONE',  ( 29.03239602037398015, -5.999999999999999112, -4.150000000000000355 ) ) ;
#4764 = EDGE_LOOP ( 'NONE', ( #4697, #1459 ) ) ;
#4765 = DIRECTION ( 'NONE',  ( 0.000000000000000000, 1.000000000000000000, -0.000000000000000000 ) ) ;
#4766 = ORIENTED_EDGE ( 'NONE', *, *, #398, .F. ) ;
#4767 = DIRECTION ( 'NONE',  ( 0.000000000000000000, 0.000000000000000000, 1.000000000000000000 ) ) ;
#4768 = DIRECTION ( 'NONE',  ( 0.000000000000000000, 0.000000000000000000, -1.000000000000000000 ) ) ;
#4769 = DIRECTION ( 'NONE',  ( 0.000000000000000000, 0.000000000000000000, 1.000000000000000000 ) ) ;
#4770 = EDGE_CURVE ( 'NONE', #5169, #3899, #1057, .T. ) ;
#4771 = CARTESIAN_POINT ( 'NONE',  ( 12.10970376029897899, 2.000000000000000000, 23.96254615851252012 ) ) ;
#4772 = DIRECTION ( 'NONE',  ( 0.000000000000000000, 0.000000000000000000, 1.000000000000000000 ) ) ;
#4773 = DIRECTION ( 'NONE',  ( 0.000000000000000000, 0.000000000000000000, 1.000000000000000000 ) ) ;
#4774 = ADVANCED_FACE ( 'NONE', ( #3880 ), #5116, .F. ) ;
#4775 = VERTEX_POINT ( 'NONE', #3248 ) ;
#4776 = CIRCLE ( 'NONE', #5115, 0.8999999999999998002 ) ;
#4777 = AXIS2_PLACEMENT_3D ( 'NONE', #5284, #1181, #4449 ) ;
#4778 = EDGE_CURVE ( 'NONE', #988, #3865, #1973, .T. ) ;
#4779 = CARTESIAN_POINT ( 'NONE',  ( -16.10831744348034533, 0.000000000000000000, -24.06784864032195159 ) ) ;
#4780 = DIRECTION ( 'NONE',  ( 0.000000000000000000, 0.000000000000000000, -1.000000000000000000 ) ) ;
#4781 = DIRECTION ( 'NONE',  ( 0.000000000000000000, 0.000000000000000000, -1.000000000000000000 ) ) ;
#4782 = DIRECTION ( 'NONE',  ( 0.000000000000000000, 0.000000000000000000, 1.000000000000000000 ) ) ;
#4783 = CIRCLE ( 'NONE', #2705, 1.000000000000000888 ) ;
#4784 = ORIENTED_EDGE ( 'NONE', *, *, #183, .F. ) ;
#4785 = EDGE_CURVE ( 'NONE', #2049, #2631, #3411, .T. ) ;
#4786 = ORIENTED_EDGE ( 'NONE', *, *, #5275, .T. ) ;
#4787 = CIRCLE ( 'NONE', #2435, 1.000000000000000888 ) ;
#4788 = DIRECTION ( 'NONE',  ( -0.000000000000000000, 1.000000000000000000, -0.000000000000000000 ) ) ;
#4789 = AXIS2_PLACEMENT_3D ( 'NONE', #584, #5056, #177 ) ;
#4790 = DIRECTION ( 'NONE',  ( 0.000000000000000000, 0.000000000000000000, 1.000000000000000000 ) ) ;
#4791 = ORIENTED_EDGE ( 'NONE', *, *, #3651, .T. ) ;
#4792 = CIRCLE ( 'NONE', #1163, 6.000000000000000000 ) ;
#4793 = LINE ( 'NONE', #4355, #3586 ) ;
#4794 = ORIENTED_EDGE ( 'NONE', *, *, #2059, .F. ) ;
#4795 = FACE_OUTER_BOUND ( 'NONE', #2544, .T. ) ;
#4796 = AXIS2_PLACEMENT_3D ( 'NONE', #4704, #1429, #4782 ) ;
#4797 = CARTESIAN_POINT ( 'NONE',  ( -10.11039691870838020, 2.000000000000000000, -23.90989491760782570 ) ) ;
#4798 = CARTESIAN_POINT ( 'NONE',  ( -14.99811776992028989, 0.000000000000000000, -25.00119832667883202 ) ) ;
#4799 = CIRCLE ( 'NONE', #3065, 4.000000000000003553 ) ;
#4800 =( GEOMETRIC_REPRESENTATION_CONTEXT ( 3 ) GLOBAL_UNCERTAINTY_ASSIGNED_CONTEXT ( ( #4501 ) ) GLOBAL_UNIT_ASSIGNED_CONTEXT ( ( #3767, #2529, #483 ) ) REPRESENTATION_CONTEXT ( 'NONE', 'WORKASPACE' ) );
#4801 = VERTEX_POINT ( 'NONE', #4521 ) ;
#4802 = ORIENTED_EDGE ( 'NONE', *, *, #4875, .T. ) ;
#4803 = EDGE_CURVE ( 'NONE', #5029, #3531, #3322, .T. ) ;
#4804 = CARTESIAN_POINT ( 'NONE',  ( 25.00119832667878583, 5.000000000000000000, 14.09811776992029486 ) ) ;
#4805 = AXIS2_PLACEMENT_3D ( 'NONE', #1793, #5180, #2326 ) ;
#4806 = FACE_BOUND ( 'NONE', #1414, .T. ) ;
#4807 = DIRECTION ( 'NONE',  ( -1.000000000000000000, 0.000000000000000000, 0.000000000000000000 ) ) ;
#4808 = EDGE_LOOP ( 'NONE', ( #3061, #2124, #2917, #1024 ) ) ;
#4809 = EDGE_LOOP ( 'NONE', ( #1613, #3032, #3288, #773 ) ) ;
#4810 = CIRCLE ( 'NONE', #1861, 1.999999999999998224 ) ;
#4811 = CARTESIAN_POINT ( 'NONE',  ( 0.000000000000000000, 0.000000000000000000, 0.000000000000000000 ) ) ;
#4812 = CARTESIAN_POINT ( 'NONE',  ( -14.99811776992028634, 2.500000000000000000, 23.25119832667883202 ) ) ;
#4813 = ORIENTED_EDGE ( 'NONE', *, *, #2651, .F. ) ;
#4814 = DIRECTION ( 'NONE',  ( -0.000000000000000000, -1.000000000000000000, -0.000000000000000000 ) ) ;
#4815 = DIRECTION ( 'NONE',  ( 0.000000000000000000, 1.000000000000000000, 0.000000000000000000 ) ) ;
#4816 = CIRCLE ( 'NONE', #2463, 1.750000000000001554 ) ;
#4817 = EDGE_CURVE ( 'NONE', #4591, #825, #761, .T. ) ;
#4818 = EDGE_CURVE ( 'NONE', #3969, #2761, #2455, .T. ) ;
#4819 = ADVANCED_FACE ( 'NONE', ( #4489 ), #3195, .F. ) ;
#4820 = ORIENTED_EDGE ( 'NONE', *, *, #4418, .T. ) ;
#4821 = ORIENTED_EDGE ( 'NONE', *, *, #505, .F. ) ;
#4822 = CIRCLE ( 'NONE', #2468, 1.000000000000000888 ) ;
#4823 = CARTESIAN_POINT ( 'NONE',  ( 4.150000000000000355, -5.999999999999999112, 12.50000000000000000 ) ) ;
#4824 = CARTESIAN_POINT ( 'NONE',  ( 14.99811776992028989, 5.000000000000000000, -25.00119832667880360 ) ) ;
#4825 = EDGE_CURVE ( 'NONE', #4873, #2278, #780, .T. ) ;
#4826 = DIRECTION ( 'NONE',  ( 0.000000000000000000, 1.000000000000000000, 0.000000000000000000 ) ) ;
#4827 = ORIENTED_EDGE ( 'NONE', *, *, #4649, .T. ) ;
#4828 = DIRECTION ( 'NONE',  ( -0.000000000000000000, 1.000000000000000000, -0.000000000000000000 ) ) ;
#4829 = EDGE_CURVE ( 'NONE', #2278, #4980, #305, .T. ) ;
#4830 = CARTESIAN_POINT ( 'NONE',  ( 25.00119832667881425, 5.000000000000000000, -14.99811776992029344 ) ) ;
#4831 = CARTESIAN_POINT ( 'NONE',  ( -14.99811776992028634, 5.000000000000000000, 25.00119832667883202 ) ) ;
#4832 = CARTESIAN_POINT ( 'NONE',  ( -20.07993130715163943, 2.000000000000000000, -28.56521268139023206 ) ) ;
#4833 = CARTESIAN_POINT ( 'NONE',  ( -3.723170752748987677, -3.854184468900645033, 3.723170752748987677 ) ) ;
#4834 = DIRECTION ( 'NONE',  ( 0.000000000000000000, 1.000000000000000000, -0.000000000000000000 ) ) ;
#4835 = ORIENTED_EDGE ( 'NONE', *, *, #5218, .T. ) ;
#4836 = VERTEX_POINT ( 'NONE', #4935 ) ;
#4837 = CARTESIAN_POINT ( 'NONE',  ( -21.49414486952474590, 2.000000000000000000, 27.15099911901713270 ) ) ;
#4838 = DIRECTION ( 'NONE',  ( -0.000000000000000000, 1.000000000000000000, -0.000000000000000000 ) ) ;
#4839 = VERTEX_POINT ( 'NONE', #1567 ) ;
#4840 = DIRECTION ( 'NONE',  ( 0.000000000000000000, 1.000000000000000000, -0.000000000000000000 ) ) ;
#4841 = LINE ( 'NONE', #747, #560 ) ;
#4842 = ORIENTED_EDGE ( 'NONE', *, *, #615, .T. ) ;
#4843 = ORIENTED_EDGE ( 'NONE', *, *, #3157, .T. ) ;
#4844 = CARTESIAN_POINT ( 'NONE',  ( -14.99811776992028989, 2.500000000000000000, -25.00119832667883202 ) ) ;
#4845 = EDGE_CURVE ( 'NONE', #3520, #2217, #4974, .T. ) ;
#4846 = APPROVAL ( #1664, 'æœª' ) ;
#4847 = CARTESIAN_POINT ( 'NONE',  ( -23.96254615851252012, 0.000000000000000000, 12.10970376029905538 ) ) ;
#4848 = DIRECTION ( 'NONE',  ( 0.000000000000000000, 0.000000000000000000, 1.000000000000000000 ) ) ;
#4849 = EDGE_CURVE ( 'NONE', #5165, #825, #1220, .T. ) ;
#4850 = VERTEX_POINT ( 'NONE', #2376 ) ;
#4851 = LINE ( 'NONE', #4438, #712 ) ;
#4852 = CARTESIAN_POINT ( 'NONE',  ( 5.500000000000000888, 0.000000000000000000, -20.00000000000002487 ) ) ;
#4853 = DIRECTION ( 'NONE',  ( 0.000000000000000000, 1.000000000000000000, 0.000000000000000000 ) ) ;
#4854 = ADVANCED_FACE ( 'NONE', ( #3174 ), #2764, .F. ) ;
#4855 = DIRECTION ( 'NONE',  ( 0.000000000000000000, 0.000000000000000000, 1.000000000000000000 ) ) ;
#4856 = DIRECTION ( 'NONE',  ( 0.000000000000000000, 0.000000000000000000, -1.000000000000000000 ) ) ;
#4857 = CARTESIAN_POINT ( 'NONE',  ( 7.500000000000000000, -11.00000000000000000, 11.50000000000000000 ) ) ;
#4858 = FACE_BOUND ( 'NONE', #1441, .T. ) ;
#4859 = EDGE_LOOP ( 'NONE', ( #2417, #3559, #3147, #1770 ) ) ;
#4860 = CARTESIAN_POINT ( 'NONE',  ( -14.99811776992028634, 5.000000000000000000, 24.10119832667882989 ) ) ;
#4861 = DIRECTION ( 'NONE',  ( -0.000000000000000000, -1.000000000000000000, 0.000000000000000000 ) ) ;
#4862 = AXIS2_PLACEMENT_3D ( 'NONE', #4228, #4828, #4387 ) ;
#4863 = VECTOR ( 'NONE', #4745, 1000.000000000000000 ) ;
#4864 = ORIENTED_EDGE ( 'NONE', *, *, #4244, .T. ) ;
#4865 = ORIENTED_EDGE ( 'NONE', *, *, #4348, .T. ) ;
#4866 = FACE_OUTER_BOUND ( 'NONE', #3396, .T. ) ;
#4867 = AXIS2_PLACEMENT_3D ( 'NONE', #453, #1246, #510 ) ;
#4868 = VECTOR ( 'NONE', #4942, 1000.000000000000000 ) ;
#4869 = FACE_OUTER_BOUND ( 'NONE', #4901, .T. ) ;
#4870 = FACE_OUTER_BOUND ( 'NONE', #1647, .T. ) ;
#4871 = AXIS2_PLACEMENT_3D ( 'NONE', #1933, #1131, #768 ) ;
#4872 = VECTOR ( 'NONE', #5007, 1000.000000000000000 ) ;
#4873 = VERTEX_POINT ( 'NONE', #4879 ) ;
#4874 = DIRECTION ( 'NONE',  ( 0.000000000000000000, 1.000000000000000000, 0.000000000000000000 ) ) ;
#4875 = EDGE_CURVE ( 'NONE', #2608, #3466, #5259, .T. ) ;
#4876 = CIRCLE ( 'NONE', #2441, 2.499999999999998668 ) ;
#4877 = AXIS2_PLACEMENT_3D ( 'NONE', #2512, #4094, #1679 ) ;
#4878 = CARTESIAN_POINT ( 'NONE',  ( -5.980998276113258960, 2.000000000000000000, -15.59751454687771854 ) ) ;
#4879 = CARTESIAN_POINT ( 'NONE',  ( -10.82647259854743815, 2.000000000000000000, 22.04248076409419355 ) ) ;
#4880 = EDGE_CURVE ( 'NONE', #4836, #791, #2367, .T. ) ;
#4881 = AXIS2_PLACEMENT_3D ( 'NONE', #3828, #1764, #1368 ) ;
#4882 = AXIS2_PLACEMENT_3D ( 'NONE', #1336, #3799, #3738 ) ;
#4883 = ORIENTED_EDGE ( 'NONE', *, *, #3862, .T. ) ;
#4884 = LINE ( 'NONE', #1180, #390 ) ;
#4885 = VECTOR ( 'NONE', #5027, 1000.000000000000000 ) ;
#4886 = AXIS2_PLACEMENT_3D ( 'NONE', #2136, #1274, #4953 ) ;
#4887 = DIRECTION ( 'NONE',  ( -0.000000000000000000, -1.000000000000000000, -0.000000000000000000 ) ) ;
#4888 = ORIENTED_EDGE ( 'NONE', *, *, #4982, .T. ) ;
#4889 = ORIENTED_EDGE ( 'NONE', *, *, #1069, .T. ) ;
#4890 = CARTESIAN_POINT ( 'NONE',  ( 25.00119832667881425, 2.500000000000000000, -12.74811776992029344 ) ) ;
#4891 = FACE_BOUND ( 'NONE', #14, .T. ) ;
#4892 = ORIENTED_EDGE ( 'NONE', *, *, #4944, .T. ) ;
#4893 = AXIS2_PLACEMENT_3D ( 'NONE', #762, #2425, #3274 ) ;
#4894 = DIRECTION ( 'NONE',  ( 0.000000000000000000, 0.000000000000000000, 1.000000000000000000 ) ) ;
#4895 = AXIS2_PLACEMENT_3D ( 'NONE', #1455, #3538, #3074 ) ;
#4896 = CARTESIAN_POINT ( 'NONE',  ( -12.50000000000000000, -11.00000000000000000, 7.500000000000000888 ) ) ;
#4897 = EDGE_CURVE ( 'NONE', #3899, #1358, #703, .T. ) ;
#4898 = AXIS2_PLACEMENT_3D ( 'NONE', #3578, #2763, #3611 ) ;
#4899 = ORIENTED_EDGE ( 'NONE', *, *, #218, .F. ) ;
#4900 = ORIENTED_EDGE ( 'NONE', *, *, #2766, .F. ) ;
#4901 = EDGE_LOOP ( 'NONE', ( #3760, #4755, #2974, #2858 ) ) ;
#4902 = CARTESIAN_POINT ( 'NONE',  ( -14.99811776992028634, 5.000000000000000000, 23.25119832667883202 ) ) ;
#4903 = AXIS2_PLACEMENT_3D ( 'NONE', #800, #884, #3734 ) ;
#4904 = DIRECTION ( 'NONE',  ( -0.000000000000000000, -1.000000000000000000, -0.000000000000000000 ) ) ;
#4905 = TOROIDAL_SURFACE ( 'NONE', #2557, 2.249999999999989342, 0.5000000000000000000 ) ;
#4906 = CARTESIAN_POINT ( 'NONE',  ( -14.99811776992028989, 5.000000000000000000, -25.00119832667883202 ) ) ;
#4907 = VECTOR ( 'NONE', #236, 1000.000000000000000 ) ;
#4908 = ORIENTED_EDGE ( 'NONE', *, *, #562, .T. ) ;
#4909 = CARTESIAN_POINT ( 'NONE',  ( -25.03239602037398015, 2.000000000000000000, 29.03239602037399791 ) ) ;
#4910 = DIRECTION ( 'NONE',  ( 1.000000000000000000, 0.000000000000000000, 1.224646799147353207E-16 ) ) ;
#4911 = CARTESIAN_POINT ( 'NONE',  ( -14.00000000000000178, 2.000000000000000000, -14.00000000000001243 ) ) ;
#4912 = VERTEX_POINT ( 'NONE', #5308 ) ;
#4913 = EDGE_CURVE ( 'NONE', #1162, #4625, #5252, .T. ) ;
#4914 = EDGE_CURVE ( 'NONE', #2751, #3520, #1175, .T. ) ;
#4915 = CARTESIAN_POINT ( 'NONE',  ( 19.99999999999999289, 2.000000000000000000, 0.000000000000000000 ) ) ;
#4916 = CARTESIAN_POINT ( 'NONE',  ( -14.99811776992028634, 5.000000000000000000, 26.75119832667883202 ) ) ;
#4917 = ORIENTED_EDGE ( 'NONE', *, *, #187, .T. ) ;
#4918 = CARTESIAN_POINT ( 'NONE',  ( -12.50000000000000000, -1.000000000000000888, 7.500000000000000888 ) ) ;
#4919 = LINE ( 'NONE', #338, #4868 ) ;
#4920 = DIRECTION ( 'NONE',  ( 0.000000000000000000, 1.000000000000000000, -0.000000000000000000 ) ) ;
#4921 = EDGE_CURVE ( 'NONE', #2401, #1752, #3661, .T. ) ;
#4922 = DIRECTION ( 'NONE',  ( 0.000000000000000000, 0.000000000000000000, 1.000000000000000000 ) ) ;
#4923 = ORIENTED_EDGE ( 'NONE', *, *, #108, .F. ) ;
#4924 = VERTEX_POINT ( 'NONE', #1751 ) ;
#4925 = DIRECTION ( 'NONE',  ( 0.000000000000000000, 0.000000000000000000, -1.000000000000000000 ) ) ;
#4926 = EDGE_LOOP ( 'NONE', ( #4370, #531, #2829, #1364 ) ) ;
#4927 = ADVANCED_FACE ( 'NONE', ( #3822 ), #4139, .T. ) ;
#4928 = CARTESIAN_POINT ( 'NONE',  ( 25.00119832667878583, 2.500000000000000000, 14.99811776992029344 ) ) ;
#4929 = EDGE_CURVE ( 'NONE', #841, #1033, #2589, .T. ) ;
#4930 = DIRECTION ( 'NONE',  ( 0.000000000000000000, 0.000000000000000000, 1.000000000000000000 ) ) ;
#4931 = DIRECTION ( 'NONE',  ( -0.000000000000000000, -1.000000000000000000, 0.000000000000000000 ) ) ;
#4932 = ORIENTED_EDGE ( 'NONE', *, *, #274, .F. ) ;
#4933 = CARTESIAN_POINT ( 'NONE',  ( 25.00119832667881425, 5.000000000000000000, -14.99811776992029344 ) ) ;
#4934 = DIRECTION ( 'NONE',  ( 0.000000000000000000, 1.000000000000000000, -0.000000000000000000 ) ) ;
#4935 = CARTESIAN_POINT ( 'NONE',  ( -14.00000000000000178, 2.000000000000000000, -16.50000000000001421 ) ) ;
#4936 = VERTEX_POINT ( 'NONE', #2162 ) ;
#4937 = DIRECTION ( 'NONE',  ( -0.000000000000000000, -1.000000000000000000, -0.000000000000000000 ) ) ;
#4938 = DIRECTION ( 'NONE',  ( 0.000000000000000000, 1.000000000000000000, 0.000000000000000000 ) ) ;
#4939 = ADVANCED_FACE ( 'NONE', ( #5019 ), #3378, .T. ) ;
#4940 = ORIENTED_EDGE ( 'NONE', *, *, #4087, .T. ) ;
#4941 = LINE ( 'NONE', #4125, #31 ) ;
#4942 = DIRECTION ( 'NONE',  ( -1.000000000000000000, 0.000000000000000000, -0.000000000000000000 ) ) ;
#4943 = DIRECTION ( 'NONE',  ( -0.000000000000000000, -1.000000000000000000, -0.000000000000000000 ) ) ;
#4944 = EDGE_CURVE ( 'NONE', #5029, #1629, #303, .T. ) ;
#4945 = CARTESIAN_POINT ( 'NONE',  ( -24.06784864032195159, 0.000000000000000000, 16.10831744348034889 ) ) ;
#4946 = EDGE_CURVE ( 'NONE', #1885, #2510, #731, .T. ) ;
#4947 = ORIENTED_EDGE ( 'NONE', *, *, #4336, .T. ) ;
#4948 = EDGE_LOOP ( 'NONE', ( #1221, #3101 ) ) ;
#4949 = CYLINDRICAL_SURFACE ( 'NONE', #5297, 1.999999999999998224 ) ;
#4950 = ORIENTED_EDGE ( 'NONE', *, *, #1204, .T. ) ;
#4951 = DIRECTION ( 'NONE',  ( 0.000000000000000000, 1.000000000000000000, -0.000000000000000000 ) ) ;
#4952 = DIRECTION ( 'NONE',  ( 0.000000000000000000, 1.000000000000000000, -0.000000000000000000 ) ) ;
#4953 = DIRECTION ( 'NONE',  ( 1.000000000000000000, 0.000000000000000000, 0.000000000000000000 ) ) ;
#4954 = ORIENTED_EDGE ( 'NONE', *, *, #4109, .F. ) ;
#4955 = CIRCLE ( 'NONE', #105, 7.000000000000000000 ) ;
#4956 = CARTESIAN_POINT ( 'NONE',  ( 0.000000000000000000, -6.000000000000000000, 29.03239602037399791 ) ) ;
#4957 = AXIS2_PLACEMENT_3D ( 'NONE', #1010, #3530, #2655 ) ;
#4958 = DIRECTION ( 'NONE',  ( 0.000000000000000000, 0.000000000000000000, -1.000000000000000000 ) ) ;
#4959 = AXIS2_PLACEMENT_3D ( 'NONE', #3770, #1331, #887 ) ;
#4960 = TOROIDAL_SURFACE ( 'NONE', #110, 7.500000000000000000, 0.5000000000000000000 ) ;
#4961 = CARTESIAN_POINT ( 'NONE',  ( 12.50000000000000000, -1.000000000000000888, 7.500000000000000888 ) ) ;
#4962 = VERTEX_POINT ( 'NONE', #4602 ) ;
#4963 = VECTOR ( 'NONE', #2155, 1000.000000000000000 ) ;
#4964 = AXIS2_PLACEMENT_3D ( 'NONE', #2472, #2093, #3315 ) ;
#4965 = CARTESIAN_POINT ( 'NONE',  ( 29.03239602037398015, -6.000000000000000000, 0.000000000000000000 ) ) ;
#4966 = DIRECTION ( 'NONE',  ( 0.000000000000000000, 0.000000000000000000, -1.000000000000000000 ) ) ;
#4967 = EDGE_CURVE ( 'NONE', #614, #4024, #4021, .T. ) ;
#4968 = AXIS2_PLACEMENT_3D ( 'NONE', #3785, #91, #905 ) ;
#4969 = ORIENTED_EDGE ( 'NONE', *, *, #505, .T. ) ;
#4970 = DIRECTION ( 'NONE',  ( 0.000000000000000000, 1.000000000000000000, 0.000000000000000000 ) ) ;
#4971 = CARTESIAN_POINT ( 'NONE',  ( 14.99811776992028989, 0.000000000000000000, -25.90119832667880573 ) ) ;
#4972 = CARTESIAN_POINT ( 'NONE',  ( 14.00000000000000178, 0.000000000000000000, -16.50000000000001066 ) ) ;
#4973 = AXIS2_PLACEMENT_3D ( 'NONE', #3039, #4595, #881 ) ;
#4974 = CIRCLE ( 'NONE', #1515, 4.000000000000003553 ) ;
#4975 = LINE ( 'NONE', #1369, #3326 ) ;
#4976 = VERTEX_POINT ( 'NONE', #2143 ) ;
#4977 = ORIENTED_EDGE ( 'NONE', *, *, #3631, .F. ) ;
#4978 = AXIS2_PLACEMENT_3D ( 'NONE', #1591, #372, #4040 ) ;
#4979 = LINE ( 'NONE', #5031, #4346 ) ;
#4980 = VERTEX_POINT ( 'NONE', #4577 ) ;
#4981 = DIRECTION ( 'NONE',  ( -0.7071067811865464625, 0.000000000000000000, -0.7071067811865486830 ) ) ;
#4982 = EDGE_CURVE ( 'NONE', #4681, #4912, #407, .T. ) ;
#4983 = EDGE_CURVE ( 'NONE', #2029, #1880, #3329, .T. ) ;
#4984 = CIRCLE ( 'NONE', #310, 4.000000000000003553 ) ;
#4985 = EDGE_CURVE ( 'NONE', #1358, #423, #2504, .T. ) ;
#4986 = CARTESIAN_POINT ( 'NONE',  ( -24.06784864032195159, 2.000000000000000000, 16.10831744348034889 ) ) ;
#4987 = COORDINATED_UNIVERSAL_TIME_OFFSET ( 8, 0, .AHEAD. ) ;
#4988 = ORIENTED_EDGE ( 'NONE', *, *, #2161, .F. ) ;
#4989 = AXIS2_PLACEMENT_3D ( 'NONE', #4830, #4467, #1914 ) ;
#4990 = CARTESIAN_POINT ( 'NONE',  ( 16.10831744348029204, 2.000000000000000000, 24.06784864032195159 ) ) ;
#4991 = EDGE_CURVE ( 'NONE', #1301, #2909, #2107, .T. ) ;
#4992 = DIRECTION ( 'NONE',  ( -1.000000000000000000, 0.000000000000000000, 0.000000000000000000 ) ) ;
#4993 = AXIS2_PLACEMENT_3D ( 'NONE', #2234, #186, #328 ) ;
#4994 = DIRECTION ( 'NONE',  ( 1.000000000000000000, -0.000000000000000000, -0.000000000000000000 ) ) ;
#4995 = ORIENTED_EDGE ( 'NONE', *, *, #4245, .T. ) ;
#4996 = ORIENTED_EDGE ( 'NONE', *, *, #5044, .F. ) ;
#4997 = EDGE_CURVE ( 'NONE', #961, #1033, #3671, .T. ) ;
#4998 = VECTOR ( 'NONE', #171, 1000.000000000000000 ) ;
#4999 = ADVANCED_FACE ( 'NONE', ( #2056 ), #1282, .F. ) ;
#5000 = DIRECTION ( 'NONE',  ( 0.000000000000000000, 0.000000000000000000, 1.000000000000000000 ) ) ;
#5001 = FACE_OUTER_BOUND ( 'NONE', #5294, .T. ) ;
#5002 = DIRECTION ( 'NONE',  ( 0.000000000000000000, 0.000000000000000000, 1.000000000000000000 ) ) ;
#5003 = DIRECTION ( 'NONE',  ( -0.000000000000000000, -1.000000000000000000, 0.000000000000000000 ) ) ;
#5004 = LINE ( 'NONE', #2170, #4885 ) ;
#5005 = ORIENTED_EDGE ( 'NONE', *, *, #4725, .F. ) ;
#5006 = ORIENTED_EDGE ( 'NONE', *, *, #1697, .F. ) ;
#5007 = DIRECTION ( 'NONE',  ( -0.000000000000000000, 1.000000000000000000, -0.000000000000000000 ) ) ;
#5008 = DIRECTION ( 'NONE',  ( 0.000000000000000000, 0.000000000000000000, -1.000000000000000000 ) ) ;
#5009 = DIRECTION ( 'NONE',  ( -0.000000000000000000, -1.000000000000000000, -0.000000000000000000 ) ) ;
#5010 = CARTESIAN_POINT ( 'NONE',  ( -25.00119832667881425, 2.500000000000000000, -17.24811776992030943 ) ) ;
#5011 = CYLINDRICAL_SURFACE ( 'NONE', #2299, 5.000000000000000000 ) ;
#5012 = CARTESIAN_POINT ( 'NONE',  ( 14.99811776992027568, 0.000000000000000000, 25.90119832667880573 ) ) ;
#5013 = EDGE_CURVE ( 'NONE', #3541, #195, #2565, .T. ) ;
#5014 = EDGE_LOOP ( 'NONE', ( #3071, #3900, #2295, #2482 ) ) ;
#5015 = ORIENTED_EDGE ( 'NONE', *, *, #1568, .F. ) ;
#5016 = DIRECTION ( 'NONE',  ( -0.000000000000000000, -1.000000000000000000, -0.000000000000000000 ) ) ;
#5017 = EDGE_CURVE ( 'NONE', #2637, #1118, #1699, .T. ) ;
#5018 = CARTESIAN_POINT ( 'NONE',  ( -18.75606001926123412, 0.000000000000000000, 27.06609133436747783 ) ) ;
#5019 = FACE_OUTER_BOUND ( 'NONE', #4400, .T. ) ;
#5020 =( BOUNDED_CURVE ( )  B_SPLINE_CURVE ( 3, ( #1717, #402, #2074, #2857 ),
 .UNSPECIFIED., .F., .T. ) 
 B_SPLINE_CURVE_WITH_KNOTS ( ( 4, 4 ),
 ( 5.497787143782137953, 6.283185307179586232 ),
 .UNSPECIFIED. ) 
 CURVE ( )  GEOMETRIC_REPRESENTATION_ITEM ( )  RATIONAL_B_SPLINE_CURVE ( ( 1.000000000000000000, 0.9492530216741911220, 0.9492530216741911220, 1.000000000000000000 ) ) 
 REPRESENTATION_ITEM ( '' )  );
#5021 = VERTEX_POINT ( 'NONE', #513 ) ;
#5022 = DIRECTION ( 'NONE',  ( 0.000000000000000000, 0.000000000000000000, 1.000000000000000000 ) ) ;
#5023 = DIRECTION ( 'NONE',  ( -1.000000000000000000, 0.000000000000000000, 0.000000000000000000 ) ) ;
#5024 = ORIENTED_EDGE ( 'NONE', *, *, #4309, .F. ) ;
#5025 = LINE ( 'NONE', #4561, #1403 ) ;
#5026 = CARTESIAN_POINT ( 'NONE',  ( -25.00119832667880004, 2.000000000000000000, 14.99811776992030765 ) ) ;
#5027 = DIRECTION ( 'NONE',  ( -0.3580378399195150996, 0.000000000000000000, 0.9337070767568208529 ) ) ;
#5028 = ORIENTED_EDGE ( 'NONE', *, *, #367, .T. ) ;
#5029 = VERTEX_POINT ( 'NONE', #4961 ) ;
#5030 = EDGE_LOOP ( 'NONE', ( #2614, #4888, #552, #1821 ) ) ;
#5031 = CARTESIAN_POINT ( 'NONE',  ( 2.828427124746162313, 0.000000000000000000, 2.828427124746166310 ) ) ;
#5032 = DIRECTION ( 'NONE',  ( 0.000000000000000000, 0.000000000000000000, 1.000000000000000000 ) ) ;
#5033 = CARTESIAN_POINT ( 'NONE',  ( -16.10831744348034533, 2.000000000000000000, -24.06784864032195159 ) ) ;
#5034 = CARTESIAN_POINT ( 'NONE',  ( 25.00119832667878583, 5.000000000000000000, 14.99811776992029344 ) ) ;
#5035 = LINE ( 'NONE', #2528, #232 ) ;
#5036 = DIRECTION ( 'NONE',  ( -0.000000000000000000, -1.000000000000000000, 0.000000000000000000 ) ) ;
#5037 = VERTEX_POINT ( 'NONE', #4663 ) ;
#5038 = FACE_OUTER_BOUND ( 'NONE', #45, .T. ) ;
#5039 = LINE ( 'NONE', #1333, #4196 ) ;
#5040 = CARTESIAN_POINT ( 'NONE',  ( 11.50000000000000000, -12.00000000000000000, 7.500000000000000888 ) ) ;
#5041 = AXIS2_PLACEMENT_3D ( 'NONE', #656, #2300, #4769 ) ;
#5042 = ORIENTED_EDGE ( 'NONE', *, *, #754, .F. ) ;
#5043 = AXIS2_PLACEMENT_3D ( 'NONE', #4844, #4459, #4429 ) ;
#5044 = EDGE_CURVE ( 'NONE', #5268, #3338, #65, .T. ) ;
#5045 = CARTESIAN_POINT ( 'NONE',  ( 23.90989491760779728, 2.000000000000000000, -10.11039691870838553 ) ) ;
#5046 = ORIENTED_EDGE ( 'NONE', *, *, #3797, .T. ) ;
#5047 = AXIS2_PLACEMENT_3D ( 'NONE', #4655, #3707, #2882 ) ;
#5048 = VECTOR ( 'NONE', #5185, 1000.000000000000000 ) ;
#5049 = CARTESIAN_POINT ( 'NONE',  ( -2.828427124746113464, 2.000000000000000000, -2.828427124746129007 ) ) ;
#5050 = DIRECTION ( 'NONE',  ( 0.000000000000000000, 0.000000000000000000, 1.000000000000000000 ) ) ;
#5051 = FACE_OUTER_BOUND ( 'NONE', #3800, .T. ) ;
#5052 = AXIS2_PLACEMENT_3D ( 'NONE', #4497, #3808, #4207 ) ;
#5053 = VERTEX_POINT ( 'NONE', #947 ) ;
#5054 = ORIENTED_EDGE ( 'NONE', *, *, #89, .F. ) ;
#5055 = VERTEX_POINT ( 'NONE', #2078 ) ;
#5056 = DIRECTION ( 'NONE',  ( 0.000000000000000000, 1.000000000000000000, 0.000000000000000000 ) ) ;
#5057 = CARTESIAN_POINT ( 'NONE',  ( 25.03239602037398015, 0.000000000000000000, 25.03239602037399436 ) ) ;
#5058 = AXIS2_PLACEMENT_3D ( 'NONE', #3815, #528, #4156 ) ;
#5059 = VECTOR ( 'NONE', #4012, 1000.000000000000000 ) ;
#5060 = FACE_OUTER_BOUND ( 'NONE', #2890, .T. ) ;
#5061 = EDGE_CURVE ( 'NONE', #2341, #4873, #2013, .T. ) ;
#5062 = CARTESIAN_POINT ( 'NONE',  ( -14.99811776992028989, 5.000000000000000000, -23.25119832667883202 ) ) ;
#5063 = AXIS2_PLACEMENT_3D ( 'NONE', #1708, #1767, #3008 ) ;
#5064 = VERTEX_POINT ( 'NONE', #188 ) ;
#5065 = DIRECTION ( 'NONE',  ( 0.000000000000000000, -1.000000000000000000, 0.000000000000000000 ) ) ;
#5066 = CIRCLE ( 'NONE', #3678, 1.000000000000000888 ) ;
#5067 = CARTESIAN_POINT ( 'NONE',  ( 7.500000000000000888, -1.000000000000000888, -7.500000000000000000 ) ) ;
#5068 = CARTESIAN_POINT ( 'NONE',  ( 7.500000000000000000, -11.00000000000000000, 12.50000000000000000 ) ) ;
#5069 = EDGE_LOOP ( 'NONE', ( #4394, #224, #744, #3345, #855, #1384 ) ) ;
#5070 = AXIS2_PLACEMENT_3D ( 'NONE', #4738, #2701, #618 ) ;
#5071 = DIRECTION ( 'NONE',  ( 0.000000000000000000, 0.000000000000000000, 1.000000000000000000 ) ) ;
#5072 = ORIENTED_EDGE ( 'NONE', *, *, #3086, .F. ) ;
#5073 = CARTESIAN_POINT ( 'NONE',  ( -19.99999999999999289, 2.000000000000000000, -5.500000000000018652 ) ) ;
#5074 = AXIS2_PLACEMENT_3D ( 'NONE', #3695, #783, #1621 ) ;
#5075 = EDGE_CURVE ( 'NONE', #934, #441, #557, .T. ) ;
#5076 = DIRECTION ( 'NONE',  ( -0.000000000000000000, -1.000000000000000000, -0.000000000000000000 ) ) ;
#5077 = DIRECTION ( 'NONE',  ( 0.000000000000000000, 1.000000000000000000, -0.000000000000000000 ) ) ;
#5078 = CYLINDRICAL_SURFACE ( 'NONE', #1171, 2.499999999999998668 ) ;
#5079 = EDGE_CURVE ( 'NONE', #1711, #5021, #4739, .T. ) ;
#5080 = ORIENTED_EDGE ( 'NONE', *, *, #1178, .F. ) ;
#5081 = DIRECTION ( 'NONE',  ( 0.000000000000000000, 0.000000000000000000, 1.000000000000000000 ) ) ;
#5082 = CARTESIAN_POINT ( 'NONE',  ( 14.00000000000000178, 2.000000000000000000, -16.50000000000001066 ) ) ;
#5083 = ORIENTED_EDGE ( 'NONE', *, *, #2652, .F. ) ;
#5084 = ADVANCED_FACE ( 'NONE', ( #4276 ), #2235, .F. ) ;
#5085 = CARTESIAN_POINT ( 'NONE',  ( 14.99811776992028989, 2.000000000000000000, -25.00119832667880360 ) ) ;
#5086 = DIRECTION ( 'NONE',  ( -0.000000000000000000, -1.000000000000000000, -0.000000000000000000 ) ) ;
#5087 = EDGE_CURVE ( 'NONE', #1225, #3332, #1028, .T. ) ;
#5088 = ADVANCED_FACE ( 'NONE', ( #2293 ), #649, .F. ) ;
#5089 = VERTEX_POINT ( 'NONE', #5112 ) ;
#5090 = ORIENTED_EDGE ( 'NONE', *, *, #3635, .F. ) ;
#5091 = CARTESIAN_POINT ( 'NONE',  ( 28.56521268139020719, 2.000000000000000000, -20.07993130715165719 ) ) ;
#5092 = CARTESIAN_POINT ( 'NONE',  ( -14.99811776992028634, 2.500000000000000000, 25.00119832667883202 ) ) ;
#5093 = FACE_OUTER_BOUND ( 'NONE', #3811, .T. ) ;
#5094 = VERTEX_POINT ( 'NONE', #2186 ) ;
#5095 = FACE_BOUND ( 'NONE', #4227, .T. ) ;
#5096 = DIRECTION ( 'NONE',  ( 0.000000000000000000, 0.000000000000000000, 1.000000000000000000 ) ) ;
#5097 = CARTESIAN_POINT ( 'NONE',  ( -1.115358573568465239, -1.850000000000000977, 4.149999999999999467 ) ) ;
#5098 = LINE ( 'NONE', #1449, #3673 ) ;
#5099 = ORIENTED_EDGE ( 'NONE', *, *, #3561, .F. ) ;
#5100 = VERTEX_POINT ( 'NONE', #3108 ) ;
#5101 = ORIENTED_EDGE ( 'NONE', *, *, #4725, .T. ) ;
#5102 = FACE_OUTER_BOUND ( 'NONE', #3617, .T. ) ;
#5103 = DIRECTION ( 'NONE',  ( 1.000000000000000000, 0.000000000000000000, 1.224646799147353207E-16 ) ) ;
#5104 = DIRECTION ( 'NONE',  ( 0.000000000000000000, 0.000000000000000000, -1.000000000000000000 ) ) ;
#5105 = EDGE_CURVE ( 'NONE', #3276, #4801, #3525, .T. ) ;
#5106 = DIRECTION ( 'NONE',  ( 0.3580378399195150996, 0.000000000000000000, -0.9337070767568208529 ) ) ;
#5107 = ADVANCED_FACE ( 'NONE', ( #3468 ), #2703, .T. ) ;
#5108 = EDGE_LOOP ( 'NONE', ( #5146, #758, #1034, #4130 ) ) ;
#5109 = FACE_OUTER_BOUND ( 'NONE', #5127, .T. ) ;
#5110 = DIRECTION ( 'NONE',  ( -0.000000000000000000, -1.000000000000000000, -0.000000000000000000 ) ) ;
#5111 = ORIENTED_EDGE ( 'NONE', *, *, #838, .T. ) ;
#5112 = CARTESIAN_POINT ( 'NONE',  ( 14.99811776992027568, 2.000000000000000000, 27.25119832667879294 ) ) ;
#5113 = VERTEX_POINT ( 'NONE', #5172 ) ;
#5114 = DIRECTION ( 'NONE',  ( 0.000000000000000000, 1.000000000000000000, -0.000000000000000000 ) ) ;
#5115 = AXIS2_PLACEMENT_3D ( 'NONE', #252, #3547, #376 ) ;
#5116 = CYLINDRICAL_SURFACE ( 'NONE', #40, 2.000000000000001776 ) ;
#5117 = EDGE_LOOP ( 'NONE', ( #5364, #4322 ) ) ;
#5118 = DIRECTION ( 'NONE',  ( -0.000000000000000000, -1.000000000000000000, 0.000000000000000000 ) ) ;
#5119 = AXIS2_PLACEMENT_3D ( 'NONE', #5045, #950, #1728 ) ;
#5120 = APPLICATION_CONTEXT ( 'configuration controlled 3d designs of mechanical parts and assemblies' ) ;
#5121 = CARTESIAN_POINT ( 'NONE',  ( 2.934493141924172210, -8.934493141924171766, 2.934493141924172210 ) ) ;
#5122 = CARTESIAN_POINT ( 'NONE',  ( -20.07993130715166075, 0.000000000000000000, 28.56521268139023562 ) ) ;
#5123 = EDGE_LOOP ( 'NONE', ( #2903, #475, #1133, #484 ) ) ;
#5124 = VECTOR ( 'NONE', #3516, 1000.000000000000000 ) ;
#5125 = AXIS2_PLACEMENT_3D ( 'NONE', #3996, #2333, #1072 ) ;
#5126 = ORIENTED_EDGE ( 'NONE', *, *, #4441, .F. ) ;
#5127 = EDGE_LOOP ( 'NONE', ( #4503, #2330, #463, #364 ) ) ;
#5128 = CARTESIAN_POINT ( 'NONE',  ( 0.000000000000000000, -6.000000000000000000, 12.50000000000000000 ) ) ;
#5129 = CARTESIAN_POINT ( 'NONE',  ( -25.00119832667881425, 2.000000000000000000, -12.74811776992030765 ) ) ;
#5130 = DIRECTION ( 'NONE',  ( -0.000000000000000000, -1.000000000000000000, -0.000000000000000000 ) ) ;
#5131 = AXIS2_PLACEMENT_3D ( 'NONE', #604, #2219, #5050 ) ;
#5132 = AXIS2_PLACEMENT_3D ( 'NONE', #3890, #2691, #5081 ) ;
#5133 = LINE ( 'NONE', #2311, #5226 ) ;
#5134 = COORDINATED_UNIVERSAL_TIME_OFFSET ( 8, 0, .AHEAD. ) ;
#5135 = ORIENTED_EDGE ( 'NONE', *, *, #3148, .T. ) ;
#5136 = CIRCLE ( 'NONE', #1079, 2.499999999999998668 ) ;
#5137 = VECTOR ( 'NONE', #1439, 1000.000000000000000 ) ;
#5138 = ORIENTED_EDGE ( 'NONE', *, *, #5201, .F. ) ;
#5139 = CYLINDRICAL_SURFACE ( 'NONE', #5214, 2.500000000000002220 ) ;
#5140 = EDGE_CURVE ( 'NONE', #5037, #2243, #4793, .T. ) ;
#5141 = CIRCLE ( 'NONE', #469, 2.000000000000001776 ) ;
#5142 = LOCAL_TIME ( 11, 49, 44.00000000000000000, #2914 ) ;
#5143 = DIRECTION ( 'NONE',  ( 0.000000000000000000, 1.000000000000000000, -0.000000000000000000 ) ) ;
#5144 = ORIENTED_EDGE ( 'NONE', *, *, #2190, .F. ) ;
#5145 = DIRECTION ( 'NONE',  ( 1.000000000000000000, 0.000000000000000000, 0.000000000000000000 ) ) ;
#5146 = ORIENTED_EDGE ( 'NONE', *, *, #4418, .F. ) ;
#5147 = AXIS2_PLACEMENT_3D ( 'NONE', #2946, #1727, #5071 ) ;
#5148 = LOCAL_TIME ( 11, 49, 44.00000000000000000, #4987 ) ;
#5149 = EDGE_CURVE ( 'NONE', #2409, #852, #1253, .T. ) ;
#5150 = LINE ( 'NONE', #3138, #2977 ) ;
#5151 = CIRCLE ( 'NONE', #3072, 7.000000000000000000 ) ;
#5152 = CARTESIAN_POINT ( 'NONE',  ( 14.00000000000000178, 2.000000000000000000, 16.50000000000001066 ) ) ;
#5153 = ADVANCED_FACE ( 'NONE', ( #5093 ), #1889, .F. ) ;
#5154 = EDGE_CURVE ( 'NONE', #1769, #650, #4326, .T. ) ;
#5155 = AXIS2_PLACEMENT_3D ( 'NONE', #84, #24, #3737 ) ;
#5156 = DIRECTION ( 'NONE',  ( -0.000000000000000000, -0.000000000000000000, -1.000000000000000000 ) ) ;
#5157 = CARTESIAN_POINT ( 'NONE',  ( 1.115358573568465905, -10.15000000000000036, 4.149999999999999467 ) ) ;
#5158 = CIRCLE ( 'NONE', #487, 1.749999999999987566 ) ;
#5159 = DIRECTION ( 'NONE',  ( 0.000000000000000000, 1.000000000000000000, -0.000000000000000000 ) ) ;
#5160 = ORIENTED_EDGE ( 'NONE', *, *, #1652, .T. ) ;
#5161 = CIRCLE ( 'NONE', #5070, 2.000000000000000000 ) ;
#5162 = EDGE_LOOP ( 'NONE', ( #5126, #5190 ) ) ;
#5163 = CARTESIAN_POINT ( 'NONE',  ( 25.00119832667878583, 2.000000000000000000, 17.24811776992028101 ) ) ;
#5164 = DIRECTION ( 'NONE',  ( -0.000000000000000000, 0.000000000000000000, 1.000000000000000000 ) ) ;
#5165 = VERTEX_POINT ( 'NONE', #3440 ) ;
#5166 = FACE_OUTER_BOUND ( 'NONE', #174, .T. ) ;
#5167 = CARTESIAN_POINT ( 'NONE',  ( -25.00119832667881425, 5.000000000000000000, -15.89811776992030801 ) ) ;
#5168 = ORIENTED_EDGE ( 'NONE', *, *, #1466, .T. ) ;
#5169 = VERTEX_POINT ( 'NONE', #1385 ) ;
#5170 = LINE ( 'NONE', #1858, #972 ) ;
#5171 = DIRECTION ( 'NONE',  ( -1.000000000000000000, -0.000000000000000000, -0.000000000000000000 ) ) ;
#5172 = CARTESIAN_POINT ( 'NONE',  ( 24.06784864032188054, 0.000000000000000000, 12.10831744348034711 ) ) ;
#5173 = EDGE_CURVE ( 'NONE', #3267, #3130, #132, .T. ) ;
#5174 = EDGE_LOOP ( 'NONE', ( #3446, #592 ) ) ;
#5175 = DIRECTION ( 'NONE',  ( 0.000000000000000000, 1.000000000000000000, -0.000000000000000000 ) ) ;
#5176 = ADVANCED_FACE ( 'NONE', ( #1786 ), #3596, .F. ) ;
#5177 = DIRECTION ( 'NONE',  ( 0.000000000000000000, 1.000000000000000000, -0.000000000000000000 ) ) ;
#5178 = CARTESIAN_POINT ( 'NONE',  ( -13.50000000000000178, -1.000000000000000000, 7.500000000000000888 ) ) ;
#5179 = VERTEX_POINT ( 'NONE', #3131 ) ;
#5180 = DIRECTION ( 'NONE',  ( -0.000000000000000000, -1.000000000000000000, 0.000000000000000000 ) ) ;
#5181 = DIRECTION ( 'NONE',  ( 0.000000000000000000, 0.000000000000000000, -1.000000000000000000 ) ) ;
#5182 = VERTEX_POINT ( 'NONE', #1088 ) ;
#5183 =( BOUNDED_CURVE ( )  B_SPLINE_CURVE ( 3, ( #4061, #348, #1986, #2966 ),
 .UNSPECIFIED., .F., .T. ) 
 B_SPLINE_CURVE_WITH_KNOTS ( ( 4, 4 ),
 ( 0.000000000000000000, 0.7853981633974483900 ),
 .UNSPECIFIED. ) 
 CURVE ( )  GEOMETRIC_REPRESENTATION_ITEM ( )  RATIONAL_B_SPLINE_CURVE ( ( 1.000000000000000000, 0.9492530216741911220, 0.9492530216741911220, 1.000000000000000000 ) ) 
 REPRESENTATION_ITEM ( '' )  );
#5184 = EDGE_LOOP ( 'NONE', ( #2151, #4746, #1539, #3185 ) ) ;
#5185 = DIRECTION ( 'NONE',  ( -0.000000000000000000, 1.000000000000000000, -0.000000000000000000 ) ) ;
#5186 = CARTESIAN_POINT ( 'NONE',  ( 20.07993130715161811, 2.000000000000000000, 28.56521268139020364 ) ) ;
#5187 = FACE_OUTER_BOUND ( 'NONE', #2179, .T. ) ;
#5188 = CARTESIAN_POINT ( 'NONE',  ( 27.86082314512016467, 0.000000000000000000, 22.20396889562780274 ) ) ;
#5189 = EDGE_LOOP ( 'NONE', ( #4614, #1906 ) ) ;
#5190 = ORIENTED_EDGE ( 'NONE', *, *, #5302, .F. ) ;
#5191 = CARTESIAN_POINT ( 'NONE',  ( -23.90989491760779728, 2.000000000000000000, -12.11039691870838553 ) ) ;
#5192 = CARTESIAN_POINT ( 'NONE',  ( 7.500000000000000000, -1.000000000000000888, -12.50000000000000000 ) ) ;
#5193 = CARTESIAN_POINT ( 'NONE',  ( -20.07993130715166075, 2.000000000000000000, 26.56521268139023206 ) ) ;
#5194 = ORIENTED_EDGE ( 'NONE', *, *, #1697, .T. ) ;
#5195 = CARTESIAN_POINT ( 'NONE',  ( 10.11039691870832513, 0.000000000000000000, 23.90989491760780794 ) ) ;
#5196 = CARTESIAN_POINT ( 'NONE',  ( -12.50000000000000000, -11.00000000000000000, -7.500000000000000000 ) ) ;
#5197 = CARTESIAN_POINT ( 'NONE',  ( -12.50000000000000000, -12.00000000000000000, 12.50000000000000000 ) ) ;
#5198 = VERTEX_POINT ( 'NONE', #1003 ) ;
#5199 = FACE_OUTER_BOUND ( 'NONE', #3366, .T. ) ;
#5200 = ADVANCED_FACE ( 'NONE', ( #535 ), #3848, .T. ) ;
#5201 = EDGE_CURVE ( 'NONE', #1769, #2819, #47, .T. ) ;
#5202 = ADVANCED_FACE ( 'NONE', ( #4404 ), #2416, .F. ) ;
#5203 = CARTESIAN_POINT ( 'NONE',  ( 0.000000000000000000, 5.000000000000000000, -4.150000000000000355 ) ) ;
#5204 = CARTESIAN_POINT ( 'NONE',  ( 23.90989491760779728, 2.000000000000000000, -12.11039691870838553 ) ) ;
#5205 = ORIENTED_EDGE ( 'NONE', *, *, #746, .T. ) ;
#5206 = CIRCLE ( 'NONE', #2952, 6.000000000000000000 ) ;
#5207 = AXIS2_PLACEMENT_3D ( 'NONE', #2769, #3198, #3254 ) ;
#5208 = DIRECTION ( 'NONE',  ( 0.3580378399195150996, 0.000000000000000000, 0.9337070767568208529 ) ) ;
#5209 = PLANE ( 'NONE',  #2554 ) ;
#5210 = ORIENTED_EDGE ( 'NONE', *, *, #4825, .F. ) ;
#5211 = CARTESIAN_POINT ( 'NONE',  ( -25.00119832667881425, 5.000000000000000000, -16.74811776992030943 ) ) ;
#5212 = ADVANCED_FACE ( 'NONE', ( #1137 ), #727, .T. ) ;
#5213 = LINE ( 'NONE', #1512, #3154 ) ;
#5214 = AXIS2_PLACEMENT_3D ( 'NONE', #3126, #4788, #3463 ) ;
#5215 = VECTOR ( 'NONE', #1184, 1000.000000000000000 ) ;
#5216 = ORIENTED_EDGE ( 'NONE', *, *, #2284, .T. ) ;
#5217 = ORIENTED_EDGE ( 'NONE', *, *, #5218, .F. ) ;
#5218 = EDGE_CURVE ( 'NONE', #4850, #3123, #4454, .T. ) ;
#5219 = CARTESIAN_POINT ( 'NONE',  ( 27.15099911901708651, 0.000000000000000000, 21.49414486952472458 ) ) ;
#5220 = VECTOR ( 'NONE', #239, 1000.000000000000227 ) ;
#5221 = DIRECTION ( 'NONE',  ( -3.469446951953611033E-15, 0.000000000000000000, 1.000000000000000000 ) ) ;
#5222 = CIRCLE ( 'NONE', #3665, 0.8999999999999998002 ) ;
#5223 = LINE ( 'NONE', #2340, #561 ) ;
#5224 = VERTEX_POINT ( 'NONE', #2371 ) ;
#5225 = DIRECTION ( 'NONE',  ( 0.000000000000000000, 0.000000000000000000, 1.000000000000000000 ) ) ;
#5226 = VECTOR ( 'NONE', #2727, 1000.000000000000000 ) ;
#5227 = AXIS2_PLACEMENT_3D ( 'NONE', #1833, #1052, #3085 ) ;
#5228 = FACE_OUTER_BOUND ( 'NONE', #5248, .T. ) ;
#5229 = DIRECTION ( 'NONE',  ( 1.734723475976805517E-15, 0.000000000000000000, 1.000000000000000000 ) ) ;
#5230 = AXIS2_PLACEMENT_3D ( 'NONE', #3284, #5323, #3184 ) ;
#5231 = VECTOR ( 'NONE', #697, 1000.000000000000000 ) ;
#5232 = ORIENTED_EDGE ( 'NONE', *, *, #42, .F. ) ;
#5233 = CARTESIAN_POINT ( 'NONE',  ( 2.828427124746244914, 2.000000000000000000, 2.828427124746258237 ) ) ;
#5234 = VECTOR ( 'NONE', #685, 1000.000000000000000 ) ;
#5235 = DIRECTION ( 'NONE',  ( -0.000000000000000000, -1.000000000000000000, 0.000000000000000000 ) ) ;
#5236 = CIRCLE ( 'NONE', #2815, 5.000000000000000000 ) ;
#5237 = DIRECTION ( 'NONE',  ( 0.000000000000000000, 0.000000000000000000, -1.000000000000000000 ) ) ;
#5238 = VERTEX_POINT ( 'NONE', #4484 ) ;
#5239 = EDGE_CURVE ( 'NONE', #237, #3153, #5314, .T. ) ;
#5240 = ORIENTED_EDGE ( 'NONE', *, *, #4778, .T. ) ;
#5241 = AXIS2_PLACEMENT_3D ( 'NONE', #3026, #1838, #1031 ) ;
#5242 = DIRECTION ( 'NONE',  ( 0.000000000000000000, 0.000000000000000000, -1.000000000000000000 ) ) ;
#5243 = CARTESIAN_POINT ( 'NONE',  ( 12.50000000000000000, -6.000000000000000000, 0.000000000000000000 ) ) ;
#5244 = DIRECTION ( 'NONE',  ( -0.000000000000000000, -1.000000000000000000, 0.000000000000000000 ) ) ;
#5245 = ADVANCED_FACE ( 'NONE', ( #756 ), #3241, .F. ) ;
#5246 = DIRECTION ( 'NONE',  ( 0.000000000000000000, 0.000000000000000000, 1.000000000000000000 ) ) ;
#5247 = VECTOR ( 'NONE', #2414, 1000.000000000000000 ) ;
#5248 = EDGE_LOOP ( 'NONE', ( #2950, #2854, #3206, #4213 ) ) ;
#5249 = ORIENTED_EDGE ( 'NONE', *, *, #704, .F. ) ;
#5250 = AXIS2_PLACEMENT_3D ( 'NONE', #2499, #4632, #4930 ) ;
#5251 = CARTESIAN_POINT ( 'NONE',  ( -14.99811776992028634, 5.000000000000000000, 25.00119832667883202 ) ) ;
#5252 =( BOUNDED_CURVE ( )  B_SPLINE_CURVE ( 3, ( #1200, #2397, #3612, #1144 ),
 .UNSPECIFIED., .F., .T. ) 
 B_SPLINE_CURVE_WITH_KNOTS ( ( 4, 4 ),
 ( 5.497787143782137953, 7.068583470577034511 ),
 .UNSPECIFIED. ) 
 CURVE ( )  GEOMETRIC_REPRESENTATION_ITEM ( )  RATIONAL_B_SPLINE_CURVE ( ( 1.000000000000000000, 0.8047378541243649375, 0.8047378541243649375, 1.000000000000000000 ) ) 
 REPRESENTATION_ITEM ( '' )  );
#5253 = CARTESIAN_POINT ( 'NONE',  ( -23.96254615851250946, 0.000000000000000000, -12.10970376029904116 ) ) ;
#5254 = CARTESIAN_POINT ( 'NONE',  ( -5.980998276113258960, 2.000000000000000000, -15.59751454687771854 ) ) ;
#5255 = ADVANCED_FACE ( 'NONE', ( #329 ), #299, .F. ) ;
#5256 = EDGE_LOOP ( 'NONE', ( #1270, #601, #4152, #141 ) ) ;
#5257 = DIRECTION ( 'NONE',  ( -1.000000000000000000, 0.000000000000000000, 0.000000000000000000 ) ) ;
#5258 = FACE_OUTER_BOUND ( 'NONE', #4926, .T. ) ;
#5259 = LINE ( 'NONE', #4468, #216 ) ;
#5260 = ORIENTED_EDGE ( 'NONE', *, *, #2320, .F. ) ;
#5261 = DIRECTION ( 'NONE',  ( 0.000000000000000000, 0.000000000000000000, 1.000000000000000000 ) ) ;
#5262 = CARTESIAN_POINT ( 'NONE',  ( -7.500000000000000888, -11.00000000000000000, 11.50000000000000000 ) ) ;
#5263 = FACE_OUTER_BOUND ( 'NONE', #1658, .T. ) ;
#5264 = ORIENTED_EDGE ( 'NONE', *, *, #1962, .T. ) ;
#5265 = ORIENTED_EDGE ( 'NONE', *, *, #574, .F. ) ;
#5266 = FACE_OUTER_BOUND ( 'NONE', #2032, .T. ) ;
#5267 = CARTESIAN_POINT ( 'NONE',  ( -27.15099911901712559, 2.000000000000000000, 21.49414486952474590 ) ) ;
#5268 = VERTEX_POINT ( 'NONE', #1968 ) ;
#5269 = CARTESIAN_POINT ( 'NONE',  ( -22.04248076409415447, 0.000000000000000000, -10.82647259854741506 ) ) ;
#5270 = LINE ( 'NONE', #1208, #3415 ) ;
#5271 = ORIENTED_EDGE ( 'NONE', *, *, #971, .F. ) ;
#5272 = EDGE_LOOP ( 'NONE', ( #2109, #3790, #1997, #772 ) ) ;
#5273 = EDGE_CURVE ( 'NONE', #5327, #1880, #3155, .T. ) ;
#5274 = DIRECTION ( 'NONE',  ( 0.000000000000000000, 1.000000000000000000, -0.000000000000000000 ) ) ;
#5275 = EDGE_CURVE ( 'NONE', #272, #657, #3066, .T. ) ;
#5276 = DIRECTION ( 'NONE',  ( 0.000000000000000000, 0.000000000000000000, -1.000000000000000000 ) ) ;
#5277 = CARTESIAN_POINT ( 'NONE',  ( -14.00000000000000178, -1.000000000000000000, 14.00000000000001243 ) ) ;
#5278 = ORIENTED_EDGE ( 'NONE', *, *, #1076, .T. ) ;
#5279 = CARTESIAN_POINT ( 'NONE',  ( -11.50000000000000000, -11.00000000000000000, -7.500000000000000000 ) ) ;
#5280 = FACE_OUTER_BOUND ( 'NONE', #1409, .T. ) ;
#5281 = DIRECTION ( 'NONE',  ( -0.000000000000000000, -1.000000000000000000, 0.000000000000000000 ) ) ;
#5282 = EDGE_CURVE ( 'NONE', #4591, #2462, #3632, .T. ) ;
#5283 = CARTESIAN_POINT ( 'NONE',  ( -14.99811776992028989, 5.000000000000000000, -25.00119832667883202 ) ) ;
#5284 = CARTESIAN_POINT ( 'NONE',  ( -14.00000000000000178, -1.000000000000000000, -14.00000000000001243 ) ) ;
#5285 = CARTESIAN_POINT ( 'NONE',  ( -14.99811776992028634, 2.000000000000000000, 25.00119832667883202 ) ) ;
#5286 = CARTESIAN_POINT ( 'NONE',  ( -24.06784864032195159, 0.000000000000000000, 12.10831744348036132 ) ) ;
#5287 = ORIENTED_EDGE ( 'NONE', *, *, #367, .F. ) ;
#5288 = DIRECTION ( 'NONE',  ( -3.469446951953617344E-15, 0.000000000000000000, 1.000000000000000000 ) ) ;
#5289 = CARTESIAN_POINT ( 'NONE',  ( 18.75606001926121280, 2.000000000000000000, -27.06609133436747072 ) ) ;
#5290 = AXIS2_PLACEMENT_3D ( 'NONE', #3528, #5175, #4767 ) ;
#5291 = AXIS2_PLACEMENT_3D ( 'NONE', #2353, #2793, #3640 ) ;
#5292 = ORIENTED_EDGE ( 'NONE', *, *, #3988, .F. ) ;
#5293 = VERTEX_POINT ( 'NONE', #3980 ) ;
#5294 = EDGE_LOOP ( 'NONE', ( #1018, #551, #300, #3887 ) ) ;
#5295 = DIRECTION ( 'NONE',  ( -0.000000000000000000, -1.000000000000000000, -0.000000000000000000 ) ) ;
#5296 = AXIS2_PLACEMENT_3D ( 'NONE', #2673, #4324, #220 ) ;
#5297 = AXIS2_PLACEMENT_3D ( 'NONE', #2853, #2958, #876 ) ;
#5298 = DIRECTION ( 'NONE',  ( -1.000000000000000000, 0.000000000000000000, -0.000000000000000000 ) ) ;
#5299 = CARTESIAN_POINT ( 'NONE',  ( 0.000000000000000000, 5.000000000000000000, 0.000000000000000000 ) ) ;
#5300 = CIRCLE ( 'NONE', #5047, 4.000000000000003553 ) ;
#5301 = CIRCLE ( 'NONE', #115, 0.5000000000000004441 ) ;
#5302 = EDGE_CURVE ( 'NONE', #5238, #195, #735, .T. ) ;
#5303 = EDGE_CURVE ( 'NONE', #2731, #4761, #5223, .T. ) ;
#5304 = EDGE_LOOP ( 'NONE', ( #1907, #4436 ) ) ;
#5305 = CARTESIAN_POINT ( 'NONE',  ( -4.149999999999999467, -7.115358573568467015, 4.149999999999999467 ) ) ;
#5306 = AXIS2_PLACEMENT_3D ( 'NONE', #2953, #5003, #1263 ) ;
#5307 = PLANE ( 'NONE',  #1356 ) ;
#5308 = CARTESIAN_POINT ( 'NONE',  ( 14.99811776992028989, 2.500000000000000000, -23.25119832667881781 ) ) ;
#5309 = VECTOR ( 'NONE', #130, 1000.000000000000000 ) ;
#5310 = AXIS2_PLACEMENT_3D ( 'NONE', #4831, #1121, #2788 ) ;
#5311 = EDGE_CURVE ( 'NONE', #4547, #2243, #1117, .T. ) ;
#5312 = CYLINDRICAL_SURFACE ( 'NONE', #2022, 0.9000000000000014655 ) ;
#5313 = AXIS2_PLACEMENT_3D ( 'NONE', #4425, #2039, #4922 ) ;
#5314 = CIRCLE ( 'NONE', #4978, 2.250000000000000444 ) ;
#5315 = LINE ( 'NONE', #3275, #3433 ) ;
#5316 = ADVANCED_FACE ( 'NONE', ( #4870 ), #2759, .F. ) ;
#5317 = EDGE_CURVE ( 'NONE', #3541, #1162, #5183, .T. ) ;
#5318 = CARTESIAN_POINT ( 'NONE',  ( -18.75606001926120925, 2.000000000000000000, -27.06609133436747427 ) ) ;
#5319 = CARTESIAN_POINT ( 'NONE',  ( -25.00119832667880004, 2.500000000000000000, 16.74811776992030943 ) ) ;
#5320 = VERTEX_POINT ( 'NONE', #2780 ) ;
#5321 = AXIS2_PLACEMENT_3D ( 'NONE', #654, #5177, #2710 ) ;
#5322 = CYLINDRICAL_SURFACE ( 'NONE', #726, 1.000000000000000888 ) ;
#5323 = DIRECTION ( 'NONE',  ( -0.000000000000000000, -1.000000000000000000, -0.000000000000000000 ) ) ;
#5324 = AXIS2_PLACEMENT_3D ( 'NONE', #4113, #2077, #512 ) ;
#5325 = ORIENTED_EDGE ( 'NONE', *, *, #1115, .T. ) ;
#5326 = ORIENTED_EDGE ( 'NONE', *, *, #3756, .F. ) ;
#5327 = VERTEX_POINT ( 'NONE', #5012 ) ;
#5328 = DIRECTION ( 'NONE',  ( 0.000000000000000000, 0.000000000000000000, -1.000000000000000000 ) ) ;
#5329 = AXIS2_PLACEMENT_3D ( 'NONE', #3412, #138, #567 ) ;
#5330 = EDGE_CURVE ( 'NONE', #961, #2470, #2048, .T. ) ;
#5331 = FACE_OUTER_BOUND ( 'NONE', #3620, .T. ) ;
#5332 = AXIS2_PLACEMENT_3D ( 'NONE', #957, #3456, #96 ) ;
#5333 = DIRECTION ( 'NONE',  ( 0.000000000000000000, 0.000000000000000000, -1.000000000000000000 ) ) ;
#5334 = CIRCLE ( 'NONE', #1957, 0.9000000000000014655 ) ;
#5335 = ORIENTED_EDGE ( 'NONE', *, *, #2211, .T. ) ;
#5336 = DIRECTION ( 'NONE',  ( 0.000000000000000000, 1.000000000000000000, -0.000000000000000000 ) ) ;
#5337 = EDGE_CURVE ( 'NONE', #4390, #1053, #1851, .T. ) ;
#5338 = DIRECTION ( 'NONE',  ( 0.000000000000000000, 0.000000000000000000, 1.000000000000000000 ) ) ;
#5339 = CARTESIAN_POINT ( 'NONE',  ( 15.59751454687766881, 2.000000000000000000, 5.980998276113258072 ) ) ;
#5340 = ORIENTED_EDGE ( 'NONE', *, *, #1311, .T. ) ;
#5341 = EDGE_LOOP ( 'NONE', ( #2166, #3806, #1357, #3286 ) ) ;
#5342 = EDGE_CURVE ( 'NONE', #3338, #3541, #5020, .T. ) ;
#5343 = EDGE_CURVE ( 'NONE', #5055, #2138, #2100, .T. ) ;
#5344 = CYLINDRICAL_SURFACE ( 'NONE', #4193, 4.150000000000000355 ) ;
#5345 = DIRECTION ( 'NONE',  ( 8.673617379884057166E-16, 0.000000000000000000, 1.000000000000000000 ) ) ;
#5346 = ORIENTED_EDGE ( 'NONE', *, *, #3166, .T. ) ;
#5347 = EDGE_LOOP ( 'NONE', ( #1610, #1577, #4612, #3787, #1797, #267 ) ) ;
#5348 = CARTESIAN_POINT ( 'NONE',  ( 25.00119832667881425, 5.000000000000000000, -16.74811776992029522 ) ) ;
#5349 = DIRECTION ( 'NONE',  ( 0.000000000000000000, 0.000000000000000000, 1.000000000000000000 ) ) ;
#5350 = DIRECTION ( 'NONE',  ( 0.000000000000000000, 0.000000000000000000, 1.000000000000000000 ) ) ;
#5351 = CYLINDRICAL_SURFACE ( 'NONE', #5230, 1.750000000000001554 ) ;
#5352 = ORIENTED_EDGE ( 'NONE', *, *, #3881, .T. ) ;
#5353 = VERTEX_POINT ( 'NONE', #450 ) ;
#5354 = DIRECTION ( 'NONE',  ( -0.000000000000000000, -1.000000000000000000, -0.000000000000000000 ) ) ;
#5355 = ORIENTED_EDGE ( 'NONE', *, *, #4035, .T. ) ;
#5356 = CARTESIAN_POINT ( 'NONE',  ( 0.000000000000000000, 2.000000000000000000, -4.150000000000000355 ) ) ;
#5357 = DIRECTION ( 'NONE',  ( 8.673617379884057166E-16, 0.000000000000000000, 1.000000000000000000 ) ) ;
#5358 = ORIENTED_EDGE ( 'NONE', *, *, #4652, .T. ) ;
#5359 = ORIENTED_EDGE ( 'NONE', *, *, #1383, .F. ) ;
#5360 = FACE_BOUND ( 'NONE', #2323, .T. ) ;
#5361 = EDGE_CURVE ( 'NONE', #1795, #1711, #4188, .T. ) ;
#5362 = DIRECTION ( 'NONE',  ( -0.000000000000000000, -1.000000000000000000, -0.000000000000000000 ) ) ;
#5363 = DIRECTION ( 'NONE',  ( -0.000000000000000000, -0.000000000000000000, -1.000000000000000000 ) ) ;
#5364 = ORIENTED_EDGE ( 'NONE', *, *, #4037, .F. ) ;
#5365 = ORIENTED_EDGE ( 'NONE', *, *, #3688, .F. ) ;
ENDSEC;
END-ISO-10303-21;
