ISO-10303-21;
HEADER;
FILE_DESCRIPTION (( 'STEP AP203' ),
    '1' );
FILE_NAME ('¸Ë.STEP',
    '2026-02-18T03:48:32',
    ( '' ),
    ( '' ),
    'SwSTEP 2.0',
    'SolidWorks 2024',
    '' );
FILE_SCHEMA (( 'CONFIG_CONTROL_DESIGN' ));
ENDSEC;

DATA;
#1 = ORIENTED_EDGE ( 'NONE', *, *, #2464, .T. ) ;
#2 = CARTESIAN_POINT ( 'NONE',  ( 87.04870399802568670, 110.8622257774865290, 2.705984381741272315 ) ) ;
#3 = CARTESIAN_POINT ( 'NONE',  ( 87.00811288713961744, 110.8627933106553769, -2.666400097657904755 ) ) ;
#4 = CARTESIAN_POINT ( 'NONE',  ( 87.59439175937114896, 109.9766795466017300, -3.483831082975252347 ) ) ;
#5 = CARTESIAN_POINT ( 'NONE',  ( 93.39134601776926559, 123.0202426437242877, -2.124120449568728475 ) ) ;
#6 = SHAPE_DEFINITION_REPRESENTATION ( #211, #2511 ) ;
#7 = EDGE_LOOP ( 'NONE', ( #2030, #2132, #1207, #1978, #356 ) ) ;
#8 = CARTESIAN_POINT ( 'NONE',  ( -5.406662920583988452, 2.943956934352766730, 7.789961416823412144 ) ) ;
#9 = CYLINDRICAL_SURFACE ( 'NONE', #738, 0.7499999999999997780 ) ;
#10 = EDGE_LOOP ( 'NONE', ( #2266, #1363, #888, #1887 ) ) ;
#11 = DIRECTION ( 'NONE',  ( 0.000000000000000000, 0.000000000000000000, 1.000000000000000000 ) ) ;
#12 = EDGE_CURVE ( 'NONE', #1779, #2277, #406, .T. ) ;
#13 = ORIENTED_EDGE ( 'NONE', *, *, #1717, .T. ) ;
#14 = CARTESIAN_POINT ( 'NONE',  ( 86.00426391838978191, 110.9964371595874013, 0.2582757090449588899 ) ) ;
#15 = DIRECTION ( 'NONE',  ( 0.000000000000000000, 0.000000000000000000, -1.000000000000000000 ) ) ;
#16 = CARTESIAN_POINT ( 'NONE',  ( 91.25196421547117609, 112.7791174645271894, -4.277129709817745429 ) ) ;
#17 = CARTESIAN_POINT ( 'NONE',  ( 93.98293588086598049, 125.2337933717006280, -0.3717140411506721920 ) ) ;
#18 = EDGE_LOOP ( 'NONE', ( #2222, #1185, #2579, #2366, #2051, #1898 ) ) ;
#19 = CARTESIAN_POINT ( 'NONE',  ( -4.100426283656686266, -4.999999999742701817, 11.81707822125729557 ) ) ;
#20 = DIRECTION ( 'NONE',  ( 0.000000000000000000, -1.000000000000000000, 0.000000000000000000 ) ) ;
#21 = ORIENTED_EDGE ( 'NONE', *, *, #85, .F. ) ;
#22 = DIRECTION ( 'NONE',  ( -0.000000000000000000, -1.000000000000000000, -0.000000000000000000 ) ) ;
#23 = VECTOR ( 'NONE', #1113, 1000.000000000000114 ) ;
#24 = VECTOR ( 'NONE', #1995, 1000.000000000000000 ) ;
#25 = VERTEX_POINT ( 'NONE', #1481 ) ;
#26 = AXIS2_PLACEMENT_3D ( 'NONE', #37, #1020, #2200 ) ;
#27 = AXIS2_PLACEMENT_3D ( 'NONE', #1964, #980, #556 ) ;
#28 = CARTESIAN_POINT ( 'NONE',  ( 89.13090562639546022, 111.6599003931294476, 3.907603768355150109 ) ) ;
#29 = PLANE ( 'NONE',  #1619 ) ;
#30 = CC_DESIGN_APPROVAL ( #2088, ( #2288 ) ) ;
#31 = DIRECTION ( 'NONE',  ( 0.000000000000000000, 0.000000000000000000, -1.000000000000000000 ) ) ;
#32 = AXIS2_PLACEMENT_3D ( 'NONE', #2402, #1416, #45 ) ;
#33 = EDGE_CURVE ( 'NONE', #809, #1407, #318, .T. ) ;
#34 = CARTESIAN_POINT ( 'NONE',  ( 94.59171101505680213, 121.3027099194826235, -0.2069578339809280410 ) ) ;
#35 = ORIENTED_EDGE ( 'NONE', *, *, #2269, .F. ) ;
#36 = CARTESIAN_POINT ( 'NONE',  ( 6.265118639006018952, 7.466477646064398677, 0.000000000000000000 ) ) ;
#37 = CARTESIAN_POINT ( 'NONE',  ( 4.624048438056298949, -7.000000000000000888, -8.866689125175708952 ) ) ;
#38 = ORIENTED_EDGE ( 'NONE', *, *, #1184, .F. ) ;
#39 = DIRECTION ( 'NONE',  ( -0.000000000000000000, 1.000000000000000000, -0.000000000000000000 ) ) ;
#40 = CARTESIAN_POINT ( 'NONE',  ( 103.9912850586649995, 131.6119410619585892, 0.7992628029374259091 ) ) ;
#41 = CARTESIAN_POINT ( 'NONE',  ( 90.52104640216224141, 111.8930623341102972, -4.282746409203942228 ) ) ;
#42 = CARTESIAN_POINT ( 'NONE',  ( 96.75611362821884143, 122.4738379258449328, -1.951726309505347423 ) ) ;
#43 = EDGE_CURVE ( 'NONE', #2205, #44, #1906, .T. ) ;
#44 = VERTEX_POINT ( 'NONE', #1864 ) ;
#45 = DIRECTION ( 'NONE',  ( 0.000000000000000000, 0.000000000000000000, -1.000000000000000000 ) ) ;
#46 = DIRECTION ( 'NONE',  ( 0.000000000000000000, -1.000000000000000000, 0.000000000000000000 ) ) ;
#47 = EDGE_LOOP ( 'NONE', ( #2401, #1631, #2404, #1300, #1741 ) ) ;
#48 = DIRECTION ( 'NONE',  ( 0.000000000000000000, -1.000000000000000000, 0.000000000000000000 ) ) ;
#49 = CARTESIAN_POINT ( 'NONE',  ( -0.5527394011395151407, -5.000000000017254642, -12.49968631276285969 ) ) ;
#50 = DIRECTION ( 'NONE',  ( -0.7660444431189794567, 0.6427876096865374755, 0.000000000000000000 ) ) ;
#51 = CARTESIAN_POINT ( 'NONE',  ( 91.08268167565624651, 115.3344361424707927, 3.855167514345744451 ) ) ;
#52 = CARTESIAN_POINT ( 'NONE',  ( -1.086592862007323523, -4.999999999850485821, 12.46432190143923258 ) ) ;
#53 = EDGE_CURVE ( 'NONE', #933, #1240, #1039, .T. ) ;
#54 = CARTESIAN_POINT ( 'NONE',  ( 86.28238200992603879, 110.9420560637191784, -1.521122554014590511 ) ) ;
#55 = B_SPLINE_CURVE_WITH_KNOTS ( 'NONE', 3,
 ( #1063, #877, #1701, #699, #67, #2097, #866, #518 ),
 .UNSPECIFIED., .F., .F.,
 ( 4, 2, 2, 4 ),
 ( 0.000000000000000000, 0.001056926669862605188, 0.001585390004793907782, 0.002113853339725210376 ),
 .UNSPECIFIED. ) ;
#56 = DIRECTION ( 'NONE',  ( 0.000000000000000000, 0.000000000000000000, -1.000000000000000000 ) ) ;
#57 = CARTESIAN_POINT ( 'NONE',  ( 8.866689125175689412, -7.000000000000000888, 3.874048438056329591 ) ) ;
#58 = EDGE_CURVE ( 'NONE', #1666, #1523, #278, .T. ) ;
#59 = CIRCLE ( 'NONE', #939, 7.000000000000000000 ) ;
#60 = CIRCLE ( 'NONE', #1245, 0.7499999999999997780 ) ;
#61 = CARTESIAN_POINT ( 'NONE',  ( 97.32359253372504782, 123.5976859284673850, -1.033432473923632910 ) ) ;
#62 = EDGE_LOOP ( 'NONE', ( #1264, #2549, #1678, #2494 ) ) ;
#63 = AXIS2_PLACEMENT_3D ( 'NONE', #2006, #2028, #1037 ) ;
#64 = CARTESIAN_POINT ( 'NONE',  ( 94.15310290480198319, 120.1924292756778812, -1.043623801830332321 ) ) ;
#65 = CIRCLE ( 'NONE', #32, 0.7500000000000006661 ) ;
#66 = CARTESIAN_POINT ( 'NONE',  ( 93.72856423415342420, 124.2751103378151925, 1.456241014157304114 ) ) ;
#67 = CARTESIAN_POINT ( 'NONE',  ( 5.839206815148556551, 2.239357628054742477, -7.805154457561334524 ) ) ;
#68 = VECTOR ( 'NONE', #911, 1000.000000000000000 ) ;
#69 = CARTESIAN_POINT ( 'NONE',  ( 87.20253939169047896, 110.3154520319569798, -2.865456296221154719 ) ) ;
#70 = CARTESIAN_POINT ( 'NONE',  ( 111.5545628031226784, 125.2655974960928944, -0.7992628029374918563 ) ) ;
#71 = DIRECTION ( 'NONE',  ( 0.000000000000000000, 0.000000000000000000, -1.000000000000000000 ) ) ;
#72 = ADVANCED_FACE ( 'NONE', ( #1940 ), #2551, .T. ) ;
#73 = DIRECTION ( 'NONE',  ( 0.000000000000000000, 0.000000000000000000, -1.000000000000000000 ) ) ;
#74 = CARTESIAN_POINT ( 'NONE',  ( 1.244277604109460311, -2.061421577680020434, -7.789961416824783491 ) ) ;
#75 = ORIENTED_EDGE ( 'NONE', *, *, #2070, .F. ) ;
#76 = CARTESIAN_POINT ( 'NONE',  ( 5.850920674831461277, 2.245589700080532047, 7.800703831678213795 ) ) ;
#77 = ORIENTED_EDGE ( 'NONE', *, *, #1068, .T. ) ;
#78 = CARTESIAN_POINT ( 'NONE',  ( -5.339436995553459298, -5.000000000631991348, 11.30877849087934806 ) ) ;
#79 = CARTESIAN_POINT ( 'NONE',  ( 87.20032124657382155, 110.8613472519364791, -2.862599517208534561 ) ) ;
#80 = CARTESIAN_POINT ( 'NONE',  ( 111.6930037424105535, 125.3896908255103853, -0.6153061745961333484 ) ) ;
#81 = ORIENTED_EDGE ( 'NONE', *, *, #371, .T. ) ;
#82 = CARTESIAN_POINT ( 'NONE',  ( 95.77276294588659766, 120.5521319188376026, 2.832781047260585439 ) ) ;
#83 = DIRECTION ( 'NONE',  ( 0.000000000000000000, 0.000000000000000000, -1.000000000000000000 ) ) ;
#84 = FACE_OUTER_BOUND ( 'NONE', #2427, .T. ) ;
#85 = EDGE_CURVE ( 'NONE', #273, #1000, #1771, .T. ) ;
#86 = CARTESIAN_POINT ( 'NONE',  ( 95.96892669686556587, 120.9323964641099849, -2.692396036613396770 ) ) ;
#87 = ORIENTED_EDGE ( 'NONE', *, *, #816, .T. ) ;
#88 = CARTESIAN_POINT ( 'NONE',  ( 93.64910570587441896, 123.9778025206789067, 1.643663763624044316 ) ) ;
#89 = ORIENTED_EDGE ( 'NONE', *, *, #1968, .F. ) ;
#90 = CYLINDRICAL_SURFACE ( 'NONE', #2076, 5.000000000000000888 ) ;
#91 = DIRECTION ( 'NONE',  ( 0.000000000000000000, 0.000000000000000000, -1.000000000000000000 ) ) ;
#92 = CARTESIAN_POINT ( 'NONE',  ( 0.000000000000000000, 0.8475463209442297696, 0.000000000000000000 ) ) ;
#93 = ORIENTED_EDGE ( 'NONE', *, *, #680, .T. ) ;
#94 = CARTESIAN_POINT ( 'NONE',  ( 4.647407254222088113, 3.106001327115929911, -7.789961416823412144 ) ) ;
#95 = DIRECTION ( 'NONE',  ( 0.000000000000000000, 0.000000000000000000, -1.000000000000000000 ) ) ;
#96 = DIRECTION ( 'NONE',  ( 0.6427876096865379196, 0.7660444431189792347, 0.000000000000000000 ) ) ;
#97 = CC_DESIGN_PERSON_AND_ORGANIZATION_ASSIGNMENT ( #1380, #552, ( #2425 ) ) ;
#98 = CARTESIAN_POINT ( 'NONE',  ( -5.407169342269283696, 2.943928908536272537, -7.789961416823415696 ) ) ;
#99 = ORIENTED_EDGE ( 'NONE', *, *, #1513, .F. ) ;
#100 = CARTESIAN_POINT ( 'NONE',  ( 91.29117808528280875, 113.8958468252178164, 3.844934680055007270 ) ) ;
#101 = CARTESIAN_POINT ( 'NONE',  ( 93.22164211188291461, 122.3948252154795142, 2.380622648241300432 ) ) ;
#102 = ADVANCED_FACE ( 'NONE', ( #1332 ), #1745, .T. ) ;
#103 = CIRCLE ( 'NONE', #1450, 7.000000000000000000 ) ;
#104 = DIRECTION ( 'NONE',  ( 0.000000000000000000, 0.000000000000000000, -1.000000000000000000 ) ) ;
#105 = CARTESIAN_POINT ( 'NONE',  ( 7.112366251504909087E-14, -7.000000000000000888, 2.168404344971008868E-16 ) ) ;
#106 = AXIS2_PLACEMENT_3D ( 'NONE', #2075, #1920, #689 ) ;
#107 = DIRECTION ( 'NONE',  ( 0.000000000000000000, -1.000000000000000000, 0.000000000000000000 ) ) ;
#108 = CARTESIAN_POINT ( 'NONE',  ( 97.17034095093200108, 123.2932252845023413, 1.358563390991310182 ) ) ;
#109 = AXIS2_PLACEMENT_3D ( 'NONE', #1003, #642, #31 ) ;
#110 = CARTESIAN_POINT ( 'NONE',  ( 103.5410078604950712, 131.0168109302218511, 1.000051270013216032 ) ) ;
#111 = CARTESIAN_POINT ( 'NONE',  ( -4.624048438056361121, -7.000000000000000888, 8.866689125175671649 ) ) ;
#112 = DIRECTION ( 'NONE',  ( 0.000000000000000000, 0.000000000000000000, -1.000000000000000000 ) ) ;
#113 = CARTESIAN_POINT ( 'NONE',  ( 4.277244805202066402, -6.000000000000000888, -8.201687440787514660 ) ) ;
#114 = EDGE_LOOP ( 'NONE', ( #1182, #1889, #838, #752 ) ) ;
#115 = CARTESIAN_POINT ( 'NONE',  ( 91.36394489695418031, 112.9356239463836715, 4.267990165924775425 ) ) ;
#116 = CARTESIAN_POINT ( 'NONE',  ( 6.212742257510484478, 0.8475463209442297696, 7.789961416823413032 ) ) ;
#117 = CARTESIAN_POINT ( 'NONE',  ( -5.850920674831465718, 2.245589700080532936, -7.800703831678216460 ) ) ;
#118 = EDGE_CURVE ( 'NONE', #2534, #1836, #164, .T. ) ;
#119 = CARTESIAN_POINT ( 'NONE',  ( 90.08716787404647164, 113.0198151242355777, -4.000791730967418580 ) ) ;
#120 = CARTESIAN_POINT ( 'NONE',  ( 102.9257497975816591, 130.4322891450068482, -0.2625670866312703744 ) ) ;
#121 = VERTEX_POINT ( 'NONE', #2171 ) ;
#122 = DIRECTION ( 'NONE',  ( 0.000000000000000000, 0.000000000000000000, -1.000000000000000000 ) ) ;
#123 = CARTESIAN_POINT ( 'NONE',  ( 85.61543902731098399, 109.7129637948224570, -0.8807387081483688540 ) ) ;
#124 = CARTESIAN_POINT ( 'NONE',  ( 93.89982713137885639, 124.9196049253045828, 0.8994550799066141078 ) ) ;
#125 = DIRECTION ( 'NONE',  ( -0.7660444431189792347, 0.6427876096865378086, 0.000000000000000000 ) ) ;
#126 = CARTESIAN_POINT ( 'NONE',  ( 5.988920426551167076, -2.179278812859028580, -7.789961416820711193 ) ) ;
#127 = EDGE_LOOP ( 'NONE', ( #1242, #897 ) ) ;
#128 = CARTESIAN_POINT ( 'NONE',  ( 93.87695558383400396, 119.5363067579695411, 1.901744372670378436 ) ) ;
#129 = CARTESIAN_POINT ( 'NONE',  ( 88.78019688330260806, 111.3541621952035428, -3.815684823158528971 ) ) ;
#130 = CARTESIAN_POINT ( 'NONE',  ( 86.93108262046989410, 110.8669220210204855, 2.571283376273302501 ) ) ;
#131 = CARTESIAN_POINT ( 'NONE',  ( 91.09036285556229018, 112.5737993208443584, -4.281904966853044670 ) ) ;
#132 = APPLICATION_PROTOCOL_DEFINITION ( 'international standard', 'config_control_design', 1994, #1851 ) ;
#133 = ORIENTED_EDGE ( 'NONE', *, *, #2190, .T. ) ;
#134 = DIRECTION ( 'NONE',  ( -0.000000000000000000, -1.000000000000000000, -0.000000000000000000 ) ) ;
#135 = ADVANCED_FACE ( 'NONE', ( #378 ), #914, .T. ) ;
#136 = DIRECTION ( 'NONE',  ( 0.000000000000000000, 0.000000000000000000, 1.000000000000000000 ) ) ;
#137 = VERTEX_POINT ( 'NONE', #2358 ) ;
#138 = CARTESIAN_POINT ( 'NONE',  ( 0.000000000000000000, -6.000000000000000888, 0.000000000000000000 ) ) ;
#139 = FACE_OUTER_BOUND ( 'NONE', #863, .T. ) ;
#140 = EDGE_CURVE ( 'NONE', #1370, #2527, #313, .T. ) ;
#141 = CARTESIAN_POINT ( 'NONE',  ( 5.339436995552858001, -5.000000000634048369, -11.30877849088170883 ) ) ;
#142 = VERTEX_POINT ( 'NONE', #971 ) ;
#143 = CARTESIAN_POINT ( 'NONE',  ( 92.96752163391842316, 115.4034035196573313, 4.029365286861615658 ) ) ;
#144 = CARTESIAN_POINT ( 'NONE',  ( 87.85122695442906604, 110.9381246107482752, -3.376001748673816749 ) ) ;
#145 = DIRECTION ( 'NONE',  ( 0.000000000000000000, 0.000000000000000000, -1.000000000000000000 ) ) ;
#146 = CARTESIAN_POINT ( 'NONE',  ( 89.46189418385026215, 112.0358749626802251, -3.965877586511602715 ) ) ;
#147 = CARTESIAN_POINT ( 'NONE',  ( 115.7017697435768468, 137.8879997614162392, 0.000000000000000000 ) ) ;
#148 = AXIS2_PLACEMENT_3D ( 'NONE', #881, #1352, #1382 ) ;
#149 = AXIS2_PLACEMENT_3D ( 'NONE', #2210, #2374, #398 ) ;
#150 = ORIENTED_EDGE ( 'NONE', *, *, #2394, .F. ) ;
#151 = DIRECTION ( 'NONE',  ( 0.000000000000000000, -1.000000000000000000, 0.000000000000000000 ) ) ;
#152 = AXIS2_PLACEMENT_3D ( 'NONE', #92, #2309, #868 ) ;
#153 = AXIS2_PLACEMENT_3D ( 'NONE', #447, #2018, #1649 ) ;
#154 = CARTESIAN_POINT ( 'NONE',  ( 97.53208888623794337, 124.0128364576943909, 0.1165576997372976126 ) ) ;
#155 = ORIENTED_EDGE ( 'NONE', *, *, #1793, .F. ) ;
#156 = AXIS2_PLACEMENT_3D ( 'NONE', #1772, #767, #550 ) ;
#157 = DIRECTION ( 'NONE',  ( 0.000000000000000000, -1.000000000000000000, 0.000000000000000000 ) ) ;
#158 = DIRECTION ( 'NONE',  ( -0.7660444431189772363, -0.6427876096865403621, 0.000000000000000000 ) ) ;
#159 = VECTOR ( 'NONE', #732, 1000.000000000000000 ) ;
#160 = EDGE_CURVE ( 'NONE', #1640, #2253, #2112, .T. ) ;
#161 = DIRECTION ( 'NONE',  ( 0.000000000000000000, -1.000000000000000000, 0.000000000000000000 ) ) ;
#162 = EDGE_LOOP ( 'NONE', ( #2304, #2196, #1832, #2220, #439, #1676, #776, #2326, #252, #710, #81 ) ) ;
#163 = CARTESIAN_POINT ( 'NONE',  ( 92.12979827478899608, 114.0441491073668629, 4.189453267079016108 ) ) ;
#164 = LINE ( 'NONE', #722, #1202 ) ;
#165 = CARTESIAN_POINT ( 'NONE',  ( 89.99999999999998579, 126.0000000000000000, 2.000000000000003553 ) ) ;
#166 = CARTESIAN_POINT ( 'NONE',  ( 93.49229355036379729, 118.6121396512590280, -2.407904259104888034 ) ) ;
#167 = DATE_TIME_ROLE ( 'classification_date' ) ;
#168 = VERTEX_POINT ( 'NONE', #2563 ) ;
#169 = CARTESIAN_POINT ( 'NONE',  ( 85.85621668146595198, 109.7220915440115334, 1.551558731879226549 ) ) ;
#170 = CARTESIAN_POINT ( 'NONE',  ( 97.47156503692946217, 123.8922029117289014, 0.5666245597832811898 ) ) ;
#171 = ORIENTED_EDGE ( 'NONE', *, *, #646, .T. ) ;
#172 = DIRECTION ( 'NONE',  ( 0.000000000000000000, -0.000000000000000000, -1.000000000000000000 ) ) ;
#173 = CARTESIAN_POINT ( 'NONE',  ( 89.99999999999998579, 128.0000000000000000, 0.000000000000000000 ) ) ;
#174 = ADVANCED_FACE ( 'NONE', ( #1507 ), #2141, .F. ) ;
#175 = ORIENTED_EDGE ( 'NONE', *, *, #1793, .T. ) ;
#176 = CARTESIAN_POINT ( 'NONE',  ( 87.14161895490629206, 109.8702182267575438, 3.171963149237075008 ) ) ;
#177 = DIRECTION ( 'NONE',  ( 0.6427876096865379196, 0.7660444431189792347, 0.000000000000000000 ) ) ;
#178 = DIRECTION ( 'NONE',  ( 0.000000000000000000, -1.000000000000000000, 0.000000000000000000 ) ) ;
#179 = CARTESIAN_POINT ( 'NONE',  ( 91.93551106290313157, 117.9149398130584672, -3.504640239109368505 ) ) ;
#180 = CARTESIAN_POINT ( 'NONE',  ( 86.76841898769882278, 109.8056171091080273, 2.848808616156023543 ) ) ;
#181 = CARTESIAN_POINT ( 'NONE',  ( -5.717300509270360820, 2.572469835113001757, 7.792712541658676884 ) ) ;
#182 = ORIENTED_EDGE ( 'NONE', *, *, #528, .T. ) ;
#183 = CARTESIAN_POINT ( 'NONE',  ( 110.5778607057798695, 124.0114057042101763, 0.2625670866312563301 ) ) ;
#184 = B_SPLINE_CURVE_WITH_KNOTS ( 'NONE', 3,
 ( #1473, #1318, #2297, #2074, #80, #70, #1123, #2451, #702, #668, #1892, #1671, #2461, #891, #2472, #1499, #688, #508 ),
 .UNSPECIFIED., .F., .F.,
 ( 4, 2, 2, 2, 2, 2, 2, 2, 4 ),
 ( 1.338888730868837260E-18, 0.0003917964489861511831, 0.0007835928979723007400, 0.001175389346958450459, 0.001567185795944600179, 0.001958982244930717806, 0.002350778693916835867, 0.002742575142902953927, 0.003134371591889071121 ),
 .UNSPECIFIED. ) ;
#185 = VERTEX_POINT ( 'NONE', #331 ) ;
#186 = CARTESIAN_POINT ( 'NONE',  ( 86.20613760224416922, 110.9559296735434941, 1.317534530410113147 ) ) ;
#187 = CARTESIAN_POINT ( 'NONE',  ( 0.000000000000000000, -6.000000000000000888, 0.000000000000000000 ) ) ;
#188 = CARTESIAN_POINT ( 'NONE',  ( 89.32386218464222338, 111.8709486070365671, 3.943937741877638015 ) ) ;
#189 = CARTESIAN_POINT ( 'NONE',  ( 97.50169332106831632, 123.9522453152295327, -0.3982650440790926338 ) ) ;
#190 = CALENDAR_DATE ( 2026, 18, 2 ) ;
#191 = EDGE_CURVE ( 'NONE', #364, #425, #1034, .T. ) ;
#192 = EDGE_LOOP ( 'NONE', ( #1220, #886, #1218, #843 ) ) ;
#193 = CARTESIAN_POINT ( 'NONE',  ( 88.82973489881919704, 110.4842670045259752, 4.023466484131673404 ) ) ;
#194 = AXIS2_PLACEMENT_3D ( 'NONE', #942, #2306, #532 ) ;
#195 = DIRECTION ( 'NONE',  ( 0.000000000000000000, 0.000000000000000000, -1.000000000000000000 ) ) ;
#196 = ORIENTED_EDGE ( 'NONE', *, *, #1755, .T. ) ;
#197 = CARTESIAN_POINT ( 'NONE',  ( -5.562727206747858588, 2.893538862311985760, -7.789961416823413032 ) ) ;
#198 = CIRCLE ( 'NONE', #1992, 5.000000000000000888 ) ;
#199 = CIRCLE ( 'NONE', #2444, 9.249999999999950262 ) ;
#200 = CIRCLE ( 'NONE', #1742, 0.7500000000000006661 ) ;
#201 = ORIENTED_EDGE ( 'NONE', *, *, #330, .T. ) ;
#202 = AXIS2_PLACEMENT_3D ( 'NONE', #2343, #1754, #1312 ) ;
#203 = CARTESIAN_POINT ( 'NONE',  ( 87.31224170191553924, 109.9056933723004335, 3.298600066518587948 ) ) ;
#204 = CARTESIAN_POINT ( 'NONE',  ( -9.531690809563903244, -6.000000000000000888, -4.970852070910485310 ) ) ;
#205 = FACE_OUTER_BOUND ( 'NONE', #2005, .T. ) ;
#206 = CARTESIAN_POINT ( 'NONE',  ( 93.95731441374995541, 125.1368332400173102, -0.5889102291649797039 ) ) ;
#207 = ORIENTED_EDGE ( 'NONE', *, *, #2394, .T. ) ;
#208 = CARTESIAN_POINT ( 'NONE',  ( 3.095060488553373457, -2.057136084740647686, 7.789961416823415696 ) ) ;
#209 = EDGE_CURVE ( 'NONE', #708, #283, #1651, .T. ) ;
#210 = FACE_OUTER_BOUND ( 'NONE', #1434, .T. ) ;
#211 = PRODUCT_DEFINITION_SHAPE ( 'NONE', 'NONE',  #2425 ) ;
#212 = ORIENTED_EDGE ( 'NONE', *, *, #1112, .F. ) ;
#213 = CARTESIAN_POINT ( 'NONE',  ( 7.112366251504909087E-14, -6.000000000000000888, 2.168404344971008868E-16 ) ) ;
#214 = ORIENTED_EDGE ( 'NONE', *, *, #1455, .F. ) ;
#215 = CARTESIAN_POINT ( 'NONE',  ( 89.27914575003453024, 111.8167583653947048, 3.937017814905850344 ) ) ;
#216 = DIRECTION ( 'NONE',  ( 0.000000000000000000, -1.000000000000000000, 0.000000000000000000 ) ) ;
#217 = CARTESIAN_POINT ( 'NONE',  ( 90.04288705701179651, 111.4001253992187230, -4.252628342056886446 ) ) ;
#218 = CARTESIAN_POINT ( 'NONE',  ( 93.85645732018461729, 124.7560655197479491, -1.064541475790169001 ) ) ;
#219 = ORIENTED_EDGE ( 'NONE', *, *, #2070, .T. ) ;
#220 = CARTESIAN_POINT ( 'NONE',  ( 2.667229923252250945, -4.999999999811610252, 12.22252670663297458 ) ) ;
#221 = SPHERICAL_SURFACE ( 'NONE', #1905, 10.00000000000000000 ) ;
#222 = VERTEX_POINT ( 'NONE', #1712 ) ;
#223 = EDGE_CURVE ( 'NONE', #2057, #2001, #985, .T. ) ;
#224 = FACE_OUTER_BOUND ( 'NONE', #1383, .T. ) ;
#225 = EDGE_CURVE ( 'NONE', #1546, #1053, #1813, .T. ) ;
#226 = ORIENTED_EDGE ( 'NONE', *, *, #1445, .F. ) ;
#227 = CARTESIAN_POINT ( 'NONE',  ( 89.87668793081833485, 111.8060192903129035, 4.014444193441838671 ) ) ;
#228 = DIRECTION ( 'NONE',  ( -0.000000000000000000, -1.000000000000000000, -0.000000000000000000 ) ) ;
#229 = CARTESIAN_POINT ( 'NONE',  ( 7.112366251504909087E-14, -6.000000000000000888, 2.168404344971008868E-16 ) ) ;
#230 = CARTESIAN_POINT ( 'NONE',  ( 94.40161585221643747, 120.8267463003513456, -0.8796082779177500921 ) ) ;
#231 = ORIENTED_EDGE ( 'NONE', *, *, #423, .T. ) ;
#232 = CARTESIAN_POINT ( 'NONE',  ( 0.5527394011395079243, -5.000000000017068125, 12.49968631276255415 ) ) ;
#233 = DIRECTION ( 'NONE',  ( 0.000000000000000000, -0.000000000000000000, -1.000000000000000000 ) ) ;
#234 = ORIENTED_EDGE ( 'NONE', *, *, #1265, .F. ) ;
#235 = CARTESIAN_POINT ( 'NONE',  ( 0.000000000000000000, -6.000000000000000888, 0.000000000000000000 ) ) ;
#236 = AXIS2_PLACEMENT_3D ( 'NONE', #1915, #1176, #2537 ) ;
#237 = ORIENTED_EDGE ( 'NONE', *, *, #2350, .T. ) ;
#238 = ADVANCED_FACE ( 'NONE', ( #1026 ), #1270, .F. ) ;
#239 =( GEOMETRIC_REPRESENTATION_CONTEXT ( 3 ) GLOBAL_UNCERTAINTY_ASSIGNED_CONTEXT ( ( #2011 ) ) GLOBAL_UNIT_ASSIGNED_CONTEXT ( ( #2509, #1571, #1522 ) ) REPRESENTATION_CONTEXT ( 'NONE', 'WORKASPACE' ) );
#240 = CIRCLE ( 'NONE', #1071, 6.270287164428959947 ) ;
#241 = CARTESIAN_POINT ( 'NONE',  ( 86.17507102084012161, 110.9622513834271587, -1.170435091913738290 ) ) ;
#242 = CARTESIAN_POINT ( 'NONE',  ( 7.112366251504909087E-14, -6.000000000000000888, 2.168404344971008868E-16 ) ) ;
#243 = VECTOR ( 'NONE', #1497, 1000.000000000000000 ) ;
#244 = CARTESIAN_POINT ( 'NONE',  ( 96.34693116346788599, 121.6699314510272529, -2.373709738961409244 ) ) ;
#245 = ORIENTED_EDGE ( 'NONE', *, *, #1457, .F. ) ;
#246 = CARTESIAN_POINT ( 'NONE',  ( -2.488499455538150773, -2.057935626638811577, 7.789961416823754980 ) ) ;
#247 = CARTESIAN_POINT ( 'NONE',  ( 89.99999999999998579, 126.0000000000000000, 0.000000000000000000 ) ) ;
#248 = ORIENTED_EDGE ( 'NONE', *, *, #700, .F. ) ;
#249 = CARTESIAN_POINT ( 'NONE',  ( -6.270287164428959947, 139.9685298253205303, -7.789961416823413032 ) ) ;
#250 = EDGE_CURVE ( 'NONE', #2175, #956, #983, .T. ) ;
#251 = CARTESIAN_POINT ( 'NONE',  ( 97.52414771090610657, 123.9970015027910506, -0.2313273600148514630 ) ) ;
#252 = ORIENTED_EDGE ( 'NONE', *, *, #700, .T. ) ;
#253 = CARTESIAN_POINT ( 'NONE',  ( 97.28296725276175039, 123.5169267197726697, 1.126550044758189761 ) ) ;
#254 = DIRECTION ( 'NONE',  ( 0.000000000000000000, 0.000000000000000000, -1.000000000000000000 ) ) ;
#255 = EDGE_CURVE ( 'NONE', #1821, #1698, #1736, .T. ) ;
#256 = CARTESIAN_POINT ( 'NONE',  ( 0.7866573924934909812, 3.485963999094838339, 7.789961416823412144 ) ) ;
#257 = CARTESIAN_POINT ( 'NONE',  ( 87.64313489477716246, 110.3967967549619829, -3.238139193723993170 ) ) ;
#258 = FACE_OUTER_BOUND ( 'NONE', #2125, .T. ) ;
#259 = ORIENTED_EDGE ( 'NONE', *, *, #1981, .F. ) ;
#260 = DIRECTION ( 'NONE',  ( 0.000000000000000000, 0.000000000000000000, 1.000000000000000000 ) ) ;
#261 = CARTESIAN_POINT ( 'NONE',  ( -4.288437873866091543, -2.075788806661786889, -7.789961416822747786 ) ) ;
#262 = ORIENTED_EDGE ( 'NONE', *, *, #2255, .F. ) ;
#263 = CARTESIAN_POINT ( 'NONE',  ( 93.83916125066197367, 124.6909472273902963, 1.122871716366326211 ) ) ;
#264 = ORIENTED_EDGE ( 'NONE', *, *, #399, .F. ) ;
#265 = DIRECTION ( 'NONE',  ( 0.000000000000000000, 0.000000000000000000, -1.000000000000000000 ) ) ;
#266 = EDGE_CURVE ( 'NONE', #2082, #2408, #2204, .T. ) ;
#267 = DIRECTION ( 'NONE',  ( 0.000000000000000000, -0.000000000000000000, -1.000000000000000000 ) ) ;
#268 = DIRECTION ( 'NONE',  ( -0.6427876096865379196, -0.7660444431189792347, 0.000000000000000000 ) ) ;
#269 = CARTESIAN_POINT ( 'NONE',  ( -3.723447029339934655, 3.251030153590451555, -7.789961416823413920 ) ) ;
#270 = CARTESIAN_POINT ( 'NONE',  ( -4.970852070910727782, -6.000000000000000888, -9.531690809563775346 ) ) ;
#271 = VECTOR ( 'NONE', #2127, 1000.000000000000000 ) ;
#272 = CARTESIAN_POINT ( 'NONE',  ( 0.5384593254483996949, -4.999999999982747134, -12.50030960882557451 ) ) ;
#273 = VERTEX_POINT ( 'NONE', #1615 ) ;
#274 = CIRCLE ( 'NONE', #1205, 2.000000000000000000 ) ;
#275 = VECTOR ( 'NONE', #1385, 1000.000000000000000 ) ;
#276 = CARTESIAN_POINT ( 'NONE',  ( 94.68331249920117898, 121.5348476079731768, -0.6586736348378425809 ) ) ;
#277 = VECTOR ( 'NONE', #562, 1000.000000000000000 ) ;
#278 = LINE ( 'NONE', #1315, #271 ) ;
#279 = DIRECTION ( 'NONE',  ( 0.6427876096865379196, 0.7660444431189792347, 0.000000000000000000 ) ) ;
#280 = AXIS2_PLACEMENT_3D ( 'NONE', #507, #890, #303 ) ;
#281 = CARTESIAN_POINT ( 'NONE',  ( 86.82708046457416629, 110.2771296619933707, -2.443029207834833016 ) ) ;
#282 = CARTESIAN_POINT ( 'NONE',  ( 104.1772903463216409, 131.9236970438176400, -0.2639719205671439695 ) ) ;
#283 = VERTEX_POINT ( 'NONE', #1633 ) ;
#284 = CARTESIAN_POINT ( 'NONE',  ( 96.55178862960673314, 122.0712945704077583, 2.185614831995106755 ) ) ;
#285 = EDGE_CURVE ( 'NONE', #273, #222, #60, .T. ) ;
#286 = DIRECTION ( 'NONE',  ( -0.000000000000000000, -1.000000000000000000, -0.000000000000000000 ) ) ;
#287 = CARTESIAN_POINT ( 'NONE',  ( 96.82845190745221942, 122.6165428606468168, -1.862847978108075120 ) ) ;
#288 = ORIENTED_EDGE ( 'NONE', *, *, #1344, .T. ) ;
#289 = CARTESIAN_POINT ( 'NONE',  ( 6.006867329368457575, 1.197676186941825316, 7.906607825832018932 ) ) ;
#290 = CARTESIAN_POINT ( 'NONE',  ( 90.89609321395910513, 114.8284095640463676, 3.903875643388432515 ) ) ;
#291 = DIRECTION ( 'NONE',  ( 0.000000000000000000, -1.000000000000000000, 0.000000000000000000 ) ) ;
#292 = CARTESIAN_POINT ( 'NONE',  ( 87.53191787709052107, 109.9591936693820600, -3.445071806832313399 ) ) ;
#293 = CARTESIAN_POINT ( 'NONE',  ( 0.000000000000000000, -7.000000000000000888, 0.000000000000000000 ) ) ;
#294 = DIRECTION ( 'NONE',  ( 0.000000000000000000, -0.000000000000000000, -1.000000000000000000 ) ) ;
#295 = CYLINDRICAL_SURFACE ( 'NONE', #1950, 9.249999999999950262 ) ;
#296 = DIRECTION ( 'NONE',  ( 0.000000000000000000, 0.000000000000000000, -1.000000000000000000 ) ) ;
#297 = EDGE_CURVE ( 'NONE', #1967, #425, #1388, .T. ) ;
#298 = CARTESIAN_POINT ( 'NONE',  ( 97.38995992246871936, 123.7297064878778201, -0.8566836492566179961 ) ) ;
#299 = ORIENTED_EDGE ( 'NONE', *, *, #2532, .F. ) ;
#300 = CARTESIAN_POINT ( 'NONE',  ( 93.79754628788857929, 124.5342448991250279, 1.265155603473542500 ) ) ;
#301 = CARTESIAN_POINT ( 'NONE',  ( 90.48652319940275390, 113.8320781157134149, 3.975741850722703585 ) ) ;
#302 = CARTESIAN_POINT ( 'NONE',  ( 8.866689125175689412, -7.000000000000000888, 4.624048438056329147 ) ) ;
#303 = DIRECTION ( 'NONE',  ( 0.000000000000000000, 0.000000000000000000, 1.000000000000000000 ) ) ;
#304 = DIRECTION ( 'NONE',  ( 0.6427876096865381417, 0.7660444431189790127, 0.000000000000000000 ) ) ;
#305 = CARTESIAN_POINT ( 'NONE',  ( 5.637403217355478446, -4.902654086368026576, 11.05831384305981402 ) ) ;
#306 = B_SPLINE_CURVE_WITH_KNOTS ( 'NONE', 3,
 ( #630, #819, #2194, #1410, #430, #1200, #1800, #4, #807, #1606, #2399, #2237, #1229, #2212, #418, #2010, #217, #1015, #41, #1812, #16, #442, #1239, #1643, #1697, #1059, #1650, #2276, #86, #896, #1675, #287, #2491, #1287, #873, #464, #61, #298, #2044, #2441, #1477, #251, #707, #1493 ),
 .UNSPECIFIED., .F., .F.,
 ( 4, 2, 2, 2, 2, 2, 2, 2, 2, 2, 2, 2, 2, 2, 2, 2, 2, 2, 2, 2, 2, 4 ),
 ( 0.001272118889258949930, 0.002641860105080209940, 0.003326730712990852955, 0.004011601320901495536, 0.004696471928812138985, 0.005381342536722781567, 0.006066213144633424148, 0.006751083752544066729, 0.007435954360454709311, 0.008120824968365351892, 0.009490566184186664811, 0.01223004861582928891, 0.01496953104747191475, 0.01770901347911453885, 0.01907875469493583095, 0.02044849591075712653, 0.02113336651866779339, 0.02181823712657845332, 0.02216067243053379890, 0.02250310773448914448, 0.02284554303844449005, 0.02318797834239983216 ),
 .UNSPECIFIED. ) ;
#307 = CARTESIAN_POINT ( 'NONE',  ( 86.06844263332095579, 110.9823182409328695, -0.8219783408808550851 ) ) ;
#308 = CARTESIAN_POINT ( 'NONE',  ( 90.30318485990251531, 113.4451084794107345, -3.990772579868543168 ) ) ;
#309 = CARTESIAN_POINT ( 'NONE',  ( 5.637403092684724726, -4.902656777268433963, -11.05831662286745676 ) ) ;
#310 = CARTESIAN_POINT ( 'NONE',  ( 4.866779749366402008, -2.095052721642635341, -7.789961416826133522 ) ) ;
#311 = ADVANCED_FACE ( 'NONE', ( #2236 ), #1824, .F. ) ;
#312 = EDGE_LOOP ( 'NONE', ( #401, #2418 ) ) ;
#313 = CIRCLE ( 'NONE', #236, 12.50000000000000000 ) ;
#314 = CARTESIAN_POINT ( 'NONE',  ( 93.71328291478812389, 119.1399555527625154, 2.133435811792815162 ) ) ;
#315 = CARTESIAN_POINT ( 'NONE',  ( 6.060837414790186450, 0.8475463209442071211, 7.909313787531849549 ) ) ;
#316 = AXIS2_PLACEMENT_3D ( 'NONE', #2486, #1066, #471 ) ;
#317 = FACE_OUTER_BOUND ( 'NONE', #515, .T. ) ;
#318 = CIRCLE ( 'NONE', #1323, 12.50000000000000000 ) ;
#319 = CARTESIAN_POINT ( 'NONE',  ( 89.05487666504330946, 111.0447508550691538, -3.896185852659577620 ) ) ;
#320 = DIRECTION ( 'NONE',  ( -0.000000000000000000, -1.000000000000000000, -0.000000000000000000 ) ) ;
#321 = ORIENTED_EDGE ( 'NONE', *, *, #255, .T. ) ;
#322 = CARTESIAN_POINT ( 'NONE',  ( 5.861051716864890793, -0.2634412041076117372, 8.177541046526558333 ) ) ;
#323 = AXIS2_PLACEMENT_3D ( 'NONE', #1266, #1275, #1901 ) ;
#324 = CARTESIAN_POINT ( 'NONE',  ( 102.9046611337292916, 130.4156187351142364, 0.1307110423220240736 ) ) ;
#325 = LINE ( 'NONE', #1339, #1579 ) ;
#326 = CARTESIAN_POINT ( 'NONE',  ( 0.000000000000000000, -5.000000000000000888, 0.000000000000000000 ) ) ;
#327 = CARTESIAN_POINT ( 'NONE',  ( -4.624048438056489907, -7.000000000000000888, -8.866689125175605923 ) ) ;
#328 = EDGE_LOOP ( 'NONE', ( #237, #2294, #1600, #2094 ) ) ;
#329 = CARTESIAN_POINT ( 'NONE',  ( 94.64605516713675115, 121.4397430960327426, -0.09408147269930540457 ) ) ;
#330 = EDGE_CURVE ( 'NONE', #466, #2082, #1530, .T. ) ;
#331 = CARTESIAN_POINT ( 'NONE',  ( 85.74572522457579282, 109.7177670348739156, -1.254037598479004645 ) ) ;
#332 = CARTESIAN_POINT ( 'NONE',  ( 86.53504770474197016, 110.9041094854167824, 2.005893513468984590 ) ) ;
#333 = CARTESIAN_POINT ( 'NONE',  ( 92.12763559524209711, 115.5391993690226258, -3.501402542241587312 ) ) ;
#334 = ADVANCED_FACE ( 'NONE', ( #1014 ), #2412, .F. ) ;
#335 = ORIENTED_EDGE ( 'NONE', *, *, #2029, .F. ) ;
#336 = DIRECTION ( 'NONE',  ( -0.000000000000000000, -1.000000000000000000, -0.000000000000000000 ) ) ;
#337 = DIRECTION ( 'NONE',  ( -0.000000000000000000, -1.000000000000000000, -0.000000000000000000 ) ) ;
#338 = VERTEX_POINT ( 'NONE', #1436 ) ;
#339 = CARTESIAN_POINT ( 'NONE',  ( 93.64030625420517140, 123.9446568319330737, -1.666074788950826058 ) ) ;
#340 = CYLINDRICAL_SURFACE ( 'NONE', #1744, 4.000000000000003553 ) ;
#341 = CARTESIAN_POINT ( 'NONE',  ( 4.286263797015736595E-16, -5.000000000000000888, 3.500000000000000000 ) ) ;
#342 = ORIENTED_EDGE ( 'NONE', *, *, #2454, .F. ) ;
#343 = CARTESIAN_POINT ( 'NONE',  ( 94.30658087806270373, 120.5910374601293995, 1.093103037314349546 ) ) ;
#344 = CARTESIAN_POINT ( 'NONE',  ( 6.137227726330298339, 0.8475463209442183343, 7.850186659775970632 ) ) ;
#345 = DIRECTION ( 'NONE',  ( 0.000000000000000000, -1.000000000000000000, 0.000000000000000000 ) ) ;
#346 = CARTESIAN_POINT ( 'NONE',  ( 89.31924141125720951, 111.8615692366678616, -3.944553716810681010 ) ) ;
#347 = CALENDAR_DATE ( 2026, 18, 2 ) ;
#348 = VERTEX_POINT ( 'NONE', #387 ) ;
#349 = FACE_BOUND ( 'NONE', #976, .T. ) ;
#350 = EDGE_CURVE ( 'NONE', #2228, #969, #940, .T. ) ;
#351 = CARTESIAN_POINT ( 'NONE',  ( 97.49331359261087471, 123.9355432202505369, 0.4607068884182851098 ) ) ;
#352 = ORIENTED_EDGE ( 'NONE', *, *, #1120, .T. ) ;
#353 = LINE ( 'NONE', #967, #275 ) ;
#354 = DIRECTION ( 'NONE',  ( 0.000000000000000000, -1.000000000000000000, 0.000000000000000000 ) ) ;
#355 = CARTESIAN_POINT ( 'NONE',  ( 3.098174863800704948, -2.057168691045363484, -7.789961416827819285 ) ) ;
#356 = ORIENTED_EDGE ( 'NONE', *, *, #1737, .T. ) ;
#357 = CARTESIAN_POINT ( 'NONE',  ( 91.37314720090637366, 116.1651388635039694, 3.760740934735178786 ) ) ;
#358 = DIRECTION ( 'NONE',  ( -0.000000000000000000, -1.000000000000000000, -0.000000000000000000 ) ) ;
#359 = CARTESIAN_POINT ( 'NONE',  ( 88.41067460845924586, 111.1356136865084778, 3.674219068494330998 ) ) ;
#360 = CARTESIAN_POINT ( 'NONE',  ( 93.31382047765356447, 118.1896379248134963, -2.603533338752422654 ) ) ;
#361 = APPROVAL_DATE_TIME ( #1166, #580 ) ;
#362 = AXIS2_PLACEMENT_3D ( 'NONE', #2560, #2331, #775 ) ;
#363 = CIRCLE ( 'NONE', #1828, 2.000000000000003553 ) ;
#364 = VERTEX_POINT ( 'NONE', #2193 ) ;
#365 = CARTESIAN_POINT ( 'NONE',  ( 85.95611416140916106, 109.7268415435924567, 1.759912146092552421 ) ) ;
#366 = AXIS2_PLACEMENT_3D ( 'NONE', #247, #20, #1804 ) ;
#367 = AXIS2_PLACEMENT_3D ( 'NONE', #2452, #1433, #839 ) ;
#368 = CARTESIAN_POINT ( 'NONE',  ( -5.562727206747858588, 2.893538862311985316, 7.789961416823413032 ) ) ;
#369 =( BOUNDED_SURFACE ( )  B_SPLINE_SURFACE ( 3, 2, ( 
 ( #1263, #2055, #683 ),
 ( #1863, #673, #300 ),
 ( #1888, #1469, #2267 ),
 ( #2065, #276, #88 ),
 ( #958, #941, #2107 ),
 ( #2506, #329, #1131 ),
 ( #1743, #547, #1926 ),
 ( #1506, #516, #531 ),
 ( #1314, #2550, #1116 ),
 ( #2140, #913, #2536 ),
 ( #753, #343, #1160 ),
 ( #1144, #926, #1939 ),
 ( #1711, #1552, #1566 ),
 ( #1343, #128, #1757 ),
 ( #2345, #314, #765 ),
 ( #560, #1175, #1358 ),
 ( #572, #721, #2153 ),
 ( #143, #2305, #357 ),
 ( #1518, #1955, #1913 ),
 ( #163, #1724, #2357 ),
 ( #2170, #100, #2126 ),
 ( #115, #1373, #2317 ),
 ( #377, #899, #1699 ),
 ( #1330, #2518, #2493 ),
 ( #709, #736, #1538 ),
 ( #2334, #1592, #2421 ),
 ( #1604, #227, #600 ),
 ( #1398, #2397, #215 ),
 ( #2021, #2192, #28 ),
 ( #2235, #2373, #1823 ),
 ( #1769, #2182, #416 ),
 ( #428, #397, #1423 ),
 ( #640, #2411, #1994 ),
 ( #2562, #441, #1969 ),
 ( #778, #1580, #1197 ),
 ( #203, #628, #2224 ),
 ( #176, #1001, #1798 ),
 ( #970, #1025, #2 ),
 ( #588, #1387, #611 ),
 ( #1227, #830, #1632 ),
 ( #2385, #1408, #1013 ),
 ( #805, #1435, #386 ),
 ( #1186, #1979, #186 ),
 ( #982, #1785, #2575 ),
 ( #792, #2208, #1215 ),
 ( #2008, #1810, #14 ),
 ( #817, #1613, #1084 ),
 ( #1907, #1683, #2474 ),
 ( #123, #2325, #307 ),
 ( #704, #2512, #241 ) ),
 .UNSPECIFIED., .F., .F., .F. ) 
 B_SPLINE_SURFACE_WITH_KNOTS ( ( 4, 2, 2, 2, 2, 2, 2, 2, 2, 2, 2, 2, 2, 2, 2, 2, 2, 2, 2, 2, 2, 2, 2, 2, 4 ),
 ( 3, 3 ),
 ( 0.02605946940206226720, 0.02687382782087673755, 0.02768818623969120790, 0.02850254465850567825, 0.02931690307732014514, 0.03013126149613461202, 0.03094561991494908237, 0.03257433675257802308, 0.03583177042783590449, 0.03746048726546484520, 0.03908920410309378590, 0.03990356252190825626, 0.04071792094072272661, 0.04153227935953719696, 0.04234663777835166731, 0.04316099619716613767, 0.04397535461598060802, 0.04478971303479507837, 0.04560407145360954179, 0.04641842987242400520, 0.04723278829123847555, 0.04886150512886741626, 0.04967586354768188661, 0.05049022196649635696, 0.05211893880412529767 ),
 ( 0.000000000000000000, 1.000000000000000000 ),
 .UNSPECIFIED. ) 
 GEOMETRIC_REPRESENTATION_ITEM ( )  RATIONAL_B_SPLINE_SURFACE ( (
 ( 1.000000000000000000, 0.4206566423846455072, 1.000000000000000000),
 ( 1.000000000000000000, 0.4387557525108994883, 1.000000000000000000),
 ( 1.000000000000000000, 0.4578478294005912108, 1.000000000000000000),
 ( 1.000000000000000000, 0.4951546074286646837, 1.000000000000000000),
 ( 1.000000000000000000, 0.5133149086836117370, 1.000000000000000000),
 ( 1.000000000000000000, 0.5483299380366377651, 1.000000000000000000),
 ( 1.000000000000000000, 0.5651971284056284128, 1.000000000000000000),
 ( 1.000000000000000000, 0.5976337553484170062, 1.000000000000000000),
 ( 1.000000000000000000, 0.6132068077788940252, 1.000000000000000000),
 ( 1.000000000000000000, 0.6431284809039125028, 1.000000000000000000),
 ( 1.000000000000000000, 0.6575104018440995901, 1.000000000000000000),
 ( 1.000000000000000000, 0.6848849955064475470, 1.000000000000000000),
 ( 1.000000000000000000, 0.6979050013244368911, 1.000000000000000000),
 ( 1.000000000000000000, 0.7351979376242323561, 1.000000000000000000),
 ( 1.000000000000000000, 0.7577155735997669339, 1.000000000000000000),
 ( 1.000000000000000000, 0.8195502517719069902, 1.000000000000000000),
 ( 1.000000000000000000, 0.8532330282221419759, 1.000000000000000000),
 ( 1.000000000000000000, 0.8951416921502477475, 1.000000000000000000),
 ( 1.000000000000000000, 0.9076500556066939840, 1.000000000000000000),
 ( 1.000000000000000000, 0.9299280266913296789, 1.000000000000000000),
 ( 1.000000000000000000, 0.9396344720252024496, 1.000000000000000000),
 ( 1.000000000000000000, 0.9519826713017418562, 1.000000000000000000),
 ( 1.000000000000000000, 0.9557335923891242535, 1.000000000000000000),
 ( 1.000000000000000000, 0.9624745460889932991, 1.000000000000000000),
 ( 1.000000000000000000, 0.9654555745445164705, 1.000000000000000000),
 ( 1.000000000000000000, 0.9705035705416208414, 1.000000000000000000),
 ( 1.000000000000000000, 0.9725845584508630015, 1.000000000000000000),
 ( 1.000000000000000000, 0.9757785803365111033, 1.000000000000000000),
 ( 1.000000000000000000, 0.9768754638687326963, 1.000000000000000000),
 ( 1.000000000000000000, 0.9779759651076451732, 1.000000000000000000),
 ( 1.000000000000000000, 0.9779966105750419469, 1.000000000000000000),
 ( 1.000000000000000000, 0.9770613430025048007, 1.000000000000000000),
 ( 1.000000000000000000, 0.9761258417675356958, 1.000000000000000000),
 ( 1.000000000000000000, 0.9735753721467114152, 1.000000000000000000),
 ( 1.000000000000000000, 0.9719429742335875533, 1.000000000000000000),
 ( 1.000000000000000000, 0.9683311005416664896, 1.000000000000000000),
 ( 1.000000000000000000, 0.9663481827937947521, 1.000000000000000000),
 ( 1.000000000000000000, 0.9622352826281541649, 1.000000000000000000),
 ( 1.000000000000000000, 0.9600905974594730052, 1.000000000000000000),
 ( 1.000000000000000000, 0.9558950076566340437, 1.000000000000000000),
 ( 1.000000000000000000, 0.9538562500418742429, 1.000000000000000000),
 ( 1.000000000000000000, 0.9481346923741232890, 1.000000000000000000),
 ( 1.000000000000000000, 0.9448374744238505762, 1.000000000000000000),
 ( 1.000000000000000000, 0.9416134829990040478, 1.000000000000000000),
 ( 1.000000000000000000, 0.9408091866608536691, 1.000000000000000000),
 ( 1.000000000000000000, 0.9398034190928665765, 1.000000000000000000),
 ( 1.000000000000000000, 0.9396060805888934997, 1.000000000000000000),
 ( 1.000000000000000000, 0.9399729596925684438, 1.000000000000000000),
 ( 1.000000000000000000, 0.9414712016152569918, 1.000000000000000000),
 ( 1.000000000000000000, 0.9440581124304576743, 1.000000000000000000) ) ) 
 REPRESENTATION_ITEM ( '' )  SURFACE ( )  );
#370 = ORIENTED_EDGE ( 'NONE', *, *, #191, .F. ) ;
#371 = EDGE_CURVE ( 'NONE', #1078, #2205, #2223, .T. ) ;
#372 = APPROVAL_PERSON_ORGANIZATION ( #796, #2088, #2578 ) ;
#373 = AXIS2_PLACEMENT_3D ( 'NONE', #654, #836, #2218 ) ;
#374 = FACE_OUTER_BOUND ( 'NONE', #457, .T. ) ;
#375 = CARTESIAN_POINT ( 'NONE',  ( 0.000000000000000000, -5.000000000000000888, 0.000000000000000000 ) ) ;
#376 = ORIENTED_EDGE ( 'NONE', *, *, #2584, .F. ) ;
#377 = CARTESIAN_POINT ( 'NONE',  ( 91.20214786489036385, 112.7185386616831408, 4.277408791650469944 ) ) ;
#378 = FACE_OUTER_BOUND ( 'NONE', #672, .T. ) ;
#379 = CARTESIAN_POINT ( 'NONE',  ( 4.277244805202066402, -7.000000000000000888, -8.201687440787514660 ) ) ;
#380 = CARTESIAN_POINT ( 'NONE',  ( 93.14083164591382058, 115.6986704949909495, -3.986953611296024658 ) ) ;
#381 = CARTESIAN_POINT ( 'NONE',  ( 87.85353674377431332, 110.0540261081670366, 3.629627767949094697 ) ) ;
#382 = DIRECTION ( 'NONE',  ( -0.000000000000000000, -1.000000000000000000, -0.000000000000000000 ) ) ;
#383 = ORIENTED_EDGE ( 'NONE', *, *, #438, .T. ) ;
#384 = DIRECTION ( 'NONE',  ( 0.000000000000000000, 0.000000000000000000, -1.000000000000000000 ) ) ;
#385 = ORIENTED_EDGE ( 'NONE', *, *, #2466, .F. ) ;
#386 = CARTESIAN_POINT ( 'NONE',  ( 86.34269052516808074, 110.9301099431979907, 1.659454457262197202 ) ) ;
#387 = CARTESIAN_POINT ( 'NONE',  ( 4.624048438056298949, -7.000000000000000888, -9.616689125175708952 ) ) ;
#388 = CARTESIAN_POINT ( 'NONE',  ( 85.99003932549395302, 110.9994822260491247, 0.2059320033803763994 ) ) ;
#389 = CARTESIAN_POINT ( 'NONE',  ( 93.67013978695707976, 124.0563996072987294, -1.595526340686864719 ) ) ;
#390 = PERSON_AND_ORGANIZATION ( #998, #1324 ) ;
#391 = ORIENTED_EDGE ( 'NONE', *, *, #511, .T. ) ;
#392 = DIRECTION ( 'NONE',  ( 0.000000000000000000, -0.000000000000000000, 1.000000000000000000 ) ) ;
#393 = DIRECTION ( 'NONE',  ( 0.6427876096865330346, 0.7660444431189833425, 0.000000000000000000 ) ) ;
#394 = ORIENTED_EDGE ( 'NONE', *, *, #12, .T. ) ;
#395 = DIRECTION ( 'NONE',  ( 0.7660444431189791237, -0.6427876096865379196, -0.000000000000000000 ) ) ;
#396 = ORIENTED_EDGE ( 'NONE', *, *, #785, .F. ) ;
#397 = CARTESIAN_POINT ( 'NONE',  ( 88.45648273736566125, 110.6835899666394454, 3.697182180863245904 ) ) ;
#398 = DIRECTION ( 'NONE',  ( 0.000000000000000000, 0.000000000000000000, -1.000000000000000000 ) ) ;
#399 = EDGE_CURVE ( 'NONE', #2001, #1849, #2407, .T. ) ;
#400 = CARTESIAN_POINT ( 'NONE',  ( 85.53208888623794337, 109.7117933465638373, -4.104012155039680305E-16 ) ) ;
#401 = ORIENTED_EDGE ( 'NONE', *, *, #1647, .T. ) ;
#402 = CARTESIAN_POINT ( 'NONE',  ( 97.53330341376477008, 124.0152575316332246, -0.05773168539357807078 ) ) ;
#403 = ORIENTED_EDGE ( 'NONE', *, *, #465, .F. ) ;
#404 = CARTESIAN_POINT ( 'NONE',  ( 8.201687440787463146, -6.000000000000000888, -4.277244805202232492 ) ) ;
#405 = AXIS2_PLACEMENT_3D ( 'NONE', #327, #1129, #2138 ) ;
#406 = CIRCLE ( 'NONE', #487, 0.7500000000000006661 ) ;
#407 = CYLINDRICAL_SURFACE ( 'NONE', #2115, 10.75000000000004796 ) ;
#408 = EDGE_LOOP ( 'NONE', ( #1289, #2570, #2232, #1797 ) ) ;
#409 = CARTESIAN_POINT ( 'NONE',  ( -4.624048438056489907, -6.000000000000000888, -8.866689125175605923 ) ) ;
#410 = LOCAL_TIME ( 11, 48, 32.00000000000000000, #975 ) ;
#411 = AXIS2_PLACEMENT_3D ( 'NONE', #1225, #2432, #462 ) ;
#412 = B_SPLINE_CURVE_WITH_KNOTS ( 'NONE', 3,
 ( #1734, #706, #717, #1309, #2531, #1949, #1128, #1503, #2103, #1720, #309, #1355 ),
 .UNSPECIFIED., .F., .F.,
 ( 4, 2, 2, 2, 2, 4 ),
 ( 0.000000000000000000, 0.003360725968141047102, 0.005041088952211571737, 0.005881270444246832971, 0.006301361190264464021, 0.006721451936282094204 ),
 .UNSPECIFIED. ) ;
#413 = LOCAL_TIME ( 11, 48, 32.00000000000000000, #456 ) ;
#414 = VERTEX_POINT ( 'NONE', #1874 ) ;
#415 = VECTOR ( 'NONE', #2329, 1000.000000000000000 ) ;
#416 = CARTESIAN_POINT ( 'NONE',  ( 88.66945410989841037, 111.2826763939689982, 3.776172606549216049 ) ) ;
#417 = CARTESIAN_POINT ( 'NONE',  ( 86.24776568187716919, 110.9485706617405185, -1.407997958536446381 ) ) ;
#418 = CARTESIAN_POINT ( 'NONE',  ( 89.52320450143038499, 110.9500738259973076, -4.183592195370867017 ) ) ;
#419 = ADVANCED_FACE ( 'NONE', ( #2022 ), #29, .T. ) ;
#420 = CARTESIAN_POINT ( 'NONE',  ( 94.09473053633217887, 120.0441536952028656, 0.8418072583034296175 ) ) ;
#421 = EDGE_LOOP ( 'NONE', ( #1048, #89, #1732, #1439 ) ) ;
#422 = DIRECTION ( 'NONE',  ( 0.000000000000000000, -1.000000000000000000, 0.000000000000000000 ) ) ;
#423 = EDGE_CURVE ( 'NONE', #952, #364, #793, .T. ) ;
#424 = DIRECTION ( 'NONE',  ( -0.6427876096865381417, -0.7660444431189791237, -0.000000000000000000 ) ) ;
#425 = VERTEX_POINT ( 'NONE', #1002 ) ;
#426 = FACE_OUTER_BOUND ( 'NONE', #2442, .T. ) ;
#427 = ORIENTED_EDGE ( 'NONE', *, *, #1327, .T. ) ;
#428 = CARTESIAN_POINT ( 'NONE',  ( 88.47969590911414173, 110.3014557227428725, 3.907956361788898825 ) ) ;
#429 = DIRECTION ( 'NONE',  ( 0.000000000000000000, -1.000000000000000000, 0.000000000000000000 ) ) ;
#430 = CARTESIAN_POINT ( 'NONE',  ( 86.71127886446971900, 109.7975406441988468, -2.792455950164889789 ) ) ;
#431 = CARTESIAN_POINT ( 'NONE',  ( 94.00068183614801853, 125.3009936676902072, -0.05388290636523689059 ) ) ;
#432 = ORIENTED_EDGE ( 'NONE', *, *, #1236, .F. ) ;
#433 = CARTESIAN_POINT ( 'NONE',  ( 0.6336631249900805951, -2.063945294530601604, 7.789961416822396956 ) ) ;
#434 = EDGE_CURVE ( 'NONE', #1240, #1546, #2122, .T. ) ;
#435 = CARTESIAN_POINT ( 'NONE',  ( 3.723447029339934211, 3.251030153590452443, 7.789961416823411255 ) ) ;
#436 = VERTEX_POINT ( 'NONE', #2514 ) ;
#437 = DIRECTION ( 'NONE',  ( 0.000000000000000000, 0.000000000000000000, -1.000000000000000000 ) ) ;
#438 = EDGE_CURVE ( 'NONE', #788, #414, #2328, .T. ) ;
#439 = ORIENTED_EDGE ( 'NONE', *, *, #2128, .F. ) ;
#440 = B_SPLINE_CURVE_WITH_KNOTS ( 'NONE', 3,
 ( #1716, #108, #2510, #1871, #1524, #284, #1083, #906, #82, #1705, #473, #1485, #713, #2287, #498, #1295, #2089, #1150, #1558, #2363, #2176, #798, #977, #2568, #193, #1351, #1974, #381, #2556, #1931, #771, #180, #2146, #579, #2523, #365, #169, #566, #1573, #744 ),
 .UNSPECIFIED., .F., .F.,
 ( 4, 2, 2, 2, 2, 2, 2, 2, 2, 2, 2, 2, 2, 2, 2, 2, 2, 2, 2, 4 ),
 ( 0.02457242269960532507, 0.02525688746905913745, 0.02594135223851294983, 0.02731028177742060928, 0.02867921131632826873, 0.03004814085523592818, 0.03278599993305122973, 0.03552385901086652781, 0.03689278854977419420, 0.03826171808868186752, 0.03963064762758952697, 0.04031511239704336363, 0.04099957716649720030, 0.04168404193595103696, 0.04236850670540487362, 0.04305297147485870335, 0.04373743624431254001, 0.04442190101376637668, 0.04510636578322020640, 0.04647529532212787279 ),
 .UNSPECIFIED. ) ;
#441 = CARTESIAN_POINT ( 'NONE',  ( 87.93391515623916632, 110.4766694481345439, 3.431237012773923567 ) ) ;
#442 = CARTESIAN_POINT ( 'NONE',  ( 92.04979801296738628, 113.8950227164161788, -4.211662258053609165 ) ) ;
#443 = CARTESIAN_POINT ( 'NONE',  ( 94.21578917836228584, 120.3516195464792276, 1.176681078060646923 ) ) ;
#444 = VERTEX_POINT ( 'NONE', #1108 ) ;
#445 = CARTESIAN_POINT ( 'NONE',  ( 4.953186554711107803, -5.000000000315232285, 11.48571945659085536 ) ) ;
#446 = DIRECTION ( 'NONE',  ( 0.000000000000000000, -1.000000000000000000, 0.000000000000000000 ) ) ;
#447 = CARTESIAN_POINT ( 'NONE',  ( 7.112366251504909087E-14, -7.000000000000000888, 2.168404344971008868E-16 ) ) ;
#448 = EDGE_CURVE ( 'NONE', #1496, #1821, #1908, .T. ) ;
#449 = CIRCLE ( 'NONE', #26, 0.7500000000000006661 ) ;
#450 = CC_DESIGN_APPROVAL ( #580, ( #2425 ) ) ;
#451 = CIRCLE ( 'NONE', #2285, 9.964018528377691197 ) ;
#452 = CARTESIAN_POINT ( 'NONE',  ( 0.000000000000000000, 0.8475463209442297696, 0.000000000000000000 ) ) ;
#453 = VECTOR ( 'NONE', #1462, 1000.000000000000000 ) ;
#454 = ORIENTED_EDGE ( 'NONE', *, *, #2429, .T. ) ;
#455 = CARTESIAN_POINT ( 'NONE',  ( 93.91548263011509334, 124.9787316190365090, 0.8218001605007068111 ) ) ;
#456 = COORDINATED_UNIVERSAL_TIME_OFFSET ( 8, 0, .AHEAD. ) ;
#457 = EDGE_LOOP ( 'NONE', ( #847, #2027 ) ) ;
#458 = CARTESIAN_POINT ( 'NONE',  ( -2.154544422432685735, -5.000000000149514179, 12.32468834712480188 ) ) ;
#459 = CARTESIAN_POINT ( 'NONE',  ( 86.83832789301369814, 110.8725256026573049, -2.456989993337507450 ) ) ;
#460 = DIRECTION ( 'NONE',  ( 1.000000000000000000, 0.000000000000000000, 0.000000000000000000 ) ) ;
#461 = ORIENTED_EDGE ( 'NONE', *, *, #43, .F. ) ;
#462 = DIRECTION ( 'NONE',  ( 0.000000000000000000, 0.000000000000000000, -1.000000000000000000 ) ) ;
#463 = CC_DESIGN_PERSON_AND_ORGANIZATION_ASSIGNMENT ( #2174, #2522, ( #1661 ) ) ;
#464 = CARTESIAN_POINT ( 'NONE',  ( 97.28778309296818350, 123.5264967448433282, -1.115977389040958334 ) ) ;
#465 = EDGE_CURVE ( 'NONE', #479, #636, #2165, .T. ) ;
#466 = VERTEX_POINT ( 'NONE', #1285 ) ;
#467 = DIRECTION ( 'NONE',  ( 0.000000000000000000, 0.000000000000000000, -1.000000000000000000 ) ) ;
#468 = CARTESIAN_POINT ( 'NONE',  ( 92.80770027941191813, 120.8991658927956649, 2.855438467851572071 ) ) ;
#469 = DIRECTION ( 'NONE',  ( -1.000000000000000000, 0.000000000000000000, -1.224646799147353207E-16 ) ) ;
#470 = CARTESIAN_POINT ( 'NONE',  ( 87.97357197890300995, 110.4902220692205503, -3.454974066348207362 ) ) ;
#471 = DIRECTION ( 'NONE',  ( 0.000000000000000000, 0.000000000000000000, -1.000000000000000000 ) ) ;
#472 = ORIENTED_EDGE ( 'NONE', *, *, #1755, .F. ) ;
#473 = CARTESIAN_POINT ( 'NONE',  ( 95.16523452024922847, 119.3868175853173170, 3.205816300505259342 ) ) ;
#474 = CARTESIAN_POINT ( 'NONE',  ( -6.137227726330298339, 0.8475463209442183343, -7.850186659775970632 ) ) ;
#475 = DIRECTION ( 'NONE',  ( -0.000000000000000000, -1.000000000000000000, -0.000000000000000000 ) ) ;
#476 = ORIENTED_EDGE ( 'NONE', *, *, #2547, .T. ) ;
#477 = CARTESIAN_POINT ( 'NONE',  ( 97.41066562451064215, 123.7709255459494102, 0.7931464628688094098 ) ) ;
#478 = EDGE_CURVE ( 'NONE', #2047, #990, #363, .T. ) ;
#479 = VERTEX_POINT ( 'NONE', #2475 ) ;
#480 = FACE_OUTER_BOUND ( 'NONE', #2480, .T. ) ;
#481 = CARTESIAN_POINT ( 'NONE',  ( 86.41883922075319902, 110.2595627143683004, -1.820444213235134834 ) ) ;
#482 = PLANE ( 'NONE',  #1070 ) ;
#483 = CYLINDRICAL_SURFACE ( 'NONE', #106, 0.7500000000000006661 ) ;
#484 = CARTESIAN_POINT ( 'NONE',  ( -5.632890941206644797, -5.000000000000000888, -11.15887716772938276 ) ) ;
#485 = LINE ( 'NONE', #2080, #1451 ) ;
#486 = VECTOR ( 'NONE', #954, 1000.000000000000000 ) ;
#487 = AXIS2_PLACEMENT_3D ( 'NONE', #665, #2249, #254 ) ;
#488 = CARTESIAN_POINT ( 'NONE',  ( -3.643086846328425832, -5.000000000188702387, -11.96796527405170885 ) ) ;
#489 = ORIENTED_EDGE ( 'NONE', *, *, #2381, .F. ) ;
#490 = VECTOR ( 'NONE', #320, 1000.000000000000000 ) ;
#491 = AXIS2_PLACEMENT_3D ( 'NONE', #1248, #1860, #1465 ) ;
#492 = CARTESIAN_POINT ( 'NONE',  ( 5.562727206747858588, 2.893538862311985760, 7.789961416823413032 ) ) ;
#493 = AXIS2_PLACEMENT_3D ( 'NONE', #723, #1333, #1971 ) ;
#494 = ORIENTED_EDGE ( 'NONE', *, *, #544, .F. ) ;
#495 = CARTESIAN_POINT ( 'NONE',  ( -5.988920426549845466, -2.179278812858524095, 7.789961416820041507 ) ) ;
#496 = FACE_OUTER_BOUND ( 'NONE', #2178, .T. ) ;
#497 = DIRECTION ( 'NONE',  ( 0.000000000000000000, 0.000000000000000000, -1.000000000000000000 ) ) ;
#498 = CARTESIAN_POINT ( 'NONE',  ( 92.78894689582517685, 115.0873026433827562, 4.078320791152191482 ) ) ;
#499 = EDGE_CURVE ( 'NONE', #2408, #168, #325, .T. ) ;
#500 = CARTESIAN_POINT ( 'NONE',  ( 103.2820524955546801, 130.7461657909534836, 0.8735073223164091516 ) ) ;
#501 = DIRECTION ( 'NONE',  ( 0.000000000000000000, 0.000000000000000000, -1.000000000000000000 ) ) ;
#502 = CARTESIAN_POINT ( 'NONE',  ( -4.953186554710613088, -5.000000000314731352, -11.48571945659043259 ) ) ;
#503 = EDGE_LOOP ( 'NONE', ( #1234, #1854, #2469, #546, #385, #1468, #259 ) ) ;
#504 = CARTESIAN_POINT ( 'NONE',  ( -4.277244805202261801, -7.000000000000000888, -8.201687440787445382 ) ) ;
#505 = VERTEX_POINT ( 'NONE', #2275 ) ;
#506 = CARTESIAN_POINT ( 'NONE',  ( 4.277244805202066402, -6.000000000000000888, -8.201687440787514660 ) ) ;
#507 = CARTESIAN_POINT ( 'NONE',  ( 0.000000000000000000, 1.695092641888459539, 0.000000000000000000 ) ) ;
#508 = CARTESIAN_POINT ( 'NONE',  ( 110.5651055649190795, 123.9877426382488323, 6.123235387316108755E-16 ) ) ;
#509 = CARTESIAN_POINT ( 'NONE',  ( 5.562727206747858588, 2.893538862311985316, -7.789961416823413032 ) ) ;
#510 = CARTESIAN_POINT ( 'NONE',  ( 7.112366251504909087E-14, -6.000000000000000888, 2.168404344971008868E-16 ) ) ;
#511 = EDGE_CURVE ( 'NONE', #222, #694, #485, .T. ) ;
#512 = CARTESIAN_POINT ( 'NONE',  ( 90.57128588119159929, 114.0363406031638078, -3.961290103672783225 ) ) ;
#513 = CARTESIAN_POINT ( 'NONE',  ( 4.970852070910659393, -6.000000000000000888, 9.531690809563812650 ) ) ;
#514 = LINE ( 'NONE', #1924, #23 ) ;
#515 = EDGE_LOOP ( 'NONE', ( #155, #663, #2356, #1984, #1247, #1100, #644, #1478, #2467, #150, #1226 ) ) ;
#516 = CARTESIAN_POINT ( 'NONE',  ( 94.53338943375283066, 121.1562792105107889, 0.4445204898912157865 ) ) ;
#517 = DIRECTION ( 'NONE',  ( 0.000000000000000000, 0.000000000000000000, -1.000000000000000000 ) ) ;
#518 = CARTESIAN_POINT ( 'NONE',  ( 5.562727206747858588, 2.893538862311985316, -7.789961416823413032 ) ) ;
#519 = CARTESIAN_POINT ( 'NONE',  ( 91.57543950433399971, 113.2291330480871920, -4.251645693365111889 ) ) ;
#520 = DIRECTION ( 'NONE',  ( -0.6427876096865381417, -0.7660444431189791237, -0.000000000000000000 ) ) ;
#521 = CARTESIAN_POINT ( 'NONE',  ( 5.632890941206644797, -5.000000000000000888, 11.15887716772938276 ) ) ;
#522 = DIRECTION ( 'NONE',  ( 0.000000000000000000, -1.000000000000000000, 0.000000000000000000 ) ) ;
#523 = CARTESIAN_POINT ( 'NONE',  ( 93.95093988683296971, 125.1126956581800300, 0.6385492197480667764 ) ) ;
#524 = CARTESIAN_POINT ( 'NONE',  ( 6.137227726330159783, 0.8475463209442183343, -7.850186659776078102 ) ) ;
#525 = ADVANCED_FACE ( 'NONE', ( #84 ), #882, .T. ) ;
#526 = CARTESIAN_POINT ( 'NONE',  ( 9.531690809563865940, -6.000000000000000888, 4.970852070910551923 ) ) ;
#527 = ORIENTED_EDGE ( 'NONE', *, *, #685, .F. ) ;
#528 = EDGE_CURVE ( 'NONE', #1666, #1779, #989, .T. ) ;
#529 = AXIS2_PLACEMENT_3D ( 'NONE', #1680, #1267, #1304 ) ;
#530 = VECTOR ( 'NONE', #228, 1000.000000000000000 ) ;
#531 = CARTESIAN_POINT ( 'NONE',  ( 93.31166809334742140, 122.7266954737252433, 2.246039856677318536 ) ) ;
#532 = DIRECTION ( 'NONE',  ( 0.000000000000000000, -0.000000000000000000, -1.000000000000000000 ) ) ;
#533 = AXIS2_PLACEMENT_3D ( 'NONE', #1881, #520, #1691 ) ;
#534 = CARTESIAN_POINT ( 'NONE',  ( -6.002906617824651292, 1.022536566547012749, -7.934205801712291617 ) ) ;
#535 = CARTESIAN_POINT ( 'NONE',  ( 90.53439554069871065, 112.6624991885425544, -3.991895247412700076 ) ) ;
#536 = AXIS2_PLACEMENT_3D ( 'NONE', #1846, #422, #2240 ) ;
#537 = DIRECTION ( 'NONE',  ( 0.000000000000000000, 0.000000000000000000, 1.000000000000000000 ) ) ;
#538 = CARTESIAN_POINT ( 'NONE',  ( 89.99999999999998579, 128.0000000000000000, -2.000000000000003553 ) ) ;
#539 = AXIS2_PLACEMENT_3D ( 'NONE', #105, #2296, #1690 ) ;
#540 = DIRECTION ( 'NONE',  ( 0.000000000000000000, 0.000000000000000000, -1.000000000000000000 ) ) ;
#541 = ORIENTED_EDGE ( 'NONE', *, *, #225, .F. ) ;
#542 = DIRECTION ( 'NONE',  ( -0.000000000000000000, -1.000000000000000000, -0.000000000000000000 ) ) ;
#543 = DIRECTION ( 'NONE',  ( 0.6427876096865379196, 0.7660444431189792347, 0.000000000000000000 ) ) ;
#544 = EDGE_CURVE ( 'NONE', #1991, #1628, #1097, .T. ) ;
#545 = DIRECTION ( 'NONE',  ( -0.000000000000000000, 1.000000000000000000, -0.000000000000000000 ) ) ;
#546 = ORIENTED_EDGE ( 'NONE', *, *, #1840, .F. ) ;
#547 = CARTESIAN_POINT ( 'NONE',  ( 94.61511291018427983, 121.3615751717341169, 0.09089169502596448902 ) ) ;
#548 = CARTESIAN_POINT ( 'NONE',  ( 89.30998499464095630, 111.8479007356332602, -3.943961111569118660 ) ) ;
#549 = EDGE_CURVE ( 'NONE', #1991, #2517, #1368, .T. ) ;
#550 = DIRECTION ( 'NONE',  ( 0.6427876096865330346, 0.7660444431189833425, 0.000000000000000000 ) ) ;
#551 = CARTESIAN_POINT ( 'NONE',  ( 93.66140849672042634, 116.6083904955641088, -3.839019730191019164 ) ) ;
#552 = PERSON_AND_ORGANIZATION_ROLE ( 'creator' ) ;
#553 = FACE_OUTER_BOUND ( 'NONE', #1791, .T. ) ;
#554 = CARTESIAN_POINT ( 'NONE',  ( -6.022242657763092311, 1.197826368761670146, 7.901037120333307406 ) ) ;
#555 = EDGE_LOOP ( 'NONE', ( #2384, #812, #1272, #231 ) ) ;
#556 = DIRECTION ( 'NONE',  ( 0.000000000000000000, 0.000000000000000000, -1.000000000000000000 ) ) ;
#557 = LINE ( 'NONE', #513, #415 ) ;
#558 = DIRECTION ( 'NONE',  ( -0.000000000000000000, -1.000000000000000000, -0.000000000000000000 ) ) ;
#559 = VERTEX_POINT ( 'NONE', #197 ) ;
#560 = CARTESIAN_POINT ( 'NONE',  ( 94.24822862629775955, 117.6646797406232992, 3.645925273633876529 ) ) ;
#561 = DIRECTION ( 'NONE',  ( 0.000000000000000000, 0.000000000000000000, -1.000000000000000000 ) ) ;
#562 = DIRECTION ( 'NONE',  ( -0.000000000000000000, -1.000000000000000000, -0.000000000000000000 ) ) ;
#563 = EDGE_CURVE ( 'NONE', #616, #1862, #1658, .T. ) ;
#564 = CARTESIAN_POINT ( 'NONE',  ( 89.85110107626297804, 112.6048881519127036, -3.998970095331174424 ) ) ;
#565 = VERTEX_POINT ( 'NONE', #1977 ) ;
#566 = CARTESIAN_POINT ( 'NONE',  ( 85.61628548102251557, 109.7126133627674136, 0.9118765994543726050 ) ) ;
#567 = CYLINDRICAL_SURFACE ( 'NONE', #2368, 3.500000000000000000 ) ;
#568 = ORIENTED_EDGE ( 'NONE', *, *, #920, .F. ) ;
#569 = FACE_BOUND ( 'NONE', #995, .T. ) ;
#570 = CARTESIAN_POINT ( 'NONE',  ( 4.100426283654736714, -4.999999999742798629, -11.81707822125816776 ) ) ;
#571 = ORIENTED_EDGE ( 'NONE', *, *, #1098, .F. ) ;
#572 = CARTESIAN_POINT ( 'NONE',  ( 93.75477228439588373, 116.7619066738532183, 3.821101872725276571 ) ) ;
#573 = CARTESIAN_POINT ( 'NONE',  ( 0.000000000000000000, -5.000000000000000888, 0.000000000000000000 ) ) ;
#574 = DIRECTION ( 'NONE',  ( 0.000000000000000000, 0.000000000000000000, -1.000000000000000000 ) ) ;
#575 = CARTESIAN_POINT ( 'NONE',  ( 90.51274894965222018, 113.9057125733826012, -3.968202647654314408 ) ) ;
#576 = PERSON_AND_ORGANIZATION ( #998, #1324 ) ;
#577 = CIRCLE ( 'NONE', #2409, 5.000000000000008882 ) ;
#578 = VECTOR ( 'NONE', #1884, 1000.000000000000000 ) ;
#579 = CARTESIAN_POINT ( 'NONE',  ( 86.31640675067257007, 109.7527733128993361, 2.335697677539648964 ) ) ;
#580 = APPROVAL ( #2361, 'æœª' ) ;
#581 = AXIS2_PLACEMENT_3D ( 'NONE', #880, #71, #1279 ) ;
#582 = CARTESIAN_POINT ( 'NONE',  ( -5.839206815148556551, 2.239357628054742477, 7.805154457561334524 ) ) ;
#583 = EDGE_LOOP ( 'NONE', ( #2416, #1826, #427, #2458, #1609, #1174, #829, #171, #607, #201, #979 ) ) ;
#584 = VECTOR ( 'NONE', #1133, 1000.000000000000000 ) ;
#585 = DIRECTION ( 'NONE',  ( 0.000000000000000000, -1.000000000000000000, 0.000000000000000000 ) ) ;
#586 = ADVANCED_FACE ( 'NONE', ( #569, #374 ), #1195, .T. ) ;
#587 = EDGE_LOOP ( 'NONE', ( #1938, #2340, #1167, #2158 ) ) ;
#588 = CARTESIAN_POINT ( 'NONE',  ( 86.67293295287304034, 109.7930521433185760, 2.752204209228525933 ) ) ;
#589 = CARTESIAN_POINT ( 'NONE',  ( 86.17507102084012161, 110.9622513834271587, -1.170435091913738956 ) ) ;
#590 = CARTESIAN_POINT ( 'NONE',  ( 86.01510349456718529, 110.9941624921164731, -0.4927397305786952453 ) ) ;
#591 = CARTESIAN_POINT ( 'NONE',  ( 97.20160897550373136, 123.3553382920933075, -1.293119153971550528 ) ) ;
#592 = MECHANICAL_CONTEXT ( 'NONE', #999, 'mechanical' ) ;
#593 = CARTESIAN_POINT ( 'NONE',  ( 5.562727206747858588, 2.893538862311985316, -7.789961416823413032 ) ) ;
#594 = CARTESIAN_POINT ( 'NONE',  ( -2.322954184411586187, 3.394495963434220887, 7.789961416823410367 ) ) ;
#595 = VERTEX_POINT ( 'NONE', #997 ) ;
#596 = MANIFOLD_SOLID_BREP ( 'ÇÐ³ý-À­Éì6', #2069 ) ;
#597 = CARTESIAN_POINT ( 'NONE',  ( 111.8506807842919812, 125.5198315244865910, 0.1324701897822983532 ) ) ;
#598 = EDGE_CURVE ( 'NONE', #1191, #1114, #1414, .T. ) ;
#599 = ORIENTED_EDGE ( 'NONE', *, *, #659, .F. ) ;
#600 = CARTESIAN_POINT ( 'NONE',  ( 89.55715609457166693, 112.1611046374388678, 3.977892582763427942 ) ) ;
#601 = CARTESIAN_POINT ( 'NONE',  ( 7.112366251504909087E-14, -7.000000000000000888, 2.168404344971008868E-16 ) ) ;
#602 = CYLINDRICAL_SURFACE ( 'NONE', #109, 7.000000000000000000 ) ;
#603 = CARTESIAN_POINT ( 'NONE',  ( 97.47718020850415144, 123.9033955794081692, -0.5394197947414769434 ) ) ;
#604 = VERTEX_POINT ( 'NONE', #608 ) ;
#605 = CARTESIAN_POINT ( 'NONE',  ( 2.487814862543367589, -2.057945471461837261, 7.789961416825095242 ) ) ;
#606 = CARTESIAN_POINT ( 'NONE',  ( -8.866689125175723163, -7.000000000000000888, -4.624048438056267862 ) ) ;
#607 = ORIENTED_EDGE ( 'NONE', *, *, #2128, .T. ) ;
#608 = CARTESIAN_POINT ( 'NONE',  ( 97.24581882764049112, 123.4431415057306793, 1.203076838963903272 ) ) ;
#609 = ADVANCED_FACE ( 'NONE', ( #1948 ), #1752, .F. ) ;
#610 = ORIENTED_EDGE ( 'NONE', *, *, #2314, .F. ) ;
#611 = CARTESIAN_POINT ( 'NONE',  ( 86.92841941288492080, 110.8673546175132572, 2.568723928955270353 ) ) ;
#612 = DIRECTION ( 'NONE',  ( 0.000000000000000000, 0.000000000000000000, -1.000000000000000000 ) ) ;
#613 = CARTESIAN_POINT ( 'NONE',  ( 89.99999999999998579, 112.8670653616855617, 4.000000000000003553 ) ) ;
#614 = EDGE_CURVE ( 'NONE', #273, #2277, #199, .T. ) ;
#615 = CARTESIAN_POINT ( 'NONE',  ( 94.60304503158877765, 121.3329795459479357, 1.139437072062470468 ) ) ;
#616 = VERTEX_POINT ( 'NONE', #2341 ) ;
#617 = DIRECTION ( 'NONE',  ( 0.7660444431189792347, -0.6427876096865378086, 0.000000000000000000 ) ) ;
#618 = CIRCLE ( 'NONE', #2215, 12.50000000000000000 ) ;
#619 = AXIS2_PLACEMENT_3D ( 'NONE', #573, #1956, #2154 ) ;
#620 = CARTESIAN_POINT ( 'NONE',  ( 109.2738936467114712, 130.2275553302264655, 0.000000000000000000 ) ) ;
#621 = ORIENTED_EDGE ( 'NONE', *, *, #986, .F. ) ;
#622 = CARTESIAN_POINT ( 'NONE',  ( 0.000000000000000000, 0.000000000000000000, -7.789961416823413032 ) ) ;
#623 = AXIS2_PLACEMENT_3D ( 'NONE', #606, #446, #2252 ) ;
#624 = TOROIDAL_SURFACE ( 'NONE', #898, 19.92803705675538595, 10.00000000000000000 ) ;
#625 = TOROIDAL_SURFACE ( 'NONE', #947, 2.000000000000003553, 2.000000000000000000 ) ;
#626 = EDGE_LOOP ( 'NONE', ( #461, #1963, #1572, #1060, #1607, #2371, #1459 ) ) ;
#627 = CIRCLE ( 'NONE', #1420, 0.7500000000000006661 ) ;
#628 = CARTESIAN_POINT ( 'NONE',  ( 87.45640280547102918, 110.3570444970263225, 3.093222284421765611 ) ) ;
#629 = DIRECTION ( 'NONE',  ( 1.000000000000000000, 0.000000000000000000, -9.381338752702744340E-17 ) ) ;
#630 = CARTESIAN_POINT ( 'NONE',  ( 85.74572522457579282, 109.7177670348739156, -1.254037598479004645 ) ) ;
#631 = CARTESIAN_POINT ( 'NONE',  ( 93.91234221876158017, 124.9668725424618145, -0.8365673766826292601 ) ) ;
#632 = EDGE_CURVE ( 'NONE', #1546, #1640, #353, .T. ) ;
#633 = EDGE_LOOP ( 'NONE', ( #804, #527, #1816, #288 ) ) ;
#634 = CARTESIAN_POINT ( 'NONE',  ( -4.866779749367788455, -2.095052721643147375, 7.789961416826814755 ) ) ;
#635 = CARTESIAN_POINT ( 'NONE',  ( 109.2738936467114286, 130.2275553302264655, 0.000000000000000000 ) ) ;
#636 = VERTEX_POINT ( 'NONE', #2559 ) ;
#637 = LINE ( 'NONE', #2221, #1739 ) ;
#638 =( BOUNDED_SURFACE ( )  B_SPLINE_SURFACE ( 3, 2, ( 
 ( #693, #2291, #1458 ),
 ( #1665, #849, #2053 ),
 ( #502, #1504, #2303 ),
 ( #1466, #1099, #2465 ),
 ( #488, #261, #98 ),
 ( #1861, #861, #1896 ),
 ( #2455, #671, #2265 ),
 ( #1251, #1087, #1852 ),
 ( #49, #1271, #2063 ),
 ( #272, #681, #1074 ),
 ( #1875, #74, #2081 ),
 ( #1886, #884, #1685 ),
 ( #2476, #355, #1550 ),
 ( #2315, #1516, #1952 ),
 ( #570, #310, #2533 ),
 ( #1369, #126, #968 ),
 ( #141, #2167, #1722 ),
 ( #2516, #937, #1356 ) ),
 .UNSPECIFIED., .F., .F., .F. ) 
 B_SPLINE_SURFACE_WITH_KNOTS ( ( 4, 2, 2, 2, 2, 2, 2, 2, 4 ),
 ( 3, 3 ),
 ( 0.008521617863953886290, 0.01086006457433738581, 0.01319851128472088360, 0.01553695799510438139, 0.01787540470548788091, 0.02021385141587138043, 0.02255229812625487995, 0.02489074483663837947, 0.02722919154702187899 ),
 ( 0.000000000000000000, 1.000000000000000000 ),
 .UNSPECIFIED. ) 
 GEOMETRIC_REPRESENTATION_ITEM ( )  RATIONAL_B_SPLINE_SURFACE ( (
 ( 1.000000000000000000, 0.9125829027452707631, 1.000000000000000000),
 ( 1.000000000000000000, 0.9077581380647368192, 1.000000000000000000),
 ( 1.000000000000000000, 0.9029025613800252259, 1.000000000000000000),
 ( 1.000000000000000000, 0.8937510916664397342, 1.000000000000000000),
 ( 1.000000000000000000, 0.8894451696785649064, 1.000000000000000000),
 ( 1.000000000000000000, 0.8822610941519454242, 1.000000000000000000),
 ( 1.000000000000000000, 0.8793596495085365117, 1.000000000000000000),
 ( 1.000000000000000000, 0.8754090376502372539, 1.000000000000000000),
 ( 1.000000000000000000, 0.8743647724389745912, 1.000000000000000000),
 ( 1.000000000000000000, 0.8743469508607343288, 1.000000000000000000),
 ( 1.000000000000000000, 0.8753775947685876746, 1.000000000000000000),
 ( 1.000000000000000000, 0.8793563618494181222, 1.000000000000000000),
 ( 1.000000000000000000, 0.8822786339138395384, 1.000000000000000000),
 ( 1.000000000000000000, 0.8894438444829610990, 1.000000000000000000),
 ( 1.000000000000000000, 0.8936806749810796147, 1.000000000000000000),
 ( 1.000000000000000000, 0.9028434352746245173, 1.000000000000000000),
 ( 1.000000000000000000, 0.9077854979119326373, 1.000000000000000000),
 ( 1.000000000000000000, 0.9125813739191236396, 1.000000000000000000) ) ) 
 REPRESENTATION_ITEM ( '' )  SURFACE ( )  );
#639 = ORIENTED_EDGE ( 'NONE', *, *, #1689, .F. ) ;
#640 = CARTESIAN_POINT ( 'NONE',  ( 88.27277932404311400, 110.2103481036662487, 3.826898718505300945 ) ) ;
#641 = DIRECTION ( 'NONE',  ( 0.000000000000000000, 0.000000000000000000, -1.000000000000000000 ) ) ;
#642 = DIRECTION ( 'NONE',  ( -0.000000000000000000, -1.000000000000000000, -0.000000000000000000 ) ) ;
#643 = CARTESIAN_POINT ( 'NONE',  ( 96.94552237095940939, 122.8478337589037608, -1.709492507793594296 ) ) ;
#644 = ORIENTED_EDGE ( 'NONE', *, *, #2454, .T. ) ;
#645 = CARTESIAN_POINT ( 'NONE',  ( 2.153886211055702660, -5.000000000115138121, 12.32457158970546907 ) ) ;
#646 = EDGE_CURVE ( 'NONE', #283, #1050, #451, .T. ) ;
#647 = FACE_OUTER_BOUND ( 'NONE', #555, .T. ) ;
#648 = ORIENTED_EDGE ( 'NONE', *, *, #1455, .T. ) ;
#649 = CARTESIAN_POINT ( 'NONE',  ( 0.000000000000000000, 1.695092641888459539, 0.000000000000000000 ) ) ;
#650 = DIRECTION ( 'NONE',  ( 0.000000000000000000, 0.000000000000000000, -1.000000000000000000 ) ) ;
#651 = CARTESIAN_POINT ( 'NONE',  ( 90.00000000000001421, 112.8670653616855901, -4.000000000000003553 ) ) ;
#652 = CARTESIAN_POINT ( 'NONE',  ( 94.02888964908596847, 119.8768708374759910, -0.5281998263410672134 ) ) ;
#653 = ORIENTED_EDGE ( 'NONE', *, *, #225, .T. ) ;
#654 = CARTESIAN_POINT ( 'NONE',  ( 4.624048438056298949, -7.000000000000000888, -8.866689125175708952 ) ) ;
#655 = CARTESIAN_POINT ( 'NONE',  ( 6.265118639006018952, 7.466477646064398677, 0.000000000000000000 ) ) ;
#656 = ORIENTED_EDGE ( 'NONE', *, *, #1820, .F. ) ;
#657 = PRODUCT_RELATED_PRODUCT_CATEGORY ( 'detail', '', ( #2581 ) ) ;
#658 = DIRECTION ( 'NONE',  ( 0.000000000000000000, -1.000000000000000000, 0.000000000000000000 ) ) ;
#659 = EDGE_CURVE ( 'NONE', #969, #2228, #1164, .T. ) ;
#660 = AXIS2_PLACEMENT_3D ( 'NONE', #1547, #157, #953 ) ;
#661 = FACE_OUTER_BOUND ( 'NONE', #2201, .T. ) ;
#662 = AXIS2_PLACEMENT_3D ( 'NONE', #452, #1996, #1787 ) ;
#663 = ORIENTED_EDGE ( 'NONE', *, *, #1085, .T. ) ;
#664 = CARTESIAN_POINT ( 'NONE',  ( 5.632890941206644797, -5.000000000000000888, -11.15887716772938276 ) ) ;
#665 = CARTESIAN_POINT ( 'NONE',  ( 4.624048438056427734, -6.000000000000000888, 8.866689125175639674 ) ) ;
#666 = CARTESIAN_POINT ( 'NONE',  ( -7.039648651142284663, -2.344494810895632941, 7.789961416823417473 ) ) ;
#667 = CARTESIAN_POINT ( 'NONE',  ( 0.000000000000000000, -5.000000000000000888, 0.000000000000000000 ) ) ;
#668 = CARTESIAN_POINT ( 'NONE',  ( 111.0466638502443288, 124.7188177574797265, -1.000051270013292193 ) ) ;
#669 = FACE_OUTER_BOUND ( 'NONE', #626, .T. ) ;
#670 = EDGE_CURVE ( 'NONE', #137, #2517, #1441, .T. ) ;
#671 = CARTESIAN_POINT ( 'NONE',  ( -2.487814862543371586, -2.057945471462339526, -7.789961416823419249 ) ) ;
#672 = EDGE_LOOP ( 'NONE', ( #1925, #1328, #1196, #1700, #747, #2344 ) ) ;
#673 = CARTESIAN_POINT ( 'NONE',  ( 94.60300432592286768, 121.3329997093601094, -1.171748159903014175 ) ) ;
#674 = CARTESIAN_POINT ( 'NONE',  ( 90.26402388029829638, 113.3390424734999300, 4.000000000000029310 ) ) ;
#675 = DIRECTION ( 'NONE',  ( 0.000000000000000000, -1.000000000000000000, 0.000000000000000000 ) ) ;
#676 = FACE_OUTER_BOUND ( 'NONE', #1415, .T. ) ;
#677 = CARTESIAN_POINT ( 'NONE',  ( 103.9911634092517971, 131.6117549271845348, -0.7994110250548748242 ) ) ;
#678 = CARTESIAN_POINT ( 'NONE',  ( 5.700603551839973804, -3.279591528475634288, 9.684974661892951531 ) ) ;
#679 = DIRECTION ( 'NONE',  ( 0.000000000000000000, 0.000000000000000000, -1.000000000000000000 ) ) ;
#680 = EDGE_CURVE ( 'NONE', #2253, #1640, #1583, .T. ) ;
#681 = CARTESIAN_POINT ( 'NONE',  ( 0.6173049646757284847, -2.063980236402404689, -7.789961416819028095 ) ) ;
#682 = VERTEX_POINT ( 'NONE', #2393 ) ;
#683 = CARTESIAN_POINT ( 'NONE',  ( 93.83916125066203051, 124.6909472273905521, 1.122871716366105277 ) ) ;
#684 = ORIENTED_EDGE ( 'NONE', *, *, #350, .F. ) ;
#685 = EDGE_CURVE ( 'NONE', #1967, #788, #1993, .T. ) ;
#686 = CARTESIAN_POINT ( 'NONE',  ( -4.948333249862139738, -5.000000000257297295, 11.48785582508903325 ) ) ;
#687 = CARTESIAN_POINT ( 'NONE',  ( 88.38904711246215129, 111.1239373928526248, -3.665522980013128596 ) ) ;
#688 = CARTESIAN_POINT ( 'NONE',  ( 110.5651055649190511, 123.9877426382488039, -0.1307110423220295692 ) ) ;
#689 = DIRECTION ( 'NONE',  ( 0.000000000000000000, 0.000000000000000000, -1.000000000000000000 ) ) ;
#690 = CARTESIAN_POINT ( 'NONE',  ( 0.000000000000000000, -6.000000000000000888, 0.000000000000000000 ) ) ;
#691 = DIRECTION ( 'NONE',  ( -0.000000000000000000, -1.000000000000000000, -0.000000000000000000 ) ) ;
#692 = CIRCLE ( 'NONE', #2321, 7.000000000000000000 ) ;
#693 = CARTESIAN_POINT ( 'NONE',  ( -5.682276617184967016, -5.000000000000002665, -11.13381032916372781 ) ) ;
#694 = VERTEX_POINT ( 'NONE', #57 ) ;
#695 = CIRCLE ( 'NONE', #316, 12.50000000000000000 ) ;
#696 = CARTESIAN_POINT ( 'NONE',  ( 93.86005135363964769, 124.7696095054828476, 1.051447284968428653 ) ) ;
#697 = LOCAL_TIME ( 11, 48, 32.00000000000000000, #1748 ) ;
#698 = ORIENTED_EDGE ( 'NONE', *, *, #2264, .T. ) ;
#699 = CARTESIAN_POINT ( 'NONE',  ( 5.889285033127026558, 2.067570162762335961, -7.814933543101716396 ) ) ;
#700 = EDGE_CURVE ( 'NONE', #1041, #559, #240, .T. ) ;
#701 = CARTESIAN_POINT ( 'NONE',  ( 0.000000000000000000, -5.000000000000000888, -3.500000000000000000 ) ) ;
#702 = CARTESIAN_POINT ( 'NONE',  ( 111.2148547181940330, 124.9192272169854050, -0.9999485759215548386 ) ) ;
#703 = CARTESIAN_POINT ( 'NONE',  ( -0.9443999089600946251, 3.485819842932422752, -7.789961416823413032 ) ) ;
#704 = CARTESIAN_POINT ( 'NONE',  ( 85.74572522457579282, 109.7177670348739156, -1.254037598479005533 ) ) ;
#705 = CARTESIAN_POINT ( 'NONE',  ( 93.41115642428533761, 123.0931154225980322, -2.093936506201793168 ) ) ;
#706 = CARTESIAN_POINT ( 'NONE',  ( 5.861048484487259458, -0.2634705070485197087, -8.177546591286711575 ) ) ;
#707 = CARTESIAN_POINT ( 'NONE',  ( 97.53208888623792916, 124.0128364576943767, -0.1153198281466645686 ) ) ;
#708 = VERTEX_POINT ( 'NONE', #1837 ) ;
#709 = CARTESIAN_POINT ( 'NONE',  ( 90.68913713148587874, 112.0819846378418134, 4.287168134506474715 ) ) ;
#710 = ORIENTED_EDGE ( 'NONE', *, *, #1384, .T. ) ;
#711 = DIRECTION ( 'NONE',  ( 1.224646799147353207E-16, 0.000000000000000000, -1.000000000000000000 ) ) ;
#712 = CARTESIAN_POINT ( 'NONE',  ( 104.1271524000572128, 131.8351072138943891, -0.5044784999345464094 ) ) ;
#713 = CARTESIAN_POINT ( 'NONE',  ( 94.12148508558996696, 117.4314155952666283, 3.688858508235607570 ) ) ;
#714 = EDGE_CURVE ( 'NONE', #616, #25, #637, .T. ) ;
#715 = DIRECTION ( 'NONE',  ( -0.6427876096865379196, -0.7660444431189792347, 0.000000000000000000 ) ) ;
#716 = CARTESIAN_POINT ( 'NONE',  ( 91.26457691051982124, 115.8436381046123671, -3.801118712800244825 ) ) ;
#717 = CARTESIAN_POINT ( 'NONE',  ( 5.792007975878632919, -1.314149345130969371, -8.560172562780067551 ) ) ;
#718 = EDGE_CURVE ( 'NONE', #956, #1960, #1377, .T. ) ;
#719 = CARTESIAN_POINT ( 'NONE',  ( 8.866689125175689412, -7.000000000000000888, 4.624048438056329147 ) ) ;
#720 = ORIENTED_EDGE ( 'NONE', *, *, #1636, .T. ) ;
#721 = CARTESIAN_POINT ( 'NONE',  ( 92.82917520135119105, 117.0549547962304615, 3.068482165129231110 ) ) ;
#722 = CARTESIAN_POINT ( 'NONE',  ( -3.830222215594896618, 3.213938048432689598, 0.000000000000000000 ) ) ;
#723 = CARTESIAN_POINT ( 'NONE',  ( 0.000000000000000000, -7.000000000000000888, 0.000000000000000000 ) ) ;
#724 = CARTESIAN_POINT ( 'NONE',  ( 92.33872187357466998, 115.9894201457086211, -3.381454970229216261 ) ) ;
#725 = CARTESIAN_POINT ( 'NONE',  ( 8.572527594031473190E-16, -6.000000000000000888, 7.000000000000000000 ) ) ;
#726 = DIRECTION ( 'NONE',  ( -0.000000000000000000, -1.000000000000000000, -0.000000000000000000 ) ) ;
#727 = DIRECTION ( 'NONE',  ( 0.6427876096865379196, 0.7660444431189792347, 0.000000000000000000 ) ) ;
#728 = ORIENTED_EDGE ( 'NONE', *, *, #58, .T. ) ;
#729 = CARTESIAN_POINT ( 'NONE',  ( 92.41199971376225619, 119.5111925666270167, -3.199025674153912036 ) ) ;
#730 = DIRECTION ( 'NONE',  ( 0.000000000000000000, 0.000000000000000000, -1.000000000000000000 ) ) ;
#731 = EDGE_CURVE ( 'NONE', #1523, #338, #740, .T. ) ;
#732 = DIRECTION ( 'NONE',  ( -0.000000000000000000, -1.000000000000000000, -0.000000000000000000 ) ) ;
#733 = ORIENTED_EDGE ( 'NONE', *, *, #659, .T. ) ;
#734 = VECTOR ( 'NONE', #1498, 1000.000000000000000 ) ;
#735 = AXIS2_PLACEMENT_3D ( 'NONE', #601, #1799, #641 ) ;
#736 = CARTESIAN_POINT ( 'NONE',  ( 90.34196714424831498, 112.3891848518196070, 4.008984330997171774 ) ) ;
#737 = CARTESIAN_POINT ( 'NONE',  ( 8.201687440787525318, -6.000000000000000888, 4.277244805202107258 ) ) ;
#738 = AXIS2_PLACEMENT_3D ( 'NONE', #837, #1848, #1835 ) ;
#739 = CARTESIAN_POINT ( 'NONE',  ( 87.16382084242870576, 110.8617852951777252, 2.825922835046878578 ) ) ;
#740 = CIRCLE ( 'NONE', #1533, 10.74999999999995026 ) ;
#741 = CARTESIAN_POINT ( 'NONE',  ( 90.94751141918759174, 113.3099517180180271, -3.925471046367831285 ) ) ;
#742 = AXIS2_PLACEMENT_3D ( 'NONE', #2085, #2482, #265 ) ;
#743 = APPLICATION_PROTOCOL_DEFINITION ( 'international standard', 'config_control_design', 1994, #999 ) ;
#744 = CARTESIAN_POINT ( 'NONE',  ( 85.53208888623794337, 109.7117933465638373, -4.104012155039680305E-16 ) ) ;
#745 = VECTOR ( 'NONE', #158, 999.9999999999998863 ) ;
#746 = FACE_OUTER_BOUND ( 'NONE', #2544, .T. ) ;
#747 = ORIENTED_EDGE ( 'NONE', *, *, #2019, .T. ) ;
#748 = DIRECTION ( 'NONE',  ( 0.000000000000000000, -1.000000000000000000, 0.000000000000000000 ) ) ;
#749 = CARTESIAN_POINT ( 'NONE',  ( 4.970852070910659393, -6.000000000000000888, 9.531690809563812650 ) ) ;
#750 = CARTESIAN_POINT ( 'NONE',  ( -5.562727206747858588, 2.893538862311985316, 7.789961416823413032 ) ) ;
#751 = EDGE_CURVE ( 'NONE', #604, #1240, #786, .T. ) ;
#752 = ORIENTED_EDGE ( 'NONE', *, *, #1261, .T. ) ;
#753 = CARTESIAN_POINT ( 'NONE',  ( 95.87638471183790045, 120.7533851571535308, 2.755578927482670082 ) ) ;
#754 = CARTESIAN_POINT ( 'NONE',  ( 87.74732062995774129, 110.9165773374417228, -3.307657113140090921 ) ) ;
#755 = CARTESIAN_POINT ( 'NONE',  ( 87.68842475933057301, 110.9037332460279117, 3.268920716414108085 ) ) ;
#756 = CARTESIAN_POINT ( 'NONE',  ( 92.32023793588915339, 114.3421320121106675, -4.159466761369563059 ) ) ;
#757 = APPROVAL_ROLE ( '' ) ;
#758 = CYLINDRICAL_SURFACE ( 'NONE', #1456, 0.7500000000000006661 ) ;
#759 = CARTESIAN_POINT ( 'NONE',  ( 97.28398548177898419, 123.5189491571232878, 1.124452456387022403 ) ) ;
#760 = ORIENTED_EDGE ( 'NONE', *, *, #1721, .T. ) ;
#761 = CARTESIAN_POINT ( 'NONE',  ( 0.000000000000000000, -6.000000000000000888, 0.000000000000000000 ) ) ;
#762 = DIRECTION ( 'NONE',  ( 0.6427876096865379196, 0.7660444431189792347, 0.000000000000000000 ) ) ;
#763 = CARTESIAN_POINT ( 'NONE',  ( 89.99999999999998579, 128.0000000000000000, 0.000000000000000000 ) ) ;
#764 = ORIENTED_EDGE ( 'NONE', *, *, #816, .F. ) ;
#765 = CARTESIAN_POINT ( 'NONE',  ( 92.54261119100996780, 119.9650257506334725, 3.092684013727248882 ) ) ;
#766 = CARTESIAN_POINT ( 'NONE',  ( 0.000000000000000000, -6.000000000000000888, 0.000000000000000000 ) ) ;
#767 = DIRECTION ( 'NONE',  ( 0.7660444431189791237, -0.6427876096865379196, -0.000000000000000000 ) ) ;
#768 = CARTESIAN_POINT ( 'NONE',  ( 90.67653623810015517, 112.8769280855995447, -3.973371883619102096 ) ) ;
#769 = DIRECTION ( 'NONE',  ( -0.7660444431189794567, 0.6427876096865374755, 0.000000000000000000 ) ) ;
#770 = EDGE_CURVE ( 'NONE', #25, #2017, #2525, .T. ) ;
#771 = CARTESIAN_POINT ( 'NONE',  ( 87.10662490791857238, 109.8631077113160188, 3.145422550386453686 ) ) ;
#772 = CARTESIAN_POINT ( 'NONE',  ( -3.722110005123741683, 3.251495811797132873, 7.789961416823412144 ) ) ;
#773 = EDGE_LOOP ( 'NONE', ( #1987, #1668, #1535, #1124 ) ) ;
#774 = DIRECTION ( 'NONE',  ( 0.000000000000000000, 0.000000000000000000, -1.000000000000000000 ) ) ;
#775 = DIRECTION ( 'NONE',  ( 0.000000000000000000, 0.000000000000000000, -1.000000000000000000 ) ) ;
#776 = ORIENTED_EDGE ( 'NONE', *, *, #1806, .T. ) ;
#777 = B_SPLINE_CURVE_WITH_KNOTS ( 'NONE', 3,
 ( #1794, #154, #1337, #351, #170, #2134, #1750, #2339, #759, #1764 ),
 .UNSPECIFIED., .F., .F.,
 ( 4, 2, 2, 2, 4 ),
 ( 0.02318797834239983216, 0.02353408943170120365, 0.02388020052100257862, 0.02422631161030395358, 0.02457242269960532507 ),
 .UNSPECIFIED. ) ;
#778 = CARTESIAN_POINT ( 'NONE',  ( 87.67681274200400310, 110.0002093687493812, 3.532241386463157884 ) ) ;
#779 = CARTESIAN_POINT ( 'NONE',  ( 86.34120146481350844, 110.9319907536034719, -1.634974423111790420 ) ) ;
#780 = DIRECTION ( 'NONE',  ( 0.000000000000000000, 0.000000000000000000, -1.000000000000000000 ) ) ;
#781 = CARTESIAN_POINT ( 'NONE',  ( 90.23904673578607571, 112.2514280185305182, -4.014236796388737538 ) ) ;
#782 = AXIS2_PLACEMENT_3D ( 'NONE', #1574, #1193, #2543 ) ;
#783 = AXIS2_PLACEMENT_3D ( 'NONE', #1132, #927, #959 ) ;
#784 = FACE_BOUND ( 'NONE', #1802, .T. ) ;
#785 = EDGE_CURVE ( 'NONE', #1428, #2239, #2207, .T. ) ;
#786 = CIRCLE ( 'NONE', #367, 1.999999999999993561 ) ;
#787 = DIRECTION ( 'NONE',  ( 1.000000000000000000, 0.000000000000000000, 0.000000000000000000 ) ) ;
#788 = VERTEX_POINT ( 'NONE', #1610 ) ;
#789 = AXIS2_PLACEMENT_3D ( 'NONE', #302, #291, #1669 ) ;
#790 = CARTESIAN_POINT ( 'NONE',  ( 111.0453179887566364, 124.7171764876985947, 0.9999337034793730483 ) ) ;
#791 = ORIENTED_EDGE ( 'NONE', *, *, #972, .T. ) ;
#792 = CARTESIAN_POINT ( 'NONE',  ( 85.58547005470288127, 109.7129141223005604, 0.6613804085411351119 ) ) ;
#793 = LINE ( 'NONE', #204, #24 ) ;
#794 = CARTESIAN_POINT ( 'NONE',  ( -5.669413965147320766, -4.212067931235743856, 10.34490290297299886 ) ) ;
#795 = CARTESIAN_POINT ( 'NONE',  ( 94.03919698545260530, 119.9030615916937847, 0.5658450990015437831 ) ) ;
#796 = PERSON_AND_ORGANIZATION ( #998, #1324 ) ;
#797 = VERTEX_POINT ( 'NONE', #1641 ) ;
#798 = CARTESIAN_POINT ( 'NONE',  ( 89.57040939590524431, 110.9873201216354914, 4.191537587687085065 ) ) ;
#799 = CARTESIAN_POINT ( 'NONE',  ( 32.58730416786261230, 190.7242943198659759, -3.979021973021801273E-14 ) ) ;
#800 = ORIENTED_EDGE ( 'NONE', *, *, #1085, .F. ) ;
#801 = ADVANCED_FACE ( 'NONE', ( #2419 ), #855, .F. ) ;
#802 = DIRECTION ( 'NONE',  ( 0.000000000000000000, -1.000000000000000000, 0.000000000000000000 ) ) ;
#803 = ADVANCED_FACE ( 'NONE', ( #669 ), #624, .F. ) ;
#804 = ORIENTED_EDGE ( 'NONE', *, *, #438, .F. ) ;
#805 = CARTESIAN_POINT ( 'NONE',  ( 85.95047696223871014, 109.7247926835346732, 1.777986918810801731 ) ) ;
#806 = CARTESIAN_POINT ( 'NONE',  ( 0.9028075371731647536, 11.96599091387016500, 8.572527594031473190E-16 ) ) ;
#807 = CARTESIAN_POINT ( 'NONE',  ( 87.79056348820842004, 110.0338070799694350, -3.596041201853136027 ) ) ;
#808 = CARTESIAN_POINT ( 'NONE',  ( 96.65687496945375301, 122.2783127660152331, -2.064221345399065655 ) ) ;
#809 = VERTEX_POINT ( 'NONE', #2243 ) ;
#810 = CARTESIAN_POINT ( 'NONE',  ( 8.384011738025524352, 2.000435063748065456, 7.789961416823412144 ) ) ;
#811 = CARTESIAN_POINT ( 'NONE',  ( 4.624048438056298949, -6.000000000000000888, -8.866689125175708952 ) ) ;
#812 = ORIENTED_EDGE ( 'NONE', *, *, #297, .F. ) ;
#813 = DIRECTION ( 'NONE',  ( 0.000000000000000000, 0.000000000000000000, -1.000000000000000000 ) ) ;
#814 = CC_DESIGN_DATE_AND_TIME_ASSIGNMENT ( #1959, #167, ( #2288 ) ) ;
#815 = EDGE_LOOP ( 'NONE', ( #248, #1139 ) ) ;
#816 = EDGE_CURVE ( 'NONE', #1876, #1723, #2073, .T. ) ;
#817 = CARTESIAN_POINT ( 'NONE',  ( 85.52797290009480946, 109.7117131732249931, 0.08039183154427652356 ) ) ;
#818 = DIRECTION ( 'NONE',  ( 9.381338752702745572E-17, -7.871877887341969040E-17, 1.000000000000000000 ) ) ;
#819 = CARTESIAN_POINT ( 'NONE',  ( 85.89829464071895870, 109.7233917891643813, -1.691182853727363433 ) ) ;
#820 = CARTESIAN_POINT ( 'NONE',  ( 93.98685175519139534, 125.2486189580308036, -0.3272034352171033222 ) ) ;
#821 = ORIENTED_EDGE ( 'NONE', *, *, #1647, .F. ) ;
#822 = AXIS2_PLACEMENT_3D ( 'NONE', #799, #932, #393 ) ;
#823 = AXIS2_PLACEMENT_3D ( 'NONE', #1811, #2398, #1593 ) ;
#824 = CARTESIAN_POINT ( 'NONE',  ( 102.9046611337293058, 130.4156187351142080, -1.391424419065029463E-22 ) ) ;
#825 = FACE_OUTER_BOUND ( 'NONE', #1009, .T. ) ;
#826 = CONICAL_SURFACE ( 'NONE', #533, 5.000000000000008882, 0.1745329251994333364 ) ;
#827 = VECTOR ( 'NONE', #395, 1000.000000000000227 ) ;
#828 = AXIS2_PLACEMENT_3D ( 'NONE', #242, #2423, #841 ) ;
#829 = ORIENTED_EDGE ( 'NONE', *, *, #209, .T. ) ;
#830 = CARTESIAN_POINT ( 'NONE',  ( 86.69482796083033804, 110.2694270376316581, 2.260820586803388821 ) ) ;
#831 = CARTESIAN_POINT ( 'NONE',  ( 86.70263479930019912, 110.8830648208002003, -2.277819288289510968 ) ) ;
#832 = ADVANCED_FACE ( 'NONE', ( #224 ), #1058, .F. ) ;
#833 = CARTESIAN_POINT ( 'NONE',  ( -5.695057386648076481, -3.298791803348801288, 9.645989553013883722 ) ) ;
#834 = CARTESIAN_POINT ( 'NONE',  ( 97.31165786505926008, 123.5739583789846421, -1.061470711083497109 ) ) ;
#835 = ORIENTED_EDGE ( 'NONE', *, *, #2314, .T. ) ;
#836 = DIRECTION ( 'NONE',  ( 0.000000000000000000, -1.000000000000000000, 0.000000000000000000 ) ) ;
#837 = CARTESIAN_POINT ( 'NONE',  ( 8.866689125175664543, -6.000000000000000888, -4.624048438056376220 ) ) ;
#838 = ORIENTED_EDGE ( 'NONE', *, *, #85, .T. ) ;
#839 = DIRECTION ( 'NONE',  ( 0.000000000000000000, 0.8060625844930361383, 0.5918303049695975426 ) ) ;
#840 = CARTESIAN_POINT ( 'NONE',  ( 103.2012930572439871, 130.6703076626927782, 0.8000034070399877351 ) ) ;
#841 = DIRECTION ( 'NONE',  ( 0.000000000000000000, 0.000000000000000000, -1.000000000000000000 ) ) ;
#842 = CARTESIAN_POINT ( 'NONE',  ( 94.36560839394662992, 120.7318076113027416, -1.336547694595187075 ) ) ;
#843 = ORIENTED_EDGE ( 'NONE', *, *, #2381, .T. ) ;
#844 = CARTESIAN_POINT ( 'NONE',  ( -3.878153191606311445, 3.224939939727520688, 7.789961416823412144 ) ) ;
#845 = EDGE_CURVE ( 'NONE', #479, #2017, #1284, .T. ) ;
#846 = DIRECTION ( 'NONE',  ( 0.000000000000000000, 0.000000000000000000, -1.000000000000000000 ) ) ;
#847 = ORIENTED_EDGE ( 'NONE', *, *, #2029, .T. ) ;
#848 = DIRECTION ( 'NONE',  ( 1.000000000000000000, 0.000000000000000000, 0.000000000000000000 ) ) ;
#849 = CARTESIAN_POINT ( 'NONE',  ( -6.530354279740529400, -2.244139412963545688, -7.789961416817284601 ) ) ;
#850 = CARTESIAN_POINT ( 'NONE',  ( 5.962538829963461851, 1.724653160463039292, 7.842540003451851760 ) ) ;
#851 = CARTESIAN_POINT ( 'NONE',  ( 91.61170861076716676, 116.8529506935951758, 3.679736410648628109 ) ) ;
#852 = LINE ( 'NONE', #2281, #453 ) ;
#853 = CARTESIAN_POINT ( 'NONE',  ( 87.07042718025201111, 110.2995175916101971, -2.729984389308120818 ) ) ;
#854 = DIRECTION ( 'NONE',  ( 0.000000000000000000, -1.000000000000000000, 0.000000000000000000 ) ) ;
#855 = PLANE ( 'NONE',  #1869 ) ;
#856 = ADVANCED_FACE ( 'NONE', ( #2439 ), #1454, .F. ) ;
#857 = AXIS2_PLACEMENT_3D ( 'NONE', #2468, #1460, #467 ) ;
#858 = AXIS2_PLACEMENT_3D ( 'NONE', #409, #748, #813 ) ;
#859 = LOCAL_TIME ( 11, 48, 32.00000000000000000, #1930 ) ;
#860 = CIRCLE ( 'NONE', #2327, 5.000000000000000888 ) ;
#861 = CARTESIAN_POINT ( 'NONE',  ( -3.095060488553572853, -2.057136084739799919, -7.789961416824100482 ) ) ;
#862 = AXIS2_PLACEMENT_3D ( 'NONE', #763, #545, #1341 ) ;
#863 = EDGE_LOOP ( 'NONE', ( #2436, #653, #2257, #1448, #93 ) ) ;
#864 = DIRECTION ( 'NONE',  ( -0.000000000000000000, 1.000000000000000000, -0.000000000000000000 ) ) ;
#865 = CARTESIAN_POINT ( 'NONE',  ( 93.78693042645815581, 124.4942705848109910, 1.301451827923817639 ) ) ;
#866 = CARTESIAN_POINT ( 'NONE',  ( 5.645228605708283887, 2.734932809851633895, -7.789961416823413032 ) ) ;
#867 = CARTESIAN_POINT ( 'NONE',  ( 87.91646960558350088, 110.9519093132283842, -3.419389477049126658 ) ) ;
#868 = DIRECTION ( 'NONE',  ( 0.000000000000000000, 0.000000000000000000, -1.000000000000000000 ) ) ;
#869 = CARTESIAN_POINT ( 'NONE',  ( 0.4529197831630872861, 3.486449172151682152, -7.789961416823411255 ) ) ;
#870 = ADVANCED_FACE ( 'NONE', ( #426 ), #1660, .F. ) ;
#871 = CARTESIAN_POINT ( 'NONE',  ( 93.83916125066198788, 124.6909472273903248, 1.122871716366303785 ) ) ;
#872 = EDGE_CURVE ( 'NONE', #1114, #348, #1213, .T. ) ;
#873 = CARTESIAN_POINT ( 'NONE',  ( 97.17461549687951106, 123.3017069129619898, -1.350957730233974363 ) ) ;
#874 = ORIENTED_EDGE ( 'NONE', *, *, #1430, .F. ) ;
#875 = CARTESIAN_POINT ( 'NONE',  ( 5.986833013517909308, 1.548139326825714646, 7.860815846074597602 ) ) ;
#876 = ORIENTED_EDGE ( 'NONE', *, *, #2547, .F. ) ;
#877 = CARTESIAN_POINT ( 'NONE',  ( 6.022242657763092311, 1.197826368761670146, -7.901037120333307406 ) ) ;
#878 = CARTESIAN_POINT ( 'NONE',  ( 88.11886900708059045, 110.1476932483242877, -3.759836388560292342 ) ) ;
#879 = CARTESIAN_POINT ( 'NONE',  ( 0.000000000000000000, -6.000000000000000888, -7.000000000000000000 ) ) ;
#880 = CARTESIAN_POINT ( 'NONE',  ( 0.000000000000000000, 0.000000000000000000, 7.789961416823413032 ) ) ;
#881 = CARTESIAN_POINT ( 'NONE',  ( 0.000000000000000000, 0.000000000000000000, 0.000000000000000000 ) ) ;
#882 = CYLINDRICAL_SURFACE ( 'NONE', #2116, 9.250000000000046185 ) ;
#883 = ADVANCED_FACE ( 'NONE', ( #825 ), #1235, .T. ) ;
#884 = CARTESIAN_POINT ( 'NONE',  ( 2.488499455538373262, -2.057935626639483484, -7.789961416822066553 ) ) ;
#885 = EDGE_CURVE ( 'NONE', #1041, #559, #1030, .T. ) ;
#886 = ORIENTED_EDGE ( 'NONE', *, *, #598, .F. ) ;
#887 = CARTESIAN_POINT ( 'NONE',  ( 97.38159384164508481, 123.7130589939171585, 0.8805001719034437624 ) ) ;
#888 = ORIENTED_EDGE ( 'NONE', *, *, #1151, .T. ) ;
#889 = CARTESIAN_POINT ( 'NONE',  ( -4.277244805202138345, -6.000000000000000888, 8.201687440787509331 ) ) ;
#890 = DIRECTION ( 'NONE',  ( -0.000000000000000000, 1.000000000000000000, -0.000000000000000000 ) ) ;
#891 = CARTESIAN_POINT ( 'NONE',  ( 110.6652776112595404, 124.1646317388828891, -0.6140923334727240723 ) ) ;
#892 = CARTESIAN_POINT ( 'NONE',  ( 5.654628129282667004, -4.492403934428508272, 10.66476051855623020 ) ) ;
#893 = FACE_OUTER_BOUND ( 'NONE', #1130, .T. ) ;
#894 = CARTESIAN_POINT ( 'NONE',  ( 93.71335514790457921, 124.2180502929597168, -1.501262711041169817 ) ) ;
#895 = AXIS2_PLACEMENT_3D ( 'NONE', #1119, #1540, #561 ) ;
#896 = CARTESIAN_POINT ( 'NONE',  ( 96.35919667167428315, 121.6934077566323111, -2.368224722818011330 ) ) ;
#897 = ORIENTED_EDGE ( 'NONE', *, *, #2552, .T. ) ;
#898 = AXIS2_PLACEMENT_3D ( 'NONE', #649, #39, #1807 ) ;
#899 = CARTESIAN_POINT ( 'NONE',  ( 90.76915651429412435, 113.0206181110254704, 3.959145576270384659 ) ) ;
#900 = EDGE_CURVE ( 'NONE', #708, #1849, #1781, .T. ) ;
#901 = AXIS2_PLACEMENT_3D ( 'NONE', #165, #2375, #1928 ) ;
#902 = CARTESIAN_POINT ( 'NONE',  ( 93.35463598777621996, 122.8836818764036281, 2.193959647957715919 ) ) ;
#903 = CARTESIAN_POINT ( 'NONE',  ( -6.533547294522529469, -2.244777273248284466, 7.789961416821726381 ) ) ;
#904 = CARTESIAN_POINT ( 'NONE',  ( 86.16757118244817093, 110.2640800928834750, -1.145925959025825724 ) ) ;
#905 = DIRECTION ( 'NONE',  ( 0.000000000000000000, -1.000000000000000000, 0.000000000000000000 ) ) ;
#906 = CARTESIAN_POINT ( 'NONE',  ( 95.97264800671109697, 120.9396276563246602, 2.689561939528852808 ) ) ;
#907 = CARTESIAN_POINT ( 'NONE',  ( -5.695051333617259459, -3.298933942279866915, -9.646076916302744664 ) ) ;
#908 =( BOUNDED_SURFACE ( )  B_SPLINE_SURFACE ( 3, 2, ( 
 ( #1902, #904, #1065 ),
 ( #2271, #1703, #54 ),
 ( #1868, #481, #2086 ),
 ( #1483, #2497, #2261 ),
 ( #1509, #281, #459 ),
 ( #2471, #853, #1257 ),
 ( #2049, #69, #79 ),
 ( #1670, #1657, #2460 ),
 ( #292, #257, #1055 ),
 ( #1463, #470, #867 ),
 ( #878, #1880, #1472 ),
 ( #2284, #1277, #687 ),
 ( #2072, #1080, #2554 ),
 ( #2173, #319, #974 ),
 ( #2308, #1378, #1122 ),
 ( #1727, #1942, #346 ),
 ( #1165, #2566, #146 ),
 ( #1714, #1917, #2130 ),
 ( #2521, #781, #564 ),
 ( #1542, #535, #119 ),
 ( #131, #768, #916 ),
 ( #929, #741, #2508 ),
 ( #519, #1361, #575 ),
 ( #1773, #1317, #1747 ),
 ( #756, #2337, #1334 ),
 ( #1178, #333, #946 ),
 ( #380, #724, #1570 ),
 ( #551, #2348, #2156 ),
 ( #961, #2360, #179 ),
 ( #1958, #360, #2539 ),
 ( #1556, #166, #1135 ),
 ( #1760, #1972, #1347 ),
 ( #2144, #2110, #1521 ),
 ( #2320, #1147, #1929 ),
 ( #2415, #230, #1219 ),
 ( #244, #1004, #2012 ),
 ( #1401, #34, #5 ),
 ( #808, #2035, #1029 ),
 ( #42, #1390, #1842 ),
 ( #643, #2185, #389 ),
 ( #2238, #2400, #1829 ),
 ( #2376, #615, #1412 ),
 ( #591, #2426, #2214 ),
 ( #1584, #1189, #218 ),
 ( #834, #1635, #1241 ),
 ( #1999, #1017, #631 ),
 ( #1203, #1801, #1438 ),
 ( #1983, #443, #206 ),
 ( #603, #1815, #1044 ),
 ( #189, #420, #17 ),
 ( #987, #1789, #820 ),
 ( #1620, #795, #1595 ),
 ( #1427, #2388, #2197 ),
 ( #402, #2227, #431 ),
 ( #1230, #1090, #1479 ),
 ( #1899, #652, #1101 ),
 ( #2478, #1447, #2247 ),
 ( #1495, #64, #2083 ),
 ( #2278, #1644, #1667 ),
 ( #477, #2435, #1687 ),
 ( #887, #842, #455 ),
 ( #1253, #2046, #1077 ),
 ( #253, #1051, #696 ),
 ( #1877, #2293, #263 ) ),
 .UNSPECIFIED., .F., .F., .F. ) 
 B_SPLINE_SURFACE_WITH_KNOTS ( ( 4, 2, 2, 2, 2, 2, 2, 2, 2, 2, 2, 2, 2, 2, 2, 2, 2, 2, 2, 2, 2, 2, 2, 2, 2, 2, 2, 2, 2, 2, 2, 4 ),
 ( 3, 3 ),
 ( 0.000000000000000000, 0.001628716837628917504, 0.002443075256443376364, 0.003257433675257835008, 0.004071792094072293651, 0.004886150512886752728, 0.005700508931701210938, 0.006514867350515670015, 0.007329225769330129092, 0.008143584188144587302, 0.008957942606959045512, 0.009772301025773505456, 0.01140101786340242188, 0.01302973470103134003, 0.01465845153866025818, 0.01628716837628917460, 0.01791588521391809102, 0.01954460205154701091, 0.02035896047036146739, 0.02117331888917592733, 0.02198767730799038728, 0.02239485651739761551, 0.02280203572680484375, 0.02320921493621207199, 0.02361639414561930370, 0.02381998375032291781, 0.02402357335502653540, 0.02443075256443376364, 0.02483793177384099188, 0.02524511098324822012, 0.02565229019265544835, 0.02605946940206268006 ),
 ( 0.000000000000000000, 1.000000000000000000 ),
 .UNSPECIFIED. ) 
 GEOMETRIC_REPRESENTATION_ITEM ( )  RATIONAL_B_SPLINE_SURFACE ( (
 ( 1.000000000000000000, 0.9440581124304576743, 1.000000000000000000),
 ( 1.000000000000000000, 0.9466579770172128816, 1.000000000000000000),
 ( 1.000000000000000000, 0.9502324223569014183, 1.000000000000000000),
 ( 1.000000000000000000, 0.9562846393977979531, 1.000000000000000000),
 ( 1.000000000000000000, 0.9584280869979685535, 1.000000000000000000),
 ( 1.000000000000000000, 0.9626549601484885033, 1.000000000000000000),
 ( 1.000000000000000000, 0.9647525678709227837, 1.000000000000000000),
 ( 1.000000000000000000, 0.9687294836612980742, 1.000000000000000000),
 ( 1.000000000000000000, 0.9706160048717540345, 1.000000000000000000),
 ( 1.000000000000000000, 0.9739100815953201096, 1.000000000000000000),
 ( 1.000000000000000000, 0.9752798584712603081, 1.000000000000000000),
 ( 1.000000000000000000, 0.9772317078051813155, 1.000000000000000000),
 ( 1.000000000000000000, 0.9778101414969823102, 1.000000000000000000),
 ( 1.000000000000000000, 0.9779059209295885013, 1.000000000000000000),
 ( 1.000000000000000000, 0.9774386270881325611, 1.000000000000000000),
 ( 1.000000000000000000, 0.9754189173377985078, 1.000000000000000000),
 ( 1.000000000000000000, 0.9738525614353781279, 1.000000000000000000),
 ( 1.000000000000000000, 0.9698060886891612942, 1.000000000000000000),
 ( 1.000000000000000000, 0.9673183346891071066, 1.000000000000000000),
 ( 1.000000000000000000, 0.9614827172820431533, 1.000000000000000000),
 ( 1.000000000000000000, 0.9581163231338556407, 1.000000000000000000),
 ( 1.000000000000000000, 0.9506633210008543777, 1.000000000000000000),
 ( 1.000000000000000000, 0.9465757724773250503, 1.000000000000000000),
 ( 1.000000000000000000, 0.9332642124396305361, 1.000000000000000000),
 ( 1.000000000000000000, 0.9229976696969400818, 1.000000000000000000),
 ( 1.000000000000000000, 0.8996071796541506016, 1.000000000000000000),
 ( 1.000000000000000000, 0.8864811304549018445, 1.000000000000000000),
 ( 1.000000000000000000, 0.8570886384873404040, 1.000000000000000000),
 ( 1.000000000000000000, 0.8407769713390019772, 1.000000000000000000),
 ( 1.000000000000000000, 0.8047909848673963085, 1.000000000000000000),
 ( 1.000000000000000000, 0.7851397794876940894, 1.000000000000000000),
 ( 1.000000000000000000, 0.7419930861599498551, 1.000000000000000000),
 ( 1.000000000000000000, 0.7185013535443013355, 1.000000000000000000),
 ( 1.000000000000000000, 0.6668770451826011580, 1.000000000000000000),
 ( 1.000000000000000000, 0.6387473880429104245, 1.000000000000000000),
 ( 1.000000000000000000, 0.5921806277909864580, 1.000000000000000000),
 ( 1.000000000000000000, 0.5759254038673378151, 1.000000000000000000),
 ( 1.000000000000000000, 0.5417750031036643321, 1.000000000000000000),
 ( 1.000000000000000000, 0.5240738810974072681, 1.000000000000000000),
 ( 1.000000000000000000, 0.4876900624168012399, 1.000000000000000000),
 ( 1.000000000000000000, 0.4689481207248124006, 1.000000000000000000),
 ( 1.000000000000000000, 0.4407323520989636645, 1.000000000000000000),
 ( 1.000000000000000000, 0.4314059355999536605, 1.000000000000000000),
 ( 1.000000000000000000, 0.4131853475165463419, 1.000000000000000000),
 ( 1.000000000000000000, 0.4042885062032987586, 1.000000000000000000),
 ( 1.000000000000000000, 0.3873631535386415359, 1.000000000000000000),
 ( 1.000000000000000000, 0.3792803866396097234, 1.000000000000000000),
 ( 1.000000000000000000, 0.3649530203564655406, 1.000000000000000000),
 ( 1.000000000000000000, 0.3587311824757780099, 1.000000000000000000),
 ( 1.000000000000000000, 0.3513719385195876455, 1.000000000000000000),
 ( 1.000000000000000000, 0.3492487761848532823, 1.000000000000000000),
 ( 1.000000000000000000, 0.3457634452402278402, 1.000000000000000000),
 ( 1.000000000000000000, 0.3444020465528655484, 1.000000000000000000),
 ( 1.000000000000000000, 0.3416464271542045128, 1.000000000000000000),
 ( 1.000000000000000000, 0.3415475454482729267, 1.000000000000000000),
 ( 1.000000000000000000, 0.3447618690814991949, 1.000000000000000000),
 ( 1.000000000000000000, 0.3481213391048992301, 1.000000000000000000),
 ( 1.000000000000000000, 0.3576563878025879606, 1.000000000000000000),
 ( 1.000000000000000000, 0.3637608161759898762, 1.000000000000000000),
 ( 1.000000000000000000, 0.3778310517992068407, 1.000000000000000000),
 ( 1.000000000000000000, 0.3858498709935747617, 1.000000000000000000),
 ( 1.000000000000000000, 0.4027164258132707175, 1.000000000000000000),
 ( 1.000000000000000000, 0.4115871691952107114, 1.000000000000000000),
 ( 1.000000000000000000, 0.4206566423846769265, 1.000000000000000000) ) ) 
 REPRESENTATION_ITEM ( '' )  SURFACE ( )  );
#909 = CARTESIAN_POINT ( 'NONE',  ( 93.99884332281189359, 125.2940184037709059, 0.1845100701371863439 ) ) ;
#910 = CARTESIAN_POINT ( 'NONE',  ( 0.000000000000000000, -5.000000000000000888, -3.500000000000000000 ) ) ;
#911 = DIRECTION ( 'NONE',  ( -0.000000000000000000, -1.000000000000000000, -0.000000000000000000 ) ) ;
#912 = VERTEX_POINT ( 'NONE', #919 ) ;
#913 = CARTESIAN_POINT ( 'NONE',  ( 94.36997889918875160, 120.7484571329558776, 0.9383138604127609916 ) ) ;
#914 = CYLINDRICAL_SURFACE ( 'NONE', #619, 12.50000000000000000 ) ;
#915 = FACE_OUTER_BOUND ( 'NONE', #2152, .T. ) ;
#916 = CARTESIAN_POINT ( 'NONE',  ( 90.19950697188114930, 113.2376130510761527, -3.996444636476295109 ) ) ;
#917 = APPROVAL_STATUS ( 'not_yet_approved' ) ;
#918 = ORIENTED_EDGE ( 'NONE', *, *, #2299, .F. ) ;
#919 = CARTESIAN_POINT ( 'NONE',  ( -4.277244805202138345, -6.000000000000000888, 8.201687440787509331 ) ) ;
#920 = EDGE_CURVE ( 'NONE', #1710, #436, #1951, .T. ) ;
#921 = CARTESIAN_POINT ( 'NONE',  ( 103.0614681981569163, 130.5449854129597043, 0.6140923334726972049 ) ) ;
#922 = CARTESIAN_POINT ( 'NONE',  ( 93.99147185708218899, 125.2661108783918991, -0.3083457737860371140 ) ) ;
#923 = CARTESIAN_POINT ( 'NONE',  ( 6.212742257510484478, 0.8475463209442297696, -7.789961416823413032 ) ) ;
#924 = FACE_OUTER_BOUND ( 'NONE', #18, .T. ) ;
#925 = EDGE_LOOP ( 'NONE', ( #2420, #2431, #38, #1259 ) ) ;
#926 = CARTESIAN_POINT ( 'NONE',  ( 94.17107890885023380, 120.2563657051942414, 1.383557670403624984 ) ) ;
#927 = DIRECTION ( 'NONE',  ( 0.000000000000000000, -1.000000000000000000, 0.000000000000000000 ) ) ;
#928 = CARTESIAN_POINT ( 'NONE',  ( 86.62417504216800523, 110.8928619132352082, 2.152554585899010497 ) ) ;
#929 = CARTESIAN_POINT ( 'NONE',  ( 91.41816814045492379, 113.0092038116654294, -4.264432364605774239 ) ) ;
#930 = DATE_AND_TIME ( #347, #859 ) ;
#931 = CARTESIAN_POINT ( 'NONE',  ( 8.201687440787525318, -7.000000000000000888, 4.277244805202107258 ) ) ;
#932 = DIRECTION ( 'NONE',  ( 0.7660444431189791237, -0.6427876096865379196, -0.000000000000000000 ) ) ;
#933 = VERTEX_POINT ( 'NONE', #1319 ) ;
#934 = ADVANCED_FACE ( 'NONE', ( #1106 ), #1125, .F. ) ;
#935 = CARTESIAN_POINT ( 'NONE',  ( 111.2150517619791401, 124.9194993483202580, 1.000066045396821091 ) ) ;
#936 = CARTESIAN_POINT ( 'NONE',  ( -8.201687440787461369, -6.000000000000000888, 4.277244805202164102 ) ) ;
#937 = CARTESIAN_POINT ( 'NONE',  ( 7.039648651142289104, -2.344494810895631609, -7.789961416823417473 ) ) ;
#938 = ORIENTED_EDGE ( 'NONE', *, *, #2123, .T. ) ;
#939 = AXIS2_PLACEMENT_3D ( 'NONE', #1525, #2090, #650 ) ;
#940 = CIRCLE ( 'NONE', #2034, 3.500000000000000000 ) ;
#941 = CARTESIAN_POINT ( 'NONE',  ( 94.68108508757165964, 121.5287119632389761, -0.4679833455660131203 ) ) ;
#942 = CARTESIAN_POINT ( 'NONE',  ( 0.000000000000000000, -6.000000000000000888, 0.000000000000000000 ) ) ;
#943 = AXIS2_PLACEMENT_3D ( 'NONE', #811, #46, #2403 ) ;
#944 = CARTESIAN_POINT ( 'NONE',  ( 86.07244998034732930, 110.9815640794924576, -0.8350741698392639689 ) ) ;
#945 = AXIS2_PLACEMENT_3D ( 'NONE', #1010, #48, #2405 ) ;
#946 = CARTESIAN_POINT ( 'NONE',  ( 91.31711846100543539, 115.9986158919639934, -3.781034389099854565 ) ) ;
#947 = AXIS2_PLACEMENT_3D ( 'NONE', #1520, #345, #780 ) ;
#948 = DATE_TIME_ROLE ( 'creation_date' ) ;
#949 = DIRECTION ( 'NONE',  ( 0.000000000000000000, 0.000000000000000000, -1.000000000000000000 ) ) ;
#950 = AXIS2_PLACEMENT_3D ( 'NONE', #667, #1857, #267 ) ;
#951 = CARTESIAN_POINT ( 'NONE',  ( -5.645228605708283887, 2.734932809851633895, 7.789961416823413032 ) ) ;
#952 = VERTEX_POINT ( 'NONE', #1474 ) ;
#953 = DIRECTION ( 'NONE',  ( 0.000000000000000000, 0.000000000000000000, -1.000000000000000000 ) ) ;
#954 = DIRECTION ( 'NONE',  ( -0.000000000000000000, -1.000000000000000000, -0.000000000000000000 ) ) ;
#955 = FACE_OUTER_BOUND ( 'NONE', #192, .T. ) ;
#956 = VERTEX_POINT ( 'NONE', #1095 ) ;
#957 = ADVANCED_FACE ( 'NONE', ( #1692 ), #483, .F. ) ;
#958 = CARTESIAN_POINT ( 'NONE',  ( 96.81400629003030645, 122.5880151844983459, 1.881205708877019323 ) ) ;
#959 = DIRECTION ( 'NONE',  ( 0.000000000000000000, 0.000000000000000000, -1.000000000000000000 ) ) ;
#960 = CARTESIAN_POINT ( 'NONE',  ( 8.866689125175664543, -7.000000000000000888, -4.624048438056376220 ) ) ;
#961 = CARTESIAN_POINT ( 'NONE',  ( 93.91580907825640168, 117.0653157882934750, -3.754971684593506609 ) ) ;
#962 = DIRECTION ( 'NONE',  ( 0.6427876096865381417, 0.7660444431189791237, 0.000000000000000000 ) ) ;
#963 = CARTESIAN_POINT ( 'NONE',  ( 113.1041158623063296, 127.0136172817937563, 6.123233995736766282E-16 ) ) ;
#964 = B_SPLINE_CURVE_WITH_KNOTS ( 'NONE', 3,
 ( #400, #1446, #984, #2577, #1825, #1425 ),
 .UNSPECIFIED., .F., .F.,
 ( 4, 2, 4 ),
 ( 4.630594702425637008E-19, 0.0006360594446294751819, 0.001272118889258949930 ),
 .UNSPECIFIED. ) ;
#965 = DIRECTION ( 'NONE',  ( 1.000000000000000000, 0.000000000000000000, 0.000000000000000000 ) ) ;
#966 = ORIENTED_EDGE ( 'NONE', *, *, #1806, .F. ) ;
#967 = CARTESIAN_POINT ( 'NONE',  ( 89.99999999999998579, 128.0000000000000000, -4.000000000000003553 ) ) ;
#968 = CARTESIAN_POINT ( 'NONE',  ( 7.652259123940400976, 2.290948015394330906, -7.789961416823412144 ) ) ;
#969 = VERTEX_POINT ( 'NONE', #1511 ) ;
#970 = CARTESIAN_POINT ( 'NONE',  ( 86.82238717285376595, 109.8139124487638725, 2.899268980857580225 ) ) ;
#971 = CARTESIAN_POINT ( 'NONE',  ( 113.2222905654186178, 139.9685298253205303, 0.000000000000000000 ) ) ;
#972 = EDGE_CURVE ( 'NONE', #1686, #1237, #2037, .T. ) ;
#973 = CARTESIAN_POINT ( 'NONE',  ( -6.060837414790118061, 0.8475463209442068990, 7.909313787531901951 ) ) ;
#974 = CARTESIAN_POINT ( 'NONE',  ( 88.86930386175873764, 111.4268344437444256, -3.840511976697053687 ) ) ;
#975 = COORDINATED_UNIVERSAL_TIME_OFFSET ( 8, 0, .AHEAD. ) ;
#976 = EDGE_LOOP ( 'NONE', ( #2020, #1255, #1560, #1342, #212 ) ) ;
#977 = CARTESIAN_POINT ( 'NONE',  ( 89.39143755465858021, 110.8498437891477693, 4.159846933766283783 ) ) ;
#978 = CARTESIAN_POINT ( 'NONE',  ( 8.201687440787463146, -7.000000000000000888, -4.277244805202232492 ) ) ;
#979 = ORIENTED_EDGE ( 'NONE', *, *, #2163, .T. ) ;
#980 = DIRECTION ( 'NONE',  ( 0.000000000000000000, -1.000000000000000000, 0.000000000000000000 ) ) ;
#981 = EDGE_LOOP ( 'NONE', ( #234, #1367, #403, #1751, #2038 ) ) ;
#982 = CARTESIAN_POINT ( 'NONE',  ( 85.62415757919640669, 109.7137920618622076, 0.8509678292960389800 ) ) ;
#983 = LINE ( 'NONE', #1216, #530 ) ;
#984 = CARTESIAN_POINT ( 'NONE',  ( 85.55038849899399622, 109.7121091081264268, -0.4270346239453303161 ) ) ;
#985 = CIRCLE ( 'NONE', #1111, 12.50000000000000000 ) ;
#986 = EDGE_CURVE ( 'NONE', #604, #168, #440, .T. ) ;
#987 = CARTESIAN_POINT ( 'NONE',  ( 97.50866807202910991, 123.9661471047560326, -0.3505751091699541577 ) ) ;
#988 = AXIS2_PLACEMENT_3D ( 'NONE', #2087, #268, #1903 ) ;
#989 = CIRCLE ( 'NONE', #2370, 10.74999999999995026 ) ;
#990 = VERTEX_POINT ( 'NONE', #538 ) ;
#991 = CARTESIAN_POINT ( 'NONE',  ( 9.964018528377691197, 0.8475463209442297696, 0.000000000000000000 ) ) ;
#992 = CIRCLE ( 'NONE', #1117, 0.7499999999999997780 ) ;
#993 = ADVANCED_FACE ( 'NONE', ( #1381 ), #1392, .F. ) ;
#994 = CARTESIAN_POINT ( 'NONE',  ( -8.201687440787527095, -6.000000000000000888, -4.277244805202037092 ) ) ;
#995 = EDGE_LOOP ( 'NONE', ( #684, #599 ) ) ;
#996 = CIRCLE ( 'NONE', #1954, 10.00000000000000000 ) ;
#997 = CARTESIAN_POINT ( 'NONE',  ( -4.970852070910588338, -6.000000000000000888, 9.531690809563860611 ) ) ;
#998 = PERSON ( 'æœª', 'æœª', 'æœª', ('æœª'), ('æœª'), ('æœª') ) ;
#999 = APPLICATION_CONTEXT ( 'configuration controlled 3d designs of mechanical parts and assemblies' ) ;
#1000 = VERTEX_POINT ( 'NONE', #931 ) ;
#1001 = CARTESIAN_POINT ( 'NONE',  ( 87.31208978574059643, 110.3323759255811893, 2.968297884845946033 ) ) ;
#1002 = CARTESIAN_POINT ( 'NONE',  ( -4.970852070910727782, -7.000000000000000888, -9.531690809563775346 ) ) ;
#1003 = CARTESIAN_POINT ( 'NONE',  ( 0.000000000000000000, -6.000000000000000888, 0.000000000000000000 ) ) ;
#1004 = CARTESIAN_POINT ( 'NONE',  ( 94.54898995440220233, 121.1953325162171780, -0.3857101224947337981 ) ) ;
#1005 = ORIENTED_EDGE ( 'NONE', *, *, #885, .F. ) ;
#1006 = CARTESIAN_POINT ( 'NONE',  ( 1.096559686883266327, -4.999999999884863655, 12.46321978961212196 ) ) ;
#1007 = ADVANCED_FACE ( 'NONE', ( #553 ), #1961, .F. ) ;
#1008 = DIRECTION ( 'NONE',  ( 0.000000000000000000, 0.000000000000000000, -1.000000000000000000 ) ) ;
#1009 = EDGE_LOOP ( 'NONE', ( #1028, #133, #182, #394, #1838 ) ) ;
#1010 = CARTESIAN_POINT ( 'NONE',  ( 0.000000000000000000, -5.000000000000000888, 0.000000000000000000 ) ) ;
#1011 = ADVANCED_FACE ( 'NONE', ( #2542 ), #758, .F. ) ;
#1012 = VERTEX_POINT ( 'NONE', #1544 ) ;
#1013 = CARTESIAN_POINT ( 'NONE',  ( 86.60911618644541932, 110.8948358350701682, 2.129397188309232636 ) ) ;
#1014 = FACE_OUTER_BOUND ( 'NONE', #1517, .T. ) ;
#1015 = CARTESIAN_POINT ( 'NONE',  ( 90.36602045681330253, 111.7245561131161367, -4.276496247944005624 ) ) ;
#1016 = DESIGN_CONTEXT ( 'detailed design', #1851, 'design' ) ;
#1017 = CARTESIAN_POINT ( 'NONE',  ( 94.37496845839535808, 120.7555450275006592, 1.339989409893849848 ) ) ;
#1018 = EDGE_LOOP ( 'NONE', ( #77, #1211, #1149, #2188, #1845 ) ) ;
#1019 = CARTESIAN_POINT ( 'NONE',  ( 3.874187312107167269, 3.225603764009890462, 7.789961416823412144 ) ) ;
#1020 = DIRECTION ( 'NONE',  ( 0.000000000000000000, -1.000000000000000000, 0.000000000000000000 ) ) ;
#1021 = ORIENTED_EDGE ( 'NONE', *, *, #2190, .F. ) ;
#1022 = CARTESIAN_POINT ( 'NONE',  ( 4.624048438056298949, -6.000000000000000888, -8.866689125175708952 ) ) ;
#1023 = ADVANCED_FACE ( 'NONE', ( #2378, #784, #349, #1364, #1586, #2351 ), #1137, .F. ) ;
#1024 = EDGE_LOOP ( 'NONE', ( #1214, #874, #1953, #196 ) ) ;
#1025 = CARTESIAN_POINT ( 'NONE',  ( 87.04406504521938359, 110.2961491683973776, 2.701538339192804283 ) ) ;
#1026 = FACE_OUTER_BOUND ( 'NONE', #312, .T. ) ;
#1027 = CARTESIAN_POINT ( 'NONE',  ( -5.632890941206644797, -5.000000000000000888, 11.15887716772938276 ) ) ;
#1028 = ORIENTED_EDGE ( 'NONE', *, *, #285, .T. ) ;
#1029 = CARTESIAN_POINT ( 'NONE',  ( 93.50732127802274363, 123.4496061122623445, -1.926606589120980262 ) ) ;
#1030 = B_SPLINE_CURVE_WITH_KNOTS ( 'NONE', 3,
 ( #509, #94, #2273, #1882, #2114, #1269, #869, #703, #1682, #269, #1500, #2100 ),
 .UNSPECIFIED., .F., .F.,
 ( 4, 2, 2, 2, 2, 4 ),
 ( 0.000000000000000000, 0.002809907318368117836, 0.004214860977552177188, 0.005619814636736235672, 0.008429721955104354375, 0.01123962927347247134 ),
 .UNSPECIFIED. ) ;
#1031 = ORIENTED_EDGE ( 'NONE', *, *, #2350, .F. ) ;
#1032 = CARTESIAN_POINT ( 'NONE',  ( 6.212742257510484478, 0.8475463209442297696, -7.789961416823413032 ) ) ;
#1033 = AXIS2_PLACEMENT_3D ( 'NONE', #510, #1695, #83 ) ;
#1034 = CIRCLE ( 'NONE', #895, 10.75000000000004796 ) ;
#1035 = DIRECTION ( 'NONE',  ( 0.000000000000000000, 0.000000000000000000, 1.000000000000000000 ) ) ;
#1036 = ORIENTED_EDGE ( 'NONE', *, *, #223, .F. ) ;
#1037 = DIRECTION ( 'NONE',  ( 0.000000000000000000, 0.000000000000000000, -1.000000000000000000 ) ) ;
#1038 = AXIS2_PLACEMENT_3D ( 'NONE', #1893, #726, #2462 ) ;
#1039 = B_SPLINE_CURVE_WITH_KNOTS ( 'NONE', 3,
 ( #2096, #674, #301, #290, #51, #851, #1102, #1091, #1461, #468, #1900, #101, #902, #1274, #1062, #66, #865, #2066 ),
 .UNSPECIFIED., .F., .F.,
 ( 4, 2, 2, 2, 2, 2, 2, 2, 4 ),
 ( 0.007164916675851272856, 0.008797015666229642677, 0.01042911465660801250, 0.01369331263736474000, 0.01532541162774308900, 0.01695751061812143801, 0.01858960960849978875, 0.01940565910368895891, 0.02022170859887812561 ),
 .UNSPECIFIED. ) ;
#1040 = APPROVAL_PERSON_ORGANIZATION ( #576, #1426, #1774 ) ;
#1041 = VERTEX_POINT ( 'NONE', #593 ) ;
#1042 = CARTESIAN_POINT ( 'NONE',  ( 0.000000000000000000, -5.000000000000000888, -12.50000000000000000 ) ) ;
#1043 = CARTESIAN_POINT ( 'NONE',  ( 89.20763495351371830, 111.7414570959139013, 3.922757572929537861 ) ) ;
#1044 = CARTESIAN_POINT ( 'NONE',  ( 93.96917218092033863, 125.1816983639484846, -0.5034584750716735169 ) ) ;
#1045 = VERTEX_POINT ( 'NONE', #963 ) ;
#1046 = CARTESIAN_POINT ( 'NONE',  ( -3.098174863799151080, -2.057168691046538100, 7.789961416826788998 ) ) ;
#1047 = DIRECTION ( 'NONE',  ( 0.6427876096865379196, 0.7660444431189792347, 0.000000000000000000 ) ) ;
#1048 = ORIENTED_EDGE ( 'NONE', *, *, #1636, .F. ) ;
#1049 = CYLINDRICAL_SURFACE ( 'NONE', #2488, 0.7499999999999997780 ) ;
#1050 = VERTEX_POINT ( 'NONE', #991 ) ;
#1051 = CARTESIAN_POINT ( 'NONE',  ( 94.50149379124806615, 121.0761723571773842, -1.309627049779104269 ) ) ;
#1052 = ADVANCED_FACE ( 'NONE', ( #2186 ), #1763, .F. ) ;
#1053 = VERTEX_POINT ( 'NONE', #1192 ) ;
#1054 = LINE ( 'NONE', #404, #1910 ) ;
#1055 = CARTESIAN_POINT ( 'NONE',  ( 87.61367984694027200, 110.8917674103187068, -3.215400352570848774 ) ) ;
#1056 = FACE_OUTER_BOUND ( 'NONE', #583, .T. ) ;
#1057 = VERTEX_POINT ( 'NONE', #1944 ) ;
#1058 = CYLINDRICAL_SURFACE ( 'NONE', #2410, 10.74999999999995204 ) ;
#1059 = CARTESIAN_POINT ( 'NONE',  ( 94.75075920291156706, 118.5984117907523370, -3.425952754151790902 ) ) ;
#1060 = ORIENTED_EDGE ( 'NONE', *, *, #140, .F. ) ;
#1061 = LINE ( 'NONE', #2457, #1371 ) ;
#1062 = CARTESIAN_POINT ( 'NONE',  ( 93.60808213153599411, 123.8245666832819722, 1.733370263853751592 ) ) ;
#1063 = CARTESIAN_POINT ( 'NONE',  ( 5.983603621672871853, 0.8475463209442298806, -7.967317800399659866 ) ) ;
#1064 = EDGE_CURVE ( 'NONE', #1000, #121, #2213, .T. ) ;
#1065 = CARTESIAN_POINT ( 'NONE',  ( 86.17507102084012161, 110.9622513834271587, -1.170435091913738290 ) ) ;
#1066 = DIRECTION ( 'NONE',  ( 0.000000000000000000, -1.000000000000000000, 0.000000000000000000 ) ) ;
#1067 = CARTESIAN_POINT ( 'NONE',  ( 5.719285932466032563, -2.802848008543041392, 9.374669991511236589 ) ) ;
#1068 = EDGE_CURVE ( 'NONE', #2175, #952, #1997, .T. ) ;
#1069 = VECTOR ( 'NONE', #1399, 1000.000000000000000 ) ;
#1070 = AXIS2_PLACEMENT_3D ( 'NONE', #1484, #304, #2286 ) ;
#1071 = AXIS2_PLACEMENT_3D ( 'NONE', #622, #260, #848 ) ;
#1072 = CARTESIAN_POINT ( 'NONE',  ( 86.56792523790122118, 110.8993664343724959, -2.069012061994088825 ) ) ;
#1073 = CIRCLE ( 'NONE', #1790, 10.75000000000004619 ) ;
#1074 = CARTESIAN_POINT ( 'NONE',  ( 0.7663340295320775208, 3.486516963173103445, -7.789961416823412144 ) ) ;
#1075 = AXIS2_PLACEMENT_3D ( 'NONE', #173, #1577, #2151 ) ;
#1076 = ORIENTED_EDGE ( 'NONE', *, *, #448, .F. ) ;
#1077 = CARTESIAN_POINT ( 'NONE',  ( 93.87961578359730197, 124.8433750877203465, 0.9772108790812740198 ) ) ;
#1078 = VERTEX_POINT ( 'NONE', #2025 ) ;
#1079 = CARTESIAN_POINT ( 'NONE',  ( 7.112366251504909087E-14, -6.000000000000000888, 2.168404344971008868E-16 ) ) ;
#1080 = CARTESIAN_POINT ( 'NONE',  ( 88.68831716561072653, 110.8061558683606904, -3.786400147270162719 ) ) ;
#1081 = CARTESIAN_POINT ( 'NONE',  ( 104.1902363531022218, 131.9477076213519808, -3.144021696561530291E-14 ) ) ;
#1082 = CC_DESIGN_PERSON_AND_ORGANIZATION_ASSIGNMENT ( #1943, #2157, ( #2288 ) ) ;
#1083 = CARTESIAN_POINT ( 'NONE',  ( 96.36194544422166075, 121.6987933964889805, 2.365680248817648934 ) ) ;
#1084 = CARTESIAN_POINT ( 'NONE',  ( 85.99662244058305305, 110.9980858331012570, 0.07503237610648554046 ) ) ;
#1085 = EDGE_CURVE ( 'NONE', #1565, #2408, #860, .T. ) ;
#1086 = DIRECTION ( 'NONE',  ( 0.000000000000000000, -1.000000000000000000, 0.000000000000000000 ) ) ;
#1087 = CARTESIAN_POINT ( 'NONE',  ( -1.255855322940824470, -2.061381247303062381, -7.789961416823420137 ) ) ;
#1088 = VERTEX_POINT ( 'NONE', #1032 ) ;
#1089 = B_SPLINE_CURVE_WITH_KNOTS ( 'NONE', 3,
 ( #492, #1290, #76, #850, #875, #289, #2445, #1677 ),
 .UNSPECIFIED., .F., .F.,
 ( 4, 2, 2, 4 ),
 ( 0.000000000000000000, 0.001059829031665720372, 0.001589743547498580559, 0.002119658063331440745 ),
 .UNSPECIFIED. ) ;
#1090 = CARTESIAN_POINT ( 'NONE',  ( 93.99502078932349036, 119.7908044910084016, -0.09445550927155174636 ) ) ;
#1091 = CARTESIAN_POINT ( 'NONE',  ( 92.37596819811969340, 119.3880288768191207, 3.222946592717840453 ) ) ;
#1092 = LINE ( 'NONE', #1471, #1329 ) ;
#1093 = FACE_OUTER_BOUND ( 'NONE', #773, .T. ) ;
#1094 = CARTESIAN_POINT ( 'NONE',  ( 103.4518063125486265, 130.9191409393972663, -0.9738145378850809886 ) ) ;
#1095 = CARTESIAN_POINT ( 'NONE',  ( -8.201687440787527095, -7.000000000000000888, -4.277244805202037092 ) ) ;
#1096 = CARTESIAN_POINT ( 'NONE',  ( -5.792012277648854734, -1.314071669527414166, -8.560135533275724740 ) ) ;
#1097 = LINE ( 'NONE', #1796, #1206 ) ;
#1098 = EDGE_CURVE ( 'NONE', #1237, #2239, #1054, .T. ) ;
#1099 = CARTESIAN_POINT ( 'NONE',  ( -4.875976577839484349, -2.095514569763686108, -7.789961416827499541 ) ) ;
#1100 = ORIENTED_EDGE ( 'NONE', *, *, #118, .T. ) ;
#1101 = CARTESIAN_POINT ( 'NONE',  ( 93.99505475195694260, 125.2796809002378922, 0.2185736855177652371 ) ) ;
#1102 = CARTESIAN_POINT ( 'NONE',  ( 91.92585518858916771, 117.8697097999998249, 3.524417719926921322 ) ) ;
#1103 = CARTESIAN_POINT ( 'NONE',  ( -9.079104707954284592, 1.645089287894418995, 7.789961416823412144 ) ) ;
#1104 = CARTESIAN_POINT ( 'NONE',  ( 118.1812489217350759, 135.8074696975119480, -3.963851270457370191E-16 ) ) ;
#1105 = CARTESIAN_POINT ( 'NONE',  ( 0.000000000000000000, -5.000000000000000888, 0.000000000000000000 ) ) ;
#1106 = FACE_OUTER_BOUND ( 'NONE', #1494, .T. ) ;
#1107 = CARTESIAN_POINT ( 'NONE',  ( 102.9256101013593678, 130.4321733833152450, 0.2621795187205512856 ) ) ;
#1108 = CARTESIAN_POINT ( 'NONE',  ( 8.572527594031473190E-16, -6.000000000000000888, 7.000000000000000000 ) ) ;
#1109 = CARTESIAN_POINT ( 'NONE',  ( 0.000000000000000000, -5.000000000000000888, 0.000000000000000000 ) ) ;
#1110 = VECTOR ( 'NONE', #1362, 1000.000000000000000 ) ;
#1111 = AXIS2_PLACEMENT_3D ( 'NONE', #1927, #2519, #1758 ) ;
#1112 = EDGE_CURVE ( 'NONE', #338, #121, #65, .T. ) ;
#1113 = DIRECTION ( 'NONE',  ( -0.4999999999999982792, -0.8660254037844395958, -2.126576849575776229E-17 ) ) ;
#1114 = VERTEX_POINT ( 'NONE', #1208 ) ;
#1115 = AXIS2_PLACEMENT_3D ( 'NONE', #1306, #2310, #122 ) ;
#1116 = CARTESIAN_POINT ( 'NONE',  ( 93.25146275737181156, 122.5056641679146878, 2.332040741166337749 ) ) ;
#1117 = AXIS2_PLACEMENT_3D ( 'NONE', #960, #1360, #145 ) ;
#1118 = B_SPLINE_CURVE_WITH_KNOTS ( 'NONE', 3,
 ( #2031, #1642, #1501, #1488, #1839, #40, #1320, #2489, #2117, #110, #2289, #500, #840, #921, #1238, #1107, #324, #2300 ),
 .UNSPECIFIED., .F., .F.,
 ( 4, 2, 2, 2, 2, 2, 2, 2, 4 ),
 ( 1.507941216925994676E-17, 0.0003917964489861409916, 0.0007835928979722671297, 0.001175389346958393214, 0.001567185795944519731, 0.001958982244930645815, 0.002350778693916771248, 0.002742575142902897549, 0.003134371591889023416 ),
 .UNSPECIFIED. ) ;
#1119 = CARTESIAN_POINT ( 'NONE',  ( 7.112366251504909087E-14, -7.000000000000000888, 2.168404344971008868E-16 ) ) ;
#1120 = EDGE_CURVE ( 'NONE', #348, #1821, #1492, .T. ) ;
#1121 = CARTESIAN_POINT ( 'NONE',  ( -8.387997319182749933, 1.998380033031099678, 7.789961416823412144 ) ) ;
#1122 = CARTESIAN_POINT ( 'NONE',  ( 89.02292196836243932, 111.5572914591472085, -3.881785001908697019 ) ) ;
#1123 = CARTESIAN_POINT ( 'NONE',  ( 111.4728656410736534, 125.1888387825965054, -0.8737010453372039409 ) ) ;
#1124 = ORIENTED_EDGE ( 'NONE', *, *, #1872, .T. ) ;
#1125 = CYLINDRICAL_SURFACE ( 'NONE', #1038, 3.500000000000000000 ) ;
#1126 = LINE ( 'NONE', #1042, #2203 ) ;
#1127 = CARTESIAN_POINT ( 'NONE',  ( 93.90547399875821100, 124.9409037513679124, -0.8726057475556600052 ) ) ;
#1128 = CARTESIAN_POINT ( 'NONE',  ( 5.666978816740249059, -4.174977795062841501, -10.38230140987058192 ) ) ;
#1129 = DIRECTION ( 'NONE',  ( 0.000000000000000000, -1.000000000000000000, 0.000000000000000000 ) ) ;
#1130 = EDGE_LOOP ( 'NONE', ( #2148, #21, #2392, #1597 ) ) ;
#1131 = CARTESIAN_POINT ( 'NONE',  ( 93.48589479597417551, 123.3701379806050227, 1.965335930808427722 ) ) ;
#1132 = CARTESIAN_POINT ( 'NONE',  ( 89.99999999999998579, 126.0000000000000000, 0.000000000000000000 ) ) ;
#1133 = DIRECTION ( 'NONE',  ( -0.000000000000000000, -1.000000000000000000, -0.000000000000000000 ) ) ;
#1134 = ADVANCED_FACE ( 'NONE', ( #1608 ), #1614, .F. ) ;
#1135 = CARTESIAN_POINT ( 'NONE',  ( 92.36486131427086832, 119.3510833186488753, -3.230761700239211276 ) ) ;
#1136 = COORDINATED_UNIVERSAL_TIME_OFFSET ( 8, 0, .AHEAD. ) ;
#1137 = PLANE ( 'NONE',  #1417 ) ;
#1138 = FACE_OUTER_BOUND ( 'NONE', #162, .T. ) ;
#1139 = ORIENTED_EDGE ( 'NONE', *, *, #885, .T. ) ;
#1140 = CARTESIAN_POINT ( 'NONE',  ( 4.970852070910518172, -6.000000000000000888, -9.531690809563889033 ) ) ;
#1141 = CARTESIAN_POINT ( 'NONE',  ( -8.201687440787461369, -6.000000000000000888, 4.277244805202164102 ) ) ;
#1142 = LINE ( 'NONE', #1740, #1873 ) ;
#1143 = VERTEX_POINT ( 'NONE', #2109 ) ;
#1144 = CARTESIAN_POINT ( 'NONE',  ( 95.65209738301244613, 120.3199397145578757, 2.910876246261090206 ) ) ;
#1145 = CARTESIAN_POINT ( 'NONE',  ( 88.16291328479816514, 111.0240078858555677, -3.561399448883880048 ) ) ;
#1146 = CARTESIAN_POINT ( 'NONE',  ( -5.562727206747858588, 2.893538862311985760, -7.789961416823413032 ) ) ;
#1147 = CARTESIAN_POINT ( 'NONE',  ( 94.27340193258578438, 120.5078751015087306, -1.186760415530843549 ) ) ;
#1148 = SECURITY_CLASSIFICATION_LEVEL ( 'unclassified' ) ;
#1149 = ORIENTED_EDGE ( 'NONE', *, *, #685, .T. ) ;
#1150 = CARTESIAN_POINT ( 'NONE',  ( 91.27837397824711729, 112.8144824276234885, 4.275623613904581788 ) ) ;
#1151 = EDGE_CURVE ( 'NONE', #2135, #797, #852, .T. ) ;
#1152 = CARTESIAN_POINT ( 'NONE',  ( -6.000220964535857071, 1.546682474299046595, 7.856969208941418259 ) ) ;
#1153 = ORIENTED_EDGE ( 'NONE', *, *, #2045, .T. ) ;
#1154 = CARTESIAN_POINT ( 'NONE',  ( 111.4729103535520522, 125.1889001040223661, 0.8737390706763760173 ) ) ;
#1155 = CARTESIAN_POINT ( 'NONE',  ( 89.99999999999998579, 128.0000000000000000, 0.000000000000000000 ) ) ;
#1156 = ADVANCED_FACE ( 'NONE', ( #2068 ), #1536, .F. ) ;
#1157 = DIRECTION ( 'NONE',  ( 0.000000000000000000, 0.000000000000000000, -1.000000000000000000 ) ) ;
#1158 = ORIENTED_EDGE ( 'NONE', *, *, #1276, .T. ) ;
#1159 = AXIS2_PLACEMENT_3D ( 'NONE', #766, #1374, #1161 ) ;
#1160 = CARTESIAN_POINT ( 'NONE',  ( 93.06509304739491029, 121.8263797334085012, 2.571873665675462828 ) ) ;
#1161 = DIRECTION ( 'NONE',  ( 0.000000000000000000, -0.000000000000000000, -1.000000000000000000 ) ) ;
#1162 = AXIS2_PLACEMENT_3D ( 'NONE', #293, #905, #2567 ) ;
#1163 = LINE ( 'NONE', #1177, #584 ) ;
#1164 = CIRCLE ( 'NONE', #1490, 3.500000000000000000 ) ;
#1165 = CARTESIAN_POINT ( 'NONE',  ( 90.00038165501301535, 111.3582681284756575, -4.249154555846410553 ) ) ;
#1166 = DATE_AND_TIME ( #2131, #410 ) ;
#1167 = ORIENTED_EDGE ( 'NONE', *, *, #770, .T. ) ;
#1168 = CARTESIAN_POINT ( 'NONE',  ( 8.866689125175689412, -6.000000000000000888, 4.624048438056329147 ) ) ;
#1169 = CARTESIAN_POINT ( 'NONE',  ( -4.647407254222089001, 3.106001327115931243, 7.789961416823413032 ) ) ;
#1170 = ORIENTED_EDGE ( 'NONE', *, *, #785, .T. ) ;
#1171 = DIRECTION ( 'NONE',  ( 0.000000000000000000, 0.000000000000000000, -1.000000000000000000 ) ) ;
#1172 = EDGE_CURVE ( 'NONE', #912, #479, #2495, .T. ) ;
#1173 = LINE ( 'NONE', #1966, #159 ) ;
#1174 = ORIENTED_EDGE ( 'NONE', *, *, #1981, .T. ) ;
#1175 = CARTESIAN_POINT ( 'NONE',  ( 93.21005520560494517, 117.9419969057891961, 2.735096117863752063 ) ) ;
#1176 = DIRECTION ( 'NONE',  ( 0.000000000000000000, -1.000000000000000000, 0.000000000000000000 ) ) ;
#1177 = CARTESIAN_POINT ( 'NONE',  ( 4.277244805202187194, -6.000000000000000888, 8.201687440787450711 ) ) ;
#1178 = CARTESIAN_POINT ( 'NONE',  ( 92.87414194244985310, 115.2447148704782620, -4.051108274586087354 ) ) ;
#1179 = ORIENTED_EDGE ( 'NONE', *, *, #1384, .F. ) ;
#1180 = DIRECTION ( 'NONE',  ( 0.000000000000000000, 0.000000000000000000, -1.000000000000000000 ) ) ;
#1181 = CARTESIAN_POINT ( 'NONE',  ( -1.854090595286862930, 3.429398870525143028, 7.789961416823412144 ) ) ;
#1182 = ORIENTED_EDGE ( 'NONE', *, *, #511, .F. ) ;
#1183 = CARTESIAN_POINT ( 'NONE',  ( 110.6655383907024657, 124.1650395771211350, 0.6144837773951753457 ) ) ;
#1184 = EDGE_CURVE ( 'NONE', #595, #2135, #1073, .T. ) ;
#1185 = ORIENTED_EDGE ( 'NONE', *, *, #1397, .T. ) ;
#1186 = CARTESIAN_POINT ( 'NONE',  ( 85.78362259359749942, 109.7187475923309847, 1.411644139646639484 ) ) ;
#1187 = DIRECTION ( 'NONE',  ( 0.000000000000000000, -1.000000000000000000, 0.000000000000000000 ) ) ;
#1188 = CARTESIAN_POINT ( 'NONE',  ( -6.212742257510484478, 0.8475463209442297696, 7.789961416823413032 ) ) ;
#1189 = CARTESIAN_POINT ( 'NONE',  ( 94.50834147917822747, 121.0935087190800914, 1.303344422257415092 ) ) ;
#1190 = PERSON_AND_ORGANIZATION ( #998, #1324 ) ;
#1191 = VERTEX_POINT ( 'NONE', #506 ) ;
#1192 = CARTESIAN_POINT ( 'NONE',  ( 86.17507102084012161, 110.9622513834271587, -1.170435091913738956 ) ) ;
#1193 = DIRECTION ( 'NONE',  ( 0.000000000000000000, -1.000000000000000000, 0.000000000000000000 ) ) ;
#1194 = ORIENTED_EDGE ( 'NONE', *, *, #1822, .F. ) ;
#1195 = PLANE ( 'NONE',  #1325 ) ;
#1196 = ORIENTED_EDGE ( 'NONE', *, *, #140, .T. ) ;
#1197 = CARTESIAN_POINT ( 'NONE',  ( 87.72756482461380756, 110.9110230735811484, 3.296758628092558485 ) ) ;
#1198 = ADVANCED_FACE ( 'NONE', ( #317 ), #90, .T. ) ;
#1199 = CARTESIAN_POINT ( 'NONE',  ( -5.983603621672872741, 0.8475463209442299917, -7.967317800399659866 ) ) ;
#1200 = CARTESIAN_POINT ( 'NONE',  ( 87.04545735026444220, 109.8515674185428850, -3.096154504853611655 ) ) ;
#1201 = AXIS2_PLACEMENT_3D ( 'NONE', #1718, #727, #1297 ) ;
#1202 = VECTOR ( 'NONE', #177, 1000.000000000000000 ) ;
#1203 = CARTESIAN_POINT ( 'NONE',  ( 97.40545191443865747, 123.7605467948552018, -0.8096255814772682635 ) ) ;
#1204 = EDGE_CURVE ( 'NONE', #44, #565, #996, .T. ) ;
#1205 = AXIS2_PLACEMENT_3D ( 'NONE', #1246, #2050, #1035 ) ;
#1206 = VECTOR ( 'NONE', #2354, 1000.000000000000000 ) ;
#1207 = ORIENTED_EDGE ( 'NONE', *, *, #563, .T. ) ;
#1208 = CARTESIAN_POINT ( 'NONE',  ( 4.624048438056298949, -6.000000000000000888, -9.616689125175708952 ) ) ;
#1209 = AXIS2_PLACEMENT_3D ( 'NONE', #1985, #151, #949 ) ;
#1210 = DIRECTION ( 'NONE',  ( 0.7660444431189792347, -0.6427876096865378086, 0.000000000000000000 ) ) ;
#1211 = ORIENTED_EDGE ( 'NONE', *, *, #1674, .T. ) ;
#1212 = CIRCLE ( 'NONE', #202, 10.75000000000004796 ) ;
#1213 = LINE ( 'NONE', #1819, #2118 ) ;
#1214 = ORIENTED_EDGE ( 'NONE', *, *, #1112, .T. ) ;
#1215 = CARTESIAN_POINT ( 'NONE',  ( 86.04379370734133659, 110.9881605352415193, 0.6172883813035938694 ) ) ;
#1216 = CARTESIAN_POINT ( 'NONE',  ( -8.201687440787527095, -6.000000000000000888, -4.277244805202037092 ) ) ;
#1217 = DIRECTION ( 'NONE',  ( 0.000000000000000000, 0.000000000000000000, -1.000000000000000000 ) ) ;
#1218 = ORIENTED_EDGE ( 'NONE', *, *, #1689, .T. ) ;
#1219 = CARTESIAN_POINT ( 'NONE',  ( 93.15106547172581486, 122.1377386915500978, -2.472808659633333406 ) ) ;
#1220 = ORIENTED_EDGE ( 'NONE', *, *, #872, .F. ) ;
#1221 = CARTESIAN_POINT ( 'NONE',  ( 5.682276617184966128, -5.000000000000000888, 11.13381032916372959 ) ) ;
#1222 = EDGE_CURVE ( 'NONE', #1496, #1686, #2449, .T. ) ;
#1223 = DIRECTION ( 'NONE',  ( -0.7660444431189781245, 0.6427876096865392519, 0.000000000000000000 ) ) ;
#1224 = EDGE_LOOP ( 'NONE', ( #245, #75 ) ) ;
#1225 = CARTESIAN_POINT ( 'NONE',  ( 7.112366251504909087E-14, -7.000000000000000888, 2.168404344971008868E-16 ) ) ;
#1226 = ORIENTED_EDGE ( 'NONE', *, *, #2532, .T. ) ;
#1227 = CARTESIAN_POINT ( 'NONE',  ( 86.40051912767729902, 109.7610387650451997, 2.442814584610696560 ) ) ;
#1228 = DIRECTION ( 'NONE',  ( 0.000000000000000000, -1.000000000000000000, 0.000000000000000000 ) ) ;
#1229 = CARTESIAN_POINT ( 'NONE',  ( 88.96780884912443810, 110.5653438582807553, -4.061850230207575407 ) ) ;
#1230 = CARTESIAN_POINT ( 'NONE',  ( 97.53361546988270447, 124.0158798170025136, 0.03980508080625305006 ) ) ;
#1231 = ORIENTED_EDGE ( 'NONE', *, *, #1808, .T. ) ;
#1232 = CARTESIAN_POINT ( 'NONE',  ( 5.407169342268950629, 2.943928908536272537, 7.789961416823412144 ) ) ;
#1233 = CARTESIAN_POINT ( 'NONE',  ( 102.9046611337292632, 130.4156187351142080, -0.1306772736013589176 ) ) ;
#1234 = ORIENTED_EDGE ( 'NONE', *, *, #2264, .F. ) ;
#1235 = PLANE ( 'NONE',  #1249 ) ;
#1236 = EDGE_CURVE ( 'NONE', #185, #1053, #2529, .T. ) ;
#1237 = VERTEX_POINT ( 'NONE', #2058 ) ;
#1238 = CARTESIAN_POINT ( 'NONE',  ( 103.0042903757411352, 130.4970388325607473, 0.5039552269130789242 ) ) ;
#1239 = CARTESIAN_POINT ( 'NONE',  ( 92.52967701148070034, 114.6671499634511520, -4.129733008255394466 ) ) ;
#1240 = VERTEX_POINT ( 'NONE', #2307 ) ;
#1241 = CARTESIAN_POINT ( 'NONE',  ( 93.87617959336566287, 124.8304164948909403, -0.9907059969584481873 ) ) ;
#1242 = ORIENTED_EDGE ( 'NONE', *, *, #33, .T. ) ;
#1243 = CARTESIAN_POINT ( 'NONE',  ( -0.5384593254484065783, -4.999999999982937204, 12.50030960882587294 ) ) ;
#1244 = CONICAL_SURFACE ( 'NONE', #1656, 5.000000000000008882, 0.1745329251994333364 ) ;
#1245 = AXIS2_PLACEMENT_3D ( 'NONE', #2225, #216, #1786 ) ;
#1246 = CARTESIAN_POINT ( 'NONE',  ( 89.99999999999998579, 126.0000000000000000, -2.000000000000003553 ) ) ;
#1247 = ORIENTED_EDGE ( 'NONE', *, *, #1569, .T. ) ;
#1248 = CARTESIAN_POINT ( 'NONE',  ( 7.112366251504909087E-14, -6.000000000000000888, 2.168404344971008868E-16 ) ) ;
#1249 = AXIS2_PLACEMENT_3D ( 'NONE', #235, #1904, #294 ) ;
#1250 = EDGE_CURVE ( 'NONE', #505, #1041, #55, .T. ) ;
#1251 = CARTESIAN_POINT ( 'NONE',  ( -1.096559686883209483, -4.999999999884957802, -12.46321978961227650 ) ) ;
#1252 = ORIENTED_EDGE ( 'NONE', *, *, #718, .F. ) ;
#1253 = CARTESIAN_POINT ( 'NONE',  ( 97.31777106558455159, 123.5861123465481199, 1.047011656220107945 ) ) ;
#1254 = APPROVAL_STATUS ( 'not_yet_approved' ) ;
#1255 = ORIENTED_EDGE ( 'NONE', *, *, #1717, .F. ) ;
#1256 = CARTESIAN_POINT ( 'NONE',  ( -3.642729767829863796, -5.000000000225773178, 11.96801106804366732 ) ) ;
#1257 = CARTESIAN_POINT ( 'NONE',  ( 87.07393944062420132, 110.8622126373441290, -2.733338607330099368 ) ) ;
#1258 = CARTESIAN_POINT ( 'NONE',  ( 0.000000000000000000, -6.000000000000000888, 0.000000000000000000 ) ) ;
#1259 = ORIENTED_EDGE ( 'NONE', *, *, #1730, .T. ) ;
#1260 = DIRECTION ( 'NONE',  ( 1.000000000000000000, 0.000000000000000000, -0.000000000000000000 ) ) ;
#1261 = EDGE_CURVE ( 'NONE', #1000, #694, #1662, .T. ) ;
#1262 = ORIENTED_EDGE ( 'NONE', *, *, #2332, .F. ) ;
#1263 = CARTESIAN_POINT ( 'NONE',  ( 97.24581882764057639, 123.4431415057308783, 1.203076838963684558 ) ) ;
#1264 = ORIENTED_EDGE ( 'NONE', *, *, #465, .T. ) ;
#1265 = EDGE_CURVE ( 'NONE', #797, #25, #2121, .T. ) ;
#1266 = CARTESIAN_POINT ( 'NONE',  ( 6.265118639006018952, 7.466477646064398677, 0.000000000000000000 ) ) ;
#1267 = DIRECTION ( 'NONE',  ( 0.000000000000000000, -1.000000000000000000, 0.000000000000000000 ) ) ;
#1268 = CARTESIAN_POINT ( 'NONE',  ( 103.5396252316845676, 131.0152005118877128, -0.9999337034794515411 ) ) ;
#1269 = CARTESIAN_POINT ( 'NONE',  ( 0.9194498821901084806, 3.475323055298732644, -7.789961416823411255 ) ) ;
#1270 = PLANE ( 'NONE',  #2483 ) ;
#1271 = CARTESIAN_POINT ( 'NONE',  ( -0.6336631249899015161, -2.063945294535148189, -7.789961416827782870 ) ) ;
#1272 = ORIENTED_EDGE ( 'NONE', *, *, #1674, .F. ) ;
#1273 = B_SPLINE_CURVE_WITH_KNOTS ( 'NONE', 3,
 ( #484, #2274, #907, #1096, #1475, #1282 ),
 .UNSPECIFIED., .F., .F.,
 ( 4, 2, 4 ),
 ( -2.193373274396363766E-05, 0.003378326265250415888, 0.006778586263244795393 ),
 .UNSPECIFIED. ) ;
#1274 = CARTESIAN_POINT ( 'NONE',  ( 93.54577637653487443, 123.5924458424445334, 1.855863754278454847 ) ) ;
#1275 = DIRECTION ( 'NONE',  ( -0.6427876096865379196, -0.7660444431189792347, 0.000000000000000000 ) ) ;
#1276 = EDGE_CURVE ( 'NONE', #1836, #137, #1092, .T. ) ;
#1277 = CARTESIAN_POINT ( 'NONE',  ( 88.50189740408873718, 110.7069393820092529, -3.716055341760335473 ) ) ;
#1278 = CARTESIAN_POINT ( 'NONE',  ( 103.7890546081635534, 131.3210348408158836, -0.9738687843311559789 ) ) ;
#1279 = DIRECTION ( 'NONE',  ( -1.000000000000000000, 0.000000000000000000, 0.000000000000000000 ) ) ;
#1280 = CIRCLE ( 'NONE', #148, 10.00000000000000000 ) ;
#1281 = AXIS2_PLACEMENT_3D ( 'NONE', #1581, #2422, #2183 ) ;
#1282 = CARTESIAN_POINT ( 'NONE',  ( -5.983603621672872741, 0.8475463209442299917, -7.967317800399659866 ) ) ;
#1283 = CIRCLE ( 'NONE', #152, 9.964018528377691197 ) ;
#1284 = CIRCLE ( 'NONE', #153, 9.250000000000046185 ) ;
#1285 = CARTESIAN_POINT ( 'NONE',  ( 9.689524784032396809, 2.472470315215528291, 0.000000000000000000 ) ) ;
#1286 = AXIS2_PLACEMENT_3D ( 'NONE', #1508, #1303, #2295 ) ;
#1287 = CARTESIAN_POINT ( 'NONE',  ( 97.09113246940569297, 123.1361247919839741, -1.491564496919947080 ) ) ;
#1288 = CIRCLE ( 'NONE', #529, 0.7500000000000006661 ) ;
#1289 = ORIENTED_EDGE ( 'NONE', *, *, #1276, .F. ) ;
#1290 = CARTESIAN_POINT ( 'NONE',  ( 5.727601191317236662, 2.576574396551815749, 7.789961416823413920 ) ) ;
#1291 = CARTESIAN_POINT ( 'NONE',  ( 0.000000000000000000, -7.000000000000000888, 0.000000000000000000 ) ) ;
#1292 = CARTESIAN_POINT ( 'NONE',  ( -5.682167267692545209, -5.000000000000000888, 11.13386613634111555 ) ) ;
#1293 = PLANE ( 'NONE',  #950 ) ;
#1294 = CARTESIAN_POINT ( 'NONE',  ( 104.0892776884877406, 131.7695357216688876, -0.6157143999827663361 ) ) ;
#1295 = CARTESIAN_POINT ( 'NONE',  ( 92.05764687354181319, 113.9353351031187174, 4.198655829996931210 ) ) ;
#1296 = ADVANCED_FACE ( 'NONE', ( #480 ), #1679, .T. ) ;
#1297 = DIRECTION ( 'NONE',  ( -0.7660444431189781245, 0.6427876096865392519, 0.000000000000000000 ) ) ;
#1298 = CARTESIAN_POINT ( 'NONE',  ( 7.112366251504909087E-14, -6.000000000000000888, 2.168404344971008868E-16 ) ) ;
#1299 = DIRECTION ( 'NONE',  ( 0.000000000000000000, 0.000000000000000000, -1.000000000000000000 ) ) ;
#1300 = ORIENTED_EDGE ( 'NONE', *, *, #160, .T. ) ;
#1301 = DIRECTION ( 'NONE',  ( 0.6427876096865381417, 0.7660444431189791237, 0.000000000000000000 ) ) ;
#1302 = DIRECTION ( 'NONE',  ( 0.000000000000000000, 0.000000000000000000, -1.000000000000000000 ) ) ;
#1303 = DIRECTION ( 'NONE',  ( -0.2924117922295648708, 0.03668682395027370036, 0.9555885206057760373 ) ) ;
#1304 = DIRECTION ( 'NONE',  ( 0.000000000000000000, 0.000000000000000000, -1.000000000000000000 ) ) ;
#1305 = CARTESIAN_POINT ( 'NONE',  ( -5.632890941206644797, -5.000000000000000888, -11.15887716772938276 ) ) ;
#1306 = CARTESIAN_POINT ( 'NONE',  ( 8.866689125175664543, -6.000000000000000888, -4.624048438056376220 ) ) ;
#1307 = CARTESIAN_POINT ( 'NONE',  ( 89.99999999999998579, 128.0000000000000000, 2.000000000000003553 ) ) ;
#1308 = CARTESIAN_POINT ( 'NONE',  ( 93.81464937347212185, 124.5986059275439857, -1.207952483741293825 ) ) ;
#1309 = CARTESIAN_POINT ( 'NONE',  ( 5.719290698587506938, -2.802741397608523144, -9.374606901015731353 ) ) ;
#1310 = B_SPLINE_CURVE_WITH_KNOTS ( 'NONE', 3,
 ( #824, #1233, #120, #1464, #1918, #1704, #2262, #1094, #1268, #2498, #1278, #2111, #677, #1294, #712, #282, #2060, #1081 ),
 .UNSPECIFIED., .F., .F.,
 ( 4, 2, 2, 2, 2, 2, 2, 2, 4 ),
 ( 0.003134371591889023416, 0.003526066821692677884, 0.003917762051496332353, 0.004309457281299986821, 0.004701152511103642156, 0.005092847740907295757, 0.005484542970710951093, 0.005876238200514604694, 0.006267933430318260030 ),
 .UNSPECIFIED. ) ;
#1311 = EDGE_CURVE ( 'NONE', #1686, #1698, #2319, .T. ) ;
#1312 = DIRECTION ( 'NONE',  ( 0.000000000000000000, 0.000000000000000000, -1.000000000000000000 ) ) ;
#1313 = ORIENTED_EDGE ( 'NONE', *, *, #549, .F. ) ;
#1314 = CARTESIAN_POINT ( 'NONE',  ( 96.20463440129059052, 121.3918095306235330, 2.498615079795613703 ) ) ;
#1315 = CARTESIAN_POINT ( 'NONE',  ( 9.531690809563865940, -6.000000000000000888, 4.970852070910551923 ) ) ;
#1316 = DIRECTION ( 'NONE',  ( -0.7660444431189792347, 0.6427876096865378086, 0.000000000000000000 ) ) ;
#1317 = CARTESIAN_POINT ( 'NONE',  ( 91.45274889142878294, 114.1943824454346554, -3.793459887097691219 ) ) ;
#1318 = CARTESIAN_POINT ( 'NONE',  ( 111.8506807842920097, 125.5198315244865910, -0.1325044218160229270 ) ) ;
#1319 = CARTESIAN_POINT ( 'NONE',  ( 89.99999999999998579, 112.8670653616855617, 4.000000000000003553 ) ) ;
#1320 = CARTESIAN_POINT ( 'NONE',  ( 103.9298790458129247, 131.5181560526549447, 0.8737010453371366614 ) ) ;
#1321 = CARTESIAN_POINT ( 'NONE',  ( 91.86290921166950341, 117.6770058949119857, -3.546290777547073336 ) ) ;
#1322 = DIRECTION ( 'NONE',  ( -0.000000000000000000, 1.000000000000000000, -0.000000000000000000 ) ) ;
#1323 = AXIS2_PLACEMENT_3D ( 'NONE', #1291, #2084, #1653 ) ;
#1324 = ORGANIZATION ( 'æœª', 'æœª', '' ) ;
#1325 = AXIS2_PLACEMENT_3D ( 'NONE', #761, #585, #172 ) ;
#1326 = FACE_OUTER_BOUND ( 'NONE', #47, .T. ) ;
#1327 = EDGE_CURVE ( 'NONE', #682, #1143, #1596, .T. ) ;
#1328 = ORIENTED_EDGE ( 'NONE', *, *, #1840, .T. ) ;
#1329 = VECTOR ( 'NONE', #2270, 1000.000000000000227 ) ;
#1330 = CARTESIAN_POINT ( 'NONE',  ( 90.86466150679319753, 112.2915384224371849, 4.287017575832747340 ) ) ;
#1331 = AXIS2_PLACEMENT_3D ( 'NONE', #2258, #1301, #50 ) ;
#1332 = FACE_OUTER_BOUND ( 'NONE', #1018, .T. ) ;
#1333 = DIRECTION ( 'NONE',  ( 0.000000000000000000, -1.000000000000000000, 0.000000000000000000 ) ) ;
#1334 = CARTESIAN_POINT ( 'NONE',  ( 90.97968674572327075, 115.0559606279556846, -3.882168977792082476 ) ) ;
#1335 = ORIENTED_EDGE ( 'NONE', *, *, #751, .F. ) ;
#1336 = CARTESIAN_POINT ( 'NONE',  ( 8.866689125175689412, -6.000000000000000888, 4.624048438056329147 ) ) ;
#1337 = CARTESIAN_POINT ( 'NONE',  ( 97.52391493018119206, 123.9965373001160174, 0.2344988449645988293 ) ) ;
#1338 = ORIENTED_EDGE ( 'NONE', *, *, #1617, .T. ) ;
#1339 = CARTESIAN_POINT ( 'NONE',  ( -3.830222215594896618, 3.213938048432689598, 0.000000000000000000 ) ) ;
#1340 = DIRECTION ( 'NONE',  ( 0.000000000000000000, 0.000000000000000000, 1.000000000000000000 ) ) ;
#1341 = DIRECTION ( 'NONE',  ( 0.000000000000000000, 0.000000000000000000, 1.000000000000000000 ) ) ;
#1342 = ORIENTED_EDGE ( 'NONE', *, *, #1064, .T. ) ;
#1343 = CARTESIAN_POINT ( 'NONE',  ( 95.19548956368291215, 119.4442517540512654, 3.190989900384895162 ) ) ;
#1344 = EDGE_CURVE ( 'NONE', #425, #414, #200, .T. ) ;
#1345 = CARTESIAN_POINT ( 'NONE',  ( 88.37338750759001016, 111.1106015781283531, -3.660806210757780121 ) ) ;
#1346 = CARTESIAN_POINT ( 'NONE',  ( 86.29624899178847386, 110.9384350664739571, 1.549271200382664526 ) ) ;
#1347 = CARTESIAN_POINT ( 'NONE',  ( 92.63696677606071717, 120.2953165766689807, -3.012772215322527813 ) ) ;
#1348 = CARTESIAN_POINT ( 'NONE',  ( 0.000000000000000000, 0.000000000000000000, 0.000000000000000000 ) ) ;
#1349 = ADVANCED_FACE ( 'NONE', ( #915 ), #625, .T. ) ;
#1350 = ORIENTED_EDGE ( 'NONE', *, *, #872, .T. ) ;
#1351 = CARTESIAN_POINT ( 'NONE',  ( 88.43970483244630998, 110.2837722557766824, 3.892306085609681610 ) ) ;
#1352 = DIRECTION ( 'NONE',  ( 0.000000000000000000, 0.000000000000000000, 1.000000000000000000 ) ) ;
#1353 = ORIENTED_EDGE ( 'NONE', *, *, #1480, .F. ) ;
#1354 = DIRECTION ( 'NONE',  ( -0.000000000000000000, 1.000000000000000000, -0.000000000000000000 ) ) ;
#1355 = CARTESIAN_POINT ( 'NONE',  ( 5.632890941206644797, -5.000000000000000888, -11.15887716772938276 ) ) ;
#1356 = CARTESIAN_POINT ( 'NONE',  ( 9.079104707954286368, 1.645089287894418995, -7.789961416823412144 ) ) ;
#1357 = ORIENTED_EDGE ( 'NONE', *, *, #2230, .T. ) ;
#1358 = CARTESIAN_POINT ( 'NONE',  ( 92.13044213844717945, 118.5478869948958902, 3.402863588858894062 ) ) ;
#1359 = CARTESIAN_POINT ( 'NONE',  ( 87.17671554398029343, 110.8587757680924710, -2.844100187564922777 ) ) ;
#1360 = DIRECTION ( 'NONE',  ( 0.000000000000000000, -1.000000000000000000, 0.000000000000000000 ) ) ;
#1361 = CARTESIAN_POINT ( 'NONE',  ( 91.07678753080337231, 113.5292536628893743, -3.895994067674001471 ) ) ;
#1362 = DIRECTION ( 'NONE',  ( -0.000000000000000000, -1.000000000000000000, -0.000000000000000000 ) ) ;
#1363 = ORIENTED_EDGE ( 'NONE', *, *, #2282, .F. ) ;
#1364 = FACE_BOUND ( 'NONE', #981, .T. ) ;
#1365 = ADVANCED_FACE ( 'NONE', ( #1713 ), #2520, .F. ) ;
#1366 = LINE ( 'NONE', #2160, #2283 ) ;
#1367 = ORIENTED_EDGE ( 'NONE', *, *, #1914, .F. ) ;
#1368 = LINE ( 'NONE', #2162, #827 ) ;
#1369 = CARTESIAN_POINT ( 'NONE',  ( 4.948333249864099948, -5.000000000257203148, -11.48785582508815395 ) ) ;
#1370 = VERTEX_POINT ( 'NONE', #1568 ) ;
#1371 = VECTOR ( 'NONE', #864, 1000.000000000000000 ) ;
#1372 = AXIS2_PLACEMENT_3D ( 'NONE', #2009, #1605, #15 ) ;
#1373 = CARTESIAN_POINT ( 'NONE',  ( 90.90284103672478011, 113.2368477706259711, 3.934380726312439958 ) ) ;
#1374 = DIRECTION ( 'NONE',  ( 0.000000000000000000, -1.000000000000000000, 0.000000000000000000 ) ) ;
#1375 = CIRCLE ( 'NONE', #1622, 3.500000000000000000 ) ;
#1376 = CARTESIAN_POINT ( 'NONE',  ( -5.983603621672872741, 0.8475463209442299917, -7.967317800399659866 ) ) ;
#1377 = CIRCLE ( 'NONE', #63, 9.250000000000046185 ) ;
#1378 = CARTESIAN_POINT ( 'NONE',  ( 89.23550208728826760, 111.1839037377673662, -3.936326506237407319 ) ) ;
#1379 = CIRCLE ( 'NONE', #828, 9.250000000000046185 ) ;
#1380 = PERSON_AND_ORGANIZATION ( #998, #1324 ) ;
#1381 = FACE_OUTER_BOUND ( 'NONE', #114, .T. ) ;
#1382 = DIRECTION ( 'NONE',  ( 1.000000000000000000, 0.000000000000000000, 0.000000000000000000 ) ) ;
#1383 = EDGE_LOOP ( 'NONE', ( #321, #2561, #1526, #2242 ) ) ;
#1384 = EDGE_CURVE ( 'NONE', #559, #1078, #2555, .T. ) ;
#1385 = DIRECTION ( 'NONE',  ( -0.000000000000000000, 1.000000000000000000, -0.000000000000000000 ) ) ;
#1386 = EDGE_LOOP ( 'NONE', ( #1814, #175, #1603, #207, #2353, #494, #1153, #1859, #1357, #1575, #2573 ) ) ;
#1387 = CARTESIAN_POINT ( 'NONE',  ( 86.91970194020953500, 110.2846676608826044, 2.558626005309176943 ) ) ;
#1388 = LINE ( 'NONE', #270, #1069 ) ;
#1389 = DIRECTION ( 'NONE',  ( 0.000000000000000000, -1.000000000000000000, 0.000000000000000000 ) ) ;
#1390 = CARTESIAN_POINT ( 'NONE',  ( 94.67488504054465182, 121.5128786021065110, 0.3559341769462046612 ) ) ;
#1391 = EDGE_LOOP ( 'NONE', ( #1912, #1765, #835, #35 ) ) ;
#1392 = CYLINDRICAL_SURFACE ( 'NONE', #1788, 0.7499999999999997780 ) ;
#1393 = CARTESIAN_POINT ( 'NONE',  ( 0.000000000000000000, 0.000000000000000000, 0.000000000000000000 ) ) ;
#1394 = ORIENTED_EDGE ( 'NONE', *, *, #1250, .F. ) ;
#1395 = CARTESIAN_POINT ( 'NONE',  ( 89.99999999999998579, 126.0000000000000000, 0.000000000000000000 ) ) ;
#1396 = ORIENTED_EDGE ( 'NONE', *, *, #2500, .F. ) ;
#1397 = EDGE_CURVE ( 'NONE', #1012, #1407, #2347, .T. ) ;
#1398 = CARTESIAN_POINT ( 'NONE',  ( 89.74139269368141925, 111.1264528581224340, 4.218233371945508736 ) ) ;
#1399 = DIRECTION ( 'NONE',  ( -0.000000000000000000, -1.000000000000000000, -0.000000000000000000 ) ) ;
#1400 = CARTESIAN_POINT ( 'NONE',  ( -5.792013297573475938, -1.314069021156550887, 8.560143682437079349 ) ) ;
#1401 = CARTESIAN_POINT ( 'NONE',  ( 96.45167361831111918, 121.8751614799791696, -2.275843338911323066 ) ) ;
#1402 = ORIENTED_EDGE ( 'NONE', *, *, #1311, .T. ) ;
#1403 = CARTESIAN_POINT ( 'NONE',  ( -1.244277604109748747, -2.061421577680705219, 7.789961416823077300 ) ) ;
#1404 = CARTESIAN_POINT ( 'NONE',  ( 2.434896423411122779, 10.68041569449708916, 0.000000000000000000 ) ) ;
#1405 = ORIENTED_EDGE ( 'NONE', *, *, #1236, .T. ) ;
#1406 = CARTESIAN_POINT ( 'NONE',  ( 110.8245185775684263, 124.4159476019986386, 0.8729306671542274021 ) ) ;
#1407 = VERTEX_POINT ( 'NONE', #2172 ) ;
#1408 = CARTESIAN_POINT ( 'NONE',  ( 86.59489040305365393, 110.2656926384154161, 2.106853756077849749 ) ) ;
#1409 = CARTESIAN_POINT ( 'NONE',  ( -6.060837414790187339, 0.8475463209442071211, -7.909313787531847773 ) ) ;
#1410 = CARTESIAN_POINT ( 'NONE',  ( 86.55314139868121970, 109.7777921060001063, -2.625366381676212058 ) ) ;
#1411 = TOROIDAL_SURFACE ( 'NONE', #2481, 7.000000000000000000, 2.000000000000000000 ) ;
#1412 = CARTESIAN_POINT ( 'NONE',  ( 93.79186018298797478, 124.5129556051621620, -1.275439870547979915 ) ) ;
#1413 = AXIS2_PLACEMENT_3D ( 'NONE', #2391, #2219, #846 ) ;
#1414 = CIRCLE ( 'NONE', #660, 0.7500000000000006661 ) ;
#1415 = EDGE_LOOP ( 'NONE', ( #87, #476 ) ) ;
#1416 = DIRECTION ( 'NONE',  ( 0.000000000000000000, -1.000000000000000000, 0.000000000000000000 ) ) ;
#1417 = AXIS2_PLACEMENT_3D ( 'NONE', #1729, #2159, #392 ) ;
#1418 = CARTESIAN_POINT ( 'NONE',  ( 11.62742974083887404, 2.966964378258633683, 0.000000000000000000 ) ) ;
#1419 = EDGE_LOOP ( 'NONE', ( #2191, #472, #2582, #728 ) ) ;
#1420 = AXIS2_PLACEMENT_3D ( 'NONE', #1753, #2503, #1528 ) ;
#1421 = DIRECTION ( 'NONE',  ( -0.000000000000000000, -1.000000000000000000, -0.000000000000000000 ) ) ;
#1422 = ORIENTED_EDGE ( 'NONE', *, *, #350, .T. ) ;
#1423 = CARTESIAN_POINT ( 'NONE',  ( 88.34890461987848198, 111.1039194073332510, 3.647425936994521667 ) ) ;
#1424 = DIRECTION ( 'NONE',  ( 0.000000000000000000, -0.000000000000000000, -1.000000000000000000 ) ) ;
#1425 = CARTESIAN_POINT ( 'NONE',  ( 85.74572522457579282, 109.7177670348739156, -1.254037598479004645 ) ) ;
#1426 = APPROVAL ( #917, 'æœª' ) ;
#1427 = CARTESIAN_POINT ( 'NONE',  ( 97.52443276626394209, 123.9975724971458391, -0.2045677410816462982 ) ) ;
#1428 = VERTEX_POINT ( 'NONE', #379 ) ;
#1429 = CARTESIAN_POINT ( 'NONE',  ( 5.995600222987347294, -2.180009546773735707, 7.789961416819719986 ) ) ;
#1430 = EDGE_CURVE ( 'NONE', #2277, #121, #1163, .T. ) ;
#1431 = CARTESIAN_POINT ( 'NONE',  ( 5.562727206747858588, 2.893538862311985760, 7.789961416823413032 ) ) ;
#1432 = ORIENTED_EDGE ( 'NONE', *, *, #751, .T. ) ;
#1433 = DIRECTION ( 'NONE',  ( 0.2294651849374069741, 0.5760384198445513970, -0.7845543115455002603 ) ) ;
#1434 = EDGE_LOOP ( 'NONE', ( #2279, #648, #1768, #1262 ) ) ;
#1435 = CARTESIAN_POINT ( 'NONE',  ( 86.32867309773536135, 110.2599088444454623, 1.629600372702542321 ) ) ;
#1436 = CARTESIAN_POINT ( 'NONE',  ( 4.970852070910659393, -7.000000000000000888, 9.531690809563812650 ) ) ;
#1437 = CARTESIAN_POINT ( 'NONE',  ( 10.09534085460091646, 4.252539597631709078, 6.123233995736766282E-16 ) ) ;
#1438 = CARTESIAN_POINT ( 'NONE',  ( 93.92888595973731469, 125.0293686245676810, -0.7556505426896731326 ) ) ;
#1439 = ORIENTED_EDGE ( 'NONE', *, *, #2056, .T. ) ;
#1440 = CARTESIAN_POINT ( 'NONE',  ( 1.560932475116478813, 3.454488805111918026, 7.789961416823413920 ) ) ;
#1441 = B_SPLINE_CURVE_WITH_KNOTS ( 'NONE', 3,
 ( #2149, #1935, #183, #2382, #1183, #1780, #1406, #2571, #790, #935, #2545, #1154, #2202, #1733, #2530, #1589, #597, #1561 ),
 .UNSPECIFIED., .F., .F.,
 ( 4, 2, 2, 2, 2, 2, 2, 2, 4 ),
 ( 0.003134371591889071121, 0.003526066821692697400, 0.003917762051496323679, 0.004309457281299949524, 0.004701152511103576237, 0.005092847740907202950, 0.005484542970710828795, 0.005876238200514454640, 0.006267933430318081353 ),
 .UNSPECIFIED. ) ;
#1442 = DIRECTION ( 'NONE',  ( 0.6427876096865379196, 0.7660444431189792347, -0.000000000000000000 ) ) ;
#1443 = ORIENTED_EDGE ( 'NONE', *, *, #2429, .F. ) ;
#1444 = DIRECTION ( 'NONE',  ( 0.000000000000000000, 0.000000000000000000, -1.000000000000000000 ) ) ;
#1445 = EDGE_CURVE ( 'NONE', #1698, #2239, #992, .T. ) ;
#1446 = CARTESIAN_POINT ( 'NONE',  ( 85.53208888623794337, 109.7117933465638089, -0.2150768140673784967 ) ) ;
#1447 = CARTESIAN_POINT ( 'NONE',  ( 94.06354360270502468, 119.9649308830548193, -0.7282420650886609614 ) ) ;
#1448 = ORIENTED_EDGE ( 'NONE', *, *, #1998, .T. ) ;
#1449 = CARTESIAN_POINT ( 'NONE',  ( 6.530354279740593348, -2.244139412963319646, 7.789961416820007756 ) ) ;
#1450 = AXIS2_PLACEMENT_3D ( 'NONE', #1258, #854, #2241 ) ;
#1451 = VECTOR ( 'NONE', #286, 1000.000000000000000 ) ;
#1452 = DIRECTION ( 'NONE',  ( -1.000000000000000000, 0.000000000000000000, 0.000000000000000000 ) ) ;
#1453 = EDGE_LOOP ( 'NONE', ( #876, #2447, #733, #1194 ) ) ;
#1454 = CYLINDRICAL_SURFACE ( 'NONE', #491, 10.75000000000004619 ) ;
#1455 = EDGE_CURVE ( 'NONE', #2047, #2253, #2040, .T. ) ;
#1456 = AXIS2_PLACEMENT_3D ( 'NONE', #1792, #2322, #1749 ) ;
#1457 = EDGE_CURVE ( 'NONE', #2380, #1623, #1625, .T. ) ;
#1458 = CARTESIAN_POINT ( 'NONE',  ( -9.079324938260480593, 1.644976704438083637, -7.789961416823413920 ) ) ;
#1459 = ORIENTED_EDGE ( 'NONE', *, *, #2479, .F. ) ;
#1460 = DIRECTION ( 'NONE',  ( 0.000000000000000000, -1.000000000000000000, 0.000000000000000000 ) ) ;
#1461 = CARTESIAN_POINT ( 'NONE',  ( 92.52192440972177678, 119.8931108801330794, 3.110724509554941175 ) ) ;
#1462 = DIRECTION ( 'NONE',  ( -0.000000000000000000, -1.000000000000000000, -0.000000000000000000 ) ) ;
#1463 = CARTESIAN_POINT ( 'NONE',  ( 87.91841326430480308, 110.0761335966917187, -3.663631582046372070 ) ) ;
#1464 = CARTESIAN_POINT ( 'NONE',  ( 103.0040750906166949, 130.4968607545760335, -0.5033353425160732586 ) ) ;
#1465 = DIRECTION ( 'NONE',  ( 0.000000000000000000, 0.000000000000000000, -1.000000000000000000 ) ) ;
#1466 = CARTESIAN_POINT ( 'NONE',  ( -4.107551964331345395, -4.999999999685271312, -11.81455988700433934 ) ) ;
#1467 = EDGE_CURVE ( 'NONE', #1053, #933, #1844, .T. ) ;
#1468 = ORIENTED_EDGE ( 'NONE', *, *, #900, .F. ) ;
#1469 = CARTESIAN_POINT ( 'NONE',  ( 94.64628342532110139, 121.4420938104087497, -1.012500169944904105 ) ) ;
#1470 = ORIENTED_EDGE ( 'NONE', *, *, #53, .F. ) ;
#1471 = CARTESIAN_POINT ( 'NONE',  ( 31.94451655817615077, 189.9582498767470895, -3.966775505030329020E-14 ) ) ;
#1472 = CARTESIAN_POINT ( 'NONE',  ( 88.07207903732539478, 110.9958135787637730, -3.509180628658302936 ) ) ;
#1473 = CARTESIAN_POINT ( 'NONE',  ( 111.8506807842920097, 125.5198315244865910, -4.713276671903355456E-16 ) ) ;
#1474 = CARTESIAN_POINT ( 'NONE',  ( -9.531690809563903244, -6.000000000000000888, -4.970852070910485310 ) ) ;
#1475 = CARTESIAN_POINT ( 'NONE',  ( -5.861056370557672146, -0.2633990163125434769, -8.177533063668958491 ) ) ;
#1476 = CARTESIAN_POINT ( 'NONE',  ( 94.00331611776427110, 125.3109710246842781, 0.01961538527463141043 ) ) ;
#1477 = CARTESIAN_POINT ( 'NONE',  ( 97.49426185880517437, 123.9374330695943343, -0.4550920904762409958 ) ) ;
#1478 = ORIENTED_EDGE ( 'NONE', *, *, #544, .T. ) ;
#1479 = CARTESIAN_POINT ( 'NONE',  ( 94.00085699569008568, 125.3016573351116136, 0.03715140875302446605 ) ) ;
#1480 = EDGE_CURVE ( 'NONE', #1050, #1088, #2372, .T. ) ;
#1481 = CARTESIAN_POINT ( 'NONE',  ( -8.866689125175655661, -7.000000000000000888, 3.874048438056395760 ) ) ;
#1482 = DIRECTION ( 'NONE',  ( -0.000000000000000000, -1.000000000000000000, -0.000000000000000000 ) ) ;
#1483 = CARTESIAN_POINT ( 'NONE',  ( 86.42542235177843679, 109.7638902741880997, -2.473679745237605587 ) ) ;
#1484 = CARTESIAN_POINT ( 'NONE',  ( 115.7017697435768468, 137.8879997614162392, 0.000000000000000000 ) ) ;
#1485 = CARTESIAN_POINT ( 'NONE',  ( 94.54496724607615477, 118.2156378547191764, 3.520089174830633549 ) ) ;
#1486 = CIRCLE ( 'NONE', #857, 9.249999999999952038 ) ;
#1487 = VECTOR ( 'NONE', #542, 1000.000000000000000 ) ;
#1488 = CARTESIAN_POINT ( 'NONE',  ( 104.1271873979326585, 131.8351635229822421, 0.5045735535298868646 ) ) ;
#1489 = AXIS2_PLACEMENT_3D ( 'NONE', #1393, #136, #787 ) ;
#1490 = AXIS2_PLACEMENT_3D ( 'NONE', #138, #802, #384 ) ;
#1491 = CARTESIAN_POINT ( 'NONE',  ( 93.84667672242102299, 124.7191892889589155, -1.103288783060776046 ) ) ;
#1492 = CIRCLE ( 'NONE', #373, 0.7500000000000006661 ) ;
#1493 = CARTESIAN_POINT ( 'NONE',  ( 97.53208888623794337, 124.0128364576944051, -2.128008567984644884E-14 ) ) ;
#1494 = EDGE_LOOP ( 'NONE', ( #262, #764, #2505, #1422 ) ) ;
#1495 = CARTESIAN_POINT ( 'NONE',  ( 97.48080405847059637, 123.9106160564973607, 0.5221211598564684531 ) ) ;
#1496 = VERTEX_POINT ( 'NONE', #2434 ) ;
#1497 = DIRECTION ( 'NONE',  ( -0.000000000000000000, -1.000000000000000000, -0.000000000000000000 ) ) ;
#1498 = DIRECTION ( 'NONE',  ( -0.000000000000000000, -1.000000000000000000, -0.000000000000000000 ) ) ;
#1499 = CARTESIAN_POINT ( 'NONE',  ( 110.5777709607629191, 124.0112480284805230, -0.2621795187205681055 ) ) ;
#1500 = CARTESIAN_POINT ( 'NONE',  ( -4.645369878114419038, 3.106474239290931028, -7.789961416823413920 ) ) ;
#1501 = CARTESIAN_POINT ( 'NONE',  ( 104.1775411329054180, 131.9241457249896996, 0.2625044930782151065 ) ) ;
#1502 = CARTESIAN_POINT ( 'NONE',  ( 93.93266395609985864, 125.0436258038740931, -0.7447213302994353246 ) ) ;
#1503 = CARTESIAN_POINT ( 'NONE',  ( 5.654628642412930617, -4.492391036513962099, -10.66474867195677234 ) ) ;
#1504 = CARTESIAN_POINT ( 'NONE',  ( -5.995600222987324202, -2.180009546773734375, -7.789961416819381590 ) ) ;
#1505 = ORIENTED_EDGE ( 'NONE', *, *, #1721, .F. ) ;
#1506 = CARTESIAN_POINT ( 'NONE',  ( 96.31089719514484671, 121.5994531789625057, 2.406471275061229598 ) ) ;
#1507 = FACE_OUTER_BOUND ( 'NONE', #587, .T. ) ;
#1508 = CARTESIAN_POINT ( 'NONE',  ( 84.26260653126018951, 110.9622513834271587, -1.755652637870607435 ) ) ;
#1509 = CARTESIAN_POINT ( 'NONE',  ( 86.56118082203681752, 109.7786006584995846, -2.632489278864105664 ) ) ;
#1510 = CARTESIAN_POINT ( 'NONE',  ( 0.000000000000000000, -6.000000000000000888, -7.000000000000000000 ) ) ;
#1511 = CARTESIAN_POINT ( 'NONE',  ( 4.286263797015736595E-16, -6.000000000000000888, 3.500000000000000000 ) ) ;
#1512 = CARTESIAN_POINT ( 'NONE',  ( -8.201687440787461369, -7.000000000000000888, 4.277244805202164102 ) ) ;
#1513 = EDGE_CURVE ( 'NONE', #168, #185, #964, .T. ) ;
#1514 = CARTESIAN_POINT ( 'NONE',  ( 89.99999999999998579, 128.0000000000000000, 0.000000000000000000 ) ) ;
#1515 = LINE ( 'NONE', #910, #486 ) ;
#1516 = CARTESIAN_POINT ( 'NONE',  ( 4.288043442128023131, -2.075798620247056192, -7.789961416819055628 ) ) ;
#1517 = EDGE_LOOP ( 'NONE', ( #1588, #383, #760, #1795 ) ) ;
#1518 = CARTESIAN_POINT ( 'NONE',  ( 92.69706842068174524, 114.9498182890529989, 4.089456346813527432 ) ) ;
#1519 = CARTESIAN_POINT ( 'NONE',  ( 89.87976696235932650, 112.6521331298503981, -4.000000000000003553 ) ) ;
#1520 = CARTESIAN_POINT ( 'NONE',  ( 89.99999999999998579, 126.0000000000000000, 0.000000000000000000 ) ) ;
#1521 = CARTESIAN_POINT ( 'NONE',  ( 92.76914231759580787, 120.7628364667243517, -2.892508790955771403 ) ) ;
#1522 =( NAMED_UNIT ( * ) SI_UNIT ( $, .STERADIAN. ) SOLID_ANGLE_UNIT ( ) );
#1523 = VERTEX_POINT ( 'NONE', #1616 ) ;
#1524 = CARTESIAN_POINT ( 'NONE',  ( 96.82523220274818243, 122.6101905684463276, 1.866785804547023364 ) ) ;
#1525 = CARTESIAN_POINT ( 'NONE',  ( 0.000000000000000000, -7.000000000000000888, 0.000000000000000000 ) ) ;
#1526 = ORIENTED_EDGE ( 'NONE', *, *, #1222, .F. ) ;
#1527 = CARTESIAN_POINT ( 'NONE',  ( 93.97196664866822857, 125.1922659320783850, 0.4982698347749217049 ) ) ;
#1528 = DIRECTION ( 'NONE',  ( 0.000000000000000000, 0.000000000000000000, -1.000000000000000000 ) ) ;
#1529 = CIRCLE ( 'NONE', #405, 0.7500000000000006661 ) ;
#1530 = CIRCLE ( 'NONE', #1281, 5.833333333333333925 ) ;
#1531 = EDGE_CURVE ( 'NONE', #1370, #1143, #1563, .T. ) ;
#1532 = AXIS2_PLACEMENT_3D ( 'NONE', #1348, #537, #2377 ) ;
#1533 = AXIS2_PLACEMENT_3D ( 'NONE', #2052, #1850, #1630 ) ;
#1534 = CARTESIAN_POINT ( 'NONE',  ( 105.4436714311165275, 133.4414933786591462, 0.000000000000000000 ) ) ;
#1535 = ORIENTED_EDGE ( 'NONE', *, *, #1537, .T. ) ;
#1536 = TOROIDAL_SURFACE ( 'NONE', #323, 7.000000000000000000, 2.000000000000000000 ) ;
#1537 = EDGE_CURVE ( 'NONE', #912, #1862, #1379, .T. ) ;
#1538 = CARTESIAN_POINT ( 'NONE',  ( 89.93381583221646736, 112.7435420169267104, 4.001356924660764314 ) ) ;
#1539 = CIRCLE ( 'NONE', #1827, 0.7499999999999997780 ) ;
#1540 = DIRECTION ( 'NONE',  ( 0.000000000000000000, -1.000000000000000000, 0.000000000000000000 ) ) ;
#1541 = CARTESIAN_POINT ( 'NONE',  ( 87.28757306562165752, 110.8638954888602228, 2.944841603190266444 ) ) ;
#1542 = CARTESIAN_POINT ( 'NONE',  ( 90.91946574871786879, 112.3580055500420229, -4.286562569761214192 ) ) ;
#1543 = PERSON_AND_ORGANIZATION ( #998, #1324 ) ;
#1544 = CARTESIAN_POINT ( 'NONE',  ( 1.530808498934191521E-15, -5.000000000000000888, 12.50000000000000000 ) ) ;
#1545 = DIRECTION ( 'NONE',  ( -1.000000000000000000, 0.000000000000000000, -0.000000000000000000 ) ) ;
#1546 = VERTEX_POINT ( 'NONE', #651 ) ;
#1547 = CARTESIAN_POINT ( 'NONE',  ( 4.624048438056298949, -6.000000000000000888, -8.866689125175708952 ) ) ;
#1548 = CARTESIAN_POINT ( 'NONE',  ( 5.983603621672871853, 0.8475463209442298806, -7.967317800399659866 ) ) ;
#1549 = ADVANCED_FACE ( 'NONE', ( #2023 ), #1594, .F. ) ;
#1550 = CARTESIAN_POINT ( 'NONE',  ( 3.878153191606984684, 3.224939939727492710, -7.789961416823413920 ) ) ;
#1551 = ORIENTED_EDGE ( 'NONE', *, *, #972, .F. ) ;
#1552 = CARTESIAN_POINT ( 'NONE',  ( 94.09902518707045260, 120.0791665721137349, 1.520772469639528834 ) ) ;
#1553 = CARTESIAN_POINT ( 'NONE',  ( 87.54814945581324537, 110.8856107312057162, -3.162845053316924115 ) ) ;
#1554 = ADVANCED_FACE ( 'NONE', ( #205 ), #602, .F. ) ;
#1555 = CARTESIAN_POINT ( 'NONE',  ( 87.97574926242224080, 110.9683006877682914, 3.454219404567871798 ) ) ;
#1556 = CARTESIAN_POINT ( 'NONE',  ( 94.65390103386886267, 118.4225280626416321, -3.461530393046514664 ) ) ;
#1557 = CALENDAR_DATE ( 2026, 18, 2 ) ;
#1558 = CARTESIAN_POINT ( 'NONE',  ( 91.00096269361371526, 112.4505840991291876, 4.288319413311479700 ) ) ;
#1559 = CARTESIAN_POINT ( 'NONE',  ( 89.99999999999998579, 126.0000000000000000, 4.000000000000003553 ) ) ;
#1560 = ORIENTED_EDGE ( 'NONE', *, *, #1261, .F. ) ;
#1561 = CARTESIAN_POINT ( 'NONE',  ( 111.8506807842920097, 125.5198315244865910, -4.713276671903355456E-16 ) ) ;
#1562 = LINE ( 'NONE', #2546, #2280 ) ;
#1563 = B_SPLINE_CURVE_WITH_KNOTS ( 'NONE', 3,
 ( #1027, #794, #833, #1400, #1841, #1634 ),
 .UNSPECIFIED., .F., .F.,
 ( 4, 2, 4 ),
 ( -2.193373274431782618E-05, 0.003378436229300199774, 0.006778806191344717916 ),
 .UNSPECIFIED. ) ;
#1564 = CARTESIAN_POINT ( 'NONE',  ( 89.99999999999998579, 126.0000000000000000, -4.000000000000003553 ) ) ;
#1565 = VERTEX_POINT ( 'NONE', #1437 ) ;
#1566 = CARTESIAN_POINT ( 'NONE',  ( 92.87274954335964594, 121.1336480626932541, 2.784913360231239032 ) ) ;
#1567 = CARTESIAN_POINT ( 'NONE',  ( 88.96639646498844911, 111.5042949105308594, -3.868153783085905850 ) ) ;
#1568 = CARTESIAN_POINT ( 'NONE',  ( -5.632890941206644797, -5.000000000000000888, 11.15887716772938276 ) ) ;
#1569 = EDGE_CURVE ( 'NONE', #185, #2534, #306, .T. ) ;
#1570 = CARTESIAN_POINT ( 'NONE',  ( 91.47703704530279367, 116.4750693107841926, -3.721156704141295624 ) ) ;
#1571 =( NAMED_UNIT ( * ) PLANE_ANGLE_UNIT ( ) SI_UNIT ( $, .RADIAN. ) );
#1572 = ORIENTED_EDGE ( 'NONE', *, *, #2077, .F. ) ;
#1573 = CARTESIAN_POINT ( 'NONE',  ( 85.53208888623790074, 109.7117933465637520, 0.4628891315064053158 ) ) ;
#1574 = CARTESIAN_POINT ( 'NONE',  ( 8.866689125175689412, -6.000000000000000888, 4.624048438056329147 ) ) ;
#1575 = ORIENTED_EDGE ( 'NONE', *, *, #986, .T. ) ;
#1576 = CARTESIAN_POINT ( 'NONE',  ( 0.000000000000000000, -6.000000000000000888, 0.000000000000000000 ) ) ;
#1577 = DIRECTION ( 'NONE',  ( -0.000000000000000000, 1.000000000000000000, -0.000000000000000000 ) ) ;
#1578 = ORIENTED_EDGE ( 'NONE', *, *, #250, .F. ) ;
#1579 = VECTOR ( 'NONE', #96, 1000.000000000000000 ) ;
#1580 = CARTESIAN_POINT ( 'NONE',  ( 87.76673863015277277, 110.4289381114315916, 3.324456629413117703 ) ) ;
#1581 = CARTESIAN_POINT ( 'NONE',  ( 5.220932199171683052, 6.222064705053665712, 0.000000000000000000 ) ) ;
#1582 = CARTESIAN_POINT ( 'NONE',  ( 1.530808498934191521E-15, -5.000000000000000888, 12.50000000000000000 ) ) ;
#1583 = CIRCLE ( 'NONE', #2485, 4.000000000000003553 ) ;
#1584 = CARTESIAN_POINT ( 'NONE',  ( 97.27657432318557085, 123.5042225605886586, -1.140580152582893803 ) ) ;
#1585 = AXIS2_PLACEMENT_3D ( 'NONE', #1168, #336, #1776 ) ;
#1586 = FACE_BOUND ( 'NONE', #1224, .T. ) ;
#1587 = PLANE ( 'NONE',  #1783 ) ;
#1588 = ORIENTED_EDGE ( 'NONE', *, *, #1932, .F. ) ;
#1589 = CARTESIAN_POINT ( 'NONE',  ( 111.8292830318674191, 125.5029128036049286, 0.2639719205671013924 ) ) ;
#1590 = ADVANCED_FACE ( 'NONE', ( #2256 ), #1049, .F. ) ;
#1591 = ORIENTED_EDGE ( 'NONE', *, *, #58, .F. ) ;
#1592 = CARTESIAN_POINT ( 'NONE',  ( 90.03631837845811958, 111.9944179804821971, 4.017886162083025070 ) ) ;
#1593 = DIRECTION ( 'NONE',  ( 0.000000000000000000, 0.000000000000000000, -1.000000000000000000 ) ) ;
#1594 = CYLINDRICAL_SURFACE ( 'NONE', #2169, 10.74999999999995026 ) ;
#1595 = CARTESIAN_POINT ( 'NONE',  ( 93.99323538889933616, 125.2727907252810837, -0.2368968862868672531 ) ) ;
#1596 = B_SPLINE_CURVE_WITH_KNOTS ( 'NONE', 3,
 ( #1188, #2142, #973, #1759 ),
 .UNSPECIFIED., .F., .F.,
 ( 4, 4 ),
 ( 0.000000000000000000, 1.000000000000000000 ),
 .UNSPECIFIED. ) ;
#1597 = ORIENTED_EDGE ( 'NONE', *, *, #1430, .T. ) ;
#1598 = CARTESIAN_POINT ( 'NONE',  ( 1.255855322940819585, -2.061381247303568198, 7.789961416821735263 ) ) ;
#1599 = CARTESIAN_POINT ( 'NONE',  ( 0.000000000000000000, -5.000000000000000888, 0.000000000000000000 ) ) ;
#1600 = ORIENTED_EDGE ( 'NONE', *, *, #1068, .F. ) ;
#1601 = DIRECTION ( 'NONE',  ( 0.000000000000000000, -1.000000000000000000, 0.000000000000000000 ) ) ;
#1602 = ADVANCED_FACE ( 'NONE', ( #661 ), #638, .F. ) ;
#1603 = ORIENTED_EDGE ( 'NONE', *, *, #670, .T. ) ;
#1604 = CARTESIAN_POINT ( 'NONE',  ( 90.13693469285603044, 111.4888175503030254, 4.262027768414428763 ) ) ;
#1605 = DIRECTION ( 'NONE',  ( -0.000000000000000000, -1.000000000000000000, -0.000000000000000000 ) ) ;
#1606 = CARTESIAN_POINT ( 'NONE',  ( 88.18259547103068030, 110.1735949957510883, -3.788233524403885610 ) ) ;
#1607 = ORIENTED_EDGE ( 'NONE', *, *, #1531, .T. ) ;
#1608 = FACE_OUTER_BOUND ( 'NONE', #503, .T. ) ;
#1609 = ORIENTED_EDGE ( 'NONE', *, *, #920, .T. ) ;
#1610 = CARTESIAN_POINT ( 'NONE',  ( -4.624048438056489907, -6.000000000000000888, -9.616689125175607700 ) ) ;
#1611 = ADVANCED_FACE ( 'NONE', ( #924 ), #2504, .T. ) ;
#1612 = ORIENTED_EDGE ( 'NONE', *, *, #1968, .T. ) ;
#1613 = CARTESIAN_POINT ( 'NONE',  ( 85.99679549842504400, 110.2695598715097134, 0.07313753376050215194 ) ) ;
#1614 =( BOUNDED_SURFACE ( )  B_SPLINE_SURFACE ( 3, 2, ( 
 ( #1221, #1624, #1638 ),
 ( #2428, #1449, #810 ),
 ( #445, #1429, #1646 ),
 ( #1833, #2002, #2437 ),
 ( #2048, #2014, #1232 ),
 ( #220, #208, #1019 ),
 ( #645, #605, #2250 ),
 ( #1006, #1598, #1440 ),
 ( #232, #433, #256 ),
 ( #1243, #2390, #1817 ),
 ( #52, #1403, #2199 ),
 ( #458, #246, #1803 ),
 ( #2229, #1046, #844 ),
 ( #1256, #2417, #8 ),
 ( #19, #634, #1654 ),
 ( #686, #495, #2448 ),
 ( #78, #903, #1121 ),
 ( #1292, #666, #1103 ) ),
 .UNSPECIFIED., .F., .F., .F. ) 
 B_SPLINE_SURFACE_WITH_KNOTS ( ( 4, 2, 2, 2, 2, 2, 2, 2, 4 ),
 ( 3, 3 ),
 ( 0.008521617863953889760, 0.01086006457433738928, 0.01319851128472088880, 0.01553695799510438832, 0.01787540470548788785, 0.02021385141587138737, 0.02255229812625488689, 0.02489074483663838641, 0.02722919154702188593 ),
 ( 0.000000000000000000, 1.000000000000000000 ),
 .UNSPECIFIED. ) 
 GEOMETRIC_REPRESENTATION_ITEM ( )  RATIONAL_B_SPLINE_SURFACE ( (
 ( 1.000000000000000000, 0.9125829027452706521, 1.000000000000000000),
 ( 1.000000000000000000, 0.9077581380647693488, 1.000000000000000000),
 ( 1.000000000000000000, 0.9029025613799819272, 1.000000000000000000),
 ( 1.000000000000000000, 0.8937510916664830329, 1.000000000000000000),
 ( 1.000000000000000000, 0.8894451696786080941, 1.000000000000000000),
 ( 1.000000000000000000, 0.8822610941519022365, 1.000000000000000000),
 ( 1.000000000000000000, 0.8793596495085365117, 1.000000000000000000),
 ( 1.000000000000000000, 0.8754090376502372539, 1.000000000000000000),
 ( 1.000000000000000000, 0.8743647724387161313, 1.000000000000000000),
 ( 1.000000000000000000, 0.8743469508609930108, 1.000000000000000000),
 ( 1.000000000000000000, 0.8753775947686310843, 1.000000000000000000),
 ( 1.000000000000000000, 0.8793563618493747125, 1.000000000000000000),
 ( 1.000000000000000000, 0.8822786339137959066, 1.000000000000000000),
 ( 1.000000000000000000, 0.8894438444830036206, 1.000000000000000000),
 ( 1.000000000000000000, 0.8936806749811229134, 1.000000000000000000),
 ( 1.000000000000000000, 0.9028434352745809965, 1.000000000000000000),
 ( 1.000000000000000000, 0.9077854979119657219, 1.000000000000000000),
 ( 1.000000000000000000, 0.9125813739191235285, 1.000000000000000000) ) ) 
 REPRESENTATION_ITEM ( '' )  SURFACE ( )  );
#1615 = CARTESIAN_POINT ( 'NONE',  ( 8.201687440787525318, -6.000000000000000888, 4.277244805202107258 ) ) ;
#1616 = CARTESIAN_POINT ( 'NONE',  ( 9.531690809563878375, -7.000000000000000888, 4.970852070910559029 ) ) ;
#1617 = EDGE_CURVE ( 'NONE', #1057, #1960, #1173, .T. ) ;
#1618 = CIRCLE ( 'NONE', #1489, 10.00000000000000000 ) ;
#1619 = AXIS2_PLACEMENT_3D ( 'NONE', #187, #1187, #1980 ) ;
#1620 = CARTESIAN_POINT ( 'NONE',  ( 97.52003871127783441, 123.9888125286650649, -0.2538180924414402129 ) ) ;
#1621 = DATE_AND_TIME ( #190, #413 ) ;
#1622 = AXIS2_PLACEMENT_3D ( 'NONE', #1105, #107, #497 ) ;
#1623 = VERTEX_POINT ( 'NONE', #1937 ) ;
#1624 = CARTESIAN_POINT ( 'NONE',  ( 7.039809144247096029, -2.344526434352041999, 7.789961416823412144 ) ) ;
#1625 = CIRCLE ( 'NONE', #493, 7.000000000000000000 ) ;
#1626 = B_SPLINE_CURVE_WITH_KNOTS ( 'NONE', 3,
 ( #368, #1169, #772, #594, #1181, #1778, #2569, #2379, #2026, #435, #1858, #1431 ),
 .UNSPECIFIED., .F., .F.,
 ( 4, 2, 2, 2, 2, 4 ),
 ( 0.000000000000000000, 0.002809907318368116101, 0.004214860977552175453, 0.005619814636736234804, 0.008429721955104352640, 0.01123962927347246961 ),
 .UNSPECIFIED. ) ;
#1627 = CARTESIAN_POINT ( 'NONE',  ( 0.000000000000000000, -7.000000000000000888, -7.000000000000000000 ) ) ;
#1628 = VERTEX_POINT ( 'NONE', #1534 ) ;
#1629 = AXIS2_PLACEMENT_3D ( 'NONE', #375, #161, #1157 ) ;
#1630 = DIRECTION ( 'NONE',  ( 0.000000000000000000, 0.000000000000000000, -1.000000000000000000 ) ) ;
#1631 = ORIENTED_EDGE ( 'NONE', *, *, #434, .T. ) ;
#1632 = CARTESIAN_POINT ( 'NONE',  ( 86.70838473478323749, 110.8837054255091772, 2.279960278628004211 ) ) ;
#1633 = CARTESIAN_POINT ( 'NONE',  ( 6.212742257510484478, 0.8475463209442297696, 7.789961416823413032 ) ) ;
#1634 = CARTESIAN_POINT ( 'NONE',  ( -5.983603621672871853, 0.8475463209442298806, 7.967317800399659866 ) ) ;
#1635 = CARTESIAN_POINT ( 'NONE',  ( 94.46759045076743178, 120.9903108260111111, 1.334005579988505108 ) ) ;
#1636 = EDGE_CURVE ( 'NONE', #1934, #1045, #514, .T. ) ;
#1637 = ORIENTED_EDGE ( 'NONE', *, *, #1467, .F. ) ;
#1638 = CARTESIAN_POINT ( 'NONE',  ( 9.079324938260482369, 1.644976704438083637, 7.789961416823412144 ) ) ;
#1639 = CARTESIAN_POINT ( 'NONE',  ( 3.830222215594896618, -3.213938048432689598, 6.123233995736766282E-16 ) ) ;
#1640 = VERTEX_POINT ( 'NONE', #1564 ) ;
#1641 = CARTESIAN_POINT ( 'NONE',  ( -9.531690809563828637, -7.000000000000000888, 4.970852070910628306 ) ) ;
#1642 = CARTESIAN_POINT ( 'NONE',  ( 104.1902363531022075, 131.9477076213520661, 0.1325044218159838472 ) ) ;
#1643 = CARTESIAN_POINT ( 'NONE',  ( 93.45217099377026670, 116.2282628243821563, -3.910225333951771631 ) ) ;
#1644 = CARTESIAN_POINT ( 'NONE',  ( 94.20599601987474614, 120.3267547391523493, -1.158663051221394014 ) ) ;
#1645 = ORIENTED_EDGE ( 'NONE', *, *, #1457, .T. ) ;
#1646 = CARTESIAN_POINT ( 'NONE',  ( 7.661234216332850622, 2.287549958120690619, 7.789961416823413920 ) ) ;
#1647 = EDGE_CURVE ( 'NONE', #990, #2047, #2330, .T. ) ;
#1648 = CARTESIAN_POINT ( 'NONE',  ( 0.000000000000000000, 0.000000000000000000, 0.000000000000000000 ) ) ;
#1649 = DIRECTION ( 'NONE',  ( 0.000000000000000000, 0.000000000000000000, -1.000000000000000000 ) ) ;
#1650 = CARTESIAN_POINT ( 'NONE',  ( 95.16550836535390090, 119.3843433032129582, -3.220838675831203091 ) ) ;
#1651 = B_SPLINE_CURVE_WITH_KNOTS ( 'NONE', 3,
 ( #1725, #315, #344, #116 ),
 .UNSPECIFIED., .F., .F.,
 ( 4, 4 ),
 ( 0.000000000000000000, 1.000000000000000000 ),
 .UNSPECIFIED. ) ;
#1652 = CARTESIAN_POINT ( 'NONE',  ( 104.1902363531022218, 131.9477076213519808, -3.144021696561530291E-14 ) ) ;
#1653 = DIRECTION ( 'NONE',  ( 0.000000000000000000, 0.000000000000000000, -1.000000000000000000 ) ) ;
#1654 = CARTESIAN_POINT ( 'NONE',  ( -6.162590783061034472, 2.762590864996897544, 7.789961416823412144 ) ) ;
#1655 = AXIS2_PLACEMENT_3D ( 'NONE', #2108, #358, #517 ) ;
#1656 = AXIS2_PLACEMENT_3D ( 'NONE', #620, #424, #1223 ) ;
#1657 = CARTESIAN_POINT ( 'NONE',  ( 87.48863034384982029, 110.3640883976888745, -3.119286831459747500 ) ) ;
#1658 = CIRCLE ( 'NONE', #27, 0.7499999999999997780 ) ;
#1659 = LINE ( 'NONE', #879, #490 ) ;
#1660 = CYLINDRICAL_SURFACE ( 'NONE', #1831, 0.7500000000000006661 ) ;
#1661 = PRODUCT_DEFINITION_FORMATION_WITH_SPECIFIED_SOURCE ( 'ä»', '', #2581, .NOT_KNOWN. ) ;
#1662 = CIRCLE ( 'NONE', #789, 0.7499999999999997780 ) ;
#1663 = CIRCLE ( 'NONE', #539, 10.75000000000004619 ) ;
#1664 = ADVANCED_FACE ( 'NONE', ( #955 ), #1767, .F. ) ;
#1665 = CARTESIAN_POINT ( 'NONE',  ( -5.337122507152559869, -5.000000000568919134, -11.30996396184675667 ) ) ;
#1666 = VERTEX_POINT ( 'NONE', #526 ) ;
#1667 = CARTESIAN_POINT ( 'NONE',  ( 93.95961589686675097, 125.1455386968889343, 0.5732447434119480878 ) ) ;
#1668 = ORIENTED_EDGE ( 'NONE', *, *, #1172, .F. ) ;
#1669 = DIRECTION ( 'NONE',  ( 0.000000000000000000, 0.000000000000000000, -1.000000000000000000 ) ) ;
#1670 = CARTESIAN_POINT ( 'NONE',  ( 87.35025703041405620, 109.9150644466384961, -3.325137068802686002 ) ) ;
#1671 = CARTESIAN_POINT ( 'NONE',  ( 110.8250975459967549, 124.4167994711739453, -0.8735073223164677714 ) ) ;
#1672 = CARTESIAN_POINT ( 'NONE',  ( 5.983603621672872741, 0.8475463209442299917, 7.967317800399659866 ) ) ;
#1673 = CARTESIAN_POINT ( 'NONE',  ( 91.05094797157197206, 115.2360509227699623, -3.867044967891382967 ) ) ;
#1674 = EDGE_CURVE ( 'NONE', #952, #1967, #1212, .T. ) ;
#1675 = CARTESIAN_POINT ( 'NONE',  ( 96.55216675376061630, 122.0720260717880024, -2.185534681865204831 ) ) ;
#1676 = ORIENTED_EDGE ( 'NONE', *, *, #1480, .T. ) ;
#1677 = CARTESIAN_POINT ( 'NONE',  ( 5.983603621672872741, 0.8475463209442299917, 7.967317800399659866 ) ) ;
#1678 = ORIENTED_EDGE ( 'NONE', *, *, #1737, .F. ) ;
#1679 = CYLINDRICAL_SURFACE ( 'NONE', #2251, 9.249999999999952038 ) ;
#1680 = CARTESIAN_POINT ( 'NONE',  ( -4.624048438056489907, -6.000000000000000888, -8.866689125175605923 ) ) ;
#1681 = CARTESIAN_POINT ( 'NONE',  ( 111.8506807842920097, 125.5198315244865910, -4.713276671903355456E-16 ) ) ;
#1682 = CARTESIAN_POINT ( 'NONE',  ( -1.872969348793332767, 3.440812350544645515, -7.789961416823412144 ) ) ;
#1683 = CARTESIAN_POINT ( 'NONE',  ( 86.01037477738624659, 110.2690010670152390, -0.4548677659197535861 ) ) ;
#1684 = CARTESIAN_POINT ( 'NONE',  ( 7.112366251504909087E-14, -6.000000000000000888, 2.168404344971008868E-16 ) ) ;
#1685 = CARTESIAN_POINT ( 'NONE',  ( 3.105542086535709512, 3.324413353077888100, -7.789961416823415696 ) ) ;
#1686 = VERTEX_POINT ( 'NONE', #2105 ) ;
#1687 = CARTESIAN_POINT ( 'NONE',  ( 93.93181483113301056, 125.0404357753283620, 0.7402700319828744435 ) ) ;
#1688 = DIRECTION ( 'NONE',  ( -0.000000000000000000, 1.000000000000000000, -0.000000000000000000 ) ) ;
#1689 = EDGE_CURVE ( 'NONE', #1191, #1428, #1911, .T. ) ;
#1690 = DIRECTION ( 'NONE',  ( 0.000000000000000000, 0.000000000000000000, -1.000000000000000000 ) ) ;
#1691 = DIRECTION ( 'NONE',  ( -0.7660444431189781245, 0.6427876096865392519, 0.000000000000000000 ) ) ;
#1692 = FACE_OUTER_BOUND ( 'NONE', #1024, .T. ) ;
#1693 = CIRCLE ( 'NONE', #988, 5.833333333333333925 ) ;
#1694 = VECTOR ( 'NONE', #1970, 1000.000000000000000 ) ;
#1695 = DIRECTION ( 'NONE',  ( 0.000000000000000000, -1.000000000000000000, 0.000000000000000000 ) ) ;
#1696 = CARTESIAN_POINT ( 'NONE',  ( 90.69565333640677807, 114.3349520179098846, -3.940900727144423410 ) ) ;
#1697 = CARTESIAN_POINT ( 'NONE',  ( 93.89381788466172907, 117.0203599015218288, -3.771196518968004785 ) ) ;
#1698 = VERTEX_POINT ( 'NONE', #2355 ) ;
#1699 = CARTESIAN_POINT ( 'NONE',  ( 90.27251775775191334, 113.3842561666662334, 3.992248204722117055 ) ) ;
#1700 = ORIENTED_EDGE ( 'NONE', *, *, #1820, .T. ) ;
#1701 = CARTESIAN_POINT ( 'NONE',  ( 6.000220964535857071, 1.546682474299046595, -7.856969208941418259 ) ) ;
#1702 = ADVANCED_FACE ( 'NONE', ( #1326 ), #1709, .T. ) ;
#1703 = CARTESIAN_POINT ( 'NONE',  ( 86.27090268990664867, 110.2617804079464605, -1.491616265253905560 ) ) ;
#1704 = CARTESIAN_POINT ( 'NONE',  ( 103.2004260531916202, 130.6695223734251954, -0.7989327060052122675 ) ) ;
#1705 = CARTESIAN_POINT ( 'NONE',  ( 95.36938563291708704, 119.7763798992524471, 3.090717122494316182 ) ) ;
#1706 = DIRECTION ( 'NONE',  ( 0.7660444431189792347, -0.6427876096865379196, 0.000000000000000000 ) ) ;
#1707 = CARTESIAN_POINT ( 'NONE',  ( 93.87043279978790622, 124.8087011281585319, 1.015952539489264117 ) ) ;
#1708 = CARTESIAN_POINT ( 'NONE',  ( 105.4436714311165701, 133.4414933786591462, 0.000000000000000000 ) ) ;
#1709 = CYLINDRICAL_SURFACE ( 'NONE', #862, 4.000000000000003553 ) ;
#1710 = VERTEX_POINT ( 'NONE', #750 ) ;
#1711 = CARTESIAN_POINT ( 'NONE',  ( 95.53878486799685277, 120.1018403460463304, 2.983835743099163995 ) ) ;
#1712 = CARTESIAN_POINT ( 'NONE',  ( 8.866689125175689412, -6.000000000000000888, 3.874048438056329591 ) ) ;
#1713 = FACE_OUTER_BOUND ( 'NONE', #2168, .T. ) ;
#1714 = CARTESIAN_POINT ( 'NONE',  ( 90.38345227160463935, 111.7412910205054004, -4.278096830653941751 ) ) ;
#1715 = LINE ( 'NONE', #725, #1110 ) ;
#1716 = CARTESIAN_POINT ( 'NONE',  ( 97.24581882764049112, 123.4431415057306793, 1.203076838963903272 ) ) ;
#1717 = EDGE_CURVE ( 'NONE', #694, #1523, #1539, .T. ) ;
#1718 = CARTESIAN_POINT ( 'NONE',  ( 109.2738936467114286, 130.2275553302264655, 0.000000000000000000 ) ) ;
#1719 = CARTESIAN_POINT ( 'NONE',  ( 90.00000000000001421, 112.8670653616855901, -4.000000000000003553 ) ) ;
#1720 = CARTESIAN_POINT ( 'NONE',  ( 5.641914559592375866, -4.800981260754510593, -10.95702955762697250 ) ) ;
#1721 = EDGE_CURVE ( 'NONE', #414, #1960, #1529, .T. ) ;
#1722 = CARTESIAN_POINT ( 'NONE',  ( 8.387997319183604361, 1.998380033033761105, -7.789961416823411255 ) ) ;
#1723 = VERTEX_POINT ( 'NONE', #341 ) ;
#1724 = CARTESIAN_POINT ( 'NONE',  ( 91.53119617419055487, 114.3461428321644462, 3.765066949632134286 ) ) ;
#1725 = CARTESIAN_POINT ( 'NONE',  ( 5.983603621672872741, 0.8475463209442299917, 7.967317800399659866 ) ) ;
#1726 = CARTESIAN_POINT ( 'NONE',  ( 86.82177166642183863, 110.8742809639808513, 2.434861402798382368 ) ) ;
#1727 = CARTESIAN_POINT ( 'NONE',  ( 89.79775658469270638, 111.1744351904359007, -4.226307554200561256 ) ) ;
#1728 = APPROVAL_DATE_TIME ( #930, #1426 ) ;
#1729 = CARTESIAN_POINT ( 'NONE',  ( -19.99999999999999645, -7.000000000000000888, -10.00000000000000000 ) ) ;
#1730 = EDGE_CURVE ( 'NONE', #595, #636, #1142, .T. ) ;
#1731 = CARTESIAN_POINT ( 'NONE',  ( -6.270287164428959947, 139.9685298253205303, 7.789961416823413032 ) ) ;
#1732 = ORIENTED_EDGE ( 'NONE', *, *, #1770, .T. ) ;
#1733 = CARTESIAN_POINT ( 'NONE',  ( 111.6927470042451205, 125.3894674231490143, 0.6157143999827080494 ) ) ;
#1734 = CARTESIAN_POINT ( 'NONE',  ( 5.983603621672871853, 0.8475463209442298806, -7.967317800399659866 ) ) ;
#1735 = CIRCLE ( 'NONE', #2000, 12.50000000000000000 ) ;
#1736 = CIRCLE ( 'NONE', #735, 10.74999999999995204 ) ;
#1737 = EDGE_CURVE ( 'NONE', #912, #595, #627, .T. ) ;
#1738 = AXIS2_PLACEMENT_3D ( 'NONE', #1418, #233, #1452 ) ;
#1739 = VECTOR ( 'NONE', #2043, 1000.000000000000000 ) ;
#1740 = CARTESIAN_POINT ( 'NONE',  ( -4.970852070910588338, -6.000000000000000888, 9.531690809563860611 ) ) ;
#1741 = ORIENTED_EDGE ( 'NONE', *, *, #1998, .F. ) ;
#1742 = AXIS2_PLACEMENT_3D ( 'NONE', #2553, #178, #574 ) ;
#1743 = CARTESIAN_POINT ( 'NONE',  ( 96.51804574311614715, 122.0053879419962470, 2.210006220748136574 ) ) ;
#1744 = AXIS2_PLACEMENT_3D ( 'NONE', #1155, #1322, #1340 ) ;
#1745 = PLANE ( 'NONE',  #1159 ) ;
#1746 = CARTESIAN_POINT ( 'NONE',  ( 87.54930593952661866, 110.8847692378180341, 3.165983348689918930 ) ) ;
#1747 = CARTESIAN_POINT ( 'NONE',  ( 90.80240504822221226, 114.5895974322727255, -3.923559747406444753 ) ) ;
#1748 = COORDINATED_UNIVERSAL_TIME_OFFSET ( 8, 0, .AHEAD. ) ;
#1749 = DIRECTION ( 'NONE',  ( 0.000000000000000000, 0.000000000000000000, -1.000000000000000000 ) ) ;
#1750 = CARTESIAN_POINT ( 'NONE',  ( 97.38781543404539320, 123.7254382455306398, 0.8630790914681274462 ) ) ;
#1751 = ORIENTED_EDGE ( 'NONE', *, *, #845, .T. ) ;
#1752 = CYLINDRICAL_SURFACE ( 'NONE', #2324, 7.000000000000000000 ) ;
#1753 = CARTESIAN_POINT ( 'NONE',  ( -4.624048438056361121, -6.000000000000000888, 8.866689125175671649 ) ) ;
#1754 = DIRECTION ( 'NONE',  ( 0.000000000000000000, -1.000000000000000000, 0.000000000000000000 ) ) ;
#1755 = EDGE_CURVE ( 'NONE', #1779, #338, #557, .T. ) ;
#1756 = ORIENTED_EDGE ( 'NONE', *, *, #2332, .T. ) ;
#1757 = CARTESIAN_POINT ( 'NONE',  ( 92.67651139765585810, 120.4349955404265557, 2.978257240348528345 ) ) ;
#1758 = DIRECTION ( 'NONE',  ( 0.000000000000000000, 0.000000000000000000, -1.000000000000000000 ) ) ;
#1759 = CARTESIAN_POINT ( 'NONE',  ( -5.983603621672871853, 0.8475463209442298806, 7.967317800399659866 ) ) ;
#1760 = CARTESIAN_POINT ( 'NONE',  ( 95.12646695641329586, 119.3127168179665318, -3.227970230769630078 ) ) ;
#1761 = PERSON_AND_ORGANIZATION_ROLE ( 'design_owner' ) ;
#1762 = ORIENTED_EDGE ( 'NONE', *, *, #1344, .F. ) ;
#1763 = CYLINDRICAL_SURFACE ( 'NONE', #2574, 0.7500000000000006661 ) ;
#1764 = CARTESIAN_POINT ( 'NONE',  ( 97.24581882764049112, 123.4431415057306793, 1.203076838963903272 ) ) ;
#1765 = ORIENTED_EDGE ( 'NONE', *, *, #330, .F. ) ;
#1766 = DIRECTION ( 'NONE',  ( 0.000000000000000000, -1.000000000000000000, 0.000000000000000000 ) ) ;
#1767 = CYLINDRICAL_SURFACE ( 'NONE', #362, 0.7500000000000006661 ) ;
#1768 = ORIENTED_EDGE ( 'NONE', *, *, #160, .F. ) ;
#1769 = CARTESIAN_POINT ( 'NONE',  ( 88.90505197068637244, 110.5267560328336174, 4.045899220579594058 ) ) ;
#1770 = EDGE_CURVE ( 'NONE', #142, #1628, #2137, .T. ) ;
#1771 = LINE ( 'NONE', #737, #1694 ) ;
#1772 = CARTESIAN_POINT ( 'NONE',  ( 32.58730416786261230, 190.7242943198659759, -3.979021973021801273E-14 ) ) ;
#1773 = CARTESIAN_POINT ( 'NONE',  ( 92.03328987835017472, 113.8934113154520560, -4.203814016178776036 ) ) ;
#1774 = APPROVAL_ROLE ( '' ) ;
#1775 = ADVANCED_FACE ( 'NONE', ( #2302 ), #1909, .T. ) ;
#1776 = DIRECTION ( 'NONE',  ( 0.000000000000000000, 0.000000000000000000, -1.000000000000000000 ) ) ;
#1777 = B_SPLINE_CURVE_WITH_KNOTS ( 'NONE', 3,
 ( #1933, #554, #1152, #1945, #582, #181, #951, #2557 ),
 .UNSPECIFIED., .F., .F.,
 ( 4, 2, 2, 4 ),
 ( 0.000000000000000000, 0.001056926669862605188, 0.001585390004793907782, 0.002113853339725210376 ),
 .UNSPECIFIED. ) ;
#1778 = CARTESIAN_POINT ( 'NONE',  ( -0.9194498821901079255, 3.475323055298734864, 7.789961416823416585 ) ) ;
#1779 = VERTEX_POINT ( 'NONE', #749 ) ;
#1780 = CARTESIAN_POINT ( 'NONE',  ( 110.7637927971633189, 124.3231041281000557, 0.7989327060051641949 ) ) ;
#1781 = B_SPLINE_CURVE_WITH_KNOTS ( 'NONE', 3,
 ( #1672, #322, #2487, #1067, #678, #2298, #2499, #892, #2473, #2061, #305, #521 ),
 .UNSPECIFIED., .F., .F.,
 ( 4, 2, 2, 2, 2, 4 ),
 ( 0.000000000000000000, 0.003360818869554836347, 0.005041228304332255605, 0.005881433021720961982, 0.006301535380415315170, 0.006721637739109668358 ),
 .UNSPECIFIED. ) ;
#1782 = ORIENTED_EDGE ( 'NONE', *, *, #1770, .F. ) ;
#1783 = AXIS2_PLACEMENT_3D ( 'NONE', #1731, #1986, #1545 ) ;
#1784 = AXIS2_PLACEMENT_3D ( 'NONE', #2268, #1688, #1302 ) ;
#1785 = CARTESIAN_POINT ( 'NONE',  ( 86.07177549335884237, 110.2666473078676148, 0.7750519303467688914 ) ) ;
#1786 = DIRECTION ( 'NONE',  ( 0.000000000000000000, 0.000000000000000000, -1.000000000000000000 ) ) ;
#1787 = DIRECTION ( 'NONE',  ( 1.776356839400250465E-15, 0.000000000000000000, -1.000000000000000000 ) ) ;
#1788 = AXIS2_PLACEMENT_3D ( 'NONE', #1336, #134, #1180 ) ;
#1789 = CARTESIAN_POINT ( 'NONE',  ( 94.07408573613741964, 119.9917049568888530, 0.7558380233845584106 ) ) ;
#1790 = AXIS2_PLACEMENT_3D ( 'NONE', #1079, #1879, #1916 ) ;
#1791 = EDGE_LOOP ( 'NONE', ( #1021, #391, #13, #1591 ) ) ;
#1792 = CARTESIAN_POINT ( 'NONE',  ( -4.624048438056361121, -6.000000000000000888, 8.866689125175671649 ) ) ;
#1793 = EDGE_CURVE ( 'NONE', #1565, #137, #1562, .T. ) ;
#1794 = CARTESIAN_POINT ( 'NONE',  ( 97.53208888623794337, 124.0128364576944051, -2.128008567984644884E-14 ) ) ;
#1795 = ORIENTED_EDGE ( 'NONE', *, *, #1617, .F. ) ;
#1796 = CARTESIAN_POINT ( 'NONE',  ( -3.830222215594896618, 3.213938048432689598, 0.000000000000000000 ) ) ;
#1797 = ORIENTED_EDGE ( 'NONE', *, *, #670, .F. ) ;
#1798 = CARTESIAN_POINT ( 'NONE',  ( 87.30408724294562717, 110.8649608463731226, 2.960498939680408448 ) ) ;
#1799 = DIRECTION ( 'NONE',  ( 0.000000000000000000, -1.000000000000000000, 0.000000000000000000 ) ) ;
#1800 = CARTESIAN_POINT ( 'NONE',  ( 87.22261693555088868, 109.8859314166335679, -3.234126737788250772 ) ) ;
#1801 = CARTESIAN_POINT ( 'NONE',  ( 94.32237344247575095, 120.6221313179913608, 1.312114654410912351 ) ) ;
#1802 = EDGE_LOOP ( 'NONE', ( #2181, #1809, #489, #1170, #226 ) ) ;
#1803 = CARTESIAN_POINT ( 'NONE',  ( -3.105542086535373336, 3.324413353077888100, 7.789961416823412144 ) ) ;
#1804 = DIRECTION ( 'NONE',  ( 0.000000000000000000, 0.000000000000000000, -1.000000000000000000 ) ) ;
#1805 = EDGE_LOOP ( 'NONE', ( #1396, #2456, #800, #610 ) ) ;
#1806 = EDGE_CURVE ( 'NONE', #1088, #505, #1847, .T. ) ;
#1807 = DIRECTION ( 'NONE',  ( 0.000000000000000000, 0.000000000000000000, 1.000000000000000000 ) ) ;
#1808 = EDGE_CURVE ( 'NONE', #505, #2001, #412, .T. ) ;
#1809 = ORIENTED_EDGE ( 'NONE', *, *, #1120, .F. ) ;
#1810 = CARTESIAN_POINT ( 'NONE',  ( 86.00401506230194570, 110.2692437882986383, 0.2514518909295684890 ) ) ;
#1811 = CARTESIAN_POINT ( 'NONE',  ( -4.624048438056489907, -6.000000000000000888, -8.866689125175605923 ) ) ;
#1812 = CARTESIAN_POINT ( 'NONE',  ( 90.97116344306120084, 112.4129436048094135, -4.289142799047814592 ) ) ;
#1813 = B_SPLINE_CURVE_WITH_KNOTS ( 'NONE', 3,
 ( #2507, #1519, #2335, #2318, #548, #1567, #129, #1345, #1145, #144, #754, #1553, #2346, #1359, #3, #831, #1072, #779, #417, #589 ),
 .UNSPECIFIED., .F., .F.,
 ( 4, 2, 2, 2, 2, 2, 2, 2, 2, 4 ),
 ( 0.03585638855163571920, 0.03659587241051118212, 0.03733535626938664503, 0.03807484012826211489, 0.03881432398713757781, 0.03918406591657530580, 0.03955380784601303379, 0.04029329170488846201, 0.04103277556376388330, 0.04177225942263931152 ),
 .UNSPECIFIED. ) ;
#1814 = ORIENTED_EDGE ( 'NONE', *, *, #2269, .T. ) ;
#1815 = CARTESIAN_POINT ( 'NONE',  ( 94.16261001786729423, 120.2165744158114649, 1.067116323847641324 ) ) ;
#1816 = ORIENTED_EDGE ( 'NONE', *, *, #297, .T. ) ;
#1817 = CARTESIAN_POINT ( 'NONE',  ( -0.7663340295320809625, 3.486516963162327620, 7.789961416823412144 ) ) ;
#1818 = DIRECTION ( 'NONE',  ( -0.000000000000000000, -1.000000000000000000, -0.000000000000000000 ) ) ;
#1819 = CARTESIAN_POINT ( 'NONE',  ( 4.624048438056298949, -6.000000000000000888, -9.616689125175708952 ) ) ;
#1820 = EDGE_CURVE ( 'NONE', #2527, #2057, #1735, .T. ) ;
#1821 = VERTEX_POINT ( 'NONE', #2342 ) ;
#1822 = EDGE_CURVE ( 'NONE', #1876, #2228, #1515, .T. ) ;
#1823 = CARTESIAN_POINT ( 'NONE',  ( 88.82704122119251622, 111.3939328502543162, 3.827382910542514338 ) ) ;
#1824 = CYLINDRICAL_SURFACE ( 'NONE', #1372, 0.7499999999999997780 ) ;
#1825 = CARTESIAN_POINT ( 'NONE',  ( 85.67487737610737497, 109.7151550976343373, -1.051042780871095816 ) ) ;
#1826 = ORIENTED_EDGE ( 'NONE', *, *, #2479, .T. ) ;
#1827 = AXIS2_PLACEMENT_3D ( 'NONE', #719, #2548, #2124 ) ;
#1828 = AXIS2_PLACEMENT_3D ( 'NONE', #1514, #2312, #679 ) ;
#1829 = CARTESIAN_POINT ( 'NONE',  ( 93.72105757289006078, 124.2470894347657975, -1.474290535169223926 ) ) ;
#1830 = VECTOR ( 'NONE', #1047, 1000.000000000000000 ) ;
#1831 = AXIS2_PLACEMENT_3D ( 'NONE', #1022, #2263, #437 ) ;
#1832 = ORIENTED_EDGE ( 'NONE', *, *, #2163, .F. ) ;
#1833 = CARTESIAN_POINT ( 'NONE',  ( 4.107551964330837357, -4.999999999684769492, 11.81455988700392190 ) ) ;
#1834 = VECTOR ( 'NONE', #1389, 1000.000000000000000 ) ;
#1835 = DIRECTION ( 'NONE',  ( 0.000000000000000000, 0.000000000000000000, -1.000000000000000000 ) ) ;
#1836 = VERTEX_POINT ( 'NONE', #1923 ) ;
#1837 = CARTESIAN_POINT ( 'NONE',  ( 5.983603621672872741, 0.8475463209442299917, 7.967317800399659866 ) ) ;
#1838 = ORIENTED_EDGE ( 'NONE', *, *, #614, .F. ) ;
#1839 = CARTESIAN_POINT ( 'NONE',  ( 104.0894531147505830, 131.7698273528175150, 0.6153061745960796136 ) ) ;
#1840 = EDGE_CURVE ( 'NONE', #1012, #1370, #618, .T. ) ;
#1841 = CARTESIAN_POINT ( 'NONE',  ( -5.861053162217245927, -0.2634281013456566956, 8.177538567196153352 ) ) ;
#1842 = CARTESIAN_POINT ( 'NONE',  ( 93.56333592509287200, 123.6578995877193563, -1.821611222125481211 ) ) ;
#1843 = APPROVAL_DATE_TIME ( #1621, #2088 ) ;
#1844 = B_SPLINE_CURVE_WITH_KNOTS ( 'NONE', 3,
 ( #2336, #944, #590, #388, #2129, #2538, #1346, #332, #928, #1726, #130, #739, #1541, #1746, #755, #1555, #2155, #359, #2032, #2245, #1982, #1043, #188, #2387, #2226, #613 ),
 .UNSPECIFIED., .F., .F.,
 ( 4, 2, 2, 2, 2, 2, 2, 2, 2, 2, 2, 2, 4 ),
 ( 0.04177225942263931152, 0.04281616831419819691, 0.04386007720575707536, 0.04490398609731596075, 0.04542594054309539997, 0.04594789498887484613, 0.04646984943465428536, 0.04699180388043372458, 0.04751375832621317075, 0.04803571277199260997, 0.04855766721777204920, 0.04907962166355148842, 0.05012353055511036687 ),
 .UNSPECIFIED. ) ;
#1845 = ORIENTED_EDGE ( 'NONE', *, *, #2123, .F. ) ;
#1846 = CARTESIAN_POINT ( 'NONE',  ( -8.866689125175723163, -6.000000000000000888, -4.624048438056267862 ) ) ;
#1847 = B_SPLINE_CURVE_WITH_KNOTS ( 'NONE', 3,
 ( #923, #524, #2120, #1548 ),
 .UNSPECIFIED., .F., .F.,
 ( 4, 4 ),
 ( 0.000000000000000000, 1.000000000000000000 ),
 .UNSPECIFIED. ) ;
#1848 = DIRECTION ( 'NONE',  ( -0.000000000000000000, -1.000000000000000000, -0.000000000000000000 ) ) ;
#1849 = VERTEX_POINT ( 'NONE', #2150 ) ;
#1850 = DIRECTION ( 'NONE',  ( 0.000000000000000000, -1.000000000000000000, 0.000000000000000000 ) ) ;
#1851 = APPLICATION_CONTEXT ( 'configuration controlled 3d designs of mechanical parts and assemblies' ) ;
#1852 = CARTESIAN_POINT ( 'NONE',  ( -1.560932475116478813, 3.454488805111918026, -7.789961416823415696 ) ) ;
#1853 = CARTESIAN_POINT ( 'NONE',  ( -4.970852070910727782, -6.000000000000000888, -9.531690809563775346 ) ) ;
#1854 = ORIENTED_EDGE ( 'NONE', *, *, #2244, .F. ) ;
#1855 = DIRECTION ( 'NONE',  ( -0.000000000000000000, -1.000000000000000000, -0.000000000000000000 ) ) ;
#1856 = ADVANCED_FACE ( 'NONE', ( #139 ), #340, .T. ) ;
#1857 = DIRECTION ( 'NONE',  ( 0.000000000000000000, -1.000000000000000000, 0.000000000000000000 ) ) ;
#1858 = CARTESIAN_POINT ( 'NONE',  ( 4.645369878114417261, 3.106474239290929695, 7.789961416823410367 ) ) ;
#1859 = ORIENTED_EDGE ( 'NONE', *, *, #118, .F. ) ;
#1860 = DIRECTION ( 'NONE',  ( -0.000000000000000000, -1.000000000000000000, -0.000000000000000000 ) ) ;
#1861 = CARTESIAN_POINT ( 'NONE',  ( -2.667229923252460555, -4.999999999811299389, -12.22252670663248253 ) ) ;
#1862 = VERTEX_POINT ( 'NONE', #1141 ) ;
#1863 = CARTESIAN_POINT ( 'NONE',  ( 97.17181583664402922, 123.2961547488788483, 1.355525069135357530 ) ) ;
#1864 = CARTESIAN_POINT ( 'NONE',  ( -9.964018528377691197, 0.8475463209442297696, -1.220240339742265951E-15 ) ) ;
#1865 = AXIS2_PLACEMENT_3D ( 'NONE', #2515, #543, #125 ) ;
#1866 = CARTESIAN_POINT ( 'NONE',  ( 0.000000000000000000, 0.000000000000000000, 0.000000000000000000 ) ) ;
#1867 = CIRCLE ( 'NONE', #1413, 0.7499999999999997780 ) ;
#1868 = CARTESIAN_POINT ( 'NONE',  ( 86.06305957560479669, 109.7309206473057230, -1.981379098725917665 ) ) ;
#1869 = AXIS2_PLACEMENT_3D ( 'NONE', #249, #11, #1260 ) ;
#1870 = FACE_OUTER_BOUND ( 'NONE', #421, .T. ) ;
#1871 = CARTESIAN_POINT ( 'NONE',  ( 96.91446900133074394, 122.7864678888028180, 1.752277893050524504 ) ) ;
#1872 = EDGE_CURVE ( 'NONE', #1862, #2017, #1936, .T. ) ;
#1873 = VECTOR ( 'NONE', #558, 1000.000000000000000 ) ;
#1874 = CARTESIAN_POINT ( 'NONE',  ( -4.624048438056489907, -7.000000000000000888, -9.616689125175607700 ) ) ;
#1875 = CARTESIAN_POINT ( 'NONE',  ( 1.086592862007043081, -4.999999999850777144, -12.46432190143972463 ) ) ;
#1876 = VERTEX_POINT ( 'NONE', #701 ) ;
#1877 = CARTESIAN_POINT ( 'NONE',  ( 97.24581882764046270, 123.4431415057306651, 1.203076838963921480 ) ) ;
#1878 = ORIENTED_EDGE ( 'NONE', *, *, #1222, .T. ) ;
#1879 = DIRECTION ( 'NONE',  ( 0.000000000000000000, -1.000000000000000000, 0.000000000000000000 ) ) ;
#1880 = CARTESIAN_POINT ( 'NONE',  ( 88.14586407988375072, 110.5499338366482220, -3.550715145883190704 ) ) ;
#1881 = CARTESIAN_POINT ( 'NONE',  ( 109.2738936467114712, 130.2275553302264655, 0.000000000000000000 ) ) ;
#1882 = CARTESIAN_POINT ( 'NONE',  ( 2.322954184411586187, 3.394495963434222663, -7.789961416823412144 ) ) ;
#1883 = CARTESIAN_POINT ( 'NONE',  ( 7.112366251504909087E-14, -6.000000000000000888, 2.168404344971008868E-16 ) ) ;
#1884 = DIRECTION ( 'NONE',  ( -0.000000000000000000, -1.000000000000000000, -0.000000000000000000 ) ) ;
#1885 = ADVANCED_FACE ( 'NONE', ( #1093 ), #1891, .T. ) ;
#1886 = CARTESIAN_POINT ( 'NONE',  ( 2.154544422432963291, -5.000000000149221080, -12.32468834712431160 ) ) ;
#1887 = ORIENTED_EDGE ( 'NONE', *, *, #1265, .T. ) ;
#1888 = CARTESIAN_POINT ( 'NONE',  ( 97.08732649871559772, 123.1285737994652152, 1.498116465280623588 ) ) ;
#1889 = ORIENTED_EDGE ( 'NONE', *, *, #285, .F. ) ;
#1890 = DIRECTION ( 'NONE',  ( 0.000000000000000000, 0.000000000000000000, -1.000000000000000000 ) ) ;
#1891 = CYLINDRICAL_SURFACE ( 'NONE', #2079, 9.250000000000046185 ) ;
#1892 = CARTESIAN_POINT ( 'NONE',  ( 110.9665338097450871, 124.6147628152745455, -0.9740534754362513148 ) ) ;
#1893 = CARTESIAN_POINT ( 'NONE',  ( 0.000000000000000000, -5.000000000000000888, 0.000000000000000000 ) ) ;
#1894 = DIRECTION ( 'NONE',  ( 0.000000000000000000, 0.000000000000000000, -1.000000000000000000 ) ) ;
#1895 = CARTESIAN_POINT ( 'NONE',  ( 92.23378177637763997, 118.9013314938894865, -3.325180895133643233 ) ) ;
#1896 = CARTESIAN_POINT ( 'NONE',  ( -3.874187312106825321, 3.225603764009890462, -7.789961416823415696 ) ) ;
#1897 = ADVANCED_FACE ( 'NONE', ( #496 ), #2067, .F. ) ;
#1898 = ORIENTED_EDGE ( 'NONE', *, *, #399, .T. ) ;
#1899 = CARTESIAN_POINT ( 'NONE',  ( 97.52327955118514069, 123.9952732570589973, 0.2341860916267359816 ) ) ;
#1900 = CARTESIAN_POINT ( 'NONE',  ( 92.94753297726403218, 121.4002676407413617, 2.712635515198753122 ) ) ;
#1901 = DIRECTION ( 'NONE',  ( 0.7660444431189792347, -0.6427876096865379196, 0.000000000000000000 ) ) ;
#1902 = CARTESIAN_POINT ( 'NONE',  ( 85.74572522457579282, 109.7177670348739156, -1.254037598479005533 ) ) ;
#1903 = DIRECTION ( 'NONE',  ( 0.7660444431189792347, -0.6427876096865379196, 0.000000000000000000 ) ) ;
#1904 = DIRECTION ( 'NONE',  ( 0.000000000000000000, -1.000000000000000000, 0.000000000000000000 ) ) ;
#1905 = AXIS2_PLACEMENT_3D ( 'NONE', #1648, #1008, #460 ) ;
#1906 = CIRCLE ( 'NONE', #1784, 9.964018528377691197 ) ;
#1907 = CARTESIAN_POINT ( 'NONE',  ( 85.54542059231535234, 109.7120525473824841, -0.5003092824248289716 ) ) ;
#1908 = LINE ( 'NONE', #1140, #578 ) ;
#1909 = CYLINDRICAL_SURFACE ( 'NONE', #1865, 5.000000000000000888 ) ;
#1910 = VECTOR ( 'NONE', #1855, 1000.000000000000000 ) ;
#1911 = LINE ( 'NONE', #113, #68 ) ;
#1912 = ORIENTED_EDGE ( 'NONE', *, *, #266, .F. ) ;
#1913 = CARTESIAN_POINT ( 'NONE',  ( 91.21008203627353339, 115.6898583204651061, 3.816825923051412328 ) ) ;
#1914 = EDGE_CURVE ( 'NONE', #636, #797, #1663, .T. ) ;
#1915 = CARTESIAN_POINT ( 'NONE',  ( 0.000000000000000000, -5.000000000000000888, 0.000000000000000000 ) ) ;
#1916 = DIRECTION ( 'NONE',  ( 0.000000000000000000, 0.000000000000000000, -1.000000000000000000 ) ) ;
#1917 = CARTESIAN_POINT ( 'NONE',  ( 90.08507558185289099, 112.0533613016714582, -4.018326380004284992 ) ) ;
#1918 = CARTESIAN_POINT ( 'NONE',  ( 103.0618245565408273, 130.5453130509436335, -0.6144837773952068760 ) ) ;
#1919 = ADVANCED_FACE ( 'NONE', ( #676 ), #1293, .T. ) ;
#1920 = DIRECTION ( 'NONE',  ( -0.000000000000000000, -1.000000000000000000, -0.000000000000000000 ) ) ;
#1921 = DIRECTION ( 'NONE',  ( 0.000000000000000000, -1.000000000000000000, 0.000000000000000000 ) ) ;
#1922 = CARTESIAN_POINT ( 'NONE',  ( 93.17185110318328611, 122.2142713752973577, -2.440481372461414722 ) ) ;
#1923 = CARTESIAN_POINT ( 'NONE',  ( 102.9046611337293058, 130.4156187351142080, -1.391424419065029463E-22 ) ) ;
#1924 = CARTESIAN_POINT ( 'NONE',  ( 113.1041158623063723, 127.0136172817937563, -6.123233995736764310E-16 ) ) ;
#1925 = ORIENTED_EDGE ( 'NONE', *, *, #1397, .F. ) ;
#1926 = CARTESIAN_POINT ( 'NONE',  ( 93.42888070198709727, 123.1589189229761416, 2.062672472744756735 ) ) ;
#1927 = CARTESIAN_POINT ( 'NONE',  ( 0.000000000000000000, -5.000000000000000888, 0.000000000000000000 ) ) ;
#1928 = DIRECTION ( 'NONE',  ( 0.000000000000000000, 0.000000000000000000, -1.000000000000000000 ) ) ;
#1929 = CARTESIAN_POINT ( 'NONE',  ( 93.02617906329568598, 121.6839775768435032, -2.622402821407721962 ) ) ;
#1930 = COORDINATED_UNIVERSAL_TIME_OFFSET ( 8, 0, .AHEAD. ) ;
#1931 = CARTESIAN_POINT ( 'NONE',  ( 87.28510663046589002, 109.8994714004420672, 3.279611412731640030 ) ) ;
#1932 = EDGE_CURVE ( 'NONE', #788, #1057, #1288, .T. ) ;
#1933 = CARTESIAN_POINT ( 'NONE',  ( -5.983603621672871853, 0.8475463209442298806, 7.967317800399659866 ) ) ;
#1934 = VERTEX_POINT ( 'NONE', #1104 ) ;
#1935 = CARTESIAN_POINT ( 'NONE',  ( 110.5651055649190937, 123.9877426382488181, 0.1306772736013524783 ) ) ;
#1936 = LINE ( 'NONE', #936, #734 ) ;
#1937 = CARTESIAN_POINT ( 'NONE',  ( 8.572527594031473190E-16, -7.000000000000000888, 7.000000000000000000 ) ) ;
#1938 = ORIENTED_EDGE ( 'NONE', *, *, #563, .F. ) ;
#1939 = CARTESIAN_POINT ( 'NONE',  ( 92.93738496301773466, 121.3654745850952281, 2.716817829818712671 ) ) ;
#1940 = FACE_OUTER_BOUND ( 'NONE', #2333, .T. ) ;
#1941 = CARTESIAN_POINT ( 'NONE',  ( -5.962538829963462739, 1.724653160463040402, -7.842540003451851760 ) ) ;
#1942 = CARTESIAN_POINT ( 'NONE',  ( 89.58835969474108651, 111.5006185488280437, -3.992029662786836131 ) ) ;
#1943 = PERSON_AND_ORGANIZATION ( #998, #1324 ) ;
#1944 = CARTESIAN_POINT ( 'NONE',  ( -4.277244805202261801, -6.000000000000000888, -8.201687440787445382 ) ) ;
#1945 = CARTESIAN_POINT ( 'NONE',  ( -5.889285033127026558, 2.067570162762335961, 7.814933543101716396 ) ) ;
#1946 = ORIENTED_EDGE ( 'NONE', *, *, #1808, .F. ) ;
#1947 = ADVANCED_FACE ( 'NONE', ( #2059 ), #908, .F. ) ;
#1948 = FACE_OUTER_BOUND ( 'NONE', #2541, .T. ) ;
#1949 = CARTESIAN_POINT ( 'NONE',  ( 5.675070638099470877, -3.956099274981700997, -10.20169129162735366 ) ) ;
#1950 = AXIS2_PLACEMENT_3D ( 'NONE', #1883, #2311, #1894 ) ;
#1951 = CIRCLE ( 'NONE', #581, 6.270287164428959947 ) ;
#1952 = CARTESIAN_POINT ( 'NONE',  ( 5.406662920583314325, 2.943956934352739196, -7.789961416823413920 ) ) ;
#1953 = ORIENTED_EDGE ( 'NONE', *, *, #12, .F. ) ;
#1954 = AXIS2_PLACEMENT_3D ( 'NONE', #2260, #711, #469 ) ;
#1955 = CARTESIAN_POINT ( 'NONE',  ( 91.98682920268743146, 115.2467056352638792, 3.573329592874842309 ) ) ;
#1956 = DIRECTION ( 'NONE',  ( 0.000000000000000000, -1.000000000000000000, 0.000000000000000000 ) ) ;
#1957 = CARTESIAN_POINT ( 'NONE',  ( 9.531690809563791333, -6.000000000000000888, -4.970852070910694032 ) ) ;
#1958 = CARTESIAN_POINT ( 'NONE',  ( 94.41213529483648870, 117.9725175007927618, -3.566158547295454895 ) ) ;
#1959 = DATE_AND_TIME ( #2540, #697 ) ;
#1960 = VERTEX_POINT ( 'NONE', #504 ) ;
#1961 = CYLINDRICAL_SURFACE ( 'NONE', #1585, 0.7499999999999997780 ) ;
#1962 = CYLINDRICAL_SURFACE ( 'NONE', #822, 0.9999999999998862021 ) ;
#1963 = ORIENTED_EDGE ( 'NONE', *, *, #371, .F. ) ;
#1964 = CARTESIAN_POINT ( 'NONE',  ( -8.866689125175655661, -6.000000000000000888, 4.624048438056395760 ) ) ;
#1965 = CC_DESIGN_DATE_AND_TIME_ASSIGNMENT ( #2349, #948, ( #2425 ) ) ;
#1966 = CARTESIAN_POINT ( 'NONE',  ( -4.277244805202261801, -6.000000000000000888, -8.201687440787445382 ) ) ;
#1967 = VERTEX_POINT ( 'NONE', #1853 ) ;
#1968 = EDGE_CURVE ( 'NONE', #142, #1934, #1989, .T. ) ;
#1969 = CARTESIAN_POINT ( 'NONE',  ( 87.88041636287076130, 110.9420961475288294, 3.396918224373257633 ) ) ;
#1970 = DIRECTION ( 'NONE',  ( -0.000000000000000000, -1.000000000000000000, -0.000000000000000000 ) ) ;
#1971 = DIRECTION ( 'NONE',  ( 0.000000000000000000, 0.000000000000000000, -1.000000000000000000 ) ) ;
#1972 = CARTESIAN_POINT ( 'NONE',  ( 93.82845813956943459, 119.4180553531714537, -1.973218058033180622 ) ) ;
#1973 = ORIENTED_EDGE ( 'NONE', *, *, #2464, .F. ) ;
#1974 = CARTESIAN_POINT ( 'NONE',  ( 88.24375069872539257, 110.1984786340455855, 3.814468240220167949 ) ) ;
#1975 = CARTESIAN_POINT ( 'NONE',  ( 0.000000000000000000, 0.000000000000000000, 0.000000000000000000 ) ) ;
#1976 = ORIENTED_EDGE ( 'NONE', *, *, #900, .T. ) ;
#1977 = CARTESIAN_POINT ( 'NONE',  ( 6.123233995736766282E-16, 10.00000000000000000, 0.000000000000000000 ) ) ;
#1978 = ORIENTED_EDGE ( 'NONE', *, *, #1537, .F. ) ;
#1979 = CARTESIAN_POINT ( 'NONE',  ( 86.19706174948187538, 110.2630681860415223, 1.289475477632028744 ) ) ;
#1980 = DIRECTION ( 'NONE',  ( 0.000000000000000000, -0.000000000000000000, -1.000000000000000000 ) ) ;
#1981 = EDGE_CURVE ( 'NONE', #436, #708, #1089, .T. ) ;
#1982 = CARTESIAN_POINT ( 'NONE',  ( 88.96236809902237042, 111.5066295052752281, 3.865124756193892619 ) ) ;
#1983 = CARTESIAN_POINT ( 'NONE',  ( 97.45606380468115049, 123.8613244482559281, -0.6309752455098570634 ) ) ;
#1984 = ORIENTED_EDGE ( 'NONE', *, *, #1513, .T. ) ;
#1985 = CARTESIAN_POINT ( 'NONE',  ( 7.112366251504909087E-14, -7.000000000000000888, 2.168404344971008868E-16 ) ) ;
#1986 = DIRECTION ( 'NONE',  ( 0.000000000000000000, 0.000000000000000000, -1.000000000000000000 ) ) ;
#1987 = ORIENTED_EDGE ( 'NONE', *, *, #845, .F. ) ;
#1988 = CARTESIAN_POINT ( 'NONE',  ( 7.112366251504909087E-14, -6.000000000000000888, 2.168404344971008868E-16 ) ) ;
#1989 = CIRCLE ( 'NONE', #1331, 3.236730192915338034 ) ;
#1990 = AXIS2_PLACEMENT_3D ( 'NONE', #806, #818, #629 ) ;
#1991 = VERTEX_POINT ( 'NONE', #1652 ) ;
#1992 = AXIS2_PLACEMENT_3D ( 'NONE', #655, #1442, #1210 ) ;
#1993 = CIRCLE ( 'NONE', #858, 0.7500000000000006661 ) ;
#1994 = CARTESIAN_POINT ( 'NONE',  ( 88.19054372445144452, 111.0385090120411462, 3.571772137853013618 ) ) ;
#1995 = DIRECTION ( 'NONE',  ( -0.000000000000000000, -1.000000000000000000, -0.000000000000000000 ) ) ;
#1996 = DIRECTION ( 'NONE',  ( -0.000000000000000000, 1.000000000000000000, -0.000000000000000000 ) ) ;
#1997 = CIRCLE ( 'NONE', #536, 0.7499999999999997780 ) ;
#1998 = EDGE_CURVE ( 'NONE', #933, #2253, #1061, .T. ) ;
#1999 = CARTESIAN_POINT ( 'NONE',  ( 97.37600461000089069, 123.7019371626470559, -0.8963221892462270857 ) ) ;
#2000 = AXIS2_PLACEMENT_3D ( 'NONE', #1109, #354, #112 ) ;
#2001 = VERTEX_POINT ( 'NONE', #664 ) ;
#2002 = CARTESIAN_POINT ( 'NONE',  ( 4.875976577839506554, -2.095514569763687884, 7.789961416827162033 ) ) ;
#2003 = EDGE_CURVE ( 'NONE', #1191, #1237, #1486, .T. ) ;
#2004 = CARTESIAN_POINT ( 'NONE',  ( 7.112366251504909087E-14, -6.000000000000000888, 2.168404344971008868E-16 ) ) ;
#2005 = EDGE_LOOP ( 'NONE', ( #918, #2024, #219, #1973 ) ) ;
#2006 = CARTESIAN_POINT ( 'NONE',  ( 7.112366251504909087E-14, -7.000000000000000888, 2.168404344971008868E-16 ) ) ;
#2007 = ORIENTED_EDGE ( 'NONE', *, *, #2453, .T. ) ;
#2008 = CARTESIAN_POINT ( 'NONE',  ( 85.53728136872595655, 109.7118717089103086, 0.2767239739751705674 ) ) ;
#2009 = CARTESIAN_POINT ( 'NONE',  ( -8.866689125175655661, -6.000000000000000888, 4.624048438056395760 ) ) ;
#2010 = CARTESIAN_POINT ( 'NONE',  ( 89.87395912616868543, 111.2435399519645784, -4.234916849476097589 ) ) ;
#2011 = UNCERTAINTY_MEASURE_WITH_UNIT (LENGTH_MEASURE( 1.000000000000000082E-05 ), #2509, 'distance_accuracy_value', 'NONE');
#2012 = CARTESIAN_POINT ( 'NONE',  ( 93.33207522731404993, 122.8017244084452813, -2.215462423081257182 ) ) ;
#2013 = EDGE_LOOP ( 'NONE', ( #1612, #2113 ) ) ;
#2014 = CARTESIAN_POINT ( 'NONE',  ( 4.288437873866231875, -2.075788806660945784, 7.789961416823418361 ) ) ;
#2015 = ADVANCED_FACE ( 'NONE', ( #2095 ), #369, .F. ) ;
#2016 = DIRECTION ( 'NONE',  ( -0.7660444431189781245, 0.6427876096865392519, 0.000000000000000000 ) ) ;
#2017 = VERTEX_POINT ( 'NONE', #1512 ) ;
#2018 = DIRECTION ( 'NONE',  ( 0.000000000000000000, -1.000000000000000000, 0.000000000000000000 ) ) ;
#2019 = EDGE_CURVE ( 'NONE', #2057, #809, #1126, .T. ) ;
#2020 = ORIENTED_EDGE ( 'NONE', *, *, #731, .F. ) ;
#2021 = CARTESIAN_POINT ( 'NONE',  ( 89.53424646247825081, 110.9568288617235510, 4.186718323587083290 ) ) ;
#2022 = FACE_OUTER_BOUND ( 'NONE', #7, .T. ) ;
#2023 = FACE_OUTER_BOUND ( 'NONE', #1419, .T. ) ;
#2024 = ORIENTED_EDGE ( 'NONE', *, *, #2565, .T. ) ;
#2025 = CARTESIAN_POINT ( 'NONE',  ( -5.983603621672872741, 0.8475463209442299917, -7.967317800399659866 ) ) ;
#2026 = CARTESIAN_POINT ( 'NONE',  ( 1.872969348793333655, 3.440812350544646847, 7.789961416823412144 ) ) ;
#2027 = ORIENTED_EDGE ( 'NONE', *, *, #2299, .T. ) ;
#2028 = DIRECTION ( 'NONE',  ( 0.000000000000000000, -1.000000000000000000, 0.000000000000000000 ) ) ;
#2029 = EDGE_CURVE ( 'NONE', #2477, #444, #692, .T. ) ;
#2030 = ORIENTED_EDGE ( 'NONE', *, *, #1184, .T. ) ;
#2031 = CARTESIAN_POINT ( 'NONE',  ( 104.1902363531022218, 131.9477076213519808, -3.144021696561530291E-14 ) ) ;
#2032 = CARTESIAN_POINT ( 'NONE',  ( 88.55719571419824376, 111.2146676013578031, 3.733569873479238854 ) ) ;
#2033 = APPROVAL_PERSON_ORGANIZATION ( #1190, #580, #757 ) ;
#2034 = AXIS2_PLACEMENT_3D ( 'NONE', #2576, #1228, #612 ) ;
#2035 = CARTESIAN_POINT ( 'NONE',  ( 94.65552415520525642, 121.4636442466500199, 0.1640180191235168505 ) ) ;
#2036 = CC_DESIGN_APPROVAL ( #1426, ( #1661 ) ) ;
#2037 = CIRCLE ( 'NONE', #1115, 0.7499999999999997780 ) ;
#2038 = ORIENTED_EDGE ( 'NONE', *, *, #770, .F. ) ;
#2039 = DIRECTION ( 'NONE',  ( 0.6427876096865379196, 0.7660444431189792347, -0.000000000000000000 ) ) ;
#2040 = CIRCLE ( 'NONE', #901, 2.000000000000000000 ) ;
#2041 = LINE ( 'NONE', #1639, #1830 ) ;
#2042 = ORIENTED_EDGE ( 'NONE', *, *, #1098, .T. ) ;
#2043 = DIRECTION ( 'NONE',  ( -0.000000000000000000, -1.000000000000000000, -0.000000000000000000 ) ) ;
#2044 = CARTESIAN_POINT ( 'NONE',  ( 97.42075691721973385, 123.7910144281488556, -0.7615267459042274201 ) ) ;
#2045 = EDGE_CURVE ( 'NONE', #1991, #1836, #1118, .T. ) ;
#2046 = CARTESIAN_POINT ( 'NONE',  ( 94.45986022665594817, 120.9707274883843411, -1.337735616177333942 ) ) ;
#2047 = VERTEX_POINT ( 'NONE', #1307 ) ;
#2048 = CARTESIAN_POINT ( 'NONE',  ( 3.643086846328634110, -5.000000000188391525, 11.96796527405121324 ) ) ;
#2049 = CARTESIAN_POINT ( 'NONE',  ( 87.01155831125355178, 109.8451334565666997, -3.067070911878100326 ) ) ;
#2050 = DIRECTION ( 'NONE',  ( -1.000000000000000000, -0.000000000000000000, -0.000000000000000000 ) ) ;
#2051 = ORIENTED_EDGE ( 'NONE', *, *, #223, .T. ) ;
#2052 = CARTESIAN_POINT ( 'NONE',  ( 7.112366251504909087E-14, -7.000000000000000888, 2.168404344971008868E-16 ) ) ;
#2053 = CARTESIAN_POINT ( 'NONE',  ( -8.384011738025179739, 2.000435063747894482, -7.789961416823413920 ) ) ;
#2054 = ORIENTED_EDGE ( 'NONE', *, *, #1569, .F. ) ;
#2055 = CARTESIAN_POINT ( 'NONE',  ( 94.53664874528672613, 121.1651163647092488, -1.261877069408225749 ) ) ;
#2056 = EDGE_CURVE ( 'NONE', #1628, #1045, #2164, .T. ) ;
#2057 = VERTEX_POINT ( 'NONE', #2433 ) ;
#2058 = CARTESIAN_POINT ( 'NONE',  ( 8.201687440787463146, -6.000000000000000888, -4.277244805202232492 ) ) ;
#2059 = FACE_OUTER_BOUND ( 'NONE', #2139, .T. ) ;
#2060 = CARTESIAN_POINT ( 'NONE',  ( 104.1902363531022360, 131.9477076213520093, -0.1324701897823509777 ) ) ;
#2061 = CARTESIAN_POINT ( 'NONE',  ( 5.641914388804960545, -4.800985132548365009, 10.95703343189889800 ) ) ;
#2062 = CARTESIAN_POINT ( 'NONE',  ( -6.212742257510484478, 0.8475463209442297696, -7.789961416823413032 ) ) ;
#2063 = CARTESIAN_POINT ( 'NONE',  ( -0.7866573924934945339, 3.485963999084062515, -7.789961416823412144 ) ) ;
#2064 = EDGE_LOOP ( 'NONE', ( #376, #720, #2007, #1782 ) ) ;
#2065 = CARTESIAN_POINT ( 'NONE',  ( 96.90820366710076428, 122.7740762509350532, 1.761068318294118917 ) ) ;
#2066 = CARTESIAN_POINT ( 'NONE',  ( 93.83916125066198788, 124.6909472273903248, 1.122871716366303785 ) ) ;
#2067 = TOROIDAL_SURFACE ( 'NONE', #280, 19.92803705675538595, 10.00000000000000000 ) ;
#2068 = FACE_OUTER_BOUND ( 'NONE', #1805, .T. ) ;
#2069 = CLOSED_SHELL ( 'NONE', ( #334, #870, #1007, #174, #2180, #1554, #1611, #1365, #1156, #2015, #2413, #1702, #2440, #1775, #2195, #2383, #2216, #801, #1198, #2513, #2535, #238, #1856, #1349, #1947, #2091, #2143, #135, #1023, #1134, #803, #1897, #1602, #609, #586, #934, #1919, #856, #1011, #1885, #311, #419, #993, #2104, #957, #1549, #883, #1664, #1296, #2364, #832, #72, #1590, #525, #1052, #2396, #102 ) ) ;
#2070 = EDGE_CURVE ( 'NONE', #1623, #2380, #59, .T. ) ;
#2071 = CIRCLE ( 'NONE', #943, 0.7500000000000006661 ) ;
#2072 = CARTESIAN_POINT ( 'NONE',  ( 88.74874643428783827, 110.4378709072002920, -3.999262660496081256 ) ) ;
#2073 = CIRCLE ( 'NONE', #945, 3.500000000000000000 ) ;
#2074 = CARTESIAN_POINT ( 'NONE',  ( 111.7507948198307162, 125.4381973470272698, -0.5045735535299318286 ) ) ;
#2075 = CARTESIAN_POINT ( 'NONE',  ( 4.624048438056427734, -6.000000000000000888, 8.866689125175639674 ) ) ;
#2076 = AXIS2_PLACEMENT_3D ( 'NONE', #1866, #279, #1316 ) ;
#2077 = EDGE_CURVE ( 'NONE', #2527, #1078, #1273, .T. ) ;
#2078 = CARTESIAN_POINT ( 'NONE',  ( 0.7523396143109700729, 9.971659094891803576, 0.000000000000000000 ) ) ;
#2079 = AXIS2_PLACEMENT_3D ( 'NONE', #2450, #2098, #91 ) ;
#2080 = CARTESIAN_POINT ( 'NONE',  ( 8.866689125175689412, -6.000000000000000888, 3.874048438056329591 ) ) ;
#2081 = CARTESIAN_POINT ( 'NONE',  ( 1.546495784976777310, 3.455502174555129979, -7.789961416823415696 ) ) ;
#2082 = VERTEX_POINT ( 'NONE', #2078 ) ;
#2083 = CARTESIAN_POINT ( 'NONE',  ( 93.97120705967608956, 125.1893984129574307, 0.4873130825082972462 ) ) ;
#2084 = DIRECTION ( 'NONE',  ( 0.000000000000000000, -1.000000000000000000, 0.000000000000000000 ) ) ;
#2085 = CARTESIAN_POINT ( 'NONE',  ( 7.112366251504909087E-14, -6.000000000000000888, 2.168404344971008868E-16 ) ) ;
#2086 = CARTESIAN_POINT ( 'NONE',  ( 86.43455860270906044, 110.9150762319850401, -1.849287158320966018 ) ) ;
#2087 = CARTESIAN_POINT ( 'NONE',  ( 5.220932199171683052, 6.222064705053665712, 0.000000000000000000 ) ) ;
#2088 = APPROVAL ( #1254, 'æœª' ) ;
#2089 = CARTESIAN_POINT ( 'NONE',  ( 91.80631047700833847, 113.5561907636493828, 4.230916820123314714 ) ) ;
#2090 = DIRECTION ( 'NONE',  ( 0.000000000000000000, -1.000000000000000000, 0.000000000000000000 ) ) ;
#2091 = ADVANCED_FACE ( 'NONE', ( #2101 ), #1411, .F. ) ;
#2092 = DIRECTION ( 'NONE',  ( 0.000000000000000000, -1.000000000000000000, 0.000000000000000000 ) ) ;
#2093 = CARTESIAN_POINT ( 'NONE',  ( -8.866689125175723163, -6.000000000000000888, -4.624048438056267862 ) ) ;
#2094 = ORIENTED_EDGE ( 'NONE', *, *, #250, .T. ) ;
#2095 = FACE_OUTER_BOUND ( 'NONE', #2106, .T. ) ;
#2096 = CARTESIAN_POINT ( 'NONE',  ( 89.99999999999998579, 112.8670653616855617, 4.000000000000003553 ) ) ;
#2097 = CARTESIAN_POINT ( 'NONE',  ( 5.717300509270360820, 2.572469835113001757, -7.792712541658676884 ) ) ;
#2098 = DIRECTION ( 'NONE',  ( -0.000000000000000000, -1.000000000000000000, -0.000000000000000000 ) ) ;
#2099 = FACE_OUTER_BOUND ( 'NONE', #2013, .T. ) ;
#2100 = CARTESIAN_POINT ( 'NONE',  ( -5.562727206747858588, 2.893538862311985760, -7.789961416823413032 ) ) ;
#2101 = FACE_OUTER_BOUND ( 'NONE', #1391, .T. ) ;
#2102 = CARTESIAN_POINT ( 'NONE',  ( 92.75837004689761045, 120.7223183001443374, -2.905667318786375297 ) ) ;
#2103 = CARTESIAN_POINT ( 'NONE',  ( 5.650473523310977519, -4.596431972723555859, -10.76086476251422219 ) ) ;
#2104 = ADVANCED_FACE ( 'NONE', ( #893 ), #295, .T. ) ;
#2105 = CARTESIAN_POINT ( 'NONE',  ( 9.531690809563791333, -6.000000000000000888, -4.970852070910694032 ) ) ;
#2106 = EDGE_LOOP ( 'NONE', ( #621, #1432, #1470, #1637, #432, #99 ) ) ;
#2107 = CARTESIAN_POINT ( 'NONE',  ( 93.59599809784781144, 123.7795443337335115, 1.755791995027155883 ) ) ;
#2108 = CARTESIAN_POINT ( 'NONE',  ( -8.866689125175655661, -6.000000000000000888, 4.624048438056395760 ) ) ;
#2109 = CARTESIAN_POINT ( 'NONE',  ( -5.983603621672871853, 0.8475463209442298806, 7.967317800399659866 ) ) ;
#2110 = CARTESIAN_POINT ( 'NONE',  ( 93.98674631970318671, 119.8036407410844788, -1.729016872498795543 ) ) ;
#2111 = CARTESIAN_POINT ( 'NONE',  ( 103.9299316713881609, 131.5182107342041320, -0.8737390706764452952 ) ) ;
#2112 = CIRCLE ( 'NONE', #783, 4.000000000000003553 ) ;
#2113 = ORIENTED_EDGE ( 'NONE', *, *, #2584, .T. ) ;
#2114 = CARTESIAN_POINT ( 'NONE',  ( 1.854090595286862708, 3.429398870525142140, -7.789961416823412144 ) ) ;
#2115 = AXIS2_PLACEMENT_3D ( 'NONE', #2004, #1818, #56 ) ;
#2116 = AXIS2_PLACEMENT_3D ( 'NONE', #1684, #691, #501 ) ;
#2117 = CARTESIAN_POINT ( 'NONE',  ( 103.7091666122735916, 131.2172473383949693, 0.9999485759214720160 ) ) ;
#2118 = VECTOR ( 'NONE', #22, 1000.000000000000000 ) ;
#2119 = CARTESIAN_POINT ( 'NONE',  ( 91.67074031155523528, 117.0636362388149649, -3.640918159306035129 ) ) ;
#2120 = CARTESIAN_POINT ( 'NONE',  ( 6.060837414790118061, 0.8475463209442068990, -7.909313787531901951 ) ) ;
#2121 = CIRCLE ( 'NONE', #2446, 0.7499999999999997780 ) ;
#2122 = B_SPLINE_CURVE_WITH_KNOTS ( 'NONE', 3,
 ( #871, #1707, #124, #523, #1527, #909, #1476, #922, #2490, #1502, #1127, #1491, #1308, #894, #339, #2136, #705, #2301, #1922, #2290, #2102, #729, #1895, #1321, #2119, #716, #1673, #1696, #512, #308, #2463, #1719 ),
 .UNSPECIFIED., .F., .F.,
 ( 4, 2, 2, 2, 2, 2, 2, 2, 2, 2, 2, 2, 2, 2, 2, 4 ),
 ( 0.02022170859887812561, 0.02071029234740182079, 0.02119887609592549169, 0.02168745984444916258, 0.02217604359297283348, 0.02266462734149650438, 0.02315321109002017180, 0.02413037858706752400, 0.02510754608411487274, 0.02608471358116222147, 0.02803904857525690852, 0.02999338356935159905, 0.03194771856344628957, 0.03390205355754097316, 0.03487922105458834965, 0.03585638855163571920 ),
 .UNSPECIFIED. ) ;
#2123 = EDGE_CURVE ( 'NONE', #2175, #1057, #2406, .T. ) ;
#2124 = DIRECTION ( 'NONE',  ( 0.000000000000000000, 0.000000000000000000, -1.000000000000000000 ) ) ;
#2125 = EDGE_LOOP ( 'NONE', ( #2424, #571, #1551, #1402 ) ) ;
#2126 = CARTESIAN_POINT ( 'NONE',  ( 90.67817374480425485, 114.2802439470616207, 3.947267849449832333 ) ) ;
#2127 = DIRECTION ( 'NONE',  ( -0.000000000000000000, -1.000000000000000000, -0.000000000000000000 ) ) ;
#2128 = EDGE_CURVE ( 'NONE', #1050, #466, #1280, .T. ) ;
#2129 = CARTESIAN_POINT ( 'NONE',  ( 86.02349391546985657, 110.9920124923000202, 0.5521008638382601807 ) ) ;
#2130 = CARTESIAN_POINT ( 'NONE',  ( 89.72692609056517199, 112.4067500053937465, -3.992890374222065386 ) ) ;
#2131 = CALENDAR_DATE ( 2026, 18, 2 ) ;
#2132 = ORIENTED_EDGE ( 'NONE', *, *, #2282, .T. ) ;
#2133 = DIRECTION ( 'NONE',  ( -0.000000000000000000, -1.000000000000000000, -0.000000000000000000 ) ) ;
#2134 = CARTESIAN_POINT ( 'NONE',  ( 97.41900528236723744, 123.7875269009264798, 0.7673732187169771679 ) ) ;
#2135 = VERTEX_POINT ( 'NONE', #2526 ) ;
#2136 = CARTESIAN_POINT ( 'NONE',  ( 93.48950994760957656, 123.3833210468552295, -1.962385067288421547 ) ) ;
#2137 = LINE ( 'NONE', #1708, #745 ) ;
#2138 = DIRECTION ( 'NONE',  ( 0.000000000000000000, 0.000000000000000000, -1.000000000000000000 ) ) ;
#2139 = EDGE_LOOP ( 'NONE', ( #1335, #2316, #2054, #1405, #541, #2362 ) ) ;
#2140 = CARTESIAN_POINT ( 'NONE',  ( 95.98752252215894032, 120.9690537166774931, 2.673086284540527213 ) ) ;
#2141 = CYLINDRICAL_SURFACE ( 'NONE', #1655, 0.7499999999999997780 ) ;
#2142 = CARTESIAN_POINT ( 'NONE',  ( -6.137227726330161559, 0.8475463209442183343, 7.850186659776076326 ) ) ;
#2143 = ADVANCED_FACE ( 'NONE', ( #2187 ), #1962, .F. ) ;
#2144 = CARTESIAN_POINT ( 'NONE',  ( 95.35726253226874860, 119.7529388982385257, -3.099116561754507782 ) ) ;
#2145 = PERSON_AND_ORGANIZATION_ROLE ( 'design_supplier' ) ;
#2146 = CARTESIAN_POINT ( 'NONE',  ( 86.60737703621221328, 109.7843942600102167, 2.684661812438191131 ) ) ;
#2147 = FACE_OUTER_BOUND ( 'NONE', #1453, .T. ) ;
#2148 = ORIENTED_EDGE ( 'NONE', *, *, #1064, .F. ) ;
#2149 = CARTESIAN_POINT ( 'NONE',  ( 110.5651055649190795, 123.9877426382488323, 6.123235387316108755E-16 ) ) ;
#2150 = CARTESIAN_POINT ( 'NONE',  ( 5.632890941206644797, -5.000000000000000888, 11.15887716772938276 ) ) ;
#2151 = DIRECTION ( 'NONE',  ( 0.000000000000000000, 0.000000000000000000, -1.000000000000000000 ) ) ;
#2152 = EDGE_LOOP ( 'NONE', ( #214, #821, #1756, #2259 ) ) ;
#2153 = CARTESIAN_POINT ( 'NONE',  ( 91.84279308176515144, 117.5931042198485272, 3.566361747214919831 ) ) ;
#2154 = DIRECTION ( 'NONE',  ( 0.000000000000000000, 0.000000000000000000, -1.000000000000000000 ) ) ;
#2155 = CARTESIAN_POINT ( 'NONE',  ( 88.12095858080201083, 111.0132720275744873, 3.534832995831903357 ) ) ;
#2156 = CARTESIAN_POINT ( 'NONE',  ( 91.78609824772337333, 117.4326054433447695, -3.583085081246609516 ) ) ;
#2157 = PERSON_AND_ORGANIZATION_ROLE ( 'classification_officer' ) ;
#2158 = ORIENTED_EDGE ( 'NONE', *, *, #1872, .F. ) ;
#2159 = DIRECTION ( 'NONE',  ( -0.000000000000000000, 1.000000000000000000, 0.000000000000000000 ) ) ;
#2160 = CARTESIAN_POINT ( 'NONE',  ( 4.286263797015736595E-16, -5.000000000000000888, 3.500000000000000000 ) ) ;
#2161 = ORIENTED_EDGE ( 'NONE', *, *, #2003, .F. ) ;
#2162 = CARTESIAN_POINT ( 'NONE',  ( 33.23009177754907029, 191.4903387629848908, -3.979021973021801273E-14 ) ) ;
#2163 = EDGE_CURVE ( 'NONE', #2082, #565, #1618, .T. ) ;
#2164 = CIRCLE ( 'NONE', #1201, 5.000000000000008882 ) ;
#2165 = CIRCLE ( 'NONE', #2369, 0.7500000000000006661 ) ;
#2166 = CIRCLE ( 'NONE', #623, 0.7499999999999997780 ) ;
#2167 = CARTESIAN_POINT ( 'NONE',  ( 6.533547294521288684, -2.244777273248893756, -7.789961416818004025 ) ) ;
#2168 = EDGE_LOOP ( 'NONE', ( #342, #1158, #299, #1313 ) ) ;
#2169 = AXIS2_PLACEMENT_3D ( 'NONE', #229, #2414, #1217 ) ;
#2170 = CARTESIAN_POINT ( 'NONE',  ( 91.83466464516222061, 113.5943605288179157, 4.229215554199481808 ) ) ;
#2171 = CARTESIAN_POINT ( 'NONE',  ( 4.277244805202187194, -7.000000000000000888, 8.201687440787450711 ) ) ;
#2172 = CARTESIAN_POINT ( 'NONE',  ( 1.530808498934191521E-15, -7.000000000000000888, 12.50000000000000000 ) ) ;
#2173 = CARTESIAN_POINT ( 'NONE',  ( 89.17484631518277638, 110.6960705268350864, -4.114834260991373505 ) ) ;
#2174 = PERSON_AND_ORGANIZATION ( #998, #1324 ) ;
#2175 = VERTEX_POINT ( 'NONE', #994 ) ;
#2176 = CARTESIAN_POINT ( 'NONE',  ( 90.09098988233860439, 111.4306340764725434, 4.264128799764239197 ) ) ;
#2177 = CARTESIAN_POINT ( 'NONE',  ( -6.212742257510484478, 0.8475463209442297696, -7.789961416823413032 ) ) ;
#2178 = EDGE_LOOP ( 'NONE', ( #1976, #264, #1946, #966, #1353, #2389, #2558 ) ) ;
#2179 = DIRECTION ( 'NONE',  ( 0.000000000000000000, 0.000000000000000000, -1.000000000000000000 ) ) ;
#2180 = ADVANCED_FACE ( 'NONE', ( #2147 ), #567, .F. ) ;
#2181 = ORIENTED_EDGE ( 'NONE', *, *, #255, .F. ) ;
#2182 = CARTESIAN_POINT ( 'NONE',  ( 88.82274306132502772, 110.8874810520280647, 3.831198228421713647 ) ) ;
#2183 = DIRECTION ( 'NONE',  ( 0.7660444431189792347, -0.6427876096865379196, 0.000000000000000000 ) ) ;
#2184 = CARTESIAN_POINT ( 'NONE',  ( -5.727601191317236662, 2.576574396551815749, -7.789961416823414808 ) ) ;
#2185 = CARTESIAN_POINT ( 'NONE',  ( 94.68027848936290525, 121.5273156913075496, 0.7312521983612529919 ) ) ;
#2186 = FACE_OUTER_BOUND ( 'NONE', #633, .T. ) ;
#2187 = FACE_OUTER_BOUND ( 'NONE', #408, .T. ) ;
#2188 = ORIENTED_EDGE ( 'NONE', *, *, #1932, .T. ) ;
#2189 = DIRECTION ( 'NONE',  ( 0.000000000000000000, 0.000000000000000000, -1.000000000000000000 ) ) ;
#2190 = EDGE_CURVE ( 'NONE', #222, #1666, #2206, .T. ) ;
#2191 = ORIENTED_EDGE ( 'NONE', *, *, #731, .T. ) ;
#2192 = CARTESIAN_POINT ( 'NONE',  ( 89.36320986535920952, 111.2915947740627587, 3.960296513577036936 ) ) ;
#2193 = CARTESIAN_POINT ( 'NONE',  ( -9.531690809563887257, -7.000000000000000888, -4.970852070910477316 ) ) ;
#2194 = CARTESIAN_POINT ( 'NONE',  ( 86.12202134397382736, 109.7335414016618955, -2.087278744816173148 ) ) ;
#2195 = ADVANCED_FACE ( 'NONE', ( #1138 ), #2365, .T. ) ;
#2196 = ORIENTED_EDGE ( 'NONE', *, *, #1204, .T. ) ;
#2197 = CARTESIAN_POINT ( 'NONE',  ( 93.99570211688569543, 125.2821329973892404, -0.1909298916772544930 ) ) ;
#2198 = ORIENTED_EDGE ( 'NONE', *, *, #598, .T. ) ;
#2199 = CARTESIAN_POINT ( 'NONE',  ( -1.546495784977120369, 3.455502174555129979, 7.789961416823412144 ) ) ;
#2200 = DIRECTION ( 'NONE',  ( 0.000000000000000000, 0.000000000000000000, -1.000000000000000000 ) ) ;
#2201 = EDGE_LOOP ( 'NONE', ( #1179, #1005, #1394, #1231, #1036, #656, #2217 ) ) ;
#2202 = CARTESIAN_POINT ( 'NONE',  ( 111.5544006203529932, 125.2654453728432884, 0.7994110250548076557 ) ) ;
#2203 = VECTOR ( 'NONE', #522, 1000.000000000000000 ) ;
#2204 = CIRCLE ( 'NONE', #1990, 2.000000000000000000 ) ;
#2205 = VERTEX_POINT ( 'NONE', #2177 ) ;
#2206 = CIRCLE ( 'NONE', #782, 0.7499999999999997780 ) ;
#2207 = CIRCLE ( 'NONE', #411, 9.249999999999952038 ) ;
#2208 = CARTESIAN_POINT ( 'NONE',  ( 86.04160214161116471, 110.2677854084359126, 0.6019432165066517237 ) ) ;
#2209 = CC_DESIGN_PERSON_AND_ORGANIZATION_ASSIGNMENT ( #390, #1761, ( #2581 ) ) ;
#2210 = CARTESIAN_POINT ( 'NONE',  ( 0.000000000000000000, -5.000000000000000888, 0.000000000000000000 ) ) ;
#2211 = LOCAL_TIME ( 11, 48, 32.00000000000000000, #1136 ) ;
#2212 = CARTESIAN_POINT ( 'NONE',  ( 89.34216122144145800, 110.8138088805216341, -4.150142907446831231 ) ) ;
#2213 = CIRCLE ( 'NONE', #1209, 9.249999999999950262 ) ;
#2214 = CARTESIAN_POINT ( 'NONE',  ( 93.81429901115124892, 124.5973403862691384, -1.206911210327315187 ) ) ;
#2215 = AXIS2_PLACEMENT_3D ( 'NONE', #326, #2313, #730 ) ;
#2216 = ADVANCED_FACE ( 'NONE', ( #746 ), #1587, .F. ) ;
#2217 = ORIENTED_EDGE ( 'NONE', *, *, #2077, .T. ) ;
#2218 = DIRECTION ( 'NONE',  ( 0.000000000000000000, 0.000000000000000000, -1.000000000000000000 ) ) ;
#2219 = DIRECTION ( 'NONE',  ( 0.000000000000000000, -1.000000000000000000, 0.000000000000000000 ) ) ;
#2220 = ORIENTED_EDGE ( 'NONE', *, *, #2500, .T. ) ;
#2221 = CARTESIAN_POINT ( 'NONE',  ( -8.866689125175655661, -6.000000000000000888, 3.874048438056395760 ) ) ;
#2222 = ORIENTED_EDGE ( 'NONE', *, *, #2466, .T. ) ;
#2223 = B_SPLINE_CURVE_WITH_KNOTS ( 'NONE', 3,
 ( #1199, #1409, #474, #2062 ),
 .UNSPECIFIED., .F., .F.,
 ( 4, 4 ),
 ( 0.000000000000000000, 1.000000000000000000 ),
 .UNSPECIFIED. ) ;
#2224 = CARTESIAN_POINT ( 'NONE',  ( 87.43987772563011163, 110.8726928601120960, 3.078693394690404705 ) ) ;
#2225 = CARTESIAN_POINT ( 'NONE',  ( 8.866689125175689412, -6.000000000000000888, 4.624048438056329147 ) ) ;
#2226 = CARTESIAN_POINT ( 'NONE',  ( 89.83112735327193832, 112.5651834865421108, 4.000000000000026645 ) ) ;
#2227 = CARTESIAN_POINT ( 'NONE',  ( 93.99610667727867508, 119.7935644624680407, 0.1361696110119348935 ) ) ;
#2228 = VERTEX_POINT ( 'NONE', #2352 ) ;
#2229 = CARTESIAN_POINT ( 'NONE',  ( -2.669789125148045450, -4.999999999774228598, 12.22190636103815997 ) ) ;
#2230 = EDGE_CURVE ( 'NONE', #2534, #604, #777, .T. ) ;
#2231 = DIRECTION ( 'NONE',  ( 0.6427876096865379196, 0.7660444431189792347, 0.000000000000000000 ) ) ;
#2232 = ORIENTED_EDGE ( 'NONE', *, *, #549, .T. ) ;
#2233 = CARTESIAN_POINT ( 'NONE',  ( -8.866689125175655661, -7.000000000000000888, 4.624048438056395760 ) ) ;
#2234 = EDGE_LOOP ( 'NONE', ( #370, #1031, #2395, #1505, #1762 ) ) ;
#2235 = CARTESIAN_POINT ( 'NONE',  ( 89.11745242014220025, 110.6581342814193363, 4.100767403803270206 ) ) ;
#2236 = FACE_OUTER_BOUND ( 'NONE', #10, .T. ) ;
#2237 = CARTESIAN_POINT ( 'NONE',  ( 88.77284935979018599, 110.4524220693113392, -4.006409849671438650 ) ) ;
#2238 = CARTESIAN_POINT ( 'NONE',  ( 97.03592097785518433, 123.0267577940255990, -1.579597002047754550 ) ) ;
#2239 = VERTEX_POINT ( 'NONE', #978 ) ;
#2240 = DIRECTION ( 'NONE',  ( 0.000000000000000000, 0.000000000000000000, -1.000000000000000000 ) ) ;
#2241 = DIRECTION ( 'NONE',  ( 0.000000000000000000, 0.000000000000000000, -1.000000000000000000 ) ) ;
#2242 = ORIENTED_EDGE ( 'NONE', *, *, #448, .T. ) ;
#2243 = CARTESIAN_POINT ( 'NONE',  ( 0.000000000000000000, -7.000000000000000888, -12.50000000000000000 ) ) ;
#2244 = EDGE_CURVE ( 'NONE', #1143, #1710, #1777, .T. ) ;
#2245 = CARTESIAN_POINT ( 'NONE',  ( 88.83264752758663008, 111.4003650346498375, 3.828644200292054212 ) ) ;
#2246 = TOROIDAL_SURFACE ( 'NONE', #366, 2.000000000000003553, 2.000000000000000000 ) ;
#2247 = CARTESIAN_POINT ( 'NONE',  ( 93.98898522649805898, 125.2566921729976457, 0.3097683230822411704 ) ) ;
#2248 = AXIS2_PLACEMENT_3D ( 'NONE', #2233, #658, #2254 ) ;
#2249 = DIRECTION ( 'NONE',  ( 0.000000000000000000, -1.000000000000000000, 0.000000000000000000 ) ) ;
#2250 = CARTESIAN_POINT ( 'NONE',  ( 3.104695553369702932, 3.324282252681812988, 7.789961416823413920 ) ) ;
#2251 = AXIS2_PLACEMENT_3D ( 'NONE', #2470, #1482, #1890 ) ;
#2252 = DIRECTION ( 'NONE',  ( 0.000000000000000000, 0.000000000000000000, -1.000000000000000000 ) ) ;
#2253 = VERTEX_POINT ( 'NONE', #1559 ) ;
#2254 = DIRECTION ( 'NONE',  ( 0.000000000000000000, 0.000000000000000000, -1.000000000000000000 ) ) ;
#2255 = EDGE_CURVE ( 'NONE', #1723, #969, #1366, .T. ) ;
#2256 = FACE_OUTER_BOUND ( 'NONE', #328, .T. ) ;
#2257 = ORIENTED_EDGE ( 'NONE', *, *, #1467, .T. ) ;
#2258 = CARTESIAN_POINT ( 'NONE',  ( 115.7017697435768468, 137.8879997614162392, 0.000000000000000000 ) ) ;
#2259 = ORIENTED_EDGE ( 'NONE', *, *, #680, .F. ) ;
#2260 = CARTESIAN_POINT ( 'NONE',  ( 0.000000000000000000, 0.000000000000000000, 0.000000000000000000 ) ) ;
#2261 = CARTESIAN_POINT ( 'NONE',  ( 86.72850947474145755, 110.8821232273775621, -2.308767762466710227 ) ) ;
#2262 = CARTESIAN_POINT ( 'NONE',  ( 103.2813141049987991, 130.7454476928265592, -0.8729306671542910179 ) ) ;
#2263 = DIRECTION ( 'NONE',  ( -0.000000000000000000, -1.000000000000000000, -0.000000000000000000 ) ) ;
#2264 = EDGE_CURVE ( 'NONE', #1710, #436, #1626, .T. ) ;
#2265 = CARTESIAN_POINT ( 'NONE',  ( -3.104695553369702044, 3.324282252681812988, -7.789961416823415696 ) ) ;
#2266 = ORIENTED_EDGE ( 'NONE', *, *, #714, .F. ) ;
#2267 = CARTESIAN_POINT ( 'NONE',  ( 93.75000296450436110, 124.3556076954551628, 1.398242034379050036 ) ) ;
#2268 = CARTESIAN_POINT ( 'NONE',  ( 0.000000000000000000, 0.8475463209442297696, 0.000000000000000000 ) ) ;
#2269 = EDGE_CURVE ( 'NONE', #2408, #1565, #198, .T. ) ;
#2270 = DIRECTION ( 'NONE',  ( 0.7660444431189791237, -0.6427876096865379196, -0.000000000000000000 ) ) ;
#2271 = CARTESIAN_POINT ( 'NONE',  ( 85.87688526983319548, 109.7226024930816379, -1.629840252060545502 ) ) ;
#2272 = CARTESIAN_POINT ( 'NONE',  ( 97.53208888623794337, 124.0128364576944051, -2.128008567984644884E-14 ) ) ;
#2273 = CARTESIAN_POINT ( 'NONE',  ( 3.722110005123741683, 3.251495811797132429, -7.789961416823410367 ) ) ;
#2274 = CARTESIAN_POINT ( 'NONE',  ( -5.669412783499533148, -4.212093411903031992, -10.34492922608368204 ) ) ;
#2275 = CARTESIAN_POINT ( 'NONE',  ( 5.983603621672871853, 0.8475463209442298806, -7.967317800399659866 ) ) ;
#2276 = CARTESIAN_POINT ( 'NONE',  ( 95.77030202792371938, 120.5473752236878369, -2.834476564262807141 ) ) ;
#2277 = VERTEX_POINT ( 'NONE', #2430 ) ;
#2278 = CARTESIAN_POINT ( 'NONE',  ( 97.46016195826803141, 123.8694879062458938, 0.6141907964827855171 ) ) ;
#2279 = ORIENTED_EDGE ( 'NONE', *, *, #478, .F. ) ;
#2280 = VECTOR ( 'NONE', #762, 1000.000000000000000 ) ;
#2281 = CARTESIAN_POINT ( 'NONE',  ( -9.531690809563812650, -6.000000000000000888, 4.970852070910620313 ) ) ;
#2282 = EDGE_CURVE ( 'NONE', #2135, #616, #1867, .T. ) ;
#2283 = VECTOR ( 'NONE', #382, 1000.000000000000000 ) ;
#2284 = CARTESIAN_POINT ( 'NONE',  ( 88.53263023786973918, 110.3275818581068535, -3.927346049301953190 ) ) ;
#2285 = AXIS2_PLACEMENT_3D ( 'NONE', #2367, #1354, #2179 ) ;
#2286 = DIRECTION ( 'NONE',  ( -0.7660444431189790127, 0.6427876096865381417, 0.000000000000000000 ) ) ;
#2287 = CARTESIAN_POINT ( 'NONE',  ( 93.24302506397350498, 115.8675917620629434, 3.967981326044948798 ) ) ;
#2288 = SECURITY_CLASSIFICATION ( '', '', #1148 ) ;
#2289 = CARTESIAN_POINT ( 'NONE',  ( 103.4524481821812145, 130.9198292939978501, 0.9740534754361801495 ) ) ;
#2290 = CARTESIAN_POINT ( 'NONE',  ( 92.92649419401168132, 121.3237337501102928, -2.738975489631004567 ) ) ;
#2291 = CARTESIAN_POINT ( 'NONE',  ( -7.039809144247095141, -2.344526434352042443, -7.789961416823413920 ) ) ;
#2292 = ORIENTED_EDGE ( 'NONE', *, *, #2565, .F. ) ;
#2293 = CARTESIAN_POINT ( 'NONE',  ( 94.53664874528683981, 121.1651163647095188, -1.261877069408032792 ) ) ;
#2294 = ORIENTED_EDGE ( 'NONE', *, *, #423, .F. ) ;
#2295 = DIRECTION ( 'NONE',  ( 0.9562322447899650468, 0.000000000000000000, 0.2926087729784337399 ) ) ;
#2296 = DIRECTION ( 'NONE',  ( 0.000000000000000000, -1.000000000000000000, 0.000000000000000000 ) ) ;
#2297 = CARTESIAN_POINT ( 'NONE',  ( 111.8296813479310146, 125.5032376928449338, -0.2625044930782448049 ) ) ;
#2298 = CARTESIAN_POINT ( 'NONE',  ( 5.675069190878966552, -3.956138139026116551, 10.20172259150204930 ) ) ;
#2299 = EDGE_CURVE ( 'NONE', #444, #2477, #103, .T. ) ;
#2300 = CARTESIAN_POINT ( 'NONE',  ( 102.9046611337293058, 130.4156187351142080, -1.391424419065029463E-22 ) ) ;
#2301 = CARTESIAN_POINT ( 'NONE',  ( 93.25247854886721655, 122.5091612024218080, -2.332796933319795318 ) ) ;
#2302 = FACE_OUTER_BOUND ( 'NONE', #1386, .T. ) ;
#2303 = CARTESIAN_POINT ( 'NONE',  ( -7.661234216333188130, 2.287549958120690619, -7.789961416823412144 ) ) ;
#2304 = ORIENTED_EDGE ( 'NONE', *, *, #43, .T. ) ;
#2305 = CARTESIAN_POINT ( 'NONE',  ( 92.20190643129819819, 115.6975943998788097, 3.460447713347292620 ) ) ;
#2306 = DIRECTION ( 'NONE',  ( 0.000000000000000000, -1.000000000000000000, 0.000000000000000000 ) ) ;
#2307 = CARTESIAN_POINT ( 'NONE',  ( 93.83916125066198788, 124.6909472273903248, 1.122871716366303785 ) ) ;
#2308 = CARTESIAN_POINT ( 'NONE',  ( 89.38499271258153556, 110.8435451235457236, -4.159055358713056982 ) ) ;
#2309 = DIRECTION ( 'NONE',  ( -0.000000000000000000, 1.000000000000000000, -0.000000000000000000 ) ) ;
#2310 = DIRECTION ( 'NONE',  ( 0.000000000000000000, -1.000000000000000000, 0.000000000000000000 ) ) ;
#2311 = DIRECTION ( 'NONE',  ( -0.000000000000000000, -1.000000000000000000, -0.000000000000000000 ) ) ;
#2312 = DIRECTION ( 'NONE',  ( -0.000000000000000000, 1.000000000000000000, -0.000000000000000000 ) ) ;
#2313 = DIRECTION ( 'NONE',  ( 0.000000000000000000, -1.000000000000000000, 0.000000000000000000 ) ) ;
#2314 = EDGE_CURVE ( 'NONE', #466, #1565, #2484, .T. ) ;
#2315 = CARTESIAN_POINT ( 'NONE',  ( 3.642729767828464027, -5.000000000225824692, -11.96801106804410608 ) ) ;
#2316 = ORIENTED_EDGE ( 'NONE', *, *, #2230, .F. ) ;
#2317 = CARTESIAN_POINT ( 'NONE',  ( 90.37719651518206376, 113.6053514212765094, 3.983457488764635457 ) ) ;
#2318 = CARTESIAN_POINT ( 'NONE',  ( 89.46744108462353040, 112.0417698161552522, -3.966951223036333296 ) ) ;
#2319 = LINE ( 'NONE', #1957, #277 ) ;
#2320 = CARTESIAN_POINT ( 'NONE',  ( 95.80776634144707771, 120.6195815852004927, -2.809717308634952282 ) ) ;
#2321 = AXIS2_PLACEMENT_3D ( 'NONE', #690, #1921, #95 ) ;
#2322 = DIRECTION ( 'NONE',  ( -0.000000000000000000, -1.000000000000000000, -0.000000000000000000 ) ) ;
#2323 = AXIS2_PLACEMENT_3D ( 'NONE', #1975, #195, #965 ) ;
#2324 = AXIS2_PLACEMENT_3D ( 'NONE', #1576, #2583, #1171 ) ;
#2325 = CARTESIAN_POINT ( 'NONE',  ( 86.06431149957408877, 110.2663781794563391, -0.8004759267408809720 ) ) ;
#2326 = ORIENTED_EDGE ( 'NONE', *, *, #1250, .T. ) ;
#2327 = AXIS2_PLACEMENT_3D ( 'NONE', #36, #2039, #617 ) ;
#2328 = LINE ( 'NONE', #2502, #1487 ) ;
#2329 = DIRECTION ( 'NONE',  ( -0.000000000000000000, -1.000000000000000000, -0.000000000000000000 ) ) ;
#2330 = CIRCLE ( 'NONE', #1075, 2.000000000000003553 ) ;
#2331 = DIRECTION ( 'NONE',  ( -0.000000000000000000, -1.000000000000000000, -0.000000000000000000 ) ) ;
#2332 = EDGE_CURVE ( 'NONE', #990, #1640, #274, .T. ) ;
#2333 = EDGE_LOOP ( 'NONE', ( #2198, #454, #1878, #791, #2161 ) ) ;
#2334 = CARTESIAN_POINT ( 'NONE',  ( 90.32559358968511276, 111.6810336894091620, 4.274637620361511736 ) ) ;
#2335 = CARTESIAN_POINT ( 'NONE',  ( 89.75118142254459030, 112.4427660901784662, -3.994797907255071223 ) ) ;
#2336 = CARTESIAN_POINT ( 'NONE',  ( 86.17507102084012161, 110.9622513834271587, -1.170435091913738956 ) ) ;
#2337 = CARTESIAN_POINT ( 'NONE',  ( 91.68495693045163364, 114.6432041084473070, -3.706560882089503739 ) ) ;
#2338 = DIRECTION ( 'NONE',  ( 0.000000000000000000, 0.000000000000000000, -1.000000000000000000 ) ) ;
#2339 = CARTESIAN_POINT ( 'NONE',  ( 97.32030833012268545, 123.5911554044038638, 1.041437100148433492 ) ) ;
#2340 = ORIENTED_EDGE ( 'NONE', *, *, #714, .T. ) ;
#2341 = CARTESIAN_POINT ( 'NONE',  ( -8.866689125175655661, -6.000000000000000888, 3.874048438056395760 ) ) ;
#2342 = CARTESIAN_POINT ( 'NONE',  ( 4.970852070910509291, -7.000000000000000888, -9.531690809563871269 ) ) ;
#2343 = CARTESIAN_POINT ( 'NONE',  ( 7.112366251504909087E-14, -6.000000000000000888, 2.168404344971008868E-16 ) ) ;
#2344 = ORIENTED_EDGE ( 'NONE', *, *, #2552, .F. ) ;
#2345 = CARTESIAN_POINT ( 'NONE',  ( 94.96219606806778302, 119.0015050288503318, 3.313590014779545179 ) ) ;
#2346 = CARTESIAN_POINT ( 'NONE',  ( 87.45242416013309139, 110.8759457197168103, -3.086230320188989129 ) ) ;
#2347 = LINE ( 'NONE', #1582, #1834 ) ;
#2348 = CARTESIAN_POINT ( 'NONE',  ( 92.74437624235579847, 116.8802488277219140, -3.108175235377118817 ) ) ;
#2349 = DATE_AND_TIME ( #1557, #2211 ) ;
#2350 = EDGE_CURVE ( 'NONE', #956, #364, #2166, .T. ) ;
#2351 = FACE_OUTER_BOUND ( 'NONE', #127, .T. ) ;
#2352 = CARTESIAN_POINT ( 'NONE',  ( 0.000000000000000000, -6.000000000000000888, -3.500000000000000000 ) ) ;
#2353 = ORIENTED_EDGE ( 'NONE', *, *, #2056, .F. ) ;
#2354 = DIRECTION ( 'NONE',  ( 0.6427876096865379196, 0.7660444431189792347, 0.000000000000000000 ) ) ;
#2355 = CARTESIAN_POINT ( 'NONE',  ( 9.531690809563791333, -7.000000000000000888, -4.970852070910694032 ) ) ;
#2356 = ORIENTED_EDGE ( 'NONE', *, *, #499, .T. ) ;
#2357 = CARTESIAN_POINT ( 'NONE',  ( 90.86205320017489839, 114.7462392708861501, 3.910156383248296397 ) ) ;
#2358 = CARTESIAN_POINT ( 'NONE',  ( 110.5651055649190795, 123.9877426382488323, 6.123235387316108755E-16 ) ) ;
#2359 = CARTESIAN_POINT ( 'NONE',  ( -6.006867329368457575, 1.197676186941825760, -7.906607825832017156 ) ) ;
#2360 = CARTESIAN_POINT ( 'NONE',  ( 92.94022730695093060, 117.3249594879488882, -2.952141756011092966 ) ) ;
#2361 = APPROVAL_STATUS ( 'not_yet_approved' ) ;
#2362 = ORIENTED_EDGE ( 'NONE', *, *, #434, .F. ) ;
#2363 = CARTESIAN_POINT ( 'NONE',  ( 90.40676241603821950, 111.7581799286313355, 4.282238728863992705 ) ) ;
#2364 = ADVANCED_FACE ( 'NONE', ( #258 ), #9, .F. ) ;
#2365 = SPHERICAL_SURFACE ( 'NONE', #2323, 10.00000000000000000 ) ;
#2366 = ORIENTED_EDGE ( 'NONE', *, *, #2019, .F. ) ;
#2367 = CARTESIAN_POINT ( 'NONE',  ( 0.000000000000000000, 0.8475463209442297696, 0.000000000000000000 ) ) ;
#2368 = AXIS2_PLACEMENT_3D ( 'NONE', #1599, #337, #540 ) ;
#2369 = AXIS2_PLACEMENT_3D ( 'NONE', #111, #1086, #73 ) ;
#2370 = AXIS2_PLACEMENT_3D ( 'NONE', #1298, #2092, #296 ) ;
#2371 = ORIENTED_EDGE ( 'NONE', *, *, #1327, .F. ) ;
#2372 = CIRCLE ( 'NONE', #662, 9.964018528377691197 ) ;
#2373 = CARTESIAN_POINT ( 'NONE',  ( 89.00572910693604456, 111.0093469147978453, 3.883183253905462262 ) ) ;
#2374 = DIRECTION ( 'NONE',  ( 0.000000000000000000, -1.000000000000000000, 0.000000000000000000 ) ) ;
#2375 = DIRECTION ( 'NONE',  ( 1.000000000000000000, 0.000000000000000000, -1.224646799147353207E-16 ) ) ;
#2376 = CARTESIAN_POINT ( 'NONE',  ( 97.16172218058078158, 123.2761798857400493, -1.366542718403896961 ) ) ;
#2377 = DIRECTION ( 'NONE',  ( 1.000000000000000000, 0.000000000000000000, 0.000000000000000000 ) ) ;
#2378 = FACE_BOUND ( 'NONE', #2234, .T. ) ;
#2379 = CARTESIAN_POINT ( 'NONE',  ( 0.9443999089600954022, 3.485819842932420976, 7.789961416823413920 ) ) ;
#2380 = VERTEX_POINT ( 'NONE', #1627 ) ;
#2381 = EDGE_CURVE ( 'NONE', #1428, #348, #449, .T. ) ;
#2382 = CARTESIAN_POINT ( 'NONE',  ( 110.6278502831073070, 124.0997538023786859, 0.5033353425160441708 ) ) ;
#2383 = ADVANCED_FACE ( 'NONE', ( #1056 ), #221, .T. ) ;
#2384 = ORIENTED_EDGE ( 'NONE', *, *, #191, .T. ) ;
#2385 = CARTESIAN_POINT ( 'NONE',  ( 86.27814785450328827, 109.7499065616467249, 2.281496987316381730 ) ) ;
#2386 = CARTESIAN_POINT ( 'NONE',  ( 89.99999999999998579, 128.0000000000000000, 0.000000000000000000 ) ) ;
#2387 = CARTESIAN_POINT ( 'NONE',  ( 89.64653570792253845, 112.2744387114893101, 3.990274680129269225 ) ) ;
#2388 = CARTESIAN_POINT ( 'NONE',  ( 94.02510752871047828, 119.8672594929915363, 0.4616184781274907389 ) ) ;
#2389 = ORIENTED_EDGE ( 'NONE', *, *, #646, .F. ) ;
#2390 = CARTESIAN_POINT ( 'NONE',  ( -0.6173049646755490727, -2.063980236406950830, 7.789961416824418450 ) ) ;
#2391 = CARTESIAN_POINT ( 'NONE',  ( -8.866689125175655661, -6.000000000000000888, 4.624048438056395760 ) ) ;
#2392 = ORIENTED_EDGE ( 'NONE', *, *, #614, .T. ) ;
#2393 = CARTESIAN_POINT ( 'NONE',  ( -6.212742257510484478, 0.8475463209442297696, 7.789961416823413032 ) ) ;
#2394 = EDGE_CURVE ( 'NONE', #2517, #1045, #2041, .T. ) ;
#2395 = ORIENTED_EDGE ( 'NONE', *, *, #718, .T. ) ;
#2396 = ADVANCED_FACE ( 'NONE', ( #647 ), #407, .F. ) ;
#2397 = CARTESIAN_POINT ( 'NONE',  ( 89.54041020673507489, 111.4545327155316556, 3.985824265861742877 ) ) ;
#2398 = DIRECTION ( 'NONE',  ( -0.000000000000000000, -1.000000000000000000, -0.000000000000000000 ) ) ;
#2399 = CARTESIAN_POINT ( 'NONE',  ( 88.37980181055388584, 110.2564935162928919, -3.869368166822083843 ) ) ;
#2400 = CARTESIAN_POINT ( 'NONE',  ( 94.66354546537915837, 121.4855428156787553, 0.9158572726436003952 ) ) ;
#2401 = ORIENTED_EDGE ( 'NONE', *, *, #53, .T. ) ;
#2402 = CARTESIAN_POINT ( 'NONE',  ( 4.624048438056427734, -7.000000000000000888, 8.866689125175639674 ) ) ;
#2403 = DIRECTION ( 'NONE',  ( 0.000000000000000000, 0.000000000000000000, -1.000000000000000000 ) ) ;
#2404 = ORIENTED_EDGE ( 'NONE', *, *, #632, .T. ) ;
#2405 = DIRECTION ( 'NONE',  ( 0.000000000000000000, 0.000000000000000000, -1.000000000000000000 ) ) ;
#2406 = CIRCLE ( 'NONE', #1033, 9.250000000000046185 ) ;
#2407 = CIRCLE ( 'NONE', #149, 12.50000000000000000 ) ;
#2408 = VERTEX_POINT ( 'NONE', #1404 ) ;
#2409 = AXIS2_PLACEMENT_3D ( 'NONE', #635, #2231, #2016 ) ;
#2410 = AXIS2_PLACEMENT_3D ( 'NONE', #213, #1421, #1444 ) ;
#2411 = CARTESIAN_POINT ( 'NONE',  ( 88.27811346390221559, 110.6038819817912326, 3.617000514019022894 ) ) ;
#2412 = CYLINDRICAL_SURFACE ( 'NONE', #823, 0.7500000000000006661 ) ;
#2413 = ADVANCED_FACE ( 'NONE', ( #210 ), #2246, .T. ) ;
#2414 = DIRECTION ( 'NONE',  ( -0.000000000000000000, -1.000000000000000000, -0.000000000000000000 ) ) ;
#2415 = CARTESIAN_POINT ( 'NONE',  ( 96.02752572860894986, 121.0461308894452372, -2.649437849715576831 ) ) ;
#2416 = ORIENTED_EDGE ( 'NONE', *, *, #1204, .F. ) ;
#2417 = CARTESIAN_POINT ( 'NONE',  ( -4.288043442129501948, -2.075798620245871362, 7.789961416820049500 ) ) ;
#2418 = ORIENTED_EDGE ( 'NONE', *, *, #478, .T. ) ;
#2419 = FACE_OUTER_BOUND ( 'NONE', #815, .T. ) ;
#2420 = ORIENTED_EDGE ( 'NONE', *, *, #1914, .T. ) ;
#2421 = CARTESIAN_POINT ( 'NONE',  ( 89.68721178932200644, 112.3479298586932629, 3.989661779882689885 ) ) ;
#2422 = DIRECTION ( 'NONE',  ( -0.6427876096865379196, -0.7660444431189792347, 0.000000000000000000 ) ) ;
#2423 = DIRECTION ( 'NONE',  ( 0.000000000000000000, -1.000000000000000000, 0.000000000000000000 ) ) ;
#2424 = ORIENTED_EDGE ( 'NONE', *, *, #1445, .T. ) ;
#2425 = PRODUCT_DEFINITION ( 'æœ', '', #1661, #1016 ) ;
#2426 = CARTESIAN_POINT ( 'NONE',  ( 94.57579201128304192, 121.2641380253892720, 1.205245589391388039 ) ) ;
#2427 = EDGE_LOOP ( 'NONE', ( #1252, #1578, #938, #1338 ) ) ;
#2428 = CARTESIAN_POINT ( 'NONE',  ( 5.337122507152550988, -5.000000000569307268, 11.30996396184715103 ) ) ;
#2429 = EDGE_CURVE ( 'NONE', #1114, #1496, #2071, .T. ) ;
#2430 = CARTESIAN_POINT ( 'NONE',  ( 4.277244805202187194, -6.000000000000000888, 8.201687440787450711 ) ) ;
#2431 = ORIENTED_EDGE ( 'NONE', *, *, #1151, .F. ) ;
#2432 = DIRECTION ( 'NONE',  ( 0.000000000000000000, -1.000000000000000000, 0.000000000000000000 ) ) ;
#2433 = CARTESIAN_POINT ( 'NONE',  ( 0.000000000000000000, -5.000000000000000888, -12.50000000000000000 ) ) ;
#2434 = CARTESIAN_POINT ( 'NONE',  ( 4.970852070910518172, -6.000000000000000888, -9.531690809563889033 ) ) ;
#2435 = CARTESIAN_POINT ( 'NONE',  ( 94.31239429304598332, 120.5968118798721918, -1.303888806540150158 ) ) ;
#2436 = ORIENTED_EDGE ( 'NONE', *, *, #632, .F. ) ;
#2437 = CARTESIAN_POINT ( 'NONE',  ( 6.174667601384456361, 2.759315869293513579, 7.789961416823413920 ) ) ;
#2438 = FACE_OUTER_BOUND ( 'NONE', #2064, .T. ) ;
#2439 = FACE_OUTER_BOUND ( 'NONE', #925, .T. ) ;
#2440 = ADVANCED_FACE ( 'NONE', ( #2438 ), #1244, .T. ) ;
#2441 = CARTESIAN_POINT ( 'NONE',  ( 97.47275841355779846, 123.8945806135970713, -0.5611737837950514507 ) ) ;
#2442 = EDGE_LOOP ( 'NONE', ( #1443, #1350, #352, #1076 ) ) ;
#2443 = CIRCLE ( 'NONE', #2572, 3.236730192915338034 ) ;
#2444 = AXIS2_PLACEMENT_3D ( 'NONE', #1988, #1766, #774 ) ;
#2445 = CARTESIAN_POINT ( 'NONE',  ( 6.002906617824648627, 1.022536566547012526, 7.934205801712293393 ) ) ;
#2446 = AXIS2_PLACEMENT_3D ( 'NONE', #2459, #675, #104 ) ;
#2447 = ORIENTED_EDGE ( 'NONE', *, *, #2255, .T. ) ;
#2448 = CARTESIAN_POINT ( 'NONE',  ( -7.652259123939725072, 2.290948015394330906, 7.789961416823412144 ) ) ;
#2449 = CIRCLE ( 'NONE', #742, 10.74999999999995204 ) ;
#2450 = CARTESIAN_POINT ( 'NONE',  ( 7.112366251504909087E-14, -6.000000000000000888, 2.168404344971008868E-16 ) ) ;
#2451 = CARTESIAN_POINT ( 'NONE',  ( 111.3038755922206207, 125.0166353838724831, -0.9735302608445123296 ) ) ;
#2452 = CARTESIAN_POINT ( 'NONE',  ( 95.75874187599298182, 124.6909472273903248, 1.684307574549460229 ) ) ;
#2453 = EDGE_CURVE ( 'NONE', #1045, #1628, #577, .T. ) ;
#2454 = EDGE_CURVE ( 'NONE', #1836, #1991, #1310, .T. ) ;
#2455 = CARTESIAN_POINT ( 'NONE',  ( -2.153886211055772826, -5.000000000115042198, -12.32457158970531452 ) ) ;
#2456 = ORIENTED_EDGE ( 'NONE', *, *, #266, .T. ) ;
#2457 = CARTESIAN_POINT ( 'NONE',  ( 89.99999999999998579, 128.0000000000000000, 4.000000000000003553 ) ) ;
#2458 = ORIENTED_EDGE ( 'NONE', *, *, #2244, .T. ) ;
#2459 = CARTESIAN_POINT ( 'NONE',  ( -8.866689125175655661, -7.000000000000000888, 4.624048438056395760 ) ) ;
#2460 = CARTESIAN_POINT ( 'NONE',  ( 87.46993966545431931, 110.8761251384350430, -3.103461264760200233 ) ) ;
#2461 = CARTESIAN_POINT ( 'NONE',  ( 110.7644156024486648, 124.3240943244629335, -0.8000034070400308117 ) ) ;
#2462 = DIRECTION ( 'NONE',  ( 0.000000000000000000, 0.000000000000000000, -1.000000000000000000 ) ) ;
#2463 = CARTESIAN_POINT ( 'NONE',  ( 90.15887813512580351, 113.1510807441668760, -4.000000000000002665 ) ) ;
#2464 = EDGE_CURVE ( 'NONE', #2477, #2380, #1659, .T. ) ;
#2465 = CARTESIAN_POINT ( 'NONE',  ( -6.174667601384117965, 2.759315869293513579, -7.789961416823412144 ) ) ;
#2466 = EDGE_CURVE ( 'NONE', #1849, #1012, #695, .T. ) ;
#2467 = ORIENTED_EDGE ( 'NONE', *, *, #2453, .F. ) ;
#2468 = CARTESIAN_POINT ( 'NONE',  ( 7.112366251504909087E-14, -6.000000000000000888, 2.168404344971008868E-16 ) ) ;
#2469 = ORIENTED_EDGE ( 'NONE', *, *, #1531, .F. ) ;
#2470 = CARTESIAN_POINT ( 'NONE',  ( 7.112366251504909087E-14, -6.000000000000000888, 2.168404344971008868E-16 ) ) ;
#2471 = CARTESIAN_POINT ( 'NONE',  ( 86.85389187496814145, 109.8192263001987357, -2.928577078994039962 ) ) ;
#2472 = CARTESIAN_POINT ( 'NONE',  ( 110.6279882718177561, 124.0999967397558379, -0.5039552269131111206 ) ) ;
#2473 = CARTESIAN_POINT ( 'NONE',  ( 5.650473128994430994, -4.596441606246247424, 10.76087383998535252 ) ) ;
#2474 = CARTESIAN_POINT ( 'NONE',  ( 86.01094000015410757, 110.9950447719339479, -0.4669553302601619493 ) ) ;
#2475 = CARTESIAN_POINT ( 'NONE',  ( -4.277244805202138345, -7.000000000000000888, 8.201687440787509331 ) ) ;
#2476 = CARTESIAN_POINT ( 'NONE',  ( 2.669789125149449660, -4.999999999774177084, -12.22190636103772121 ) ) ;
#2477 = VERTEX_POINT ( 'NONE', #1510 ) ;
#2478 = CARTESIAN_POINT ( 'NONE',  ( 97.51246751147299108, 123.9737175021205502, 0.3318946318476759250 ) ) ;
#2479 = EDGE_CURVE ( 'NONE', #44, #682, #1283, .T. ) ;
#2480 = EDGE_LOOP ( 'NONE', ( #396, #639, #2492, #2042 ) ) ;
#2481 = AXIS2_PLACEMENT_3D ( 'NONE', #2501, #715, #1706 ) ;
#2482 = DIRECTION ( 'NONE',  ( 0.000000000000000000, -1.000000000000000000, 0.000000000000000000 ) ) ;
#2483 = AXIS2_PLACEMENT_3D ( 'NONE', #2386, #429, #1424 ) ;
#2484 = CIRCLE ( 'NONE', #1738, 2.000000000000000000 ) ;
#2485 = AXIS2_PLACEMENT_3D ( 'NONE', #1395, #1601, #2189 ) ;
#2486 = CARTESIAN_POINT ( 'NONE',  ( 0.000000000000000000, -5.000000000000000888, 0.000000000000000000 ) ) ;
#2487 = CARTESIAN_POINT ( 'NONE',  ( 5.792006982968411322, -1.314151585153352508, 8.560164265732769451 ) ) ;
#2488 = AXIS2_PLACEMENT_3D ( 'NONE', #2093, #475, #1299 ) ;
#2489 = CARTESIAN_POINT ( 'NONE',  ( 103.7896366176816372, 131.3218305359860381, 0.9735302608444358352 ) ) ;
#2490 = CARTESIAN_POINT ( 'NONE',  ( 93.97580937952574232, 125.2067887696350965, -0.4619474310839404296 ) ) ;
#2491 = CARTESIAN_POINT ( 'NONE',  ( 96.91824489117848884, 122.7939313374675976, -1.747218565276072333 ) ) ;
#2492 = ORIENTED_EDGE ( 'NONE', *, *, #2003, .T. ) ;
#2493 = CARTESIAN_POINT ( 'NONE',  ( 90.05078323862292677, 112.9531572787214486, 4.001216404928889858 ) ) ;
#2494 = ORIENTED_EDGE ( 'NONE', *, *, #1172, .T. ) ;
#2495 = LINE ( 'NONE', #889, #243 ) ;
#2496 = CC_DESIGN_PERSON_AND_ORGANIZATION_ASSIGNMENT ( #1543, #2145, ( #1661 ) ) ;
#2497 = CARTESIAN_POINT ( 'NONE',  ( 86.71535998128850053, 110.2707710717902216, -2.290335832854774267 ) ) ;
#2498 = CARTESIAN_POINT ( 'NONE',  ( 103.7094003930277921, 131.2174886437526311, -1.000066045396902359 ) ) ;
#2499 = CARTESIAN_POINT ( 'NONE',  ( 5.666977908200911962, -4.175001725678975539, 10.38232196537974339 ) ) ;
#2500 = EDGE_CURVE ( 'NONE', #2082, #466, #1693, .T. ) ;
#2501 = CARTESIAN_POINT ( 'NONE',  ( 6.265118639006018952, 7.466477646064398677, 0.000000000000000000 ) ) ;
#2502 = CARTESIAN_POINT ( 'NONE',  ( -4.624048438056489907, -6.000000000000000888, -9.616689125175607700 ) ) ;
#2503 = DIRECTION ( 'NONE',  ( 0.000000000000000000, -1.000000000000000000, 0.000000000000000000 ) ) ;
#2504 = CYLINDRICAL_SURFACE ( 'NONE', #1629, 12.50000000000000000 ) ;
#2505 = ORIENTED_EDGE ( 'NONE', *, *, #1822, .T. ) ;
#2506 = CARTESIAN_POINT ( 'NONE',  ( 96.61894380551935058, 122.2037042319062294, 2.105717068803963254 ) ) ;
#2507 = CARTESIAN_POINT ( 'NONE',  ( 90.00000000000001421, 112.8670653616855901, -4.000000000000003553 ) ) ;
#2508 = CARTESIAN_POINT ( 'NONE',  ( 90.41216894272660909, 113.6804119634673640, -3.980136872885273291 ) ) ;
#2509 =( LENGTH_UNIT ( ) NAMED_UNIT ( * ) SI_UNIT ( .MILLI., .METRE. ) );
#2510 = CARTESIAN_POINT ( 'NONE',  ( 97.08728286799589569, 123.1284956712129031, 1.497758543304374967 ) ) ;
#2511 = ADVANCED_BREP_SHAPE_REPRESENTATION ( '\X2\6746\X0\', ( #596, #1532 ), #239 ) ;
#2512 = CARTESIAN_POINT ( 'NONE',  ( 86.16757118244817093, 110.2640800928834750, -1.145925959025825724 ) ) ;
#2513 = ADVANCED_FACE ( 'NONE', ( #1870 ), #826, .T. ) ;
#2514 = CARTESIAN_POINT ( 'NONE',  ( 5.562727206747858588, 2.893538862311985760, 7.789961416823413032 ) ) ;
#2515 = CARTESIAN_POINT ( 'NONE',  ( 0.000000000000000000, 0.000000000000000000, 0.000000000000000000 ) ) ;
#2516 = CARTESIAN_POINT ( 'NONE',  ( 5.682167267692550539, -5.000000000000000000, -11.13386613634111200 ) ) ;
#2517 = VERTEX_POINT ( 'NONE', #1681 ) ;
#2518 = CARTESIAN_POINT ( 'NONE',  ( 90.48873245375850161, 112.5968125892980538, 3.996427841510819867 ) ) ;
#2519 = DIRECTION ( 'NONE',  ( 0.000000000000000000, -1.000000000000000000, 0.000000000000000000 ) ) ;
#2520 = CYLINDRICAL_SURFACE ( 'NONE', #156, 0.9999999999998862021 ) ;
#2521 = CARTESIAN_POINT ( 'NONE',  ( 90.56636065936685043, 111.9422435835476222, -4.284610815558704822 ) ) ;
#2522 = PERSON_AND_ORGANIZATION_ROLE ( 'creator' ) ;
#2523 = CARTESIAN_POINT ( 'NONE',  ( 86.18586459889665718, 109.7421879434431133, 2.150888501334970115 ) ) ;
#2524 = CIRCLE ( 'NONE', #1162, 12.50000000000000000 ) ;
#2525 = CIRCLE ( 'NONE', #2248, 0.7499999999999997780 ) ;
#2526 = CARTESIAN_POINT ( 'NONE',  ( -9.531690809563812650, -6.000000000000000888, 4.970852070910620313 ) ) ;
#2527 = VERTEX_POINT ( 'NONE', #1305 ) ;
#2528 = CC_DESIGN_SECURITY_CLASSIFICATION ( #2288, ( #1661 ) ) ;
#2529 = CIRCLE ( 'NONE', #1286, 2.000000000000004885 ) ;
#2530 = CARTESIAN_POINT ( 'NONE',  ( 111.7507454435217795, 125.4381531028775640, 0.5044784999344918974 ) ) ;
#2531 = CARTESIAN_POINT ( 'NONE',  ( 5.700605266235516666, -3.279547143094499351, -9.684943991517684481 ) ) ;
#2532 = EDGE_CURVE ( 'NONE', #2517, #137, #184, .T. ) ;
#2533 = CARTESIAN_POINT ( 'NONE',  ( 6.162590783060353239, 2.762590864996897544, -7.789961416823412144 ) ) ;
#2534 = VERTEX_POINT ( 'NONE', #2272 ) ;
#2535 = ADVANCED_FACE ( 'NONE', ( #2099 ), #482, .T. ) ;
#2536 = CARTESIAN_POINT ( 'NONE',  ( 93.12825753591594946, 122.0558020394403940, 2.494880532214065472 ) ) ;
#2537 = DIRECTION ( 'NONE',  ( 0.000000000000000000, 0.000000000000000000, -1.000000000000000000 ) ) ;
#2538 = CARTESIAN_POINT ( 'NONE',  ( 86.17533430935266381, 110.9617920698322422, 1.220388609804782476 ) ) ;
#2539 = CARTESIAN_POINT ( 'NONE',  ( 92.22494095155308003, 118.8743179016634315, -3.328414643986998378 ) ) ;
#2540 = CALENDAR_DATE ( 2026, 18, 2 ) ;
#2541 = EDGE_LOOP ( 'NONE', ( #2292, #335, #1, #1645 ) ) ;
#2542 = FACE_OUTER_BOUND ( 'NONE', #62, .T. ) ;
#2543 = DIRECTION ( 'NONE',  ( 0.000000000000000000, 0.000000000000000000, -1.000000000000000000 ) ) ;
#2544 = EDGE_LOOP ( 'NONE', ( #568, #698 ) ) ;
#2545 = CARTESIAN_POINT ( 'NONE',  ( 111.3031930503402265, 125.0159240453704257, 0.9738687843310792625 ) ) ;
#2546 = CARTESIAN_POINT ( 'NONE',  ( 3.830222215594896618, -3.213938048432689598, 6.123233995736766282E-16 ) ) ;
#2547 = EDGE_CURVE ( 'NONE', #1723, #1876, #1375, .T. ) ;
#2548 = DIRECTION ( 'NONE',  ( 0.000000000000000000, -1.000000000000000000, 0.000000000000000000 ) ) ;
#2549 = ORIENTED_EDGE ( 'NONE', *, *, #1730, .F. ) ;
#2550 = CARTESIAN_POINT ( 'NONE',  ( 94.48348656103337362, 121.0313103915645598, 0.6149408484947102016 ) ) ;
#2551 = PLANE ( 'NONE',  #194 ) ;
#2552 = EDGE_CURVE ( 'NONE', #1407, #809, #2524, .T. ) ;
#2553 = CARTESIAN_POINT ( 'NONE',  ( -4.624048438056489907, -7.000000000000000888, -8.866689125175605923 ) ) ;
#2554 = CARTESIAN_POINT ( 'NONE',  ( 88.55246202668624278, 111.2098873703396151, -3.732645150024571645 ) ) ;
#2555 = B_SPLINE_CURVE_WITH_KNOTS ( 'NONE', 3,
 ( #1146, #2184, #117, #1941, #2564, #2359, #534, #1376 ),
 .UNSPECIFIED., .F., .F.,
 ( 4, 2, 2, 4 ),
 ( 0.000000000000000000, 0.001059829031665719939, 0.001589743547498579908, 0.002119658063331440311 ),
 .UNSPECIFIED. ) ;
#2556 = CARTESIAN_POINT ( 'NONE',  ( 87.65792460291842758, 109.9945943530136958, 3.521549833145298347 ) ) ;
#2557 = CARTESIAN_POINT ( 'NONE',  ( -5.562727206747858588, 2.893538862311985316, 7.789961416823413032 ) ) ;
#2558 = ORIENTED_EDGE ( 'NONE', *, *, #209, .F. ) ;
#2559 = CARTESIAN_POINT ( 'NONE',  ( -4.970852070910588338, -7.000000000000000888, 9.531690809563860611 ) ) ;
#2560 = CARTESIAN_POINT ( 'NONE',  ( 4.624048438056298949, -6.000000000000000888, -8.866689125175708952 ) ) ;
#2561 = ORIENTED_EDGE ( 'NONE', *, *, #1311, .F. ) ;
#2562 = CARTESIAN_POINT ( 'NONE',  ( 87.87202006403742871, 110.0598705550666807, 3.639555241022840448 ) ) ;
#2563 = CARTESIAN_POINT ( 'NONE',  ( 85.53208888623794337, 109.7117933465638373, -4.104012155039680305E-16 ) ) ;
#2564 = CARTESIAN_POINT ( 'NONE',  ( -5.986833013517908419, 1.548139326825714868, -7.860815846074597602 ) ) ;
#2565 = EDGE_CURVE ( 'NONE', #444, #1623, #1715, .T. ) ;
#2566 = CARTESIAN_POINT ( 'NONE',  ( 89.76092329053551566, 111.6790140354545713, -4.007377060760112464 ) ) ;
#2567 = DIRECTION ( 'NONE',  ( 0.000000000000000000, 0.000000000000000000, -1.000000000000000000 ) ) ;
#2568 = CARTESIAN_POINT ( 'NONE',  ( 89.02168108363912324, 110.5985845730828174, 4.076003645627480410 ) ) ;
#2569 = CARTESIAN_POINT ( 'NONE',  ( -0.4529197831630873972, 3.486449172151680376, 7.789961416823412144 ) ) ;
#2570 = ORIENTED_EDGE ( 'NONE', *, *, #2045, .F. ) ;
#2571 = CARTESIAN_POINT ( 'NONE',  ( 110.9659673722896400, 124.6140111655619194, 0.9738145378850073808 ) ) ;
#2572 = AXIS2_PLACEMENT_3D ( 'NONE', #147, #962, #769 ) ;
#2573 = ORIENTED_EDGE ( 'NONE', *, *, #499, .F. ) ;
#2574 = AXIS2_PLACEMENT_3D ( 'NONE', #2580, #2133, #2338 ) ;
#2575 = CARTESIAN_POINT ( 'NONE',  ( 86.07552418256301507, 110.9815636170454667, 0.7942366406396786926 ) ) ;
#2576 = CARTESIAN_POINT ( 'NONE',  ( 0.000000000000000000, -6.000000000000000888, 0.000000000000000000 ) ) ;
#2577 = CARTESIAN_POINT ( 'NONE',  ( 85.62177922261223273, 109.7137943991608893, -0.8450181862009163991 ) ) ;
#2578 = APPROVAL_ROLE ( '' ) ;
#2579 = ORIENTED_EDGE ( 'NONE', *, *, #33, .F. ) ;
#2580 = CARTESIAN_POINT ( 'NONE',  ( -4.624048438056489907, -6.000000000000000888, -8.866689125175605923 ) ) ;
#2581 = PRODUCT ( '\X2\6746\X0\', '\X2\6746\X0\', '', ( #592 ) ) ;
#2582 = ORIENTED_EDGE ( 'NONE', *, *, #528, .F. ) ;
#2583 = DIRECTION ( 'NONE',  ( -0.000000000000000000, -1.000000000000000000, -0.000000000000000000 ) ) ;
#2584 = EDGE_CURVE ( 'NONE', #1934, #142, #2443, .T. ) ;
ENDSEC;
END-ISO-10303-21;
